type,candidate,count,total_volume,examples,sources,decision,note
1_未知語,バイト,429,99690,不 登校 家庭 教師 バイト / 家庭 教師 不 登校 バイト / オンライン 家庭 教師 不 登校 バイト / 不 登校 塾 バイト / 不 登校 オンライン 家庭 教師 バイト,Google_related_search | Google_suggest | KWP_KeywordSeed,,
1_未知語,トライ,407,215040,家庭 教師 の トライ 発達 障害 / 家庭 教師 トライ 発達 障害 / 家庭 教師 の トライ 不 登校 / 個別 教室 の トライ 不 登校 / 家庭 教師 トライ 不 登校,Google_suggest | KWP_KeywordSeed,,
1_未知語,学院,399,184540,ナビ 個別 指導 学院 発達 障害 / 東京 個別 指導 学院 不 登校 / katekyo 学院 料金 高い / katekyo 学院 料金 中学生 / katekyo 学院 料金 高校生,KWP_KeywordSeed,,
1_未知語,教室,197,125960,個別 教室 の トライ 不 登校 / 発達 障害 英語 教室 / 発達 障害 英会話 教室 / 個別 教室 の トライ オンライン / 個別 教室 の トライ オンライン 料金,KWP_KeywordSeed,,
1_未知語,年生,168,7320,中学 2 年生 勉強 しない / 中学 3 年生 勉強 しない / 中学 1 年生 勉強 しない / 中学 三 年生 勉強 しない / 中学 3 年生 受験 勉強 しない,KWP_KeywordSeed,,
1_未知語,wais,167,17190,wais テスト / wais 検査 費用 / wais iv 問題 / iq テスト wais / wais iv 費用,KWP_KeywordSeed,,
1_未知語,メガスタ,154,4250,メガスタ 不 登校 / メガスタ 料金 / メガスタ 高校生 / メガスタ 中学生 / メガスタ 口コミ,KWP_KeywordSeed,,
1_未知語,ie,138,13490,スクール ie 発達 障害 / 家庭 教師 オンライン with ie / スクール ie 料金 / スクール ie 夏期 講習 料金 / スクール ie 料金 中学生,KWP_KeywordSeed,,
1_未知語,東京,137,43880,発達 障害 中学 受験 東京 / 東京 個別 指導 学院 不 登校 / 東京 個別 指導 学院 料金 / 東京 個別 料金 / 東京 個別 指導 学院 料金 高い,Google_related_search | Google_suggest | KWP_KeywordSeed,,
1_未知語,ウィスク,125,13470,ウィスク 検査 無料 / ウィスク 検査 デメリット / iq ウィスク / iq テスト ウィスク / ウィスク 3,KWP_KeywordSeed,,
1_未知語,iv,123,8410,wais iv 問題 / wais iv 費用 / chc 理論 wisc iv / wais iii iv 違い / wais iii wais iv 違い,KWP_KeywordSeed,,
1_未知語,ステップ,120,18130,個別 指導 学院 フリー ステップ 料金 / フリー ステップ 夏期 講習 料金 / フリー ステップ 料金 表 / 個別 指導 フリー ステップ 料金 / フリー ステップ 授業 料,KWP_KeywordSeed,,
1_未知語,講習,114,6560,家庭 教師 の トライ 夏期 講習 料金 / 明光 義塾 夏期 講習 料金 / スクール ie 夏期 講習 料金 / 東京 個別 指導 学院 夏期 講習 料金 / フリー ステップ 夏期 講習 料金,KWP_KeywordSeed,,
1_未知語,模試,112,91110,五木 模試 点数 取れ ない / 共通 テスト 模試 点数 取れ ない / 数学 模試 点数 取れ ない / 模試 で 点数 取れ ない 中学生 / 模試 点数 取れ ない 中 3,KWP_KeywordSeed,,
1_未知語,明光,103,17480,明光 義塾 不 登校 / 明光 義塾 夏期 講習 料金 / 明光 義塾 料金 高い / 明光 義塾 冬期 講習 料金 / 明光 義塾 高校生 料金,KWP_KeywordSeed,,
1_未知語,義塾,101,16900,明光 義塾 不 登校 / 明光 義塾 夏期 講習 料金 / 明光 義塾 料金 高い / 明光 義塾 冬期 講習 料金 / 明光 義塾 高校生 料金,KWP_KeywordSeed,,
1_未知語,知恵袋,93,820,メガスタ 料金 知恵袋 / オンライン 家庭 教師 知恵袋 / メガスタ バイト 知恵袋 / メガスタ 知恵袋 / 発達 障害 知恵袋,Google_related_search | Google_suggest | KWP_KeywordSeed,,
1_未知語,ナビ,90,51190,ナビ 個別 指導 学院 発達 障害 / ナビ 個別 指導 学院 料金 / 個別 ナビ 料金 / ナビ 塾 料金 / ナビ 個別 指導 料金,KWP_KeywordSeed,,
1_未知語,学園,88,11150,ディック 学園 料金 / うすい 学園 個別 指導 料金 / 浜 学園 合わ ない / 学研 will 学園 / will 学園 発達 障害,KWP_KeywordSeed,,
1_未知語,ゼミナール,87,20370,栄光 ゼミナール 個別 料金 / 湘南 ゼミナール 個別 料金 / 栄光 ゼミナール ビザビ 料金 / 湘南 ゼミナール 個別 指導 コース / 第 一 ゼミナール 個別 料金,KWP_KeywordSeed,,
1_未知語,予備校,86,48390,adhd 予備校 / 不 登校 予備校 / 不 登校 大学 受験 予備校 / 予備校 不 登校 / 城南 予備校 オンライン 家庭 教師,Google_competitor | KWP_KeywordSeed,,
1_未知語,プロ,79,4210,プロ 家庭 教師 発達 障害 / 発達 障害 プロ 家庭 教師 / 不 登校 プロ 家庭 教師 / プロ 家庭 教師 不 登校 / オンライン 家庭 教師 プロ,KWP_KeywordSeed,,
1_未知語,高等,78,8350,明 蓬 館 高等 学校 発達 障害 / aie 国際 高等 学校 発達 障害 / トライ 式 高等 学院 発達 障害 / 勇志 国際 高等 学校 発達 障害 / 国際 高等 学院 中学生 フリー スクール,KWP_KeywordSeed,,
1_未知語,夏期,77,5050,家庭 教師 の トライ 夏期 講習 料金 / 明光 義塾 夏期 講習 料金 / スクール ie 夏期 講習 料金 / 東京 個別 指導 学院 夏期 講習 料金 / フリー ステップ 夏期 講習 料金,KWP_KeywordSeed,,
1_未知語,やら,77,3780,adhd 宿題 やら ない / adhd 宿題 を やら ない / 勉強 やら ない 中学生 / 中学生 勉強 やら ない / 勉強 を やら ない 中学生,KWP_KeywordSeed,,
1_未知語,サピックス,74,17000,オンライン 家庭 教師 サピックス / サピックス 家庭 教師 おすすめ / サピックス 個別 指導 料金 / サピックス プリバート 料金 / サピックス 合わ ない,KWP_KeywordSeed,,
1_未知語,単語,73,10180,adhd 英 単語 覚え 方 / ld 英 単語 覚え 方 / 漢字 や 英 単語 が 覚え られ ない / 漢字 英 単語 覚え られ ない / 英 単語 覚え られ ない,KWP_KeywordSeed,,
1_未知語,過去,72,63660,特別 支援 学校 高等 部 入試 過去 問 / 特別 支援 学校 高等 部 過去 問 / 特別 支援 高等 学校 過去 問 / 高等 特別 支援 学校 過去 問 / 高等 養護 学校 過去 問,KWP_KeywordSeed,,
1_未知語,センター,72,25780,学習 支援 センター 不 登校 / 家庭 教師 センター おすすめ / 能 開 センター 個別 料金 / 能 開 センター 個別 指導 料金 / ベネッセ 鉄 緑 会 個別 指導 センター 料金,Google_competitor | KWP_KeywordSeed,,
1_未知語,個人,71,16780,不 登校 個人 塾 / 家庭 教師 個人 契約 相場 / 家庭 教師 相場 個人 契約 / 家庭 教師 個人 契約 サイト おすすめ / 個人 家庭 教師 相場,KWP_KeywordSeed,,
1_未知語,言語,71,4940,wais 言語 理解 / wais 言語 理解 だけ 高い / wais 言語 理解 低い / wais 言語 理解 高い / wais 言語 理解 高い 処理 速度 低い,KWP_KeywordSeed,,
1_未知語,講師,67,2120,メガスタ 講師 / メガスタ 講師 登録 / まなぶ てらす 講師 / メガスタ プロ 講師 / 家庭 教師 の トライ オンライン 講師,KWP_KeywordSeed,,
1_未知語,上げる,66,12340,成績 を 上げる 方法 / 英語 の 成績 を 上げる 方法 中学 / 偏差 値 を 上げる 方法 / 成績 上げる 方法 / 国語 の 成績 を 上げる 方法,KWP_KeywordSeed,,
1_未知語,情緒,65,5950,中学 情緒 学級 / 小学校 情緒 クラス / 小学校 情緒 学級 / 小学校 情緒 学級 と は / 小学校 特別 支援 学級 情緒,KWP_KeywordSeed,,
1_未知語,日能研,64,21360,日能研 発達 障害 / 日能研 育成 テスト 点数 取れ ない / 日能研 ユリウス 料金 / 日能研 個別 料金 / 日能研 個別 指導 料金,KWP_KeywordSeed,,
1_未知語,たく,63,5660,不 登校 勉強 し たく ない / 中学生 不 登校 勉強 し たく ない / 勉強 し たく ない 不 登校 / 勉強 できない 学校 行き たく ない / 学校 に 行き たく ない 勉強 は したい,KWP_KeywordSeed,,
1_未知語,から,62,3970,自分 から 宿題 を しない / 支援 級 から 高校 受験 / 特別 支援 学級 から 高校 受験 / 発達 障害 耳 から の 情報 が 苦手 / 不 登校 から 立ち直っ た,KWP_KeywordSeed,,
1_未知語,itto,58,31180,itto 個別 指導 学院 料金 / itto 塾 料金 / 塾 itto 料金 / itto 個別 指導 学院 夏期 講習 料金 / itto 料金,Google_competitor | KWP_KeywordSeed,,
1_未知語,四谷,57,33390,四谷 進学会 オンライン プロ / 四谷 進学会 オンライン / 四谷 進学会 家庭 教師 口コミ / 四谷 学院 個別 指導 料金 / 四谷 学院 完全 個別 指導 料金,KWP_KeywordSeed,,
1_未知語,まとめ,57,0,まとめ / まとめ：特性の困りごとから先生を選ぶ3ステップ / まとめ：合う先生と環境を整えれば、学習は続く / まとめ：学習障害に理解のある塾が、勉強への自信を育ててくれる / まとめ：「普通の塾に断られた」で終わりにしない,Google_competitor,,
1_未知語,暗記,54,5710,学習 障害 暗記 が できない / 学習 障害 暗記 できない / 暗記 できない 学習 障害 / 学習 障害 暗記 / 暗記 力 を 上げる 方法,KWP_KeywordSeed,,
1_未知語,ネット,54,5520,家庭 教師 比較 ネット / ネット 家庭 教師 / 家庭 教師 ネット / 比較 ネット 家庭 教師 / 家庭 教師 ネット オンライン,KWP_KeywordSeed,,
1_未知語,医学部,52,2880,医学部 オンライン 家庭 教師 / オンライン 家庭 教師 医学部 / 医学部 家庭 教師 オンライン / メガスタ 医学部 / オンライン 家庭 教師 医学部 バイト,KWP_KeywordSeed,,
1_未知語,取れ,51,1450,テスト 点数 取れ ない / 勉強 し て も 点数 取れ ない 中学生 / 勉強 し て も 点数 取れ ない / テスト で いい 点 が 取れ ない / テスト で 点 が 取れ ない 原因,KWP_KeywordSeed,,
1_未知語,近く,50,60930,近く の 個別 指導 塾 / 近く の 個別 指導 塾 中学生 / 個別 指導 塾 近く / 近く の 個別 指導 塾 高校生 / 近く の 塾 個別 指導,Google_related_search | Google_suggest | KWP_KeywordSeed,,
1_未知語,馬渕,49,12770,馬渕 教室 個別 料金 / 馬渕 個別 高校生 料金 / 馬渕 個別 指導 料金 / 馬渕 個別 料金 高校生 / 馬渕 教室 個別 授業 料,KWP_KeywordSeed,,
1_未知語,高い,49,4610,メガスタ 料金 高い / katekyo 学院 料金 高い / トライ 授業 料 高い / 家庭 教師 の トライ 料金 高い / 個別 教室 の トライ 料金 高い,Google_related_search | Google_suggest | KWP_KeywordSeed,,
1_未知語,ゼミ,48,6970,進 研 ゼミ 個別 指導 教室 料金 / 進 研 ゼミ 個別 指導 料金 / 進 研 ゼミ 個別 指導 教室 料金 高校生 / 進 研 ゼミ オンライン 個別 指導 料金 / 進 研 ゼミ 個別 サポート 教室 料金,KWP_KeywordSeed,,
1_未知語,多い,48,1550,忘れ物 多い 大人 / 湘南 ゼミナール 宿題 多い / 塾 宿題 多い / 宿題 が 多い 塾 / 1 年生 宿題 多い,KWP_KeywordSeed,,
1_未知語,栄光,47,12560,栄光 ゼミナール 個別 料金 / 栄光 の 個別 ビザビ 料金 / 栄光 個別 料金 / 栄光 ゼミナール ビザビ 料金 / 栄光 個別 ビザビ 料金,KWP_KeywordSeed,,
1_未知語,iii,45,1190,wais iii iv 違い / wais iii wais iv 違い / wais iii wisc iv 違い / wais iii やり方 / wais iii 例題,KWP_KeywordSeed,,
1_未知語,都立,44,61560,都立 高校 の 選び方 / 都立 高校 選び方 / 都立 特別 支援 学校 高等 部 / 都立 高校 通 級 / 都立 高校 通 級 指導,KWP_KeywordSeed,,
1_未知語,特徴,44,12810,ld の 特徴 / ld 中学生 特徴 / ld 大人 特徴 / ld 特徴 / ld 特徴 大人,Google_related_search | Google_suggest | KWP_KeywordSeed,,
1_未知語,学研,44,5420,学研 家庭 教師 発達 障害 / 学研 家庭 教師 不 登校 / 学研 宿題 やら ない / 学研 オンライン 家庭 教師 / 学研 家庭 教師 オンライン,KWP_KeywordSeed,,
1_未知語,東進,43,1390460,東進 不 登校 / 東進 個別 料金 / 東進 ゼミナール 個別 指導 料金 / 東進 合わ ない / 東進 衛星 予備校,KWP_KeywordSeed,,
1_未知語,ワン,43,10110,家庭 教師 オンリー ワン 発達 障害 / 家庭 教師 オンリー ワン 月謝 / 京 進 スクール ワン 料金 / ecc ベスト ワン 料金 / 京 進 スクール ワン 5 科 パック 料金,KWP_KeywordSeed,,
1_未知語,だけ,43,5150,不 登校 塾 だけ / ディスレクシア 英語 だけ / トライ 自習 室 だけ 料金 / 中学 受験 個別 指導 だけ / 個別 指導 だけ で 中学 受験,Google_related_search | KWP_KeywordSeed,,
1_未知語,問題,43,4200,文章 問題 苦手 / 1 年生 算数 文章 問題 苦手 / 公文 文章 問題 苦手 / 小 1 算数 文章 問題 苦手 / 小 2 算数 文章 問題 苦手,KWP_KeywordSeed,,
1_未知語,代々木,42,18790,代々木 個別 指導 学院 料金 / 代々木 個別 指導 学院 月謝 / 代々木 個別 指導 学院 夏期 講習 料金 / 代々木 指導 個別 学院 料金 / 代々木 個別 料金,KWP_KeywordSeed,,
1_未知語,全く,42,1360,不 登校 全く 勉強 しない / 全く 勉強 しない 中学生 / 中学生 全く 勉強 しない / 勉強 全く しない 中学生 / 中 1 全く 勉強 しない,KWP_KeywordSeed,,
1_未知語,早稲,40,11690,早稲 アカ 個別 料金 / 早稲 アカ 個別 指導 料金 / 早稲 アカ マイスタ 授業 料 / 早稲 アカ 合わ ない / 早稲 アカ 個別,KWP_KeywordSeed,,
1_未知語,アカ,40,11690,早稲 アカ 個別 料金 / 早稲 アカ 個別 指導 料金 / 早稲 アカ マイスタ 授業 料 / 早稲 アカ 合わ ない / 早稲 アカ 個別,KWP_KeywordSeed,,
1_未知語,早稲田,40,8540,早稲田 アカデミー 個別 指導 料金 / 早稲田 アカデミー 合わ ない / 早稲田 スクール アイ スタディ 料金 / 早稲田 ゼミ 個別 料金 / 早稲田 アカデミー 個別,KWP_KeywordSeed,,
1_未知語,ベスト,38,8330,ベスト 個別 学院 料金 / ecc ベスト ワン 料金 / ベスト 個別 指導 塾 料金 / ecc 個別 指導 塾 ベスト ワン 料金 / ecc 個別 指導 ベスト ワン 料金,KWP_KeywordSeed,,
1_未知語,結果,38,5300,adhd wais 結果 / adhd wisc 結果 / wais 4 結果 / wais iii 結果 / wais iii 結果 見方,KWP_KeywordSeed,,
1_未知語,英才,36,14540,英才 個別 学院 料金 / 英才 個別 学院 料金 中学生 / 英才 個別 学院 夏期 講習 料金 / 英才 個別 学院 授業 料 / 英才 個別 学院,KWP_KeywordSeed,,
1_未知語,時間割,36,4000,特別 支援 学校 高等 部 時間割 / トライ プラス 時間割 / スクール ie 時間割 / 代々木 個別 指導 学院 時間割 / ナビ 個別 指導 学院 時間割,KWP_KeywordSeed,,
1_未知語,アカデミー,35,9510,家庭 教師 アカデミー 料金 / 早稲田 アカデミー 個別 指導 料金 / 個人 指導 アカデミー 料金 / 個人 指導 アカデミー 月謝 / 早稲田 アカデミー 合わ ない,KWP_KeywordSeed,,
1_未知語,試験,35,2580,adhd 試験 勉強 / 中学生 試験 勉強 しない / 模擬 試験 点数 取れ ない / 高卒 認定 試験 家庭 教師 / 公務員 試験 家庭 教師,KWP_KeywordSeed,,
1_未知語,低い,35,2500,ワーキング メモリ 低い 勉強 / ワーキング メモリ 低い 勉強 法 / ワーキング メモリー が 低い 人 の 勉強 法 / wais iii 処理 速度 が 低い / wais ワーキング メモリー が 低い,KWP_KeywordSeed,,
1_未知語,ガンバ,34,4740,家庭 教師 ガンバ オンライン / オンライン 家庭 教師 ガンバ / 家庭 教師 の ガンバ オンライン / 家庭 教師 の ガンバ オンライン バイト / 家庭 教師 ガンバ オンライン バイト,KWP_KeywordSeed,,
1_未知語,仕事,33,3980,仕事 に 集中 できない / 仕事 集中 できない / 一 つの こと しか できない 向い てる 仕事 / イライラ し て 仕事 に 集中 できない / 一 つの こと に 集中 できない 仕事,Google_related_search | Google_suggest | KWP_KeywordSeed,,
1_未知語,プラス,33,2520,家庭 教師 の トライ プラス 料金 / 家庭 教師 トライ プラス 料金 / 個別 指導 塾 トライ プラス 料金 / トライ プラス 授業 料 / トライ プラス 夏期 講習 料金,KWP_KeywordSeed,,
1_未知語,処理,33,2480,wais iii 処理 速度 が 低い / wais iv 処理 速度 / wais 処理 速度 / wais 処理 速度 だけ 低い / wais 処理 速度 だけ 高い,KWP_KeywordSeed,,
1_未知語,科学,33,1500,愛着 障害 文部 科学 省 / 自 閉 症 定義 文部 科学 省 / 日本 文化 科学 社 wais / 日本 文化 科学 社 wisc iv / 日本 文化 科学 社 wisc v,KWP_KeywordSeed,,
1_未知語,スタンダード,32,9580,個別 指導 塾 スタンダード 料金 / スタンダード 塾 料金 / 個別 塾 スタンダード 料金 / 個別 指導 スタンダード 料金 / 塾 スタンダード 料金,KWP_KeywordSeed,,
1_未知語,サクシード,32,4370,サクシード オンライン 家庭 教師 / オンライン 家庭 教師 サクシード / サクシード 家庭 教師 オンライン / 家庭 教師 サクシード オンライン / サクシード オンライン 家庭 教師 バイト,Google_competitor | KWP_KeywordSeed,,
1_未知語,見方,32,2160,wais iii 結果 見方 / wais iii 見方 / wais iv 知能 検査 結果 の 見方 / wais iv 結果 の 見方 / wais iv 結果 見方,KWP_KeywordSeed,,
1_未知語,一年生,32,1770,一年生 宿題 時間 が かかる / 小学 一年生 勉強 ついていけ ない / 小学校 一年生 勉強 ついていけ ない / 一年生 漢字 が 覚え られ ない / 一年生 漢字 書け ない,KWP_KeywordSeed,,
1_未知語,求人,32,50,オンライン 家庭 教師 求人 不 登校 / 不 登校 オンライン 家庭 教師 求人 / 発達障害 オンライン家庭教師 求人 / 発達障害 家庭教師 求人 / 不登校 オンライン家庭教師 求人,Google_related_search | Google_suggest | KWP_KeywordSeed,,
1_未知語,アップ,31,2640,家庭 教師 アップ 料金 / 個別 指導 アップ 学習 会 料金 / アップ 学習 塾 料金 / アップ 塾 料金 / アップ 学習 会 夏期 講習 料金,KWP_KeywordSeed,,
1_未知語,速度,31,2420,wais iii 処理 速度 が 低い / wais iv 処理 速度 / wais 処理 速度 / wais 処理 速度 だけ 低い / wais 処理 速度 だけ 高い,KWP_KeywordSeed,,
1_未知語,効率,30,14830,効率 の いい 勉強 法 / 効率 よく 勉強 する 方法 / 効率 的 な 勉強 法 / 効率 の 良い 勉強 法 高校生 / 効率 よく 暗記 する 方法,KWP_KeywordSeed,,
1_未知語,友の会,30,1680,東大 家庭 教師 友の会 オンライン / オンライン 東大 家庭 教師 友の会 / 東大 家庭 教師 友の会 料金 / オンライン 家庭 教師 友の会 / 東大 友の会 オンライン,KWP_KeywordSeed,,
1_未知語,関連記事,30,0,関連記事,Google_competitor,,
1_未知語,駿台,29,21770,駿台 オンライン 家庭 教師 / 駿台 個別 指導 料金 / 駿台 コース 選び方 / 駿台 予備校 個別 指導 料金 / 駿台 個別 値段,KWP_KeywordSeed,,
1_未知語,武田,28,12120,武田 塾 不 登校 / 武田 塾 合わ ない / 武田 塾 無料 相談 / 武田 塾 バイト / 武田 塾 値段,KWP_KeywordSeed,,
1_未知語,大学生,28,3970,adhd 勉強 法 大学生 / オンライン 家庭 教師 バイト 大学生 / オンライン 家庭 教師 大学生 / 大学生 オンライン 家庭 教師 / オンライン 家庭 教師 大学生 バイト,Google_competitor | KWP_KeywordSeed,,
1_未知語,東大,28,1580,東大 家庭 教師 友の会 オンライン / オンライン 東大 家庭 教師 友の会 / 東大 家庭 教師 友の会 料金 / 東大 友の会 オンライン / 東大 家庭 教師 友の会 バイト オンライン,KWP_KeywordSeed,,
1_未知語,金額,28,720,メガスタ 金額 / オンライン 家庭 教師 金額 / 家庭 教師 金額 / 家庭 教師 の トライ 金額 / 家庭 教師 金額 相場,KWP_KeywordSeed,,
1_未知語,大塚,27,30830,四谷 大塚 個別 指導 料金 / 四谷 大塚 合わ ない / 四谷 大塚 家庭 教師 / 四谷 大塚 ネット / 四谷 大塚 オンライン 中学 受験,KWP_KeywordSeed,,
1_未知語,臨海,27,11460,臨海 セミナー 個別 料金 / 臨海 セミナー 個別 指導 料金 / 臨海 セミナー セレクト 料金 / 臨海 セミナー 新 百合 ヶ 丘 / 臨海 セミナー 個別,KWP_KeywordSeed,,
1_未知語,トーマス,27,2050,トーマス 塾 料金 / トーマス 個別 料金 / トーマス 個別 指導 料金 / トーマス 塾 費用 / メディック トーマス 学費,Google_competitor | KWP_KeywordSeed,,
1_未知語,クラス,27,1390,中学校 支援 クラス / 小学校 情緒 クラス / 小学校 特別 クラス / 小学校 発達 障害 クラス / 小学校 障害 児 クラス,KWP_KeywordSeed,,
1_未知語,ピース,27,750,オンライン 家庭 教師 ピース / 家庭 教師 ピース / オンライン 家庭 教師 ピース 口コミ / 家庭 教師 の ピース / オンライン 家庭 教師 ピース バイト,KWP_KeywordSeed,,
1_未知語,ecc,26,4720,ecc ベスト ワン 料金 / ecc 個別 指導 塾 ベスト ワン 料金 / ecc 個別 指導 ベスト ワン 料金 / ecc ベスト ワン 夏期 講習 料金 / ecc の 個別 指導 塾 ベスト ワン 料金,KWP_KeywordSeed,,
1_未知語,反抗,26,710,中学生 女子 反抗 期 勉強 しない / 中学生 男子 反抗 期 勉強 しない / 中 1 反抗 期 勉強 しない / 中 2 反抗 期 勉強 しない / 中 3 反抗 期 勉強 しない,KWP_KeywordSeed,,
1_未知語,スペクトラム,25,138990,自 閉 スペクトラム 学習 / 自 閉 症 スペクトラム 中学 受験 / 自 閉 症 スペクトラム 大学 受験 / 自 閉 症 スペクトラム 大学 進学 / 自 閉 症 スペクトラム 学習 支援,KWP_KeywordSeed,,
1_未知語,あすなろ,25,3410,あすなろ 家庭 教師 発達 障害 / 発達 障害 家庭 教師 あすなろ / 家庭 教師 の あすなろ 発達 障害 / あすなろ 家庭 教師 不 登校 / 家庭 教師 あすなろ 不 登校,Google_suggest | KWP_KeywordSeed,,
1_未知語,ベネッセ,25,2970,ベネッセ オンライン 家庭 教師 / オンライン 家庭 教師 ベネッセ / ベネッセ 個別 指導 料金 / ベネッセ 塾 料金 / ベネッセ 個別 料金,KWP_KeywordSeed,,
1_未知語,上がら,25,1490,成績 上がら ない 中学生 / 成績 が 上がら ない 中学生 7 つの 原因 / 塾 に 行っ て も 成績 が 上がら ない 中学生 / 中学生 成績 が 上がら ない / 中学生 成績 上がら ない,KWP_KeywordSeed,,
1_未知語,平均,25,1380,家庭 教師 平均 月謝 / 家庭 教師 平均 金額 / 家庭 教師 値段 平均 / 家庭 教師 平均 料金 / 家庭 教師 月謝 平均,KWP_KeywordSeed,,
1_未知語,時間,25,860,不 登校 勉強 時間 / 宿題 時間 かかる / 発達 障害 宿題 に 時間 が かかる / 3 年生 宿題 時間 が かかる / adhd 宿題 時間 が かかる,KWP_KeywordSeed,,
1_未知語,セミナー,24,10800,臨海 セミナー 個別 料金 / 臨海 セミナー 個別 指導 料金 / 臨海 セミナー セレクト 料金 / プロ 家庭 教師 の 総合 進学 セミナー / 臨海 セミナー 新 百合 ヶ 丘,KWP_KeywordSeed,,
1_未知語,アクシス,24,6030,アクシス 塾 料金 / 個別 指導 アクシス 料金 / アクシス 個別 指導 料金 / アクシス 夏期 講習 料金 / 能 開 アクシス 料金,KWP_KeywordSeed,,
1_未知語,中高,24,4640,不 登校 中高 一貫 / 中高 一貫 不 登校 / 中高 不 登校 / 中高 一貫 校 家庭 教師 / 中高 一貫 校 塾,KWP_KeywordSeed,,
1_未知語,できる,24,2740,adhd 勉強 できる / adhd 勉強 は できる / 勉強 できる adhd / 勉強 は できる adhd / アスペルガー 勉強 できる,Google_competitor | Google_related_search | Google_suggest | KWP_KeywordSeed,,
1_未知語,河合塾,23,41180,河合塾 個別 指導 料金 / 河合塾 個別 指導 高校生 料金 / 河合塾 個別 料金 / 河合塾 コース 選び方 / 河合塾 マナビス 合わ ない,KWP_KeywordSeed,,
1_未知語,一貫,23,4610,不 登校 中高 一貫 / 中高 一貫 不 登校 / 中高 一貫 校 家庭 教師 / 中高 一貫 校 塾 / 中高 一貫 塾,KWP_KeywordSeed,,
1_未知語,キャンパス,23,3590,個別 指導 キャンパス 料金 / 個別 指導 キャンパス 夏期 講習 料金 / 個別 指導 キャンパス 夏期 講習 / 個別 指導 キャンパス 冬期 講習 / 個別 指導 キャンパス 値段,KWP_KeywordSeed,,
1_未知語,文部,23,1270,愛着 障害 文部 科学 省 / 自 閉 症 定義 文部 科学 省 / ディスレクシア 文部 科学 省 / 学習 障害 文部 科学 省 / 文部 科学 省 学習 障害,KWP_KeywordSeed,,
1_未知語,さくら,22,8550,家庭 教師 さくら / さくら 個別 指導 学院 / さくら 個別 指導 塾 / さくら one 個別 指導 塾 / さくら の 個別 指導,KWP_KeywordSeed,,
1_未知語,わからない,22,4100,不 登校 勉強 わからない / 不 登校 で 勉強 が わからない / 勉強 が わからない 不 登校 / 英語 中学 わからない / 人 の 気持ち が わからない 人 アスペルガー,KWP_KeywordSeed,,
1_未知語,世界,22,4060,世界 史 点数 取れ ない / asd 自分 の 世界 / 不 登校 世界 / 世界 史 勉強 法 / 大学 受験 世界 史 勉強 法,KWP_KeywordSeed,,
1_未知語,帰国,22,3530,帰国 子女 不 登校 / 帰国 子女 家庭 教師 / 帰国 子女 家庭 教師 バイト / 一時 帰国 オルタナティブ スクール / 帰国 子女 高校 受験,KWP_KeywordSeed,,
1_未知語,ヒーローズ,22,2550,ヒーローズ 塾 料金 / 個別 指導 ヒーローズ 料金 / ヒーローズ 夏期 講習 料金 / 個別 指導 学院 ヒーローズ 料金 / 塾 ヒーローズ 授業 料,KWP_KeywordSeed,,
1_未知語,ランナー,22,2010,家庭 教師 ランナー オンライン / 家庭 教師 の ランナー オンライン / 家庭 教師 の ランナー オンライン バイト / 家庭 教師 ランナー 料金 / 家庭 教師 の ランナー 料金,KWP_KeywordSeed,,
1_未知語,教科,22,1860,塾 1 教科 料金 / 塾 教科 選び方 / 明光 義塾 1 教科 料金 / 明光 義塾 教科 料金 / 明光 義塾 5 教科 料金,KWP_KeywordSeed,,
1_未知語,独学,22,1580,不 登校 勉強 独学 / 大学 受験 独学 / 高卒 認定 試験 独学 / 高卒 認定 独学 / 大学 受験 独学 スタディ サプリ,KWP_KeywordSeed,,
1_未知語,冬期,22,1210,明光 義塾 冬期 講習 料金 / スクール ie 冬期 講習 料金 / フリー ステップ 冬期 講習 料金 / トライ プラス 冬期 講習 料金 / 代々木 個別 指導 学院 冬期 講習,KWP_KeywordSeed,,
1_未知語,カテゴリー,22,0,カテゴリー,Google_competitor,,
1_未知語,よくある質問,22,0,よくある質問 / よくある質問（FAQ） / よくある質問：発達障害の子の受け入れへの不安にお答えします,Google_competitor,,
1_未知語,のある,22,0,勉強についていけない発達障害のある中学生の勉強法 勉強のコツを解説 / 発達障害のある中学生の「勉強についていけない」を解決する4つの勉強法 / 発達障害のある中学生との関わり方 / まとめ～発達障害のある中学生の勉強の悩みは支援機関に相談を～ / 学習障害のある中学生は塾に通ったほうがいい？選び方や塾以外の支援は？,Google_competitor,,
1_未知語,地理,21,6440,地理 点数 取れ ない / 地理 勉強 法 / 中学 受験 地理 勉強 法 / 地理 の 勉強 法 / 中学 地理 勉強 法,KWP_KeywordSeed,,
1_未知語,ビザビ,21,6100,栄光 の 個別 ビザビ 料金 / 栄光 ゼミナール ビザビ 料金 / 栄光 個別 ビザビ 料金 / 個別 ビザビ 料金 / ビザビ 授業 料,KWP_KeywordSeed,,
1_未知語,マナ,21,1070,オンライン 家庭 教師 マナ リンク / マナ リンク 人気 講師 / オンライン 家庭 教師 マナ リンク 口コミ / マナ リンク 家庭 教師 / マナ リンク 講師,KWP_KeywordSeed,,
1_未知語,推理,21,840,pri 知覚 推理 / wais iv 知覚 推理 / wais 知覚 推理 / wais 知覚 推理 低い / wisc iv 知覚 推理 が 低い,KWP_KeywordSeed,,
1_未知語,zoom,21,250,zoom 家庭 教師 / 家庭 教師 zoom / zoom 家庭 教師 バイト / zoom で 家庭 教師 / オンライン 家庭 教師 zoom,KWP_KeywordSeed,,
1_未知語,あわせて知りたい,21,0,あわせて知りたい,Google_competitor,,
1_未知語,カテゴリq&a,21,0,カテゴリQ&Aランキング,Google_competitor,,
1_未知語,あなたも答えてみませんか,21,0,あなたも答えてみませんか,Google_competitor,,
1_未知語,総合q&a,21,0,総合Q&Aランキング,Google_competitor,,
1_未知語,カテゴリ一覧,21,0,カテゴリ一覧,Google_competitor,,
1_未知語,質問内容,21,0,質問内容,Google_competitor,,
1_未知語,回答文,21,0,回答文,Google_competitor,,
1_未知語,トウコベ,20,9210,トウコベ 料金 / トウコベ / トウコベ 中学 受験 / トウコベ バイト / トウコベ オンライン,KWP_KeywordSeed,,
1_未知語,ena,20,5140,ena 家庭 教師 camp / 家庭 教師 キャンプ ena / 家庭 教師 camp ena / 個別 ena 授業 料 / ena 塾,KWP_KeywordSeed,,
1_未知語,子女,20,3410,帰国 子女 不 登校 / 帰国 子女 家庭 教師 / 帰国 子女 家庭 教師 バイト / 帰国 子女 高校 受験 / 帰国 子女 受け入れ 高校,KWP_KeywordSeed,,
1_未知語,アルファ,20,2800,家庭 教師 アルファ 発達 障害 / 家庭 教師 アルファ 料金 / 家庭 教師 の アルファ 料金 / アルファ 家庭 教師 料金 / 個別 指導 アルファ 料金,KWP_KeywordSeed,,
1_未知語,ウェクスラー,20,1340,iq テスト ウェクスラー / ウェクスラー の 知能 検査 / ウェクスラー 式 / ウェクスラー 式 iq / ウェクスラー 式 の 知能 検査,KWP_KeywordSeed,,
1_未知語,会社,20,1270,オンライン 家庭 教師 会社 / メガスタ 会社 / 家庭 教師 会社 おすすめ / 家庭 教師 派遣 会社 おすすめ / 家庭 教師 バイト おすすめ 会社,KWP_KeywordSeed,,
1_未知語,リンク,20,1160,オンライン 家庭 教師 マナ リンク / マナ リンク 人気 講師 / オンライン 家庭 教師 マナ リンク 口コミ / マナ リンク 家庭 教師 / マナ リンク 講師,KWP_KeywordSeed,,
1_未知語,gips,20,630,家庭 教師 gips / オンライン 家庭 教師 gips / gips 家庭 教師 / gips 家庭 教師 口コミ / オンライン 家庭 教師 gips バイト,Google_competitor | KWP_KeywordSeed,,
1_未知語,指数,20,500,wais iii 群 指数 / wais iii 群 指数 差 / wais iii 群 指数 差 15 / wais iii 群 指数 差 20 / wais iii 群 指数 差 25,KWP_KeywordSeed,,
1_未知語,バンザン,20,320,バンザン 家庭 教師 / 家庭 教師 バンザン / バンザン メガスタ / バンザン オンライン 家庭 教師 / バンザン プロ 教師,KWP_KeywordSeed,,
1_未知語,関西,19,6020,関西 個別 指導 学院 料金 / 関西 個別 指導 学院 料金 高い / 関西 個別 料金 / 関西 個別 指導 学院 授業 料 / 関西 個別 指導 学院 夏期 講習 料金,Google_suggest | KWP_KeywordSeed,,
1_未知語,ノーバス,19,4890,家庭 教師 ノーバス 発達 障害 / 家庭 教師 ノーバス 料金 / 家庭 教師 の ノーバス 料金 / ノーバス 家庭 教師 料金 / 個別 指導 塾 ノーバス 料金,KWP_KeywordSeed,,
1_未知語,公文,19,3340,公文 文章 問題 苦手 / 公文 宿題 / 公文 学校 の 宿題 / 公文 宿題 5 枚 / 公文 宿題 なし,KWP_KeywordSeed,,
1_未知語,時給,19,1170,家庭 教師 時給 相場 / 家庭 教師 相場 時給 / 家庭 教師 の 時給 相場 / オンライン 家庭 教師 時給 相場 / プロ 家庭 教師 時給 相場,Google_suggest | KWP_KeywordSeed,,
1_未知語,難しい,19,940,算数 文章 問題 難しい / 難しい 英 単語 の 覚え 方 / 宿題 難しい / 小学生 宿題 難しい / 朋 優 学院 入試 難しい,Google_related_search | Google_suggest | KWP_KeywordSeed,,
1_未知語,サイト,19,770,不 登校 勉強 サイト / オンライン 家庭 教師 サイト / 家庭 教師 紹介 サイト スカイプ / 家庭 教師 個人 契約 サイト おすすめ / 家庭 教師 比較 サイト,KWP_KeywordSeed,,
1_未知語,違い,19,760,dn cas wisc 違い / k 式 wisc 違い / kabc wisc 違い / wais 3 wais 4 違い / wais iii iv 違い,KWP_KeywordSeed,,
1_未知語,知覚,19,760,pri 知覚 推理 / wais iv 知覚 推理 / wais 知覚 推理 / wais 知覚 推理 低い / wisc iv 知覚 推理 が 低い,KWP_KeywordSeed,,
1_未知語,まなぶ,19,550,まなぶ てらす 口コミ / まなぶ てらす 講師 / まなぶ てらす 料金 / まなぶ てらす 講師 口コミ / オンライン 家庭 教師 まなぶ てらす,KWP_KeywordSeed,,
1_未知語,スマホ,19,420,中学生 スマホ ばかり で 勉強 しない / 中学生 スマホ 勉強 しない / 中学生 勉強 しない スマホ / 勉強 しない 高校生 スマホ / オンライン 家庭 教師 スマホ,KWP_KeywordSeed,,
1_未知語,sapix,18,4840,sapix 合わ ない / sapix 家庭 教師 / sapix 中学 部 / sapix 費用 / sapix 個別 指導,KWP_KeywordSeed,,
1_未知語,大きい,18,2630,wais iii 群 指数 差 大きい / wais iv 差 が 大きい / wais 差 が 大きい 発達 障害 / wisc iv 差 が 大きい / wisc iv 差 が 大きい 15,KWP_KeywordSeed,,
1_未知語,パーソナル,18,840,パーソナル 塾 料金 / ニスコ パーソナル 料金 / ニスコ パーソナル 中学生 料金 / 個別 指導 塾 パーソナル / cg パーソナル 個別 料金,KWP_KeywordSeed,,
1_未知語,対応,18,550,家庭 教師 発達 障害 対応 / 学習 障害 対応 の 仕方 / ld 対応 学校 / 不 登校 対応 塾 / 不 登校 対応 家庭 教師,Google_related_search | Google_suggest | KWP_KeywordSeed,,
1_未知語,解釈,18,470,wais 3 解釈 / wais 4 解釈 / wais iii 結果 解釈 / wais iii 解釈 / wais iv 解釈,KWP_KeywordSeed,,
1_未知語,てらす,18,460,まなぶ てらす 口コミ / まなぶ てらす 講師 / まなぶ てらす 料金 / まなぶ てらす 講師 口コミ / オンライン 家庭 教師 まなぶ てらす,KWP_KeywordSeed,,
1_未知語,コース,18,150,湘南 ゼミナール 個別 指導 コース / トライ 難関 大学 コース 料金 / トライ 逆転 合格 コース 料金 / スタディ サプリ 個別 指導 コース 料金 / 河合塾 コース 選び方,Google_competitor | Google_suggest | KWP_KeywordSeed,,
1_未知語,axis,17,6720,axis 家庭 教師 / axis オンライン 家庭 教師 / 家庭 教師 axis / axis 塾 料金 / axis 個別 指導 料金,KWP_KeywordSeed,,
1_未知語,現代,17,4600,現代 文 勉強 法 / 大学 受験 現代 文 勉強 法 / 現代 国語 勉強 法 / 高校 現代 文 勉強 法 / 現代 の 国語 勉強 法,KWP_KeywordSeed,,
1_未知語,内容,17,1270,wais iv 内容 / wais ⅳ 内容 / wisc 5 歳 内容 / wisc iv 内容 / wisc iv 知能 検査 内容,Google_related_search | KWP_KeywordSeed,,
1_未知語,スポーツ,17,950,スポーツ 家庭 教師 トライ 料金 / スポーツ 家庭 教師 料金 / 学習 障害 スポーツ / スポーツ 家庭 教師 ファースト / 家庭 教師 ファースト スポーツ,Google_suggest | KWP_KeywordSeed,,
1_未知語,による,17,870,特別 支援 学級 と 通 級 による 指導 ハンドブック / 特別 支援 学級 通 級 による 指導 / 特別 支援 教育 通 級 による 指導 / 通 級 による 指導 / 通 級 による 指導 と は,Google_competitor | KWP_KeywordSeed,,
1_未知語,ブログ,17,10,東京 個別 指導 学院 料金 ブログ / 発達障害 高校受験 ブログ / 通級 後悔 ブログ / 発達障害 英語 学習法 ブログ / 不登校 発達障害 小学生 ブログ,Google_competitor | Google_related_search | Google_suggest | KWP_KeywordSeed,,
1_未知語,みやび,16,17370,みやび 個別 指導 学院 料金 / みやび 個別 指導 学院 夏期 講習 料金 / みやび 個別 指導 料金 / みやび 個別 指導 学院 テスト ターボ 料金 / みやび 個別 指導 学院,KWP_KeywordSeed,,
1_未知語,偏差,16,2270,偏差 値 上がら ない 中学生 / 偏差 値 を 上げる 方法 / 偏差 値 を 上げる 方法 高校 受験 / 偏差 値 を 上げる 方法 大学 受験 / 偏差 値 上げる 方法,KWP_KeywordSeed,,
1_未知語,tomas,16,2040,tomas 塾 料金 / tomas 夏期 講習 料金 / tomas 個別 指導 料金 / tomas 個別 料金 / tomas 中学 受験 料金,KWP_KeywordSeed,,
1_未知語,附属,16,2010,中央 大学 附属 高校 入試 / 名城 大学 附属 高等 学校 入試 / 学芸 大学 附属 高校 入試 / 川口 市立 高校 附属 中学校 掲示板 / 広大 附属 高校 入試,KWP_KeywordSeed,,
1_未知語,取る,16,1720,テスト で いい 点 を 取る 方法 / 模試 で 高 得点 を 取る 方法 高校生 / テスト で 高 得点 を 取る 方法 / テスト 高 得点 取る 方法 / テスト いい 点 取る 方法,KWP_KeywordSeed,,
1_未知語,wam,16,1310,オンライン 家庭 教師 wam 料金 / オンライン 家庭 教師 wam 初期 費用 / 家庭 教師 wam 料金 / 個別 指導 wam 料金 / wam 塾 料金,KWP_KeywordSeed,,
1_未知語,高卒,16,1060,高卒 認定 試験 家庭 教師 / 高卒 家庭 教師 / 高卒 認定 家庭 教師 / 家庭 教師 高卒 / 家庭 教師 バイト 高卒,KWP_KeywordSeed,,
1_未知語,自分,16,410,自分 から 宿題 を しない / 発達 障害 自分 の 気持ち が わからない / asd 自分 が ない / asd 自分 が 正しい / asd 自分 の 世界,KWP_KeywordSeed,,
1_未知語,大阪,16,320,大阪 予備校 / 発達障害 家庭教師 大阪 / 学習障害 塾 大阪 / 発達障害 個別指導塾 大阪 / 私立高校 発達障害受け入れ 大阪,Google_suggest | KWP_KeywordSeed,,
1_未知語,ゲーム,16,280,ゲーム ばかり で 勉強 しない 中学生 / 中学生 ゲーム ばかり で 勉強 しない / 中学生 ゲーム 勉強 しない / 中学生 勉強 しない ゲーム / 学習 障害 ゲーム,KWP_KeywordSeed,,
1_未知語,配慮,16,90,発達 障害 受験 配慮 / 発達 障害 入試 配慮 / 発達 障害 高校 入試 配慮 / 発達 障害 高校 受験 配慮 / 合理 的 配慮 受験,Google_related_search | Google_suggest | KWP_KeywordSeed,,
1_未知語,の記事,16,0,人気の記事,Google_competitor,,
1_未知語,開成,15,28110,開成 塾 / 開成 ゼミナール / 開成 フリー ステップ / 開成 高校 勉強 法 / 開成 高校 入試,KWP_KeywordSeed,,
1_未知語,化学,15,5290,化学 家庭 教師 / 化学 勉強 法 / 高校 化学 勉強 法 / 大学 受験 化学 勉強 法 / 化学 の 勉強 法,KWP_KeywordSeed,,
1_未知語,リタリコ,15,4450,リタリコ 学習 支援 / リタリコ 学習 障害 / 学習 障害 リタリコ / リタリコ 不 登校 / リタリコ 療育,Google_related_search | KWP_KeywordSeed,,
1_未知語,国際,15,1010,aie 国際 高等 学校 発達 障害 / 勇志 国際 高等 学校 発達 障害 / 国際 高等 学院 中学生 フリー スクール / 国際 バカロレア 家庭 教師 / さくら 国際 高等 学校 フリー スクール,KWP_KeywordSeed,,
1_未知語,学力,15,890,学力 テスト 点数 取れ ない / 北大 学力 増進 会 個別 指導 料金 / ckc 学力 診断 テスト 料金 / 境界 知能 学力 / 学力 を 上げる 方法,Google_related_search | Google_suggest | KWP_KeywordSeed,,
1_未知語,キッズ,15,700,キッズ アカデミー 療育 / ノビル キッズ / キッズ デイ サービス / グリップ キッズ 両国 / グリップ キッズ 南行徳,KWP_KeywordSeed,,
1_未知語,技術,15,560,技術 勉強 法 / 中学 夏休み 宿題 技術 / 中学 技術 夏休み 宿題 / 中学 技術 宿題 / 中学生 夏休み 宿題 技術,KWP_KeywordSeed,,
1_未知語,お金,15,520,英会話 お金 を かけ ない / お金 かけ ず に 英語 / お金 かけ ない 英語 / お金 を かけ ず に 英語 / お金 を かけ ず に 英語 小学生,KWP_KeywordSeed,,
1_未知語,nhk,15,470,nhk 発達 障害 番組 2022 / nhk 学習 障害 / 学習 障害 nhk / asd nhk / nhk asd,KWP_KeywordSeed,,
1_未知語,取り戻す,15,460,勉強 遅れ 取り戻す 塾 / 勉強 の 遅れ を 取り戻す 不 登校 / 不 登校 勉強 遅れ 取り戻す / 不 登校 勉強 取り戻す / 勉強 遅れ 取り戻す,KWP_KeywordSeed,,
1_未知語,2ch,15,400,家庭 教師 不 登校 2ch / オンライン 家庭 教師 2ch / 家庭 教師 バイト おすすめ 2ch / asd 2ch / 家庭 教師 サクシード 2ch,KWP_KeywordSeed,,
1_未知語,不利,15,360,高校 中退 大学 受験 不利 / 不 登校 大学 受験 不利 / 公立 高校 大学 受験 不利 / 高卒 認定 大学 受験 不利 / 高卒 認定 試験 大学 受験 不利,Google_related_search | Google_suggest | KWP_KeywordSeed,,
1_未知語,症候群,14,7910,アスペルガー 症候群 勉強 できない / アスペルガー 症候群 勉強 できる / アスペルガー 症候群 勉強 方法 / アスペルガー 症候群 高校 受験 / アスペルガー 症候群 中学 受験,Google_competitor | KWP_KeywordSeed,,
1_未知語,全国,14,6760,全国 療育 相談 センター / 全国 療育 センター / 全国 療育 相談 センター 米山 / 全国 模試 高校 / 高校生 全国 模試,KWP_KeywordSeed,,
1_未知語,ひまわり,14,5720,ひまわり 療育 / ひまわり 療育 センター / 療育 ひまわり / 療育 センター ひまわり / 放課後 等 デイ サービス ひまわり,KWP_KeywordSeed,,
1_未知語,一般,14,5470,教員 採用 試験 一般 教養 勉強 法 / 一般 入試 と は 高校 / 一般 入試 高校 / 公立 一般 入試 / 公立 高校 一般 入試,KWP_KeywordSeed,,
1_未知語,歴史,14,4570,中学 受験 歴史 勉強 法 / 歴史 勉強 法 / 中学 歴史 勉強 法 / 歴史 の 勉強 法 / 歴史 勉強 の 仕方,KWP_KeywordSeed,,
1_未知語,人生,14,3570,メガスタ 浪 人生 料金 / 個別 教室 の トライ 浪 人生 料金 / 浪 人生 個別 指導 料金 / 浪 人生 個別 指導 おすすめ / 個別 指導 浪 人生 料金,Google_related_search | Google_suggest | KWP_KeywordSeed,,
1_未知語,スタサプ,14,2680,スタサプ 個別 指導 料金 / スタサプ 不 登校 / スタサプ 中学生 / スタサプ 個別 指導 / スタサプ 個人 指導,KWP_KeywordSeed,,
1_未知語,得意,14,2160,算数 が 得意 に なる 方法 / 数学 得意 に なる 方法 / 算数 得意 に なる 方法 / 算数 を 得意 に する 方法 / 数学 が 得意 に なる 方法,Google_related_search | KWP_KeywordSeed,,
1_未知語,就労,14,1890,学習 障害 就労 / 学習 障害 就労 支援 / 境界 知能 就労 支援 / 放課後 等 デイ サービス 就労 支援 / 発達 障害 就労 移行 支援,KWP_KeywordSeed,,
1_未知語,湘南,14,1650,湘南 ゼミナール 個別 料金 / 湘南 ゼミナール 個別 指導 コース / 湘南 ゼミナール 個別 費用 / 湘南 ゼミナール 個別 指導 料金 / 湘南 ゼミナール 個別,KWP_KeywordSeed,,
1_未知語,契約,14,1310,家庭 教師 個人 契約 相場 / 家庭 教師 相場 個人 契約 / 家庭 教師 個人 契約 サイト おすすめ / 家庭 教師 個人 契約 相場 中学生 / 家庭 教師 個人 契約 おすすめ,KWP_KeywordSeed,,
1_未知語,文化,14,1050,日本 文化 科学 社 wais / 日本 文化 科学 社 wisc iv / 日本 文化 科学 社 wisc v / 多 文化 フリー スクール / 言語 文化 勉強 方法,KWP_KeywordSeed,,
1_未知語,克服,14,600,学習 障害 克服 法 / 学習 障害 克服 できる / 算数 文章 題 苦手 克服 / 英語 苦手 克服 中学生 / 中学生 英語 苦手 克服,KWP_KeywordSeed,,
1_未知語,海外,14,330,海外 オンライン 家庭 教師 / オンライン 家庭 教師 海外 / 海外 家庭 教師 / 家庭 教師 海外 / adhd 海外,KWP_KeywordSeed,,
1_未知語,価格,14,200,オンライン 家庭 教師 価格 / 家庭 教師 価格 / 家庭 教師 価格 比較 / 家庭 教師 の トライ 価格 / 家庭 教師 価格 相場,KWP_KeywordSeed,,
1_未知語,よくあるご質問,14,0,よくあるご質問（FAQ） / よくあるご質問,Google_competitor,,
1_未知語,ベストアンサー,14,0,ベストアンサー,Google_competitor,,
1_未知語,その他の回答,14,0,その他の回答（5件） / その他の回答（3件） / その他の回答（4件） / その他の回答（17件） / その他の回答（2件）,Google_competitor,,
1_未知語,推薦,13,13810,高校 推薦 入試 / 推薦 入試 と は 高校 / 推薦 入試 高校 / 私立 推薦 入試 / 筑波 大学 附属 高校 推薦 入試,KWP_KeywordSeed,,
1_未知語,ウイスク,13,7060,ウイスク 4 / ウイスク 4 下位 検査 / ウイスク 4 平均 / ウイスク 4 検査 / ウイスク 4 知覚 推理,KWP_KeywordSeed,,
1_未知語,ワム,13,2800,ワム 家庭 教師 / オンライン ワム 口コミ / ワム 塾 料金 / ワム 塾 月謝 / ワム 学習 塾 料金,KWP_KeywordSeed,,
1_未知語,文字,13,1320,発達 障害 文字 が 苦手 / 文字 が 読め ない 障害 / ld 文字 の 見え 方 / ld 文字 見え 方 / 学習 障害 文字,KWP_KeywordSeed,,
1_未知語,入る,13,980,特別 支援 学校 に 入る に は / 小学校 特別 学級 に 入る 子 / 支援 学校 に 入る に は / 支援 学級 に 入る に は / 支援 学級 入る に は,KWP_KeywordSeed,,
1_未知語,認定,13,930,高卒 認定 試験 家庭 教師 / 高卒 認定 家庭 教師 / 家庭 教師 の トライ プロ 認定 試験 / 高卒 認定 試験 勉強 法 / 高卒 認定 勉強 法,KWP_KeywordSeed,,
1_未知語,ポイント,13,830,家庭 教師 選ぶ ポイント / 塾 選び ポイント / 塾 選び の ポイント 中学生 / 予備校 選び ポイント / 塾 選び の ポイント,KWP_KeywordSeed,,
1_未知語,名門,13,700,家庭 教師 名門 会 料金 / 名門 会 医学部 料金 / プロ 家庭 教師 の 名門 会 料金 / 名門 会 家庭 教師 料金 / 名門 会 中学 受験 料金,KWP_KeywordSeed,,
1_未知語,文科,13,540,学習 障害 文科 省 / 文科 省 学習 障害 / 文科 省 不 登校 / 不 登校 文科 省 / 支援 学級 文科 省,KWP_KeywordSeed,,
1_未知語,家庭科,13,500,特別 支援 学校 高等 部 家庭科 / sdgs 家庭科 宿題 / 中学生 家庭科 宿題 / 家庭科 の 宿題 / 家庭科 夏休み の 宿題,KWP_KeywordSeed,,
1_未知語,かかる,13,220,宿題 時間 かかる / 発達 障害 宿題 に 時間 が かかる / 3 年生 宿題 時間 が かかる / adhd 宿題 時間 が かかる / 一年生 宿題 時間 が かかる,KWP_KeywordSeed,,
1_未知語,合格実績,13,0,合格実績 / 東京：中学受験 合格実績,Google_competitor,,
1_未知語,ぱん,12,8060,こ ぱん は うす さくら / こ ぱん は うす / こ ぱん は うす さくら 中田 / こ ぱん は うす さくら 宮前 教室 / こ ぱん は うす さくら 新川崎 教室,KWP_KeywordSeed,,
1_未知語,うす,12,8060,こ ぱん は うす さくら / こ ぱん は うす / こ ぱん は うす さくら 中田 / こ ぱん は うす さくら 宮前 教室 / こ ぱん は うす さくら 新川崎 教室,KWP_KeywordSeed,,
1_未知語,古文,12,6440,古文 勉強 法 / 高校 受験 古文 勉強 法 / 古文 の 勉強 法 / 古文 勉強 法 大学 受験 / 中学 古文 勉強 法,KWP_KeywordSeed,,
1_未知語,マスター,12,3320,オンライン 家庭 教師 マスター / 家庭 教師 の マスター オンライン / 家庭 教師 マスター 料金 / 家庭 教師 の マスター 料金 / 自 閉 症 教育 実践 マスター ブック,KWP_KeywordSeed,,
1_未知語,未来,12,1480,未来 創造 塾 / あさひ 未来 塾 / 放課後 等 デイ サービス 未来 / 飛鳥 未来 フリー スクール / オルタナティブ スクール 未来 学舎,KWP_KeywordSeed,,
1_未知語,アップル,12,1370,アップル 家庭 教師 発達 障害 / 家庭 教師 アップル 料金 / 家庭 教師 の アップル 料金 / 個別 指導 アップル 料金 / 個別 教室 アップル 料金,KWP_KeywordSeed,,
1_未知語,ファロス,12,1140,ファロス 個別 指導 学院 料金 / 第 一 ゼミナール ファロス 料金 / ファロス 個別 料金 / ファロス 夏期 講習 料金 / ファロス 個別 指導 料金,KWP_KeywordSeed,,
1_未知語,自由,12,530,放課後 等 デイ サービス 自由 帳 / 自由 の 森 学園 フリー スクール / 特別 支援 学級 肢体 不 自由 / 肢体 不 自由 児 学級 / 肢体 不 自由 児 普通 学級,KWP_KeywordSeed,,
1_未知語,マッチング,12,480,オンライン 家庭 教師 マッチング アプリ / オンライン 家庭 教師 マッチング / 家庭 教師 マッチング オンライン / 家庭 教師 オンライン マッチング / マッチング カード 療育,KWP_KeywordSeed,,
1_未知語,習字,12,440,夏休み の 宿題 習字 / 夏休み の 宿題 習字 2022 / 夏休み の 習字 宿題 / 夏休み 宿題 習字 / 夏休み 宿題 習字 2022,KWP_KeywordSeed,,
1_未知語,伊藤,12,260,伊藤 幸弘 塾 / 伊藤 塾 不 登校 / 伊藤 塾 個別 指導 / フリー スクール 伊藤 / フリー スクール 伊藤 塾,KWP_KeywordSeed,,
1_未知語,少ない,12,180,宿題 が 少ない 塾 中学生 / 宿題 が 少ない 塾 / 宿題 少ない 塾 / 中学 受験 宿題 の 少ない 塾 / 塾 宿題 少ない,KWP_KeywordSeed,,
1_未知語,入会,12,120,オンライン 家庭 教師 入会 金 無料 / 家庭 教師 入会 金 無料 / 家庭 教師 あすなろ 入会 金 / 家庭 教師 ランナー 入会 金 / 家庭 教師 入会 金,KWP_KeywordSeed,,
1_未知語,ほっとく,12,10,宿題 やら ない こども ほっとく / 子供 宿題 しない ほっとく / 宿題 やらない ほっとく / 勉強 しない 中学生 ほっとく / 子供 宿題 しない ほっとく 夏休み,Google_related_search | Google_suggest | KWP_KeywordSeed,,
1_未知語,関連するコラム,12,0,関連するコラム,Google_competitor,,
1_未知語,会員サポート,12,0,会員サポート,Google_competitor,,
1_未知語,faq,12,0,よくあるご質問（FAQ） / よくある質問（FAQ） / まとめ・FAQ・医療や虐待リスクへの注意書き / 発達障害向け家庭教師についてよくある質問（FAQ） / 発達障害向け家庭教師に関するよくある質問（FAQ）,Google_competitor,,
1_未知語,イットー,11,15630,イットー 塾 料金 / イットー 料金 / イットー 塾 夏期 講習 料金 / イットー 塾 値段 / イットー 塾 授業 料,KWP_KeywordSeed,,
1_未知語,五木,11,7030,五木 模試 点数 取れ ない / 五木 模試 小学生 / 五木 の 模試 小学生 / 五木 模試 中 3 過去 問 / 五木 模試 中学 受験,KWP_KeywordSeed,,
1_未知語,ファースト,11,3490,家庭 教師 ファースト 発達 障害 / 家庭 教師 ファースト 料金 / 家庭 教師 ファースト 発達 障害 口コミ / 家庭 教師 ファースト / ファースト 家庭 教師,Google_competitor | KWP_KeywordSeed,,
1_未知語,理数,11,2990,理数 個別 指導 学院 料金 / 理数 個別 指導 学院 月謝 / 理数 個別 指導 学院 / 帝塚山 理数 塾 / 佐々木 理数 塾,KWP_KeywordSeed,,
1_未知語,物理,11,2790,物理 家庭 教師 / 物理 個別 指導 / 物理 勉強 法 / 高校 物理 勉強 法 / 大学 受験 物理 勉強 法,KWP_KeywordSeed,,
1_未知語,復習,11,1820,復習 の 仕方 中学 / 英語 長文 復習 方法 / 勉強 復習 やり方 / 復習 やり方 / 復習 仕方,KWP_KeywordSeed,,
1_未知語,コツ,11,1740,英 単語 覚え 方 コツ / 英 単語 の 覚え 方 コツ / 単語 の 覚え 方 コツ / 単語 帳 覚え 方 コツ / 単語 覚え 方 コツ,KWP_KeywordSeed,,
1_未知語,実力,11,1450,実力 テスト で 点 が 取れ ない / 実力 テスト 取れ ない / 実力 テスト 点数 取れ ない / 実力 テスト 勉強 法 / 実力 テスト 点数 上げる 方法,KWP_KeywordSeed,,
1_未知語,期末,11,1160,期末 テスト 勉強 法 / 期末 テスト 点数 上げる 方法 / 中 1 期末 テスト 勉強 法 / 中学 期末 テスト 勉強 法 / 期末 テスト 勉強 し て ない,KWP_KeywordSeed,,
1_未知語,その後,11,860,3 歳 グレー ゾーン その後 / 発達 グレー その後 / 中学 不 登校 その後 / 小学校 不 登校 その後 / 高校生 不 登校 その後,KWP_KeywordSeed,,
1_未知語,スマイル,11,850,スマイル ゼミ 発達 障害 / 発達 障害 スマイル ゼミ / スマイル ゼミ adhd / スマイル ゼミ 障害 児 / スマイル ゼミ 障害,KWP_KeywordSeed,,
1_未知語,完全,11,730,完全 個別 指導 塾 / 完全 マンツーマン 塾 / 四谷 学院 完全 個別 指導 料金 / 完全 個別 指導 / 完全 個別 松陰 塾 料金,KWP_KeywordSeed,,
1_未知語,camp,11,630,家庭 教師 camp / ena 家庭 教師 camp / 家庭 教師 camp 口コミ / 家庭 教師 camp ena / 放課後 等 デイ サービス camp,KWP_KeywordSeed,,
1_未知語,交流,11,580,不 登校 交流 サイト / 交流 学級 / 交流 学級 と は / 交流 級 支援 級 / 支援 学級 交流 学級,KWP_KeywordSeed,,
1_未知語,浮き,11,480,浮き こぼれ / ギフテッド 浮き こぼれ / 公立 小 浮き こぼれ / 小学校 浮き こぼれ / 小学生 浮き こぼれ,KWP_KeywordSeed,,
1_未知語,こぼれ,11,480,浮き こぼれ / ギフテッド 浮き こぼれ / 公立 小 浮き こぼれ / 小学校 浮き こぼれ / 小学生 浮き こぼれ,KWP_KeywordSeed,,
1_未知語,協会,11,430,家庭 教師 協会 料金 / 福島 県 家庭 教師 協会 料金 / 九州 家庭 教師 協会 料金 / 学生 家庭 教師 協会 料金 / 家庭 教師 協会,KWP_KeywordSeed,,
1_未知語,週間,11,360,不 登校 3 週間 / 受験 1 週間 前 勉強 し て ない / 受験 2 週間 前 勉強 し て ない / 受験 一 週間 前 勉強 し て ない / 受験 二 週間 前 勉強 し て ない,KWP_KeywordSeed,,
1_未知語,城南,11,310,城南 予備校 オンライン 家庭 教師 / 城南 コベッツ 料金 フリー プラン / 城南 コベッツ 冬期 講習 料金 / 城南 コベッツ 料金 高校生 / 城南 コベッツ 高校生 料金,KWP_KeywordSeed,,
1_未知語,日本,11,250,日本 文化 科学 社 wais / 日本 文化 科学 社 wisc iv / 日本 文化 科学 社 wisc v / wisc iv 日本 文化 科学 社 / wisc 日本 文化 科学 社,KWP_KeywordSeed,,
1_未知語,日記,11,240,勉強 日記 書き方 / 夏休み の 宿題 日記 / 夏休み 一行 日記 小学生 / 夏休み 宿題 日記 / 宿題 日記,KWP_KeywordSeed,,
1_未知語,困難,11,210,ld 困難 / 学習 困難 / 学習 困難 と は / 書 字 困難 支援 / 学習 困難 児,KWP_KeywordSeed,,
1_未知語,個人契約,11,0,家庭教師 発達障害 個人契約 / 不登校 家庭教師 個人契約,Google_related_search | Google_suggest,,
1_未知語,手厚い大学,11,0,発達障害 手厚い大学 / 発達障害 手厚い大学 東京 / 発達障害 手厚い大学 関東 / 発達障害 手厚い大学 関西 / 発達障害 手厚い大学 東北,Google_related_search | Google_suggest,,
1_未知語,この記事の目次,11,0,この記事の目次,Google_competitor,,
1_未知語,の子どもが,11,0,発達障がいの子どもが家庭教師で学習する３つのメリット / 中学生の子どもが勉強しない…原因は発達障がい？ / ADHDの子どもが集中して勉強できる環境づくり｜家庭でできる7つの工夫 / ASD（自閉スペクトラム障害）の子どもが英語を得意な理由 / 発達障がいの子どもが高校に通うハードルとは？小中学校と高校の違い,Google_competitor,,
1_未知語,の子どもの,11,0,学習障害（LD）の子どもの勉強方法の工夫 / 発達障害の子どもの勉強方法と楽しい家庭学習のコツ / 発達障がいの子どもの高校はどう選ぶ？主な選択肢や受験対策のコツ / 発達障がいの子どもの高校進学についてよくある質問 / 発達障害の子どもの大学受験まとめ 確認事項やサポート方法を解説,Google_competitor,,
1_未知語,首都,10,32840,首都 圏 公立 高校 入試 / 首都 圏 模試 / 首都 模試 / 中学 受験 首都 圏 / 首都 圏 中学 受験,KWP_KeywordSeed,,
1_未知語,グノーブル,10,6060,グノーブル 大学 受験 / グノーブル 中学 受験 ついていけ ない / グノーブル 個別 / グノーブル 宿題 / グノーブル 高校 受験,KWP_KeywordSeed,,
1_未知語,kec,10,4020,kec 個別 料金 / kec 個別 / kec 近畿 予備校 / kec ゼミナール / kec 塾,KWP_KeywordSeed,,
1_未知語,キズキ,10,3860,キズキ 共 育 塾 / 家庭 教師 キズキ / 不 登校 キズキ / キズキ 学習 塾 / キズキ 塾 バイト,KWP_KeywordSeed,,
1_未知語,古典,10,3370,古典 勉強 法 / 古典 勉強 法 大学 受験 / 古典 の 勉強 法 / 高校 古典 勉強 法 / 中学 古典 勉強 法,KWP_KeywordSeed,,
1_未知語,慶應,10,2610,慶應 義塾 高校 入試 / 慶應 高校 入試 / 慶應 義塾 高校 入試 2022 / 慶應 中学 受験 / 慶應 中学 入試,KWP_KeywordSeed,,
1_未知語,グッド,10,2210,家庭 教師 グッド 料金 / 家庭 教師 の グッド 料金 / 家庭 教師 グッド / 家庭 教師 の グッド / 株式 会社 グッド 家庭 教師,Google_suggest | KWP_KeywordSeed,,
1_未知語,総合,10,1720,プロ 家庭 教師 の 総合 進学 セミナー / 総合 療育 センター あじさい / 特別 支援 学級 総合 / 中 3 総合 テスト 勉強 法 / 国語 総合 勉強 法,KWP_KeywordSeed,,
1_未知語,記憶力,10,1680,学習 障害 記憶力 / adhd 記憶力 / 記憶力 adhd / asd 記憶力 / ディスレクシア 記憶力,KWP_KeywordSeed,,
1_未知語,特殊,10,1500,adhd 特殊 学級 / 中学 特殊 学級 / 小学校 特殊 学級 / 小学生 特殊 学級 / 特殊 学級,KWP_KeywordSeed,,
1_未知語,コベッツ,10,1350,城南 コベッツ 料金 フリー プラン / 城南 コベッツ 冬期 講習 料金 / 城南 コベッツ 料金 高校生 / 城南 コベッツ 高校生 料金 / 城南 コベッツ アタマ プラス 料金,KWP_KeywordSeed,,
1_未知語,まつ,10,1270,まつ がく 月謝 / まつ がく 料金 / 超 個別 指導 塾 まつ がく 料金 / 超 個別 指導 まつ がく 月謝 / まつ がく 授業 料,KWP_KeywordSeed,,
1_未知語,ラクモン,10,990,ラクモン バイト / ラクモン 先生 / ラクモン 口コミ / ラクモン 料金,KWP_KeywordSeed,,
1_未知語,国立,10,980,東京 個別 指導 学院 国立 / 国立 個別 指導 / 明光 義塾 国立 教室 / 国立 高校 入試 / 国立 高校 受験,KWP_KeywordSeed,,
1_未知語,言葉,10,920,学習 障害 言葉 / 考え を 言葉 に できない 発達 障害 / 発達 障害 言葉 の 遅れ / 発達 障害 言葉 の 遅れ 4 歳 / 気持ち を 言葉 に できない 発達 障害,KWP_KeywordSeed,,
1_未知語,がく,10,600,まつ がく 月謝 / まつ がく 料金 / 超 個別 指導 塾 まつ がく 料金 / 超 個別 指導 まつ がく 月謝 / まつ がく 授業 料,KWP_KeywordSeed,,
1_未知語,合格,10,510,トライ 逆転 合格 コース 料金 / 合格 メソッド with ie 料金 / 合格 実現 塾 料金 / 家庭 教師 の 合格 王 / 家庭 教師 合格 王,KWP_KeywordSeed,,
1_未知語,下位,10,500,wais iv 下位 検査 / wais 下位 検査 / wais 下位 検査 解釈 / wais 下位 項目 / wisc 5 下位 検査,KWP_KeywordSeed,,
1_未知語,リモート,10,420,リモート 家庭 教師 / 家庭 教師 リモート / リモート 家庭 教師 バイト / リモート 家庭 教師 方法 / リモート 家庭 教師 相場,KWP_KeywordSeed,,
1_未知語,web,10,360,web 家庭 教師 / 家庭 教師 web / web 家庭 教師 バイト / 家庭 教師 の トライ web / 日能研 関西 web 教室,KWP_KeywordSeed,,
1_未知語,ばかり,10,240,ゲーム ばかり で 勉強 しない 中学生 / 中学生 ゲーム ばかり で 勉強 しない / 中学生 スマホ ばかり で 勉強 しない / ゲーム ばかり し て 勉強 しない / ゲーム ばかり で 勉強 しない,KWP_KeywordSeed,,
1_未知語,登録,10,240,オンライン 家庭 教師 登録 / メガスタ 講師 登録 / 家庭 教師 登録 ネット / 家庭 教師 登録 おすすめ / 家庭 教師 登録 サイト おすすめ,KWP_KeywordSeed,,
1_未知語,なく,10,220,学校 行か なく て も 勉強 できる / 夏休み 宿題 やら なく て いい / 宿題 やら なく て いい / 宿題 やら なく て いい 理由 / 宿題 やら なく て も いい,KWP_KeywordSeed,,
1_未知語,なかなか,10,130,宿題 なかなか やら ない / 宿題 を なかなか やら ない / 中学生 なかなか 成績 が 上がら ない / 漢字 が なかなか 覚え られ ない / なかなか 覚え られ ない 英 単語,KWP_KeywordSeed,,
1_未知語,意味ない,10,0,発達障害 塾 意味ない / 発達障害の子に塾が「意味ない」と感じられる理由,Google_competitor | Google_related_search | Google_suggest,,
1_未知語,の子どもに,10,0,オンライン家庭教師は発達障がいの子どもにおすすめ！メリットを解説 / さかのぼりもOK！学習障害の子どもにおすすめの塾12選 / ADHDの子どもにおすすめの勉強法は？保護者ができるサポート方法 / 不登校の子どもにおすすめのオンライン塾・家庭教師13選！昼間対応や出席扱いなど解説 / 不登校の子どもにおすすめのオンライン塾・家庭教師一覧,Google_competitor,,
1_未知語,の子に,10,0,【2026年版】発達障害・グレーゾーンの子におすすめのオンライン家庭教師 / なぜ発達障害の子にオンライン家庭教師が向いているのか / 発達障害の子におすすめのオンライン家庭教師7選【2026年】ASDやADHD向けの塾を比較 / 発達障害・グレーゾーンの子におすすめのオンライン家庭教師やオンライン塾 / 発達障がいの子におすすめの家庭教師｜特性別の指導例と選び方,Google_competitor,,
1_未知語,入力はカンタン30秒,10,0,入力はカンタン 30 秒,Google_competitor,,
1_未知語,くもん,9,12880,くもん 家庭 教師 / くもん 塾 / くもん 個別 指導 / くもん の 宿題 / くもん 夏休み 宿題,KWP_KeywordSeed,,
1_未知語,治療,9,6930,adhd 治療 / adhd 治療 大人 / adhd 大人 治療 / 大人 adhd 治療 / 大人 の adhd 治療,KWP_KeywordSeed,,
1_未知語,エイド,9,3680,オンライン 家庭 教師 エイド ネット / エイド ネット オンライン / エイド ネット 家庭 教師 / 家庭 教師 エイド ネット / 学び エイド,KWP_KeywordSeed,,
1_未知語,ハイ,9,3490,京 進 ハイ スクール 料金 / 東進 ハイ スクール 中学生 / 東進 ハイ スクール オンライン / ハイ スターズ 個別 指導 学院 / 東進 ハイ スクール pos,KWP_KeywordSeed,,
1_未知語,一橋,9,2760,一橋 セイシン 会 料金 / 一橋 セイシン 会 / 一橋 家庭 教師 / 家庭 教師 一橋 セイシン 会 / 一橋 ゼミナール,KWP_KeywordSeed,,
1_未知語,ユリウス,9,2680,日能研 ユリウス 料金 / ユリウス 個別 指導 料金 / ユリウス 中学 受験 費用 / ユリウス 個別 料金 / ユリウス 日能研 料金,KWP_KeywordSeed,,
1_未知語,ウィズユー,9,2310,ウィズユー 放課後 等 デイ サービス / 放課後 等 デイ サービス ウィズユー / 放課後 デイ サービス ウィズユー / ウィズユー 放課後 デイ / ウィズユー 放課後 デイ サービス,KWP_KeywordSeed,,
1_未知語,ways,9,2110,個別 指導 塾 ways 料金 / ways 塾 料金 / 個別 指導 ways 料金 / 個別 指導 塾 ways / 個別 指導 ways,KWP_KeywordSeed,,
1_未知語,読み方,9,1820,wais iii 読み方 / wais iv 読み方 / wisc iv 読み方 / 広汎 性 発達 障害 読み方 / 境界 知能 読み方,KWP_KeywordSeed,,
1_未知語,生物,9,1640,生物 勉強 法 / 大学 受験 生物 勉強 法 / 大学 生物 勉強 法 / 生物 の 勉強 の 仕方 / 生物 勉強 方法,KWP_KeywordSeed,,
1_未知語,職場,9,1500,adhd 職場 / adhd 職場 嫌 われる / アスペルガー 職場 / 職場 adhd / 職場 アスペルガー,KWP_KeywordSeed,,
1_未知語,トム,9,1410,トム クルーズ 学習 障害 / 学習 障害 トム クルーズ / トム クルーズ adhd / ディスレクシア トム / ディスレクシア トム クルーズ,KWP_KeywordSeed,,
1_未知語,彼女,9,1120,adhd の 彼女 / adhd 彼女 / adhd 彼女 かわいい / 彼女 adhd / 彼女 が adhd,KWP_KeywordSeed,,
1_未知語,大和,9,1100,大和 塾 / 大和 個別 指導 / 西 大和 学園 高校 入試 / 西 大和 学園 高校 入試 2022 / 西 大和 高校 入試,KWP_KeywordSeed,,
1_未知語,ジュニア,9,930,運動 学習 支援 教室 みらい ず ジュニア / こすもす カレッジ ジュニア / ecc ジュニア 中学生 宿題 / ecc ジュニア 宿題 / ecc ジュニア 宿題 多い,KWP_KeywordSeed,,
1_未知語,同志社,9,860,同志社 中学 勉強 しない / 同志社 国際 高校 入試 / 同志社 香里 高等 学校 入試 / 同志社 高校 入試 / 同志社 中学 入試,KWP_KeywordSeed,,
1_未知語,ことば,9,690,ことば の 療育 / 澄川 綾乃 の ことば カンタン 家庭 療育 / ことば の 教室 小学生 / ことば の 教室 通 級 / 通 級 ことば の 教室,KWP_KeywordSeed,,
1_未知語,共通,9,660,共通 テスト 取れ ない / 共通 テスト 取れ ない 原因 / 共通 テスト 国語 点数 取れ ない / 共通 テスト 模試 点数 取れ ない / 共通 テスト 点 取れ ない,KWP_KeywordSeed,,
1_未知語,養護,9,660,発達 障害 養護 教諭 / 発達 障害 養護 教諭 対応 / 養護 教諭 発達 障害 / 養護 教諭 発達 障害 支援 / 養護 学校 高等 部,KWP_KeywordSeed,,
1_未知語,能力,9,560,学習 能力 障害 / アスペルガー 学習 能力 / 学習 能力 が ない 大人 / 学習 能力 が ない 発達 障害 / 学習 能力 が ない 障害,KWP_KeywordSeed,,
1_未知語,病弱,9,330,特別 支援 学級 病弱 / 特別 支援 学級 病弱 学級 / 病弱 児 学級 / 病弱 児 通常 学級 / 病弱 学級,KWP_KeywordSeed,,
1_未知語,周り,9,310,人 が 周り に いる と 集中 できない / 周り が 気 に なり 集中 できない / 周り が 気 に なる 集中 できない / 周り に 人 が いる と 集中 できない / 周り の 声 が 気 に なる 集中 できない,KWP_KeywordSeed,,
1_未知語,ヶ月,9,200,家庭 教師 1 ヶ月 料金 / 不 登校 1 ヶ月 / 1 ヶ月 で 成績 を 上げる 方法 / 大学 受験 1 ヶ月 前 勉強 し て ない / 化学 独学 1 ヶ月,KWP_KeywordSeed,,
1_未知語,全然,9,190,中学生 全然 勉強 しない / 全然 勉強 しない 中学生 / 漢字 全然 書け ない / 中学 受験 全然 勉強 しない / 全然 勉強 しない,KWP_KeywordSeed,,
1_未知語,理由,9,170,中学生 勉強 しない 理由 / 宿題 やら ない と いけない 理由 / 宿題 やら なく て いい 理由 / 宿題 を やら ない と いけない 理由 / 宿題 を やら ない 理由,KWP_KeywordSeed,,
1_未知語,春期,9,160,トライ 春期 講習 料金 / 明光 義塾 春期 講習 値段 / フリー ステップ 春期 講習 料金 / スクール ie 春期 講習 料金 / 東京 個別 指導 学院 春期 講習 料金,KWP_KeywordSeed,,
1_未知語,二年生,9,140,二年生 宿題 時間 が かかる / 小学 二年生 漢字 覚え られ ない / 二年生 漢字 覚え られ ない / 小学 二年生 学習 障害 / 小学 二年生 不 登校,KWP_KeywordSeed,,
1_未知語,インターネット,9,140,インターネット 家庭 教師 / 家庭 教師 インターネット / インターネット 家庭 教師 スタ ネット / インターネット 家庭 教師 バイト,KWP_KeywordSeed,,
1_未知語,したい,9,130,不 登校 勉強 したい / 学校 に 行き たく ない 勉強 は したい / 学校 行き たく ない 勉強 したい / 集中 したい の に できない / 集中 したい の に 集中 できない,Google_related_search | Google_suggest | KWP_KeywordSeed,,
1_未知語,学費,9,130,家庭 教師 の トライ 学費 / メディック トーマス 学費 / 東京 個別 指導 学院 学費 / 明光 義塾 学費 / スクール ie 学費,KWP_KeywordSeed,,
1_未知語,cg,9,120,cg パーソナル 個別 料金 / cg パーソナル 夏期 講習 料金 / cg パーソナル 大学 受験 料金 / 中 萬 学院 cg パーソナル 個別 指導 料金 / cg パーソナル 上永谷,KWP_KeywordSeed,,
1_未知語,しかし,9,20,小学生 宿題 しかし ない / 長文失礼します。 子供の家庭教師について悩んでいます。 息子は発達障害のいわゆるグレーゾーンなのですが、学校の授業の内容などについていけず、特別支援学級に入っています。支援級ではあまり国語や算数など普通学 級と同じカリキュラム内容を教えてもらえません。 中学、高校などは普通に通ってほしいと思ってるのですが、このままいったら差が開くばかりだと思い、家庭教師を探し始めました。しかし、本当に任せられるところがどこなのかわかりません。調べていても、失敗談も多くみられ初めの一歩が踏み出しづらくなっています。 どなたか経験されたことがある、もしくは現在家庭教師をつけている方がいましたら回答いただきたいです。 / ADHDの子の家庭教師について。 今年度から初めて家庭教師のアルバイトを初めたのですが、その生徒さんがADHDという病気でした。仲介先の会社からは、そのような病気の生徒さんとは聞かされてい ませんでした。(親御さんは仲介会社には申告されていたようです。)ADHD自体をどんなものなのか知らなかったため、親御さんから聞かされたときは少し戸惑いましたが、問題が解けたらその都度褒める、課題は取り組みやすい量、簡単なものにするなど、試行錯誤しながら２ヶ月間やってきました。生徒さんも心を開いてくれて、先生がくると楽しい、と言ってくれたり、親御さんからも、子供が毎週楽しみにしているんです、と言ってもらえたりして、なんとか頑張ってみよう！と思ってやってきました。しかし、やはり、出した課題をやってもらえない、先週教えたことは全く覚えていない、などの問題はなかなか解決できず、どうしたらよいのだろう、と悩んでいました。そんな折に、生徒さんが不登校になることが決まりました。仲介先の会社の研修では、不登校の子供を教えるような状況は想定されていなかったし、学校の進度もわからない、週一90分のため、１週間分の授業をとてもカバーできない、など不安要素が多々出て来て、私の手には負えないのではないか、という気持ちが出てきました。家庭教師経験がなく初めての私には、荷が思いな、、という気持ちも出て来てしまいました。しかし、仲介先からは原則一年はもってもらいたい、といわれましたがまだ3か月だし、生徒さんや親御さんからも良くしていただいているのに、その気持ちに応えられずに放り出してしまうようで、ここで辞めることはできるのか、と悩んでいます。 このような場合、辞めても大丈夫なのでしょうか？それとも、もう少し続けてみるべきでしょうか？また、続ける場合、ADHDの生徒さんを持つ上で注意すべきことや不登校の生徒さんの勉強の進め方などありましたら教えていただけると幸いです。 / 高校2年生、ADHDグレーゾーンの息子です。喉を鳴らす、顔をひそめるなどのトゥレット症もあります。小学校6年生からインチュニブを服用しています。素直でまっすぐですが、単純で騙されやすく傷つきやすいところがあります。また、能力に偏りがあり、小学校1年生でしたWISC-Ⅳでは、全知能IQは100以上でしたが、処理速度が70と極端に低く、ワーキングメモリーが平均以上という結果でした。小・中学校ではノートをほとんど書かずに過ごしました。時間の感覚、先の見通しが甘く、何事もギリギリ、提出物も忘れることも多かったです。それでも、頑張って受験勉強をし、偏差値が48くらいの都立高校に入りました。高校1年生の頃は、受験勉強の名残もあり、生まれて初めての5をもらうなど成績も良かったです。しかし、校則が厳しく自由がない学校が嫌になってしまったようで、生活が荒れ始めました。高校生になって、ラッパーになると言って音楽作りをはじめたのですが、高校の先生や他の生徒から「ラッパーなんて夢みたいなことを言っていないで、現実を見ろ」といわれるようなことがあり、その反発もあったようです。今年6月に、本人から音楽を作ることに専念したいので、高校を辞めて通信制高校に行きたいと言われました。自分で行きたい学校名も調べていて、「規則に縛られない方が、自分は規則正しい生活ができる」と言っていました。確かに高校1年生の時は、食事や体に気をつけ健康的な生活を心がけて頑張っていました。その姿を見ていたので、環境が変わればと思い、7月に通信制高校に編入しました。また、夏には英語力をあげたいと言って３週間海外に語学留学をしました。夢に向かって頑張っていると思い安心していたのですが・・・。留学から戻ってきてから全く勉強しなくなってしまいました。レポートやスクリーニングもせず、毎日遅くまで起きていて、昼頃に起きるという生活です。ラップの方は、自分で曲を作り、7月から10月までにライブに3回ほど出て、細々とですが前進しているようです。ライブやビデオを作るのにお金がかかるとのことで、週に2~3日、日雇いの肉体労働をしています。肉体労働をした次の日は疲れて勉強などしません。そのような姿を見て、私も心配になり、計画的に勉強して欲しいあまり、レポートをしたりスクリーニングに行ったら仕事がわりにお金を少し出す渡すから、アルバイトに行かずに学校に行くように声をかけました。しかし、勉強をするそぶりはありません。その声かけが逆効果になってしまったのか、10月になって、ラップが大切な時期だから、通信制高校を辞めたいと言い始めました。ラッパーとして成功するには今しかない、自分は色々なことを同時にできないから高校も続けられない、ラップに関わるお金は自分で稼ぎたいということです。しかし、私としては、ラッパーという不確かな将来像、かつ、中卒では、将来の選択肢が狭まってしまうのではないかと考えて不安が募るばかりです。彼の作る音楽も聴いたことがあるのですが、親の贔屓目をもってしても、正直「才能」があるとは思えません。高校ついては、自分で卒業すると約束して転入したということもあり、辞めないように伝えていますが、「俺のことを信じていないのか」「邪魔をするな」と怒ってしまいます。私もつい感情的になり、「好きなことばかりでは生きていけない、やるべきことをしっかりやることができない人は何もできない」などと言ってしまい、口論になっています。私は息子が「こんな家出て行ってやる」というたびに「そうしたいならどうぞ」と突き放してしまいますが、夫は家が安心できる居場所になるようにしようと言って、温かい声かけをしています。夫の献身的な愛により、息子は街をフラフラとはしていますが、門限である23時には大抵帰ってきます。夫は息子が高校を辞めるということも心配はしているようですが、本人がどうしてもというなら認めると思います。不安よりラッパーとして成功することを心の底から応援しているようです。ラッパーという職業は、不安定ということもありますし、薬物などの問題もあり、品行方正でいるのは難しい世界だと思います。今も、品行方正とは言えず、付き合っている友達もヤンチャ系の友達が多いです。高校を辞める辞めないの問題だけでなく、将来どうなってしまうのだろうという不安が正直強いです。私は心配のあまり余計なことばかり言っていると反省していますが、高校を辞めることは、どうしても認められません。現在は、息子は学校に行っていない、勉強はしていない状態ですが、以前のように声をかけるのをやめて、そっとしている状態です。しかし、これを永遠に続けるわけには行きません。これから私はどうしたらいいでしょうか。 / 発達障害の息子、本番のテストで点数が取れません。 そういう子だとはわかっています。 しかし、諦めと受け入れるの違いやどこまで頑張らせたらいいのかの境目がわかりません。 普段はなんとか理解できていることが、テスト本番ではまるで頓珍漢なことになってしまいます。 健気に毎日勉強していても、本番では半分も発揮できないので、散々な結果を出し続けてきました。 もう私立高校入試まで三週間です。 単願なら当日点が悪くとも合格するでしょうが、併願なので怪しいのではないかと思えてきました。 息子を応援するのも疲れてきました。 発達障害で、このようなお子さんを持つ方、高校受験をどのように乗り切りましたか？,Google_competitor | KWP_KeywordSeed,,
1_未知語,勉強はできる,9,0,発達障害 勉強はできる 知恵袋 / 境界知能 勉強はできる 知恵袋 / 境界知能 勉強はできる,Google_related_search | Google_suggest,,
1_未知語,失敗,9,0,発達障害 高校受験 失敗 / 発達障害 大学受験 失敗,Google_related_search | Google_suggest,,
1_未知語,の子の,9,0,発達障害の子のオンライン家庭教師を選ぶ5つのチェックポイント / ADHDの子の家庭教師について。 今年度から初めて家庭教師のアルバイトを初めたのですが、その生徒さんがADHDという病気でした。仲介先の会社からは、そのような病気の生徒さんとは聞かされてい ませんでした。(親御さんは仲介会社には申告されていたようです。)ADHD自体をどんなものなのか知らなかったため、親御さんから聞かされたときは少し戸惑いましたが、問題が解けたらその都度褒める、課題は取り組みやすい量、簡単なものにするなど、試行錯誤しながら２ヶ月間やってきました。生徒さんも心を開いてくれて、先生がくると楽しい、と言ってくれたり、親御さんからも、子供が毎週楽しみにしているんです、と言ってもらえたりして、なんとか頑張ってみよう！と思ってやってきました。しかし、やはり、出した課題をやってもらえない、先週教えたことは全く覚えていない、などの問題はなかなか解決できず、どうしたらよいのだろう、と悩んでいました。そんな折に、生徒さんが不登校になることが決まりました。仲介先の会社の研修では、不登校の子供を教えるような状況は想定されていなかったし、学校の進度もわからない、週一90分のため、１週間分の授業をとてもカバーできない、など不安要素が多々出て来て、私の手には負えないのではないか、という気持ちが出てきました。家庭教師経験がなく初めての私には、荷が思いな、、という気持ちも出て来てしまいました。しかし、仲介先からは原則一年はもってもらいたい、といわれましたがまだ3か月だし、生徒さんや親御さんからも良くしていただいているのに、その気持ちに応えられずに放り出してしまうようで、ここで辞めることはできるのか、と悩んでいます。 このような場合、辞めても大丈夫なのでしょうか？それとも、もう少し続けてみるべきでしょうか？また、続ける場合、ADHDの生徒さんを持つ上で注意すべきことや不登校の生徒さんの勉強の進め方などありましたら教えていただけると幸いです。 / 発達障害の子の「見通しが立たない不安」とは？家庭と学習で安心を育てる方法 / 発達障害・ADHDの子の高校受験、どう乗り越える？志望校選びから受験勉強まで / 発達障害の子の、勉強における困りごとと対応例,Google_competitor,,
1_未知語,の子ども向け,9,0,不登校の子ども向けオンライン塾を選ぶ際のポイント7つ / 不登校の子ども向けオンライン塾の費用相場は？学年別に紹介 / 不登校の子ども向けオンライン塾を検討している人のよくある質問 / 不登校の子ども向けオンライン塾おすすめ12選｜出席扱いや選び方も紹介 / 実際に不登校の子ども向けオンライン塾を利用した方の口コミ,Google_competitor,,
1_未知語,を探す,9,0,塾・学習塾を探す / 注目の特集から塾・学習塾を探す / 授業形式から塾・学習塾を探す / 学年から塾・学習塾を探す / 通塾の目的や特徴から塾・学習塾を探す,Google_competitor,,
1_未知語,筑駒,8,2100,筑駒 高校 入試 / 筑駒 高校 受験 / 筑駒 高校 過去 問 / 筑駒 中学 / 筑駒 中学 受験,KWP_KeywordSeed,,
1_未知語,サクセス,8,1910,サクラ サクセス 料金 / サクラ サクセス 授業 料 / サクセス ベル wisc / サクラ サクセス / 個別 指導 塾 サクラ サクセス,KWP_KeywordSeed,,
1_未知語,田中,8,1510,田中 学習 会 個別 指導 料金 / 田中 学習 会 個別 料金 / 田中 学習 塾 / 田中 塾 / 田中 学習 会 個別,KWP_KeywordSeed,,
1_未知語,クルーズ,8,1400,トム クルーズ 学習 障害 / 学習 障害 トム クルーズ / トム クルーズ adhd / ディスレクシア トム クルーズ / トム クルーズ ディスレクシア,KWP_KeywordSeed,,
1_未知語,デスク,8,1360,家庭 教師 デスク スタイル 料金 / 家庭 教師 デスク スタイル / デスク スタイル 家庭 教師 / 家庭 教師 の デスク スタイル / デスク スタイル 関西 校,KWP_KeywordSeed,,
1_未知語,スタイル,8,1360,家庭 教師 デスク スタイル 料金 / 家庭 教師 デスク スタイル / デスク スタイル 家庭 教師 / 家庭 教師 の デスク スタイル / デスク スタイル 関西 校,KWP_KeywordSeed,,
1_未知語,掲示板,8,1190,オンライン 家庭 教師 掲示板 / 家庭 教師 掲示板 / 家庭 教師 掲示板 医学部 / 川口 市立 高校 附属 中学校 掲示板 / 高校 入試 掲示板,KWP_KeywordSeed,,
1_未知語,民間,8,1150,民間 療育 / 療育 民間 / 民間 療育 と は / 民間 の 療育 / 民間 フリー スクール,KWP_KeywordSeed,,
1_未知語,ウィル,8,1090,ウィル 個別 指導 教室 料金 / ウィル 個別 指導 学院 料金 / ウィル スミス adhd / ウィル 塾 / ウィル 個別 指導 教室,KWP_KeywordSeed,,
1_未知語,検定,8,1070,数学 検定 勉強 法 / 歴史 能力 検定 勉強 法 / 漢字 検定 勉強 方法 / 漢字 検定 勉強 法 / 高校 受験 に 有利 な 検定,KWP_KeywordSeed,,
1_未知語,株式,8,1020,株式 会社 グッド 家庭 教師 / マインズ 株式 会社 家庭 教師 / 株式 会社 サクシード 家庭 教師 / 株式 会社 バンザン プロ 教師 / 株式 会社 家庭 教師 の トライ,KWP_KeywordSeed,,
1_未知語,基礎,8,950,大学 受験 基礎 固め やり方 / 基礎 学力 テスト 勉強 法 / 勉強 基礎 固め やり方 / 化学 基礎 勉強 法 / 化学 基礎 独学,KWP_KeywordSeed,,
1_未知語,メモリー,8,870,ワーキング メモリー が 低い 人 の 勉強 法 / wais ワーキング メモリー が 低い / wisc iv ワーキング メモリー 処理 速度 低い / wisc iv ワーキング メモリー 高い / wisc ワーキング メモリー だけ 低い,KWP_KeywordSeed,,
1_未知語,簡単,8,850,簡単 な 漢字 が 書け ない / 発達 障害 と は 簡単 に / adhd 簡単 に / 療育 と は 簡単 に / 放課後 デイ サービス と は 簡単 に,KWP_KeywordSeed,,
1_未知語,必要,8,800,オンライン 家庭 教師 必要 な もの / 小学生 塾 必要 か / 塾 必要 ない 子 中学生 / 塾 必要 ない 子 / 高校 受験 に 必要 な もの,KWP_KeywordSeed,,
1_未知語,中央,8,750,中央 進学会 個別 料金 / 開進 館 千里 中央 / 中央 進学会 / 中央 個別 ゼミナール / 中央 個別 指導 学院,KWP_KeywordSeed,,
1_未知語,習い事,8,740,adhd 習い事 / 不 登校 習い事 / 不 登校 習い事 は 行ける / 中学 受験 習い事 / 療育 習い事,Google_competitor | KWP_KeywordSeed,,
1_未知語,教科書,8,680,ディスレクシア 教科書 / 教科書 の 内容 を 覚える 方法 / 教科書 丸 暗記 方法 / 教科書 勉強 法 / 教科書 暗記,KWP_KeywordSeed,,
1_未知語,スタディ,8,430,スタディ サプリ 不 登校 支援 / スタディ サプリ 個別 指導 料金 / スタディ サプリ 個別 指導 コース 料金 / 早稲田 スクール アイ スタディ 料金 / 栄光 リンク スタディ,KWP_KeywordSeed,,
1_未知語,twitter,8,430,twitter adhd / twitter 不 登校 / 不 登校 twitter / twitter 家庭 教師 / 家庭 教師 twitter,KWP_KeywordSeed,,
1_未知語,成人,8,350,ウェクスラー 成人 知能 検査 と は / adhd 成人 / ビバンセ 成人 / 成人 期 adhd / asd 成人,KWP_KeywordSeed,,
1_未知語,書く,8,320,ld 書く / ld 書く こと が 苦手 / 文章 を 書く の が 苦手 障害 / 字 を 書く の が 遅い 発達 障害 / 学習 障害 書く,KWP_KeywordSeed,,
1_未知語,歳児,8,320,5 歳児 発達 障害 / 5 歳児 学習 障害 / 学習 障害 5 歳児 / 2 歳児 グレー ゾーン / 5 歳児 グレー ゾーン,KWP_KeywordSeed,,
1_未知語,数値,8,310,wais iv 結果 数値 / wisc iv 数値 / wisc iv 数値 平均 / wisc iv 数値 見方 / wisc 数値,KWP_KeywordSeed,,
1_未知語,数字,8,300,数字 が 苦手 発達 障害 / 学習 障害 数字 / 数字 が 覚え られ ない 学習 障害 / 数字 学習 障害 / 数字 覚え られ ない 学習 障害,KWP_KeywordSeed,,
1_未知語,正社員,8,280,オンライン 家庭 教師 正社員 / 個別 指導 塾 正社員 / 個別 指導 塾 講師 正社員 / 個別 指導 正社員 / ナビ 個別 指導 学院 正社員,KWP_KeywordSeed,,
1_未知語,対象,8,270,wisc 対象 年齢 / 特別 支援 学級 対象 / 支援 学級 対象 / 特別 支援 学校 対象 / 特別 支援 学級 の 対象 者 は,KWP_KeywordSeed,,
1_未知語,絵画,8,260,夏休み の 宿題 絵画 / 夏休み 宿題 絵画 / 夏休み 宿題 絵画 中学生 / 夏休み 宿題 絵画 小学生 / 夏休み 絵画 宿題,KWP_KeywordSeed,,
1_未知語,edubal,8,220,edubal 家庭 教師 / edubal 料金 / edubal 口コミ / edubal バイト,KWP_KeywordSeed,,
1_未知語,肢体,8,190,特別 支援 学級 肢体 不 自由 / 肢体 不 自由 児 学級 / 肢体 不 自由 児 普通 学級 / 肢体 不 自由 学級 / 肢体 不 自由 支援 学級,KWP_KeywordSeed,,
1_未知語,楽しい,8,170,療育 楽しい / 放課後 デイ サービス 楽しい / 放課後 等 デイ サービス 楽しい / 楽しい 放課後 みんな / フリー スクール 楽しい,Google_competitor | KWP_KeywordSeed,,
1_未知語,辛い,8,160,adhd 勉強 できない 辛い / 学習 障害 辛い / adhd グレー ゾーン 辛い / 宿題 辛い / 高校 受験 辛い,Google_suggest | KWP_KeywordSeed,,
1_未知語,アクセス,8,100,家庭 教師 アクセス / アクセス 家庭 教師 / 家庭 教師 の アクセス / アクセス / アクセスランキング,Google_competitor | KWP_KeywordSeed,,
1_未知語,ズーム,8,80,ズーム 家庭 教師 / ズーム で 家庭 教師 / 家庭 教師 ズーム / 家庭 教師 の トライ ズーム,KWP_KeywordSeed,,
1_未知語,でも,8,50,ディスレクシア でも 大丈夫 / 不 登校 でも 学べる / 家庭 教師 高卒 でも / 貧乏 でも 中学 受験 / 発達障害 でも 行ける 高校 東京,Google_related_search | Google_suggest | KWP_KeywordSeed,,
1_未知語,5教科100点以下,8,0,5教科100点以下 障害 / 5教科100点以下 高校 / 5教科100点以下 高校 大阪,Google_related_search | Google_suggest,,
1_未知語,のq&a,8,0,あなたにおすすめのQ&A / 体験授業のQ&A,Google_competitor,,
1_未知語,もしかして,8,0,もしかして発達障害? / もしかして学習障害？親がこどものためにできること,Google_competitor,,
1_未知語,お知らせ,8,0,お知らせ・コラム / お知らせ,Google_competitor,,
1_未知語,年齢別でコラムを探す,8,0,年齢別でコラムを探す,Google_competitor,,
1_未知語,芸能人,7,8170,アスペルガー 芸能人 / 発達 障害 の 芸能人 / 発達 障害 芸能人 / 自 閉 症 スペクトラム 芸能人 / 自 閉 症 芸能人,KWP_KeywordSeed,,
1_未知語,県立,7,7960,県立 入試 過去 問 / 県立 受験 / 県立 受験 日 / 県立 高校 入試 / 県立 高校 入試 日,KWP_KeywordSeed,,
1_未知語,オルタナティブ,7,6350,オルタナティブ スクール 中学 / オルタナティブ スクール / オルタナティブ スクール と は / オルタナティブ スクール とは / オルタナティブ スクール 未来 学舎,KWP_KeywordSeed,,
1_未知語,好き,7,4910,勉強 を 好き に なる 方法 / 勉強 好き に なる 方法 / 勉強 が 好き に なる 方法 / プログラミング が 好き 中学 受験 / 昆虫 好き 中学 受験,Google_related_search | KWP_KeywordSeed,,
1_未知語,まなび,7,4100,個別 指導 まなび 料金 / 個別 指導 まなび / まなび 塾 / まなび 個別 指導 / 放課後 等 デイ サービス まなび,KWP_KeywordSeed,,
1_未知語,カード,7,3790,絵 カード 療育 / 発達 障害 絵 カード / 療育 カード / マッチング カード 療育 / 療育 フラッシュ カード,KWP_KeywordSeed,,
1_未知語,スイッチ,7,3570,やる気 スイッチ 夏期 講習 料金 / ディスレクシア スイッチ / 家庭 教師 スイッチ / 家庭 教師 の スイッチ / スイッチ 家庭 教師,Google_competitor | KWP_KeywordSeed,,
1_未知語,katekyo,7,3120,katekyo 学院 料金 高い / katekyo 学院 料金 中学生 / katekyo 学院 料金 高校生 / katekyo 学院 授業 料 / katekyo 学院 月謝,KWP_KeywordSeed,,
1_未知語,シグマ,7,1980,シグマ 塾 料金 / 個別 指導 シグマ 料金 / 京 進 トップ シグマ 授業 料 / 個別 指導 シグマ / シグマ 塾,KWP_KeywordSeed,,
1_未知語,行く,7,1940,不 登校 塾 に は 行く / 不 登校 塾 は 行く / 大学 受験 塾 行く べき か / 高校生 塾 行く べき か / 中学生 塾 行く べき か,KWP_KeywordSeed,,
1_未知語,早慶,7,1400,早慶 ゼロワン / 早慶 維新 塾 / 早慶 付属 高校 / 早慶 附属 / 早慶 附属 高校,KWP_KeywordSeed,,
1_未知語,ジャンプ,7,1290,家庭 教師 ジャンプ 料金 / 家庭 教師 ジャンプ / 家庭 教師 の ジャンプ / ジャンプ 家庭 教師 / プロ 家庭 教師 の ジャンプ,KWP_KeywordSeed,,
1_未知語,覚える,7,790,漢字 を 覚える の が 苦手 / 漢字 覚える の が 苦手 / 英 単語 を 覚える の が 苦手 / 勉強 覚える 方法 / 勉強 を 覚える 方法,KWP_KeywordSeed,,
1_未知語,難関,7,780,オンライン 家庭 教師 難関 大学 / トライ 難関 大学 コース 料金 / 医学部 難関 大 マンツーマン 指導 塾 アシリ / 難関 高校 受験 塾 / 難関 高校,KWP_KeywordSeed,,
1_未知語,良い,7,750,評判 の 良い 家庭 教師 / 評判 の 良い 個別 指導 塾 / 良い 塾 の 選び方 / 効率 の 良い 勉強 法 高校生 / 効率 の 良い 勉強 の 仕方,KWP_KeywordSeed,,
1_未知語,ポスター,7,650,ポスター 夏休み 宿題 / ポスター 宿題 / 夏休み 宿題 ポスター / 宿題 ポスター / 小学校 夏休み 宿題 ポスター,KWP_KeywordSeed,,
1_未知語,全寮,7,600,全寮 制 フリー スクール 中学生 / フリー スクール 全寮 制 中学生 / 中学生 フリー スクール 全寮 制 / 全寮 制 フリー スクール / 全寮 制 フリー スクール 費用,KWP_KeywordSeed,,
1_未知語,ゴール,7,560,家庭 教師 ゴール 料金 / ゴール フリー 夏期 講習 料金 / 家庭 教師 ゴール / 家庭 教師 の ゴール / ゴール 家庭 教師,KWP_KeywordSeed,,
1_未知語,面白い,7,520,面白い 勉強 法 / 夏休み の 宿題 面白い / 宿題 面白い / 小学生 宿題 面白い / 小学生 面白い 宿題,KWP_KeywordSeed,,
1_未知語,ハローワーク,7,500,ハローワーク 発達 障害 グレー ゾーン / ハローワーク 放課後 等 デイ サービス / 発達 障害 ハローワーク / 発達 障害 就労 支援 ハローワーク / ハローワーク 発達 障害,KWP_KeywordSeed,,
1_未知語,コーチング,7,490,個別 指導 の コーチング 1 料金 / adhd コーチング / コーチング 塾 / 個別 指導 の コーチング 1 / 家庭教師のコーチング１ : 「コーチング」による学習指導を行う中学受験・高校受験・発達障害の家庭教師・オンライン指導,Google_competitor | KWP_KeywordSeed,,
1_未知語,重心,7,480,重心 放課後 等 デイ サービス / 放課後 等 デイ サービス 重心 / 重心 デイ サービス / 重心 放 デイ / 放課後 デイ サービス 重心,KWP_KeywordSeed,,
1_未知語,上がる,7,480,成績 が 上がる 勉強 法 / テスト の 点数 が 上がる 方法 / 成績 上がる 方法 / 点数 が 上がる 勉強 法 / 偏差 値 が 上がる 勉強 法,KWP_KeywordSeed,,
1_未知語,武蔵,7,470,武蔵 新城 学習 塾 / スクール ie 武蔵 小杉 / 英才 個別 学院 武蔵 新城 / みなと 個別 指導 塾 武蔵 新 田 教室 / 代々木 個別 指導 学院 武蔵 関,KWP_KeywordSeed,,
1_未知語,めんどくさい,7,450,adhd めんどくさい / asd めんどくさい / 療育 めんどくさい / 宿題 が めんどくさい / 宿題 めんどくさい,KWP_KeywordSeed,,
1_未知語,なくなっ,7,400,中学 受験 勉強 し なくなっ た / 中学生 勉強 し なくなっ た / 勉強 し なくなっ た 中学生 / 大人 漢字 書け なくなっ た / 漢字 が 書け なくなっ た,KWP_KeywordSeed,,
1_未知語,受かる,7,400,中学 受験 受かる 方法 / 中学 受験 絶対 受かる 方法 / 高校 受験 受かる 方法 / 高校 受かる 方法 / 漢 検 1 日 で 受かる 方法,KWP_KeywordSeed,,
1_未知語,チェック,7,360,ld 学習 障害 チェック / チェック マン 塾 / 日能研 メモリー チェック / 中学生 発達障害 チェック / 算数障害 大人 チェック,Google_related_search | KWP_KeywordSeed,,
1_未知語,英会話,7,360,英会話 お金 を かけ ない / 発達 障害 英会話 教室 / 英会話 家庭 教師 相場 / 英会話 家庭 教師 / シェーン 英会話 宿題,Google_related_search | KWP_KeywordSeed,,
2_新しい組み合わせ,シチュエーション・出来事/時期・節目 × 学習課題/宿題・テスト・成績,271,41010,夏休み の 宿題 やら ない / 夏休み の 宿題 やら ない 子 / 夏休み の 宿題 を やら ない / 夏休み の 宿題 を やら ない 子 / 夏休み 宿題 やら ない,Google_competitor | Google_suggest | KWP_KeywordSeed,,
2_新しい組み合わせ,学習課題/受験・進路 × 解決手段/塾・個別指導,162,83990,グレー ゾーン 中学 受験 塾 / adhd 中学 受験 塾 / adhd 大学 受験 塾 / 発達 障害 大学 受験 塾 / 発達 障害 中学 受験 塾,Google_competitor | Google_related_search | Google_suggest | KWP_KeywordSeed,,
2_新しい組み合わせ,子どもの属性/中学生 × 検討行動/料金・費用,111,14920,メガスタ 料金 中学生 / メガスタ 中学生 料金 / 家庭 教師 相場 中学生 / 中学 受験 家庭 教師 料金 / 中学生 家庭 教師 相場,KWP_KeywordSeed,,
2_新しい組み合わせ,子どもの属性/高校生 × 検討行動/料金・費用,88,8350,メガスタ 料金 高校生 / メガスタ 高校生 料金 / 家庭 教師 相場 高校生 / 家庭 教師 高校生 料金 / 高校生 家庭 教師 料金,KWP_KeywordSeed,,
2_新しい組み合わせ,子どもの属性/受験生 × 検討行動/比較・おすすめ,87,8860,高校 受験 家庭 教師 おすすめ / オンライン 家庭 教師 大学 受験 おすすめ / オンライン 家庭 教師 中学 受験 おすすめ / オンライン 家庭 教師 大学 受験 ランキング / 大学 受験 家庭 教師 おすすめ,Google_competitor | KWP_KeywordSeed,,
2_新しい組み合わせ,学習課題/受験・進路 × 検討行動/比較・おすすめ,87,8820,高校 受験 家庭 教師 おすすめ / オンライン 家庭 教師 大学 受験 おすすめ / オンライン 家庭 教師 中学 受験 おすすめ / オンライン 家庭 教師 大学 受験 ランキング / 大学 受験 家庭 教師 おすすめ,Google_competitor | KWP_KeywordSeed,,
2_新しい組み合わせ,学習課題/受験・進路 × 解決手段/家庭教師,85,3240,オンライン 家庭 教師 中学 受験 / 中学 受験 オンライン 家庭 教師 / オンライン 家庭 教師 大学 受験 / 高校 受験 家庭 教師 おすすめ / オンライン 家庭 教師 大学 受験 おすすめ,Google_competitor | Google_related_search | Google_suggest | KWP_KeywordSeed,,
2_新しい組み合わせ,学習課題/宿題・テスト・成績 × 解決手段/塾・個別指導,81,3010,塾 の 宿題 やら ない / 塾 の 宿題 を やら ない / 塾 宿題 やら ない / 塾 に 行っ て も 成績 が 上がら ない 中学生 / 中学生 塾 成績 上がら ない,Google_competitor | KWP_KeywordSeed,,
2_新しい組み合わせ,子どもの属性/中学生 × 検討行動/比較・おすすめ,70,5350,オンライン 家庭 教師 中学生 おすすめ / オンライン 家庭 教師 中学 受験 おすすめ / オンライン 個別 指導 中学生 比較 / 中学生 家庭 教師 おすすめ / 中学 受験 家庭 教師 おすすめ,Google_competitor | KWP_KeywordSeed,,
2_新しい組み合わせ,学習課題/受験・進路 × 検討行動/料金・費用,69,8860,中学 受験 家庭 教師 料金 / 大学 受験 家庭 教師 相場 / 高校 受験 家庭 教師 相場 / 家庭 教師 大学 受験 相場 / 中学 受験 家庭 教師 相場,Google_competitor | KWP_KeywordSeed,,
2_新しい組み合わせ,学習課題/授業・学校についていけない × 解決手段/塾・個別指導,65,1550,勉強 遅れ 取り戻す 塾 / 集団 塾 ついていけ ない / 塾 ついていけ ない / 高校 勉強 ついていけ ない 塾 / 中学生 塾 ついていけ ない,Google_competitor | KWP_KeywordSeed,,
2_新しい組み合わせ,シチュエーション・出来事/時期・節目 × 子どもの属性/小学生,62,11180,小学生 夏休み の 宿題 やら ない / 小学生 夏休み 宿題 やら ない / 夏休み だけ 塾 小学生 / 冬休み の 宿題 小学生 / 冬休み 宿題 小学生,Google_competitor | KWP_KeywordSeed,,
2_新しい組み合わせ,子どもの属性/受験生 × 検討行動/料金・費用,59,7280,中学 受験 家庭 教師 料金 / 大学 受験 家庭 教師 相場 / 高校 受験 家庭 教師 相場 / 家庭 教師 大学 受験 相場 / 中学 受験 家庭 教師 相場,Google_competitor | KWP_KeywordSeed,,
2_新しい組み合わせ,シチュエーション・出来事/時期・節目 × 子どもの属性/中学生,56,4590,中学 3 年 夏休み 勉強 しない / 中学 受験 前 勉強 しない / 中学 受験 夏休み 勉強 しない / 中学 受験 直前 勉強 しない / 中学 受験 直前 期 勉強 しない,Google_competitor | KWP_KeywordSeed,,
2_新しい組み合わせ,学習課題/教科 × 解決手段/塾・個別指導,55,31910,発達 障害 英語 塾 / ディスレクシア 英語 塾 / 学習 障害 英語 塾 / 高校生 英語 苦手 塾 / 英語 苦手 高校生 塾,Google_competitor | KWP_KeywordSeed,,
2_新しい組み合わせ,学習課題/受験・進路 × 解決手段/オンライン家庭教師・オンライン塾,51,3210,オンライン 家庭 教師 中学 受験 / 中学 受験 オンライン 家庭 教師 / オンライン 家庭 教師 大学 受験 / オンライン 家庭 教師 大学 受験 おすすめ / オンライン 家庭 教師 中学 受験 おすすめ,Google_competitor | KWP_KeywordSeed,,
2_新しい組み合わせ,学習課題/教科 × 解決手段/家庭教師,50,7770,英語 家庭 教師 オンライン / オンライン 家庭 教師 英語 / オンライン 家庭 教師 バイト 社会 人 / 英語 オンライン 家庭 教師 / オンライン 家庭 教師 社会 人,Google_competitor | KWP_KeywordSeed,,
2_新しい組み合わせ,子どもの属性/高校生 × 検討行動/比較・おすすめ,44,4000,高校 受験 家庭 教師 おすすめ / オンライン 家庭 教師 高校生 おすすめ / 高校生 家庭 教師 おすすめ / 家庭 教師 おすすめ 高校 受験 / オンライン 家庭 教師 高校 受験 おすすめ,Google_competitor | KWP_KeywordSeed,,
2_新しい組み合わせ,子どもの属性/小学生 × 検討行動/料金・費用,43,3340,家庭 教師 相場 小学生 / 小学生 家庭 教師 相場 / 家庭 教師 小学生 相場 / 家庭 教師 小学生 料金 / 家庭 教師 の トライ 小学生 料金,KWP_KeywordSeed,,
2_新しい組み合わせ,保護者の悩み/家で勉強しない × 子どもの属性/中学生,40,2920,不 登校 自宅 学習 中学生 / 中学生 家庭 学習 しない / 家 で 勉強 しない 中学生 / 自宅 学習 中学生 / 中学生 自宅 学習,KWP_KeywordSeed,,
2_新しい組み合わせ,学習課題/授業・学校についていけない × 解決手段/オンライン家庭教師・オンライン塾,37,210,トライ オンライン 授業 料 / 家庭 教師 オンライン 授業 / オンライン 授業 家庭 教師 / 家庭 教師 の トライ オンライン 授業 / オンライン 家庭 教師 授業 料,Google_competitor | Google_related_search | Google_suggest | KWP_KeywordSeed,,
2_新しい組み合わせ,学習課題/教科 × 解決手段/オンライン家庭教師・オンライン塾,34,2840,英語 家庭 教師 オンライン / オンライン 家庭 教師 英語 / オンライン 家庭 教師 バイト 社会 人 / 英語 オンライン 家庭 教師 / オンライン 家庭 教師 社会 人,KWP_KeywordSeed,,
2_新しい組み合わせ,学習課題/宿題・テスト・成績 × 解決手段/医療・診断,31,810,ckc 学力 診断 テスト 料金 / iq テスト wisc / wisc テスト / 発達 障害 テスト wisc / 知能 テスト wisc,Google_competitor | Google_related_search | Google_suggest | KWP_KeywordSeed,,
2_新しい組み合わせ,子どもの属性/不登校 × 検討行動/比較・おすすめ,29,650,不 登校 家庭 教師 おすすめ / 不 登校 塾 おすすめ / 家庭 教師 不 登校 おすすめ / オンライン 家庭 教師 不 登校 おすすめ / 家庭教師 不登校 おすすめ,Google_competitor | Google_suggest | KWP_KeywordSeed,,
2_新しい組み合わせ,学習課題/受験・進路 × 解決手段/発達障害専門・支援,28,620,中学 受験 専門 個別 指導 / 個別 指導 中学 受験 専門 / 中学 受験 専門 個別 指導 塾 / 特別 支援 学級 高校 受験 / 中学 支援 学級 高校 受験,Google_competitor | Google_related_search | KWP_KeywordSeed,,
2_新しい組み合わせ,シチュエーション・出来事/時期・節目 × 子どもの属性/受験生,27,1250,受験 直前 勉強 し て ない / 中学 受験 前 勉強 しない / 中学 受験 夏休み 勉強 しない / 中学 受験 直前 勉強 しない / 中学 受験 直前 期 勉強 しない,Google_competitor | KWP_KeywordSeed,,
2_新しい組み合わせ,保護者の悩み/塾が合わない・集団が苦手 × 解決手段/塾・個別指導,25,3530,不 登校 集団 塾 / 集団 塾 ついていけ ない / 塾 合わ ない / 集団 塾 合わ ない / 集団 塾 料金,KWP_KeywordSeed,,
2_新しい組み合わせ,子どもの属性/小学生 × 検討行動/比較・おすすめ,23,1100,家庭 教師 小学生 おすすめ / オンライン 家庭 教師 小学生 おすすめ / 小学生 家庭 教師 おすすめ / オンライン 家庭 教師 小学生 ランキング / オンライン 家庭 教師 小学生 比較,KWP_KeywordSeed,,
2_新しい組み合わせ,学習課題/授業・学校についていけない × 解決手段/家庭教師,23,220,家庭 教師 オンライン 授業 / オンライン 授業 家庭 教師 / 家庭 教師 の トライ オンライン 授業 / オンライン 家庭 教師 授業 料 / オンライン 授業 家庭 教師 おすすめ,Google_competitor | KWP_KeywordSeed,,
2_新しい組み合わせ,学習課題/記憶・読み書き計算 × 解決手段/発達障害専門・支援,20,90,ld 読み書き 支援 / ld 音読 支援 / 漢字 が 覚え られ ない 支援 / 読み書き 苦手 支援 / 音読 苦手 支援,Google_competitor | Google_related_search | Google_suggest | KWP_KeywordSeed,,
2_新しい組み合わせ,シチュエーション・出来事/時期・節目 × 学習課題/受験・進路,19,450,高校 入試 直前 勉強 法 / 中学 受験 前 勉強 しない / 中学 受験 夏休み 勉強 しない / 中学 受験 直前 勉強 しない / 中学 受験 直前 期 勉強 しない,Google_competitor | KWP_KeywordSeed,,
2_新しい組み合わせ,シチュエーション・出来事/時期・節目 × 学習課題/勉強できない・しない,18,260,テスト 直前 勉強 しない / 中学 3 年 夏休み 勉強 しない / 中学 受験 前 勉強 しない / 中学 受験 夏休み 勉強 しない / 中学 受験 直前 勉強 しない,KWP_KeywordSeed,,
2_新しい組み合わせ,シチュエーション・出来事/時期・節目 × 子どもの属性/高校生,17,1510,高校 入試 直前 勉強 法 / 高校 受験 前 勉強 しない / 高校 受験 夏休み 勉強 しない / 高校 受験 直前 勉強 しない / 高校生 夏休み 勉強 しない,Google_competitor | KWP_KeywordSeed,,
2_新しい組み合わせ,子どもの属性/学校種別 × 検討行動/料金・費用,17,1030,フリー スクール 無料 中学生 / フリー スクール 中学生 安い / フリー スクール 無料 / オンライン フリー スクール 無料 / 全寮 制 フリー スクール 費用,KWP_KeywordSeed,,
2_新しい組み合わせ,保護者の悩み/親が教えられない × 学習課題/集中・注意,16,580,イライラ し て 仕事 に 集中 できない / イライラ し て 勉強 に 集中 できない / イライラ し て 集中 できない / 仕事 イライラ 集中 できない / 勉強 に 集中 できない イライラ,Google_competitor | Google_related_search | Google_suggest | KWP_KeywordSeed,,
2_新しい組み合わせ,学習課題/授業・学校についていけない × 検討行動/料金・費用,16,210,家庭 教師 授業 料 相場 / 授業 対策 サクシード 料金 / 個別 指導 塾 授業 料 安い / 明光 義塾 映像 授業 料金 / 個別 指導 塾 授業 料 相場,Google_competitor | KWP_KeywordSeed,,
2_新しい組み合わせ,学習課題/宿題・テスト・成績 × 解決手段/発達障害専門・支援,16,140,支援 学校 宿題 / 支援 学級 宿題 / 支援 級 宿題 / 特別 支援 夏休み の 宿題 / 特別 支援 学校 夏休み 宿題,Google_competitor | Google_related_search | KWP_KeywordSeed,,
2_新しい組み合わせ,シチュエーション・出来事/断られた・合わなかった × 解決手段/塾・個別指導,15,1380,塾 断 られ た / 入塾 断 られ た / 森 塾 断 られ た / 修 優 館 退 塾 / 退 塾,Google_competitor | Google_related_search | Google_suggest | KWP_KeywordSeed,,
2_新しい組み合わせ,学習課題/勉強方法 × 検討行動/比較・おすすめ,12,1860,おすすめ 勉強 法 / おすすめ の 勉強 法 / 勉強 方法 おすすめ / 勉強 法 おすすめ / 漢 検 おすすめ 勉強 法,Google_competitor | KWP_KeywordSeed,,
2_新しい組み合わせ,保護者の悩み/家で勉強しない × 子どもの属性/不登校,12,460,不 登校 自宅 学習 中学生 / 不 登校 自宅 学習 / 不 登校 家庭 学習 / 不 登校 家 で 勉強 / 不 登校 自宅 学習 小学生,Google_competitor | KWP_KeywordSeed,,
2_新しい組み合わせ,シチュエーション・出来事/時期・節目 × 学習課題/教科,12,140,中学 社会 夏休み 宿題 / 中学生 理科 夏休み の 宿題 / 国語 夏休み の 宿題 / 夏休み の 宿題 国語 / 夏休み の 宿題 理科,Google_competitor | KWP_KeywordSeed,,
2_新しい組み合わせ,学習課題/集中・注意 × 検討行動/合わない・乗り換え,11,7020,集中 力 続か ない / 仕事 の 集中 力 が 続か ない / 仕事 中 集中 力 が 続か ない / 仕事 集中 力 が 続か ない / 仕事 集中 続か ない,Google_competitor | KWP_KeywordSeed,,
2_新しい組み合わせ,保護者の悩み/家で勉強しない × 解決手段/教材・通信教育・アプリ,11,920,中学生 自宅 学習 教材 / 中学 自宅 学習 教材 / 中学生 家庭 学習 教材 / 中学生 家庭 学習 教材 おすすめ / 家庭 学習 教材 中学生,Google_competitor | KWP_KeywordSeed,,
2_新しい組み合わせ,保護者の悩み/塾が合わない・集団が苦手 × 検討行動/合わない・乗り換え,11,180,塾 合わ ない / 集団 塾 合わ ない / 塾 が 合わ ない / 塾 が 合わ ない 子 / 合う 塾 合わ ない 塾,KWP_KeywordSeed,,
2_新しい組み合わせ,学習課題/勉強方法 × 解決手段/塾・個別指導,11,180,武田 塾 勉強 法 / 四谷 学院 武田 塾 勉強 方法 / 発達障害と不登校、家庭教師をつけた方いらっしゃいますか？現在中１男子です。小５で一度不登校になり、その後は学校には週３くらいの別室登校を続けています。小６のときにWISCを受けて、言語が非常に高く、処理速度が低く50くらいの差があります。病院では自閉スペクトラム症、ASDと言われています。小学校までは学業での困りごとはなく、登校しなくても授業についていけて、漢字テストなど満点を取ったりしていましたが、中学ではそんなに上手くいくはずもなく、勉強せずに授業にも出ていないので点数は悪く、提出物も出していないようです。夫は学校に行かなくてもいいから、勉強だけでもやってくれ、といいます。私は部活もやらず友人から取り残されて行くのが心配だし、世界を広げてほしい…と思っています。本人は、やりたくない事はやりたくない。やる気になれない。社会以外の勉強はやる気がない。特に困りごとはない。誰かに教えてもらうのはイヤ。先のことは考えていない、考えたくない、と言います。ただ、一応試験前には自分からタブレット学習を少しやります。(普段はやらない)本人がそんな状態で、家庭教師ってどうなのかな、と思って、当事者の方や皆様の経験など教えていただければと思いました。発達障害や不登校に対応できる家庭教師など、調べると出てくるのですが、どうなのでしょうか。本人の意思がないので、難しいのはわかっているのですが…勉強の仕方もわからないだろうし、人との出会いが無いのでコミュニケーションの力もつけてほしい。本当は個別指導などに行けたらいいのですが、新しいところが苦手で本人のやる気なし。いいきっかけになれるのか、嫌なことを無理強いになってしまうのか。ご意見お聞かせください。 / 中学生になって学習障害と分かったら？塾の選び方や障害タイプ別の勉強方法 / 発達障害のある子の大学受験｜配慮申請・勉強法・塾選びを解説,Google_competitor | KWP_KeywordSeed,,
2_新しい組み合わせ,保護者の悩み/将来・進路不安 × 解決手段/発達障害専門・支援,11,150,カナガク 自立 支援 学習 センター 放課後 デイ / 学習 障害 就職 支援 / 特別 支援 学級 自立 / 自立 支援 学級 / 自立 特別 支援 学級,Google_competitor | Google_related_search | KWP_KeywordSeed,,
2_新しい組み合わせ,保護者の悩み/将来・進路不安 × 子どもの属性/学校種別,11,30,特別 支援 学級 自立 / 自立 特別 支援 学級 / 特別支援学級 就職 できない / グレーゾーンの中学三年生の娘がいます 普通学級です。 高校受験に、悩んでいます 普通の高校で、やっていけるのか 本人も私も不安なのです 娘は、少ないですが友達も出来、いじめられずに なんとか行けてますが 先生からの連絡や、親に手紙を渡すのを 忘れたり、制服を忘れたり、(部活して着替えたら制服を忘れた) または、先生からの連絡を 全く聞いてないことも多々あります！ 私が知る限りでは、この程度ですが おそらく学校では、もっと やらかしているように思えます。 小学校入学前に一年、療育へ通ってました 診断は、もらってません。 そこまでの検査を療育の先生からの見解で とどまりました。 高校受験をふまえて 特別支援学校の見学を考えています 同じようなお子さまを育ててらっしゃる保護者の 方々にご意見を いただきたいです。 グレーゾーンぐらいなら普通高校でやっていけるのか 特別支援学校の様子など教えていただけると ありがたいです / 高校2年生、ADHDグレーゾーンの息子です。喉を鳴らす、顔をひそめるなどのトゥレット症もあります。小学校6年生からインチュニブを服用しています。素直でまっすぐですが、単純で騙されやすく傷つきやすいところがあります。また、能力に偏りがあり、小学校1年生でしたWISC-Ⅳでは、全知能IQは100以上でしたが、処理速度が70と極端に低く、ワーキングメモリーが平均以上という結果でした。小・中学校ではノートをほとんど書かずに過ごしました。時間の感覚、先の見通しが甘く、何事もギリギリ、提出物も忘れることも多かったです。それでも、頑張って受験勉強をし、偏差値が48くらいの都立高校に入りました。高校1年生の頃は、受験勉強の名残もあり、生まれて初めての5をもらうなど成績も良かったです。しかし、校則が厳しく自由がない学校が嫌になってしまったようで、生活が荒れ始めました。高校生になって、ラッパーになると言って音楽作りをはじめたのですが、高校の先生や他の生徒から「ラッパーなんて夢みたいなことを言っていないで、現実を見ろ」といわれるようなことがあり、その反発もあったようです。今年6月に、本人から音楽を作ることに専念したいので、高校を辞めて通信制高校に行きたいと言われました。自分で行きたい学校名も調べていて、「規則に縛られない方が、自分は規則正しい生活ができる」と言っていました。確かに高校1年生の時は、食事や体に気をつけ健康的な生活を心がけて頑張っていました。その姿を見ていたので、環境が変わればと思い、7月に通信制高校に編入しました。また、夏には英語力をあげたいと言って３週間海外に語学留学をしました。夢に向かって頑張っていると思い安心していたのですが・・・。留学から戻ってきてから全く勉強しなくなってしまいました。レポートやスクリーニングもせず、毎日遅くまで起きていて、昼頃に起きるという生活です。ラップの方は、自分で曲を作り、7月から10月までにライブに3回ほど出て、細々とですが前進しているようです。ライブやビデオを作るのにお金がかかるとのことで、週に2~3日、日雇いの肉体労働をしています。肉体労働をした次の日は疲れて勉強などしません。そのような姿を見て、私も心配になり、計画的に勉強して欲しいあまり、レポートをしたりスクリーニングに行ったら仕事がわりにお金を少し出す渡すから、アルバイトに行かずに学校に行くように声をかけました。しかし、勉強をするそぶりはありません。その声かけが逆効果になってしまったのか、10月になって、ラップが大切な時期だから、通信制高校を辞めたいと言い始めました。ラッパーとして成功するには今しかない、自分は色々なことを同時にできないから高校も続けられない、ラップに関わるお金は自分で稼ぎたいということです。しかし、私としては、ラッパーという不確かな将来像、かつ、中卒では、将来の選択肢が狭まってしまうのではないかと考えて不安が募るばかりです。彼の作る音楽も聴いたことがあるのですが、親の贔屓目をもってしても、正直「才能」があるとは思えません。高校ついては、自分で卒業すると約束して転入したということもあり、辞めないように伝えていますが、「俺のことを信じていないのか」「邪魔をするな」と怒ってしまいます。私もつい感情的になり、「好きなことばかりでは生きていけない、やるべきことをしっかりやることができない人は何もできない」などと言ってしまい、口論になっています。私は息子が「こんな家出て行ってやる」というたびに「そうしたいならどうぞ」と突き放してしまいますが、夫は家が安心できる居場所になるようにしようと言って、温かい声かけをしています。夫の献身的な愛により、息子は街をフラフラとはしていますが、門限である23時には大抵帰ってきます。夫は息子が高校を辞めるということも心配はしているようですが、本人がどうしてもというなら認めると思います。不安よりラッパーとして成功することを心の底から応援しているようです。ラッパーという職業は、不安定ということもありますし、薬物などの問題もあり、品行方正でいるのは難しい世界だと思います。今も、品行方正とは言えず、付き合っている友達もヤンチャ系の友達が多いです。高校を辞める辞めないの問題だけでなく、将来どうなってしまうのだろうという不安が正直強いです。私は心配のあまり余計なことばかり言っていると反省していますが、高校を辞めることは、どうしても認められません。現在は、息子は学校に行っていない、勉強はしていない状態ですが、以前のように声をかけるのをやめて、そっとしている状態です。しかし、これを永遠に続けるわけには行きません。これから私はどうしたらいいでしょうか。,Google_competitor | Google_related_search | KWP_KeywordSeed,,
2_新しい組み合わせ,子どもの属性/不登校 × 検討行動/評判・口コミ,11,0,家庭教師 不登校 評判 / 不登校 家庭教師 バイト 評判 / 勉強しなかった不登校の子が、勉強するようになったきっかけ【体験談】 / 不登校の子どもにおすすめのオンライン塾・家庭教師13選！口コミや昼間対応の可否など紹介 / 実際に不登校の子ども向けオンライン塾を利用した方の口コミ,Google_competitor | Google_suggest,,
2_新しい組み合わせ,学習課題/教科 × 解決手段/発達障害専門・支援,10,1640,算数 障害 支援 / 英語 専門 塾 / 数学 専門 塾 / 国語 専門 塾 / 特別 支援 学級 複数 学年,Google_competitor | KWP_KeywordSeed,,
2_新しい組み合わせ,学習課題/勉強方法 × 解決手段/医療・診断,10,1230,成績 アップ 勉強 法 タイプ 診断 / 勉強 法 診断 / 中学 受験 適性 検査 勉強 方法 / 勉強 方法 診断 / 学力 診断 テスト 中 3 勉強 方法,Google_competitor | KWP_KeywordSeed,,
2_新しい組み合わせ,保護者の悩み/家で勉強しない × 子どもの属性/小学生,10,290,不 登校 自宅 学習 小学生 / 自宅 学習 小学生 不 登校 / 小学生 家庭 学習 やり方 / 家庭 学習 の やり方 小学生 / 家庭 学習 やり方 小学生,Google_competitor | KWP_KeywordSeed,,
2_新しい組み合わせ,学習課題/教科 × 検討行動/料金・費用,10,120,英語 家庭 教師 料金 / 英語 家庭 教師 相場 / 英語 家庭 教師 個人 契約 相場 / 家庭 教師 英語 相場 / レプトン 英語 料金,Google_competitor | Google_related_search | KWP_KeywordSeed,,
2_新しい組み合わせ,シチュエーション・出来事/断られた・合わなかった × 検討行動/合わない・乗り換え,9,330,塾 断 られ た / 入塾 断 られ た / 家庭 教師 断 られ た / 森 塾 断 られ た / 不 登校 やめたい,Google_competitor | KWP_KeywordSeed,,
2_新しい組み合わせ,学習課題/授業・学校についていけない × 検討行動/体験・申込・相談,9,0,実際の教師による リアルなレッスン 体験授業 / 無料体験授業 / 体験授業を受けると、お子さんにこんなことが起こります / 体験授業の流れ / 体験授業のQ&A,Google_competitor,,
2_新しい組み合わせ,学習課題/受験・進路 × 解決手段/医療・診断,8,1620,中学 受験 適性 検査 勉強 方法 / 適性 検査 中学 受験 / 中学 受験 適性 検査 / 昭和 薬科 大学 附属 中学校 入試 / グレーゾーンの中学三年生の娘がいます 普通学級です。 高校受験に、悩んでいます 普通の高校で、やっていけるのか 本人も私も不安なのです 娘は、少ないですが友達も出来、いじめられずに なんとか行けてますが 先生からの連絡や、親に手紙を渡すのを 忘れたり、制服を忘れたり、(部活して着替えたら制服を忘れた) または、先生からの連絡を 全く聞いてないことも多々あります！ 私が知る限りでは、この程度ですが おそらく学校では、もっと やらかしているように思えます。 小学校入学前に一年、療育へ通ってました 診断は、もらってません。 そこまでの検査を療育の先生からの見解で とどまりました。 高校受験をふまえて 特別支援学校の見学を考えています 同じようなお子さまを育ててらっしゃる保護者の 方々にご意見を いただきたいです。 グレーゾーンぐらいなら普通高校でやっていけるのか 特別支援学校の様子など教えていただけると ありがたいです,Google_competitor | KWP_KeywordSeed,,
2_新しい組み合わせ,子どもの属性/学校種別 × 検討行動/比較・おすすめ,8,250,私立 中高 一貫 校 塾 おすすめ / フリー スクール 選び方 / 特別 支援 学級 おすすめ 本 / 特別 支援 学級 本 おすすめ / 私立 高校 選び方,Google_competitor | KWP_KeywordSeed,,
2_新しい組み合わせ,シチュエーション・出来事/時期・節目 × 解決手段/療育・福祉サービス,8,240,療育 夏休み / 夏休み 療育 / 放課後 等 デイ サービス 夏休み だけ / 放課後 デイ サービス 夏休み / 放 デイ 夏休み,Google_competitor | KWP_KeywordSeed,,
2_新しい組み合わせ,保護者の悩み/家で勉強しない × 検討行動/比較・おすすめ,8,200,中学生 自宅 学習 おすすめ / 自宅 学習 中学生 おすすめ / 家庭 学習 おすすめ 中学生 / 中学生 家庭 学習 教材 おすすめ / 家庭 学習 中学生 おすすめ,Google_competitor | KWP_KeywordSeed,,
2_新しい組み合わせ,保護者の悩み/将来・進路不安 × 子どもの属性/中学生,8,170,中学生 勉強 しない 将来 / 勉強 しない 中学生 将来 / 中学 受験 市 進 で 大丈夫 / グレーゾーンの中学三年生の娘がいます 普通学級です。 高校受験に、悩んでいます 普通の高校で、やっていけるのか 本人も私も不安なのです 娘は、少ないですが友達も出来、いじめられずに なんとか行けてますが 先生からの連絡や、親に手紙を渡すのを 忘れたり、制服を忘れたり、(部活して着替えたら制服を忘れた) または、先生からの連絡を 全く聞いてないことも多々あります！ 私が知る限りでは、この程度ですが おそらく学校では、もっと やらかしているように思えます。 小学校入学前に一年、療育へ通ってました 診断は、もらってません。 そこまでの検査を療育の先生からの見解で とどまりました。 高校受験をふまえて 特別支援学校の見学を考えています 同じようなお子さまを育ててらっしゃる保護者の 方々にご意見を いただきたいです。 グレーゾーンぐらいなら普通高校でやっていけるのか 特別支援学校の様子など教えていただけると ありがたいです / 高校2年生、ADHDグレーゾーンの息子です。喉を鳴らす、顔をひそめるなどのトゥレット症もあります。小学校6年生からインチュニブを服用しています。素直でまっすぐですが、単純で騙されやすく傷つきやすいところがあります。また、能力に偏りがあり、小学校1年生でしたWISC-Ⅳでは、全知能IQは100以上でしたが、処理速度が70と極端に低く、ワーキングメモリーが平均以上という結果でした。小・中学校ではノートをほとんど書かずに過ごしました。時間の感覚、先の見通しが甘く、何事もギリギリ、提出物も忘れることも多かったです。それでも、頑張って受験勉強をし、偏差値が48くらいの都立高校に入りました。高校1年生の頃は、受験勉強の名残もあり、生まれて初めての5をもらうなど成績も良かったです。しかし、校則が厳しく自由がない学校が嫌になってしまったようで、生活が荒れ始めました。高校生になって、ラッパーになると言って音楽作りをはじめたのですが、高校の先生や他の生徒から「ラッパーなんて夢みたいなことを言っていないで、現実を見ろ」といわれるようなことがあり、その反発もあったようです。今年6月に、本人から音楽を作ることに専念したいので、高校を辞めて通信制高校に行きたいと言われました。自分で行きたい学校名も調べていて、「規則に縛られない方が、自分は規則正しい生活ができる」と言っていました。確かに高校1年生の時は、食事や体に気をつけ健康的な生活を心がけて頑張っていました。その姿を見ていたので、環境が変わればと思い、7月に通信制高校に編入しました。また、夏には英語力をあげたいと言って３週間海外に語学留学をしました。夢に向かって頑張っていると思い安心していたのですが・・・。留学から戻ってきてから全く勉強しなくなってしまいました。レポートやスクリーニングもせず、毎日遅くまで起きていて、昼頃に起きるという生活です。ラップの方は、自分で曲を作り、7月から10月までにライブに3回ほど出て、細々とですが前進しているようです。ライブやビデオを作るのにお金がかかるとのことで、週に2~3日、日雇いの肉体労働をしています。肉体労働をした次の日は疲れて勉強などしません。そのような姿を見て、私も心配になり、計画的に勉強して欲しいあまり、レポートをしたりスクリーニングに行ったら仕事がわりにお金を少し出す渡すから、アルバイトに行かずに学校に行くように声をかけました。しかし、勉強をするそぶりはありません。その声かけが逆効果になってしまったのか、10月になって、ラップが大切な時期だから、通信制高校を辞めたいと言い始めました。ラッパーとして成功するには今しかない、自分は色々なことを同時にできないから高校も続けられない、ラップに関わるお金は自分で稼ぎたいということです。しかし、私としては、ラッパーという不確かな将来像、かつ、中卒では、将来の選択肢が狭まってしまうのではないかと考えて不安が募るばかりです。彼の作る音楽も聴いたことがあるのですが、親の贔屓目をもってしても、正直「才能」があるとは思えません。高校ついては、自分で卒業すると約束して転入したということもあり、辞めないように伝えていますが、「俺のことを信じていないのか」「邪魔をするな」と怒ってしまいます。私もつい感情的になり、「好きなことばかりでは生きていけない、やるべきことをしっかりやることができない人は何もできない」などと言ってしまい、口論になっています。私は息子が「こんな家出て行ってやる」というたびに「そうしたいならどうぞ」と突き放してしまいますが、夫は家が安心できる居場所になるようにしようと言って、温かい声かけをしています。夫の献身的な愛により、息子は街をフラフラとはしていますが、門限である23時には大抵帰ってきます。夫は息子が高校を辞めるということも心配はしているようですが、本人がどうしてもというなら認めると思います。不安よりラッパーとして成功することを心の底から応援しているようです。ラッパーという職業は、不安定ということもありますし、薬物などの問題もあり、品行方正でいるのは難しい世界だと思います。今も、品行方正とは言えず、付き合っている友達もヤンチャ系の友達が多いです。高校を辞める辞めないの問題だけでなく、将来どうなってしまうのだろうという不安が正直強いです。私は心配のあまり余計なことばかり言っていると反省していますが、高校を辞めることは、どうしても認められません。現在は、息子は学校に行っていない、勉強はしていない状態ですが、以前のように声をかけるのをやめて、そっとしている状態です。しかし、これを永遠に続けるわけには行きません。これから私はどうしたらいいでしょうか。,Google_competitor | KWP_KeywordSeed,,
2_新しい組み合わせ,シチュエーション・出来事/時期・節目 × 子どもの属性/学校種別,8,120,フリー スクール 夏休み / 夏休み フリー スクール / 特別 支援 学校 夏休み 宿題 / 特別 支援 学級 夏休み の 宿題 / 私立 中学 入学 前 宿題,Google_competitor | KWP_KeywordSeed,,
2_新しい組み合わせ,学習課題/宿題・テスト・成績 × 解決手段/家庭教師,8,90,家庭 教師 の 成績 110 番 / 発達障害と不登校、家庭教師をつけた方いらっしゃいますか？現在中１男子です。小５で一度不登校になり、その後は学校には週３くらいの別室登校を続けています。小６のときにWISCを受けて、言語が非常に高く、処理速度が低く50くらいの差があります。病院では自閉スペクトラム症、ASDと言われています。小学校までは学業での困りごとはなく、登校しなくても授業についていけて、漢字テストなど満点を取ったりしていましたが、中学ではそんなに上手くいくはずもなく、勉強せずに授業にも出ていないので点数は悪く、提出物も出していないようです。夫は学校に行かなくてもいいから、勉強だけでもやってくれ、といいます。私は部活もやらず友人から取り残されて行くのが心配だし、世界を広げてほしい…と思っています。本人は、やりたくない事はやりたくない。やる気になれない。社会以外の勉強はやる気がない。特に困りごとはない。誰かに教えてもらうのはイヤ。先のことは考えていない、考えたくない、と言います。ただ、一応試験前には自分からタブレット学習を少しやります。(普段はやらない)本人がそんな状態で、家庭教師ってどうなのかな、と思って、当事者の方や皆様の経験など教えていただければと思いました。発達障害や不登校に対応できる家庭教師など、調べると出てくるのですが、どうなのでしょうか。本人の意思がないので、難しいのはわかっているのですが…勉強の仕方もわからないだろうし、人との出会いが無いのでコミュニケーションの力もつけてほしい。本当は個別指導などに行けたらいいのですが、新しいところが苦手で本人のやる気なし。いいきっかけになれるのか、嫌なことを無理強いになってしまうのか。ご意見お聞かせください。 / 不登校・発達障害・成績不振対策の家庭教師 / 発達障害の子供の勉強はあきらめも大切ですか？ 小学校低学年の子供はADHDの不注意型です。学校の成績は悪く、家では家庭教師を雇ったり、親がかなり教えています。 ただ、集中力があまりにもなく、ワーキングメモリーも低いので頑張っても頑張ってもいろんな単元をならうと前のことは忘れてしまい、成績に反映しません。 繰り返し繰り返し勉強させてますが、本当に気が遠くなるほど記憶が抜け落ちてるんです。 誰ががとなりについていたらできたりしますが、本人が支援学級も泣いて嫌がるので普通学級です。 理解はしていても、学校でのテストの出題方法が家のワークとことなるとそれだけで集中が欠けたり、やる気も出ずに白紙で出したり。 テスト前は、親子で泣きながら夜遅くまで勉強します。そのときはできていても、翌日のテストでは白紙で提出もざら。 もう勉強はあきらめるべきでしょうか？ 親子でストレスかかえながら勉強させるよりも、のびのびと勉強以外のことを楽しませてあげたほうがよいのかな？とも思います。 / 宿題をしない発達障害の子をサポートする家庭教師なら「家庭教師のランナー」がおすすめ,Google_competitor | KWP_KeywordSeed,,
2_新しい組み合わせ,子どもの属性/不登校 × 検討行動/料金・費用,8,80,不 登校 勉強 無料 / 不 登校 家庭 教師 料金 / 家庭 教師 の トライ 不 登校 料金 / 逸 高等 学院 不 登校 費用 / 不 登校 フリー スクール 費用,Google_competitor | KWP_KeywordSeed,,
2_新しい組み合わせ,学習課題/教科 × 解決手段/医療・診断,8,30,wisc 算数 / 学習 障害 算数 診断 / 算数障害 診断テスト / 算数障害診断テスト 無料 / 発達障害と不登校、家庭教師をつけた方いらっしゃいますか？現在中１男子です。小５で一度不登校になり、その後は学校には週３くらいの別室登校を続けています。小６のときにWISCを受けて、言語が非常に高く、処理速度が低く50くらいの差があります。病院では自閉スペクトラム症、ASDと言われています。小学校までは学業での困りごとはなく、登校しなくても授業についていけて、漢字テストなど満点を取ったりしていましたが、中学ではそんなに上手くいくはずもなく、勉強せずに授業にも出ていないので点数は悪く、提出物も出していないようです。夫は学校に行かなくてもいいから、勉強だけでもやってくれ、といいます。私は部活もやらず友人から取り残されて行くのが心配だし、世界を広げてほしい…と思っています。本人は、やりたくない事はやりたくない。やる気になれない。社会以外の勉強はやる気がない。特に困りごとはない。誰かに教えてもらうのはイヤ。先のことは考えていない、考えたくない、と言います。ただ、一応試験前には自分からタブレット学習を少しやります。(普段はやらない)本人がそんな状態で、家庭教師ってどうなのかな、と思って、当事者の方や皆様の経験など教えていただければと思いました。発達障害や不登校に対応できる家庭教師など、調べると出てくるのですが、どうなのでしょうか。本人の意思がないので、難しいのはわかっているのですが…勉強の仕方もわからないだろうし、人との出会いが無いのでコミュニケーションの力もつけてほしい。本当は個別指導などに行けたらいいのですが、新しいところが苦手で本人のやる気なし。いいきっかけになれるのか、嫌なことを無理強いになってしまうのか。ご意見お聞かせください。,Google_competitor | Google_related_search | KWP_KeywordSeed,,
2_新しい組み合わせ,子どもの属性/性別・本人 × 検討行動/料金・費用,7,330,大人 の 家庭 教師 料金 / 大人 の 家庭 教師 トライ 料金 / 大人 の 家庭 教師 値段 / 大人 の 家庭 教師 料理 料金 / 大人 家庭 教師 の トライ 料金,KWP_KeywordSeed,,
2_新しい組み合わせ,学習課題/宿題・テスト・成績 × 検討行動/料金・費用,7,140,itto テスト ターボ 料金 / みやび 個別 指導 学院 テスト ターボ 料金 / 明光 義塾 テスト 対策 料金 / ckc 学力 診断 テスト 料金 / itto 個別 指導 学院 テスト ターボ 料金,Google_competitor | Google_related_search | KWP_KeywordSeed,,
2_新しい組み合わせ,学習課題/記憶・読み書き計算 × 解決手段/教材・通信教育・アプリ,7,20,英 単語 アプリ 覚え られ ない / ld 漢字 アプリ / 読み書き障害 支援アプリ / 発達障害と不登校、家庭教師をつけた方いらっしゃいますか？現在中１男子です。小５で一度不登校になり、その後は学校には週３くらいの別室登校を続けています。小６のときにWISCを受けて、言語が非常に高く、処理速度が低く50くらいの差があります。病院では自閉スペクトラム症、ASDと言われています。小学校までは学業での困りごとはなく、登校しなくても授業についていけて、漢字テストなど満点を取ったりしていましたが、中学ではそんなに上手くいくはずもなく、勉強せずに授業にも出ていないので点数は悪く、提出物も出していないようです。夫は学校に行かなくてもいいから、勉強だけでもやってくれ、といいます。私は部活もやらず友人から取り残されて行くのが心配だし、世界を広げてほしい…と思っています。本人は、やりたくない事はやりたくない。やる気になれない。社会以外の勉強はやる気がない。特に困りごとはない。誰かに教えてもらうのはイヤ。先のことは考えていない、考えたくない、と言います。ただ、一応試験前には自分からタブレット学習を少しやります。(普段はやらない)本人がそんな状態で、家庭教師ってどうなのかな、と思って、当事者の方や皆様の経験など教えていただければと思いました。発達障害や不登校に対応できる家庭教師など、調べると出てくるのですが、どうなのでしょうか。本人の意思がないので、難しいのはわかっているのですが…勉強の仕方もわからないだろうし、人との出会いが無いのでコミュニケーションの力もつけてほしい。本当は個別指導などに行けたらいいのですが、新しいところが苦手で本人のやる気なし。いいきっかけになれるのか、嫌なことを無理強いになってしまうのか。ご意見お聞かせください。,Google_competitor | Google_related_search | Google_suggest | KWP_KeywordSeed,,
2_新しい組み合わせ,保護者の悩み/将来・進路不安 × 子どもの属性/不登校,7,0,発達障害 不登校 将来 / ADHDの子の家庭教師について。 今年度から初めて家庭教師のアルバイトを初めたのですが、その生徒さんがADHDという病気でした。仲介先の会社からは、そのような病気の生徒さんとは聞かされてい ませんでした。(親御さんは仲介会社には申告されていたようです。)ADHD自体をどんなものなのか知らなかったため、親御さんから聞かされたときは少し戸惑いましたが、問題が解けたらその都度褒める、課題は取り組みやすい量、簡単なものにするなど、試行錯誤しながら２ヶ月間やってきました。生徒さんも心を開いてくれて、先生がくると楽しい、と言ってくれたり、親御さんからも、子供が毎週楽しみにしているんです、と言ってもらえたりして、なんとか頑張ってみよう！と思ってやってきました。しかし、やはり、出した課題をやってもらえない、先週教えたことは全く覚えていない、などの問題はなかなか解決できず、どうしたらよいのだろう、と悩んでいました。そんな折に、生徒さんが不登校になることが決まりました。仲介先の会社の研修では、不登校の子供を教えるような状況は想定されていなかったし、学校の進度もわからない、週一90分のため、１週間分の授業をとてもカバーできない、など不安要素が多々出て来て、私の手には負えないのではないか、という気持ちが出てきました。家庭教師経験がなく初めての私には、荷が思いな、、という気持ちも出て来てしまいました。しかし、仲介先からは原則一年はもってもらいたい、といわれましたがまだ3か月だし、生徒さんや親御さんからも良くしていただいているのに、その気持ちに応えられずに放り出してしまうようで、ここで辞めることはできるのか、と悩んでいます。 このような場合、辞めても大丈夫なのでしょうか？それとも、もう少し続けてみるべきでしょうか？また、続ける場合、ADHDの生徒さんを持つ上で注意すべきことや不登校の生徒さんの勉強の進め方などありましたら教えていただけると幸いです。 / 発達障がいで不登校の子どもの将来・進路 / １. 不登校の現状と保護者が抱える「学習の空白」への不安 / 将来の自立を見据えた 学習支援とメンタル支援 不登校・発達障害対応の キズキプロ家庭教師,Google_competitor | Google_related_search | Google_suggest,,
2_新しい組み合わせ,保護者の悩み/親が教えられない × 学習課題/宿題・テスト・成績,7,0,宿題 しない 子供にイライラ / 発達障害の子供の勉強はあきらめも大切ですか？ 小学校低学年の子供はADHDの不注意型です。学校の成績は悪く、家では家庭教師を雇ったり、親がかなり教えています。 ただ、集中力があまりにもなく、ワーキングメモリーも低いので頑張っても頑張ってもいろんな単元をならうと前のことは忘れてしまい、成績に反映しません。 繰り返し繰り返し勉強させてますが、本当に気が遠くなるほど記憶が抜け落ちてるんです。 誰ががとなりについていたらできたりしますが、本人が支援学級も泣いて嫌がるので普通学級です。 理解はしていても、学校でのテストの出題方法が家のワークとことなるとそれだけで集中が欠けたり、やる気も出ずに白紙で出したり。 テスト前は、親子で泣きながら夜遅くまで勉強します。そのときはできていても、翌日のテストでは白紙で提出もざら。 もう勉強はあきらめるべきでしょうか？ 親子でストレスかかえながら勉強させるよりも、のびのびと勉強以外のことを楽しませてあげたほうがよいのかな？とも思います。 / 高校2年生、ADHDグレーゾーンの息子です。喉を鳴らす、顔をひそめるなどのトゥレット症もあります。小学校6年生からインチュニブを服用しています。素直でまっすぐですが、単純で騙されやすく傷つきやすいところがあります。また、能力に偏りがあり、小学校1年生でしたWISC-Ⅳでは、全知能IQは100以上でしたが、処理速度が70と極端に低く、ワーキングメモリーが平均以上という結果でした。小・中学校ではノートをほとんど書かずに過ごしました。時間の感覚、先の見通しが甘く、何事もギリギリ、提出物も忘れることも多かったです。それでも、頑張って受験勉強をし、偏差値が48くらいの都立高校に入りました。高校1年生の頃は、受験勉強の名残もあり、生まれて初めての5をもらうなど成績も良かったです。しかし、校則が厳しく自由がない学校が嫌になってしまったようで、生活が荒れ始めました。高校生になって、ラッパーになると言って音楽作りをはじめたのですが、高校の先生や他の生徒から「ラッパーなんて夢みたいなことを言っていないで、現実を見ろ」といわれるようなことがあり、その反発もあったようです。今年6月に、本人から音楽を作ることに専念したいので、高校を辞めて通信制高校に行きたいと言われました。自分で行きたい学校名も調べていて、「規則に縛られない方が、自分は規則正しい生活ができる」と言っていました。確かに高校1年生の時は、食事や体に気をつけ健康的な生活を心がけて頑張っていました。その姿を見ていたので、環境が変わればと思い、7月に通信制高校に編入しました。また、夏には英語力をあげたいと言って３週間海外に語学留学をしました。夢に向かって頑張っていると思い安心していたのですが・・・。留学から戻ってきてから全く勉強しなくなってしまいました。レポートやスクリーニングもせず、毎日遅くまで起きていて、昼頃に起きるという生活です。ラップの方は、自分で曲を作り、7月から10月までにライブに3回ほど出て、細々とですが前進しているようです。ライブやビデオを作るのにお金がかかるとのことで、週に2~3日、日雇いの肉体労働をしています。肉体労働をした次の日は疲れて勉強などしません。そのような姿を見て、私も心配になり、計画的に勉強して欲しいあまり、レポートをしたりスクリーニングに行ったら仕事がわりにお金を少し出す渡すから、アルバイトに行かずに学校に行くように声をかけました。しかし、勉強をするそぶりはありません。その声かけが逆効果になってしまったのか、10月になって、ラップが大切な時期だから、通信制高校を辞めたいと言い始めました。ラッパーとして成功するには今しかない、自分は色々なことを同時にできないから高校も続けられない、ラップに関わるお金は自分で稼ぎたいということです。しかし、私としては、ラッパーという不確かな将来像、かつ、中卒では、将来の選択肢が狭まってしまうのではないかと考えて不安が募るばかりです。彼の作る音楽も聴いたことがあるのですが、親の贔屓目をもってしても、正直「才能」があるとは思えません。高校ついては、自分で卒業すると約束して転入したということもあり、辞めないように伝えていますが、「俺のことを信じていないのか」「邪魔をするな」と怒ってしまいます。私もつい感情的になり、「好きなことばかりでは生きていけない、やるべきことをしっかりやることができない人は何もできない」などと言ってしまい、口論になっています。私は息子が「こんな家出て行ってやる」というたびに「そうしたいならどうぞ」と突き放してしまいますが、夫は家が安心できる居場所になるようにしようと言って、温かい声かけをしています。夫の献身的な愛により、息子は街をフラフラとはしていますが、門限である23時には大抵帰ってきます。夫は息子が高校を辞めるということも心配はしているようですが、本人がどうしてもというなら認めると思います。不安よりラッパーとして成功することを心の底から応援しているようです。ラッパーという職業は、不安定ということもありますし、薬物などの問題もあり、品行方正でいるのは難しい世界だと思います。今も、品行方正とは言えず、付き合っている友達もヤンチャ系の友達が多いです。高校を辞める辞めないの問題だけでなく、将来どうなってしまうのだろうという不安が正直強いです。私は心配のあまり余計なことばかり言っていると反省していますが、高校を辞めることは、どうしても認められません。現在は、息子は学校に行っていない、勉強はしていない状態ですが、以前のように声をかけるのをやめて、そっとしている状態です。しかし、これを永遠に続けるわけには行きません。これから私はどうしたらいいでしょうか。 / 発達障害で宿題をしない子、その理由、親ができる7つの対応、5つの接し方 / 宿題をしない発達障害の子への上手な接し方|やりがちなNG対応と改善策,Google_competitor | Google_related_search | Google_suggest,,
2_新しい組み合わせ,学習課題/勉強できない・しない × 解決手段/家庭教師,6,20,家庭 教師 勉強 しない / 発達障害と不登校、家庭教師をつけた方いらっしゃいますか？現在中１男子です。小５で一度不登校になり、その後は学校には週３くらいの別室登校を続けています。小６のときにWISCを受けて、言語が非常に高く、処理速度が低く50くらいの差があります。病院では自閉スペクトラム症、ASDと言われています。小学校までは学業での困りごとはなく、登校しなくても授業についていけて、漢字テストなど満点を取ったりしていましたが、中学ではそんなに上手くいくはずもなく、勉強せずに授業にも出ていないので点数は悪く、提出物も出していないようです。夫は学校に行かなくてもいいから、勉強だけでもやってくれ、といいます。私は部活もやらず友人から取り残されて行くのが心配だし、世界を広げてほしい…と思っています。本人は、やりたくない事はやりたくない。やる気になれない。社会以外の勉強はやる気がない。特に困りごとはない。誰かに教えてもらうのはイヤ。先のことは考えていない、考えたくない、と言います。ただ、一応試験前には自分からタブレット学習を少しやります。(普段はやらない)本人がそんな状態で、家庭教師ってどうなのかな、と思って、当事者の方や皆様の経験など教えていただければと思いました。発達障害や不登校に対応できる家庭教師など、調べると出てくるのですが、どうなのでしょうか。本人の意思がないので、難しいのはわかっているのですが…勉強の仕方もわからないだろうし、人との出会いが無いのでコミュニケーションの力もつけてほしい。本当は個別指導などに行けたらいいのですが、新しいところが苦手で本人のやる気なし。いいきっかけになれるのか、嫌なことを無理強いになってしまうのか。ご意見お聞かせください。 / 発達障害の子供の勉強はあきらめも大切ですか？ 小学校低学年の子供はADHDの不注意型です。学校の成績は悪く、家では家庭教師を雇ったり、親がかなり教えています。 ただ、集中力があまりにもなく、ワーキングメモリーも低いので頑張っても頑張ってもいろんな単元をならうと前のことは忘れてしまい、成績に反映しません。 繰り返し繰り返し勉強させてますが、本当に気が遠くなるほど記憶が抜け落ちてるんです。 誰ががとなりについていたらできたりしますが、本人が支援学級も泣いて嫌がるので普通学級です。 理解はしていても、学校でのテストの出題方法が家のワークとことなるとそれだけで集中が欠けたり、やる気も出ずに白紙で出したり。 テスト前は、親子で泣きながら夜遅くまで勉強します。そのときはできていても、翌日のテストでは白紙で提出もざら。 もう勉強はあきらめるべきでしょうか？ 親子でストレスかかえながら勉強させるよりも、のびのびと勉強以外のことを楽しませてあげたほうがよいのかな？とも思います。 / 家庭教師のあすなろ 勉強が苦手・不登校・発達障害のお子さん専門 / 勉強が苦手な子 専門の家庭教師,Google_competitor | KWP_KeywordSeed,,
2_新しい組み合わせ,学習課題/勉強できない・しない × 解決手段/塾・個別指導,5,2960,中学生 勉強 しない 塾 / 勉強 しない 中学生 塾 / やる気 スイッチ 塾 / 発達障害と不登校、家庭教師をつけた方いらっしゃいますか？現在中１男子です。小５で一度不登校になり、その後は学校には週３くらいの別室登校を続けています。小６のときにWISCを受けて、言語が非常に高く、処理速度が低く50くらいの差があります。病院では自閉スペクトラム症、ASDと言われています。小学校までは学業での困りごとはなく、登校しなくても授業についていけて、漢字テストなど満点を取ったりしていましたが、中学ではそんなに上手くいくはずもなく、勉強せずに授業にも出ていないので点数は悪く、提出物も出していないようです。夫は学校に行かなくてもいいから、勉強だけでもやってくれ、といいます。私は部活もやらず友人から取り残されて行くのが心配だし、世界を広げてほしい…と思っています。本人は、やりたくない事はやりたくない。やる気になれない。社会以外の勉強はやる気がない。特に困りごとはない。誰かに教えてもらうのはイヤ。先のことは考えていない、考えたくない、と言います。ただ、一応試験前には自分からタブレット学習を少しやります。(普段はやらない)本人がそんな状態で、家庭教師ってどうなのかな、と思って、当事者の方や皆様の経験など教えていただければと思いました。発達障害や不登校に対応できる家庭教師など、調べると出てくるのですが、どうなのでしょうか。本人の意思がないので、難しいのはわかっているのですが…勉強の仕方もわからないだろうし、人との出会いが無いのでコミュニケーションの力もつけてほしい。本当は個別指導などに行けたらいいのですが、新しいところが苦手で本人のやる気なし。いいきっかけになれるのか、嫌なことを無理強いになってしまうのか。ご意見お聞かせください。 / 小５ 高機能広汎性発達障害の息子の塾の通塾で今悩んでいます。中学受験をするか親は悩みつつ、本人は受験したいと言いやる気があるので、ひとまず小４秋から大手進学塾へ通塾しています。息子は気分に非常にムラがあり、塾で頻繁に迷惑をかけつづけており、この先どうしたらいいか悩んでいます。迷惑レベルは、社会や理科の授業で余談的な話になったとき息子一人が授業に参加しすぎるあまり熱くなりおしゃべりしすぎてしまい、注意されると、暴言を吐きまくり、泣きまくり、とにかく授業の邪魔に度々最近なってしまっています。そのことを塾から親が注意をうけ、塾から遠回しに自主的に辞めてほしいという言われかたを今や、今まで何度もされています。息子に何度も迷惑態度を辞めるようキツく注意はしても、約束をしても、注意をすぐ忘れてしまい何度も何度も失敗してしまっています。息子は注意のことは忘れて、周りが怒っていても気にせず塾の授業を毎回楽しんで通っています。日に日に周りも成績やら進路にピリピリしてきているので通塾の送迎が親が辛くなっている状況に今なっています。息子の成績が一応順調に今の成績らへんで進むと、志望校には届くかも…な状況になっています。転塾や、通信教育を息子に勧めてみましたが、今の塾がいいらしく、環境を変える話をすると息子は取り乱し激しく泣いたり愚図ってしまいます。この先、塾からの注意は無視して息子には最低限の注意だけにして、しれっと通い続けるか、無理にでも親が中学受験を諦めさせるか、転塾させるか、どの方法が息子にとっていいのか悩んでいます。息子は勉強と今の塾はすごく好きだし、宿題の多いハードな塾なのに頑張ってノルマ的な宿題は必ずやりきったりやる気はあるのですが、、態度が悪くて困っています。,Google_competitor | KWP_KeywordSeed,,
2_新しい組み合わせ,シチュエーション・出来事/時期・節目 × 子どもの属性/不登校,5,2140,夏休み 明け 不 登校 / 不 登校 夏休み / 不 登校 夏休み 明け / 夏休み 不 登校 / 夏休み明けの不登校への対応方法とは？知っておきたい「4つの観点」を解説,Google_competitor | KWP_KeywordSeed,,
2_新しい組み合わせ,子どもの属性/中学生 × 検討行動/合わない・乗り換え,5,160,中 3 塾 合わ ない / 塾 合わ ない 中学生 / 中学 受験 やめたい / 高校2年生、ADHDグレーゾーンの息子です。喉を鳴らす、顔をひそめるなどのトゥレット症もあります。小学校6年生からインチュニブを服用しています。素直でまっすぐですが、単純で騙されやすく傷つきやすいところがあります。また、能力に偏りがあり、小学校1年生でしたWISC-Ⅳでは、全知能IQは100以上でしたが、処理速度が70と極端に低く、ワーキングメモリーが平均以上という結果でした。小・中学校ではノートをほとんど書かずに過ごしました。時間の感覚、先の見通しが甘く、何事もギリギリ、提出物も忘れることも多かったです。それでも、頑張って受験勉強をし、偏差値が48くらいの都立高校に入りました。高校1年生の頃は、受験勉強の名残もあり、生まれて初めての5をもらうなど成績も良かったです。しかし、校則が厳しく自由がない学校が嫌になってしまったようで、生活が荒れ始めました。高校生になって、ラッパーになると言って音楽作りをはじめたのですが、高校の先生や他の生徒から「ラッパーなんて夢みたいなことを言っていないで、現実を見ろ」といわれるようなことがあり、その反発もあったようです。今年6月に、本人から音楽を作ることに専念したいので、高校を辞めて通信制高校に行きたいと言われました。自分で行きたい学校名も調べていて、「規則に縛られない方が、自分は規則正しい生活ができる」と言っていました。確かに高校1年生の時は、食事や体に気をつけ健康的な生活を心がけて頑張っていました。その姿を見ていたので、環境が変わればと思い、7月に通信制高校に編入しました。また、夏には英語力をあげたいと言って３週間海外に語学留学をしました。夢に向かって頑張っていると思い安心していたのですが・・・。留学から戻ってきてから全く勉強しなくなってしまいました。レポートやスクリーニングもせず、毎日遅くまで起きていて、昼頃に起きるという生活です。ラップの方は、自分で曲を作り、7月から10月までにライブに3回ほど出て、細々とですが前進しているようです。ライブやビデオを作るのにお金がかかるとのことで、週に2~3日、日雇いの肉体労働をしています。肉体労働をした次の日は疲れて勉強などしません。そのような姿を見て、私も心配になり、計画的に勉強して欲しいあまり、レポートをしたりスクリーニングに行ったら仕事がわりにお金を少し出す渡すから、アルバイトに行かずに学校に行くように声をかけました。しかし、勉強をするそぶりはありません。その声かけが逆効果になってしまったのか、10月になって、ラップが大切な時期だから、通信制高校を辞めたいと言い始めました。ラッパーとして成功するには今しかない、自分は色々なことを同時にできないから高校も続けられない、ラップに関わるお金は自分で稼ぎたいということです。しかし、私としては、ラッパーという不確かな将来像、かつ、中卒では、将来の選択肢が狭まってしまうのではないかと考えて不安が募るばかりです。彼の作る音楽も聴いたことがあるのですが、親の贔屓目をもってしても、正直「才能」があるとは思えません。高校ついては、自分で卒業すると約束して転入したということもあり、辞めないように伝えていますが、「俺のことを信じていないのか」「邪魔をするな」と怒ってしまいます。私もつい感情的になり、「好きなことばかりでは生きていけない、やるべきことをしっかりやることができない人は何もできない」などと言ってしまい、口論になっています。私は息子が「こんな家出て行ってやる」というたびに「そうしたいならどうぞ」と突き放してしまいますが、夫は家が安心できる居場所になるようにしようと言って、温かい声かけをしています。夫の献身的な愛により、息子は街をフラフラとはしていますが、門限である23時には大抵帰ってきます。夫は息子が高校を辞めるということも心配はしているようですが、本人がどうしてもというなら認めると思います。不安よりラッパーとして成功することを心の底から応援しているようです。ラッパーという職業は、不安定ということもありますし、薬物などの問題もあり、品行方正でいるのは難しい世界だと思います。今も、品行方正とは言えず、付き合っている友達もヤンチャ系の友達が多いです。高校を辞める辞めないの問題だけでなく、将来どうなってしまうのだろうという不安が正直強いです。私は心配のあまり余計なことばかり言っていると反省していますが、高校を辞めることは、どうしても認められません。現在は、息子は学校に行っていない、勉強はしていない状態ですが、以前のように声をかけるのをやめて、そっとしている状態です。しかし、これを永遠に続けるわけには行きません。これから私はどうしたらいいでしょうか。 / 【中学受験】「発達障害」と告げた瞬間、塾に断られた...この子、どこにも行けないの？〜諦めないで。理解ある環境は、必ずあります〜,Google_competitor | KWP_KeywordSeed,,
2_新しい組み合わせ,保護者の悩み/将来・進路不安 × 学習課題/受験・進路,5,140,中学 受験 市 進 で 大丈夫 / グレーゾーンの中学三年生の娘がいます 普通学級です。 高校受験に、悩んでいます 普通の高校で、やっていけるのか 本人も私も不安なのです 娘は、少ないですが友達も出来、いじめられずに なんとか行けてますが 先生からの連絡や、親に手紙を渡すのを 忘れたり、制服を忘れたり、(部活して着替えたら制服を忘れた) または、先生からの連絡を 全く聞いてないことも多々あります！ 私が知る限りでは、この程度ですが おそらく学校では、もっと やらかしているように思えます。 小学校入学前に一年、療育へ通ってました 診断は、もらってません。 そこまでの検査を療育の先生からの見解で とどまりました。 高校受験をふまえて 特別支援学校の見学を考えています 同じようなお子さまを育ててらっしゃる保護者の 方々にご意見を いただきたいです。 グレーゾーンぐらいなら普通高校でやっていけるのか 特別支援学校の様子など教えていただけると ありがたいです / 発達障がいで不登校の子どもの将来・進路 / 通級の実施内容や活用方法、将来に向けた進学事例は… / 特別支援学級（中学校）卒業後の進路先は？発達障害がある子どもが将来を見据えた学校選びをするには？高卒資格や大学受験資格の解説、学校選びのポイント,Google_competitor | KWP_KeywordSeed,,
2_新しい組み合わせ,子どもの属性/性別・本人 × 検討行動/体験・申込・相談,5,40,adhd 相談 大人 / 娘は、何でもペーパーのテストになると点が取れません。ADHDの検査で短期記憶の数値がかなり低いので、そのせいかな？とは思うのですが、知能指数は平均値内でした。何度同じ追試を受けても、勉強しても、点数は全く上がりません。勉強時間を増やしても点数があがりません。勉強の仕方を工夫しても、変えても、手伝っても、何をしてもどうしても点が上がらないのです。面接や論文などは良い評価をもらえるのですが、人生、資格を取得するのも、単位を取るのも、運転免許を取るのでさえ、ペーパーテストを避けて通る事は出来ません。テストを受ける時に聴覚や視覚等の配慮は受ける事は出来ても、娘にはどうもそのあたりの配慮は関係ない様なのです。思考の多動のせいなのか？短期記憶のせいなのか？それとももう、自己暗示にかかってしまっているのか？全くどうして良いのかわかりません‥。教科によって、若干の差はある様なので、ただ単に、興味の無い物はどうしても頭に入らないという事なのかも知れません。ただいずれにしても、ほんの2、3点でも良いのです。「〇〇したら自分でも点数が上がる」と言う努力をする為の自信を持たせてやりたいのですが、どなたか同じ様な体験をされた方はいらっしゃいますか？また、この様なタイプの書字や数字等とは関係無い学習障害をご存知の方がいらっしゃったら、何でも良いのでヒントを頂けたらと思っています。どうぞよろしくお願いします！ / 「指導は無理」と言われ塾、習い事を辞めた発達障害息子。絶望の淵で出会った先生の「神対応」【読者体験談】 / 通級指導教室の継続について4年生息子（ADHD）が2年生の頃から他校通級しています。こちらの地域では3年間となっていて、次年度も希望するのであれば、再度就学相談が必要です。学校では離席や整理整頓苦手、授業に集中できないことがあります。（授業を妨害するようなことはありません）友達もいてトラブルもなく、登校しぶりはありません。離席や授業中の問題はあり、学校で全く問題なく過ごせているとは言えない状況ですが、通級の落ち着いた環境では問題なく過ごせていて、しっかり学ぶことができた（できる）のではないかと思っています。来年度の就学相談は希望しないと伝えようと思うのですが、通級を卒級しても良いものか、5年生になって急に変化があったらどうしようと迷ってもいます。家での困りごともそれほどなく、年齢相応かと思います。通級の先生は良い方で、相談先がなくなってしまうことも気がかりです。経験談やアドバイス頂けると嬉しいです。よろしくお願いします。,Google_competitor | KWP_KeywordSeed,,
2_新しい組み合わせ,学習課題/授業・学校についていけない × 解決手段/発達障害専門・支援,5,10,オンライン 授業 支援 / 長文失礼します。 子供の家庭教師について悩んでいます。 息子は発達障害のいわゆるグレーゾーンなのですが、学校の授業の内容などについていけず、特別支援学級に入っています。支援級ではあまり国語や算数など普通学 級と同じカリキュラム内容を教えてもらえません。 中学、高校などは普通に通ってほしいと思ってるのですが、このままいったら差が開くばかりだと思い、家庭教師を探し始めました。しかし、本当に任せられるところがどこなのかわかりません。調べていても、失敗談も多くみられ初めの一歩が踏み出しづらくなっています。 どなたか経験されたことがある、もしくは現在家庭教師をつけている方がいましたら回答いただきたいです。 / 対面・オンライン授業の両方に対応した不登校・引きこもり支援可能な家庭教師一覧 / 勉強の遅れを取り戻す「さかのぼり学習」と専門講師によるサポート / 授業についていけないだけでは、通級指導教室に通うことができないのでしょうか？ ２年生の子、今頃から授業についていけていません。 「ぞおがいました（ぞうがいました）」 「らいよんをみました（らいおんをみました）」 などと間違えます。 「お・を」「は・わ」のちがいもわかりません。 時計も正しく読めません。 通級指導教室では、そのような学習の遅れのある子に個別指導してくれるようですが、 担任の先生は、通級指導教室に行くように提案さえもしてくれません。 特別支援学級もですが。 通級指導教室が定員オーバーというわけではないようです。 こちらから先生に申し出ない限り、通級指導教室には通えないのでしょうか？,Google_competitor | KWP_KeywordSeed,,
2_新しい組み合わせ,学習課題/授業・学校についていけない × 検討行動/比較・おすすめ,5,0,オンライン 授業 家庭 教師 おすすめ / 発達障害の子が通う塾について。 私の子供は小学5年生の高機能自閉症で、知的な遅れはありませんが物事をイメージするのが苦手です。 発達障害の子が通う塾はどういう場所が良いのでしょうか？ また、多動や暴れたりなどはなく普通に授業も受けられるのですが、全体指示が通りにくく髪をいじったり等気が散ってしまいがちです。 塾に子供に障害がある事や特性等もも話した方が良いですか？ 家で勉強が教えられない訳ではないのですが、親が教えると嫌がるので困っています。 こういった子におすすめの塾や勉強法があれば教えて頂けませんでしょうか？ よろしくお願いします。 / 発達障害で塾についていけない理由と特性に合う学習環境の選び方 / 発達障害向けの口コミが良い家庭教師おすすめ9社の料金や授業形態を一覧比較,Google_competitor | KWP_KeywordSeed,,
2_新しい組み合わせ,学習課題/集中・注意 × 解決手段/医療・診断,5,0,ADHD 集中 できない 薬 / adhd 集中 できない 薬 / adhd 集中する方法 薬以外,Google_related_search | Google_suggest,,
2_新しい組み合わせ,子どもの属性/不登校 × 検討行動/体験・申込・相談,5,0,勉強しなかった不登校の子が、勉強するようになったきっかけ【体験談】 / 【これがリアル】不登校のその後の人生は？ 24人の体験談やデータを公開 / 【体験談】不登校の勉強は何から始めるべき？5つのポイントと挫折しないコツ / 【体験談】 不登校でも人生終わりじゃなかった話 / 通級指導教室の継続について4年生息子（ADHD）が2年生の頃から他校通級しています。こちらの地域では3年間となっていて、次年度も希望するのであれば、再度就学相談が必要です。学校では離席や整理整頓苦手、授業に集中できないことがあります。（授業を妨害するようなことはありません）友達もいてトラブルもなく、登校しぶりはありません。離席や授業中の問題はあり、学校で全く問題なく過ごせているとは言えない状況ですが、通級の落ち着いた環境では問題なく過ごせていて、しっかり学ぶことができた（できる）のではないかと思っています。来年度の就学相談は希望しないと伝えようと思うのですが、通級を卒級しても良いものか、5年生になって急に変化があったらどうしようと迷ってもいます。家での困りごともそれほどなく、年齢相応かと思います。通級の先生は良い方で、相談先がなくなってしまうことも気がかりです。経験談やアドバイス頂けると嬉しいです。よろしくお願いします。,Google_competitor,,
2_新しい組み合わせ,保護者の悩み/将来・進路不安 × 解決手段/塾・個別指導,4,690,自立 学習 塾 / 自立 型 学習 塾 / 自立 型 個別 指導,KWP_KeywordSeed,,
2_新しい組み合わせ,学習課題/授業・学校についていけない × 解決手段/療育・福祉サービス,4,330,言葉 の 遅れ 療育 / 療育 言葉 の 遅れ / 2 歳 言葉 の 遅れ 療育 / 療育 センター 言葉 の 遅れ,KWP_KeywordSeed,,
2_新しい組み合わせ,シチュエーション・出来事/断られた・合わなかった × 子どもの属性/中学生,4,330,中学 受験 やめた / 中学 受験 やめた 方 が いい / 中学 受験 やめたい / 【中学受験】「発達障害」と告げた瞬間、塾に断られた...この子、どこにも行けないの？〜諦めないで。理解ある環境は、必ずあります〜,Google_competitor | KWP_KeywordSeed,,
2_新しい組み合わせ,シチュエーション・出来事/断られた・合わなかった × 子どもの属性/受験生,4,330,中学 受験 やめた / 中学 受験 やめた 方 が いい / 中学 受験 やめたい / 【中学受験】「発達障害」と告げた瞬間、塾に断られた...この子、どこにも行けないの？〜諦めないで。理解ある環境は、必ずあります〜,Google_competitor | KWP_KeywordSeed,,
2_新しい組み合わせ,シチュエーション・出来事/断られた・合わなかった × 学習課題/受験・進路,4,330,中学 受験 やめた / 中学 受験 やめた 方 が いい / 中学 受験 やめたい / 【中学受験】「発達障害」と告げた瞬間、塾に断られた...この子、どこにも行けないの？〜諦めないで。理解ある環境は、必ずあります〜,Google_competitor | KWP_KeywordSeed,,
2_新しい組み合わせ,保護者の悩み/家で勉強しない × 子どもの属性/高校生,4,180,高校生 自宅 学習 / 高校生 家庭 学習 やり方 / 高校生 自宅 学習 やり方 / 不登校、発達障がい、自宅学習についてみなさんどのようにとりくまれてますか。不登校歴もう4年やっとこフリースクールにはいけるようになりましたが、学習や生活習慣が身につきません。身につかないというより気のりしないからやれない声をかけ続けてやっとできる感じです。フリースクールは遊んでいるだけなので１日朝、晩15分でも学習をして欲しいのです。学校に戻ってとは思いませんが通信高校に行くにしても、自主的に時間になったら映像授業ログインしなければ単位だってとれないと思います。自宅学習や目標の持たせ方、どんな教材を使ってるか教えて下さい。ひきこもり気味だったので塾は無理でした。,Google_competitor | KWP_KeywordSeed,,
2_新しい組み合わせ,学習課題/教科 × 解決手段/療育・福祉サービス,4,160,療育 センター 英語 / 社会 福祉 法人 放課後 等 デイ サービス / 社会 福祉 士 放課後 等 デイ サービス / 放課後 等 デイ サービス 社会 福祉 士,KWP_KeywordSeed,,
2_新しい組み合わせ,保護者の悩み/将来・進路不安 × 子どもの属性/受験生,4,140,中学 受験 市 進 で 大丈夫 / グレーゾーンの中学三年生の娘がいます 普通学級です。 高校受験に、悩んでいます 普通の高校で、やっていけるのか 本人も私も不安なのです 娘は、少ないですが友達も出来、いじめられずに なんとか行けてますが 先生からの連絡や、親に手紙を渡すのを 忘れたり、制服を忘れたり、(部活して着替えたら制服を忘れた) または、先生からの連絡を 全く聞いてないことも多々あります！ 私が知る限りでは、この程度ですが おそらく学校では、もっと やらかしているように思えます。 小学校入学前に一年、療育へ通ってました 診断は、もらってません。 そこまでの検査を療育の先生からの見解で とどまりました。 高校受験をふまえて 特別支援学校の見学を考えています 同じようなお子さまを育ててらっしゃる保護者の 方々にご意見を いただきたいです。 グレーゾーンぐらいなら普通高校でやっていけるのか 特別支援学校の様子など教えていただけると ありがたいです / 高校2年生、ADHDグレーゾーンの息子です。喉を鳴らす、顔をひそめるなどのトゥレット症もあります。小学校6年生からインチュニブを服用しています。素直でまっすぐですが、単純で騙されやすく傷つきやすいところがあります。また、能力に偏りがあり、小学校1年生でしたWISC-Ⅳでは、全知能IQは100以上でしたが、処理速度が70と極端に低く、ワーキングメモリーが平均以上という結果でした。小・中学校ではノートをほとんど書かずに過ごしました。時間の感覚、先の見通しが甘く、何事もギリギリ、提出物も忘れることも多かったです。それでも、頑張って受験勉強をし、偏差値が48くらいの都立高校に入りました。高校1年生の頃は、受験勉強の名残もあり、生まれて初めての5をもらうなど成績も良かったです。しかし、校則が厳しく自由がない学校が嫌になってしまったようで、生活が荒れ始めました。高校生になって、ラッパーになると言って音楽作りをはじめたのですが、高校の先生や他の生徒から「ラッパーなんて夢みたいなことを言っていないで、現実を見ろ」といわれるようなことがあり、その反発もあったようです。今年6月に、本人から音楽を作ることに専念したいので、高校を辞めて通信制高校に行きたいと言われました。自分で行きたい学校名も調べていて、「規則に縛られない方が、自分は規則正しい生活ができる」と言っていました。確かに高校1年生の時は、食事や体に気をつけ健康的な生活を心がけて頑張っていました。その姿を見ていたので、環境が変わればと思い、7月に通信制高校に編入しました。また、夏には英語力をあげたいと言って３週間海外に語学留学をしました。夢に向かって頑張っていると思い安心していたのですが・・・。留学から戻ってきてから全く勉強しなくなってしまいました。レポートやスクリーニングもせず、毎日遅くまで起きていて、昼頃に起きるという生活です。ラップの方は、自分で曲を作り、7月から10月までにライブに3回ほど出て、細々とですが前進しているようです。ライブやビデオを作るのにお金がかかるとのことで、週に2~3日、日雇いの肉体労働をしています。肉体労働をした次の日は疲れて勉強などしません。そのような姿を見て、私も心配になり、計画的に勉強して欲しいあまり、レポートをしたりスクリーニングに行ったら仕事がわりにお金を少し出す渡すから、アルバイトに行かずに学校に行くように声をかけました。しかし、勉強をするそぶりはありません。その声かけが逆効果になってしまったのか、10月になって、ラップが大切な時期だから、通信制高校を辞めたいと言い始めました。ラッパーとして成功するには今しかない、自分は色々なことを同時にできないから高校も続けられない、ラップに関わるお金は自分で稼ぎたいということです。しかし、私としては、ラッパーという不確かな将来像、かつ、中卒では、将来の選択肢が狭まってしまうのではないかと考えて不安が募るばかりです。彼の作る音楽も聴いたことがあるのですが、親の贔屓目をもってしても、正直「才能」があるとは思えません。高校ついては、自分で卒業すると約束して転入したということもあり、辞めないように伝えていますが、「俺のことを信じていないのか」「邪魔をするな」と怒ってしまいます。私もつい感情的になり、「好きなことばかりでは生きていけない、やるべきことをしっかりやることができない人は何もできない」などと言ってしまい、口論になっています。私は息子が「こんな家出て行ってやる」というたびに「そうしたいならどうぞ」と突き放してしまいますが、夫は家が安心できる居場所になるようにしようと言って、温かい声かけをしています。夫の献身的な愛により、息子は街をフラフラとはしていますが、門限である23時には大抵帰ってきます。夫は息子が高校を辞めるということも心配はしているようですが、本人がどうしてもというなら認めると思います。不安よりラッパーとして成功することを心の底から応援しているようです。ラッパーという職業は、不安定ということもありますし、薬物などの問題もあり、品行方正でいるのは難しい世界だと思います。今も、品行方正とは言えず、付き合っている友達もヤンチャ系の友達が多いです。高校を辞める辞めないの問題だけでなく、将来どうなってしまうのだろうという不安が正直強いです。私は心配のあまり余計なことばかり言っていると反省していますが、高校を辞めることは、どうしても認められません。現在は、息子は学校に行っていない、勉強はしていない状態ですが、以前のように声をかけるのをやめて、そっとしている状態です。しかし、これを永遠に続けるわけには行きません。これから私はどうしたらいいでしょうか。 / 特別支援学級（中学校）卒業後の進路先は？発達障害がある子どもが将来を見据えた学校選びをするには？高卒資格や大学受験資格の解説、学校選びのポイント,Google_competitor | KWP_KeywordSeed,,
2_新しい組み合わせ,シチュエーション・出来事/時期・節目 × 解決手段/家庭教師,4,120,夏休み 家庭 教師 / 家庭 教師 夏休み だけ / 家庭 教師 夏休み だけ バイト / 夏休み 家庭 教師 バイト,KWP_KeywordSeed,,
2_新しい組み合わせ,保護者の悩み/将来・進路不安 × 学習課題/集中・注意,4,100,不安 で 集中 できない / 不安 集中 できない / 目 の 前 の こと に 集中 できない 不安 / 集中 できない 不安,KWP_KeywordSeed,,
2_新しい組み合わせ,学習課題/教科 × 検討行動/比較・おすすめ,4,40,家庭 教師 社会 人 おすすめ / 英語 塾 選び方,KWP_KeywordSeed,,
2_新しい組み合わせ,保護者の悩み/将来・進路不安 × 学習課題/勉強できない・しない,4,30,中学生 勉強 しない 将来 / 勉強 しない 中学生 将来 / 発達障害 勉強 しない 将来 / 中学生が勉強しないことの将来的なリスク,Google_competitor | Google_related_search | KWP_KeywordSeed,,
2_新しい組み合わせ,学習課題/教科 × 解決手段/教材・通信教育・アプリ,4,30,発達 障害 国語 プリント / 学習 障害 算数 アプリ / 発達障害と不登校、家庭教師をつけた方いらっしゃいますか？現在中１男子です。小５で一度不登校になり、その後は学校には週３くらいの別室登校を続けています。小６のときにWISCを受けて、言語が非常に高く、処理速度が低く50くらいの差があります。病院では自閉スペクトラム症、ASDと言われています。小学校までは学業での困りごとはなく、登校しなくても授業についていけて、漢字テストなど満点を取ったりしていましたが、中学ではそんなに上手くいくはずもなく、勉強せずに授業にも出ていないので点数は悪く、提出物も出していないようです。夫は学校に行かなくてもいいから、勉強だけでもやってくれ、といいます。私は部活もやらず友人から取り残されて行くのが心配だし、世界を広げてほしい…と思っています。本人は、やりたくない事はやりたくない。やる気になれない。社会以外の勉強はやる気がない。特に困りごとはない。誰かに教えてもらうのはイヤ。先のことは考えていない、考えたくない、と言います。ただ、一応試験前には自分からタブレット学習を少しやります。(普段はやらない)本人がそんな状態で、家庭教師ってどうなのかな、と思って、当事者の方や皆様の経験など教えていただければと思いました。発達障害や不登校に対応できる家庭教師など、調べると出てくるのですが、どうなのでしょうか。本人の意思がないので、難しいのはわかっているのですが…勉強の仕方もわからないだろうし、人との出会いが無いのでコミュニケーションの力もつけてほしい。本当は個別指導などに行けたらいいのですが、新しいところが苦手で本人のやる気なし。いいきっかけになれるのか、嫌なことを無理強いになってしまうのか。ご意見お聞かせください。 / 小５ 高機能広汎性発達障害の息子の塾の通塾で今悩んでいます。中学受験をするか親は悩みつつ、本人は受験したいと言いやる気があるので、ひとまず小４秋から大手進学塾へ通塾しています。息子は気分に非常にムラがあり、塾で頻繁に迷惑をかけつづけており、この先どうしたらいいか悩んでいます。迷惑レベルは、社会や理科の授業で余談的な話になったとき息子一人が授業に参加しすぎるあまり熱くなりおしゃべりしすぎてしまい、注意されると、暴言を吐きまくり、泣きまくり、とにかく授業の邪魔に度々最近なってしまっています。そのことを塾から親が注意をうけ、塾から遠回しに自主的に辞めてほしいという言われかたを今や、今まで何度もされています。息子に何度も迷惑態度を辞めるようキツく注意はしても、約束をしても、注意をすぐ忘れてしまい何度も何度も失敗してしまっています。息子は注意のことは忘れて、周りが怒っていても気にせず塾の授業を毎回楽しんで通っています。日に日に周りも成績やら進路にピリピリしてきているので通塾の送迎が親が辛くなっている状況に今なっています。息子の成績が一応順調に今の成績らへんで進むと、志望校には届くかも…な状況になっています。転塾や、通信教育を息子に勧めてみましたが、今の塾がいいらしく、環境を変える話をすると息子は取り乱し激しく泣いたり愚図ってしまいます。この先、塾からの注意は無視して息子には最低限の注意だけにして、しれっと通い続けるか、無理にでも親が中学受験を諦めさせるか、転塾させるか、どの方法が息子にとっていいのか悩んでいます。息子は勉強と今の塾はすごく好きだし、宿題の多いハードな塾なのに頑張ってノルマ的な宿題は必ずやりきったりやる気はあるのですが、、態度が悪くて困っています。,Google_competitor | KWP_KeywordSeed,,
2_新しい組み合わせ,学習課題/宿題・テスト・成績 × 解決手段/オンライン家庭教師・オンライン塾,4,30,オンライン 宿題 / オンライン 授業 宿題 / 宿題 オンライン / 成績保証付きプロ家庭教師全国オンライン対応の全国家庭教師協会,Google_competitor | KWP_KeywordSeed,,
2_新しい組み合わせ,シチュエーション・出来事/時期・節目 × 解決手段/発達障害専門・支援,4,30,特別 支援 夏休み の 宿題 / 特別 支援 学校 夏休み 宿題 / 特別 支援 学級 夏休み の 宿題 / グレーゾーンの中学三年生の娘がいます 普通学級です。 高校受験に、悩んでいます 普通の高校で、やっていけるのか 本人も私も不安なのです 娘は、少ないですが友達も出来、いじめられずに なんとか行けてますが 先生からの連絡や、親に手紙を渡すのを 忘れたり、制服を忘れたり、(部活して着替えたら制服を忘れた) または、先生からの連絡を 全く聞いてないことも多々あります！ 私が知る限りでは、この程度ですが おそらく学校では、もっと やらかしているように思えます。 小学校入学前に一年、療育へ通ってました 診断は、もらってません。 そこまでの検査を療育の先生からの見解で とどまりました。 高校受験をふまえて 特別支援学校の見学を考えています 同じようなお子さまを育ててらっしゃる保護者の 方々にご意見を いただきたいです。 グレーゾーンぐらいなら普通高校でやっていけるのか 特別支援学校の様子など教えていただけると ありがたいです,Google_competitor | KWP_KeywordSeed,,
2_新しい組み合わせ,学習課題/授業・学校についていけない × 解決手段/教材・通信教育・アプリ,4,0,発達障害と不登校、家庭教師をつけた方いらっしゃいますか？現在中１男子です。小５で一度不登校になり、その後は学校には週３くらいの別室登校を続けています。小６のときにWISCを受けて、言語が非常に高く、処理速度が低く50くらいの差があります。病院では自閉スペクトラム症、ASDと言われています。小学校までは学業での困りごとはなく、登校しなくても授業についていけて、漢字テストなど満点を取ったりしていましたが、中学ではそんなに上手くいくはずもなく、勉強せずに授業にも出ていないので点数は悪く、提出物も出していないようです。夫は学校に行かなくてもいいから、勉強だけでもやってくれ、といいます。私は部活もやらず友人から取り残されて行くのが心配だし、世界を広げてほしい…と思っています。本人は、やりたくない事はやりたくない。やる気になれない。社会以外の勉強はやる気がない。特に困りごとはない。誰かに教えてもらうのはイヤ。先のことは考えていない、考えたくない、と言います。ただ、一応試験前には自分からタブレット学習を少しやります。(普段はやらない)本人がそんな状態で、家庭教師ってどうなのかな、と思って、当事者の方や皆様の経験など教えていただければと思いました。発達障害や不登校に対応できる家庭教師など、調べると出てくるのですが、どうなのでしょうか。本人の意思がないので、難しいのはわかっているのですが…勉強の仕方もわからないだろうし、人との出会いが無いのでコミュニケーションの力もつけてほしい。本当は個別指導などに行けたらいいのですが、新しいところが苦手で本人のやる気なし。いいきっかけになれるのか、嫌なことを無理強いになってしまうのか。ご意見お聞かせください。 / 不登校、発達障がい、自宅学習についてみなさんどのようにとりくまれてますか。不登校歴もう4年やっとこフリースクールにはいけるようになりましたが、学習や生活習慣が身につきません。身につかないというより気のりしないからやれない声をかけ続けてやっとできる感じです。フリースクールは遊んでいるだけなので１日朝、晩15分でも学習をして欲しいのです。学校に戻ってとは思いませんが通信高校に行くにしても、自主的に時間になったら映像授業ログインしなければ単位だってとれないと思います。自宅学習や目標の持たせ方、どんな教材を使ってるか教えて下さい。ひきこもり気味だったので塾は無理でした。 / 小５ 高機能広汎性発達障害の息子の塾の通塾で今悩んでいます。中学受験をするか親は悩みつつ、本人は受験したいと言いやる気があるので、ひとまず小４秋から大手進学塾へ通塾しています。息子は気分に非常にムラがあり、塾で頻繁に迷惑をかけつづけており、この先どうしたらいいか悩んでいます。迷惑レベルは、社会や理科の授業で余談的な話になったとき息子一人が授業に参加しすぎるあまり熱くなりおしゃべりしすぎてしまい、注意されると、暴言を吐きまくり、泣きまくり、とにかく授業の邪魔に度々最近なってしまっています。そのことを塾から親が注意をうけ、塾から遠回しに自主的に辞めてほしいという言われかたを今や、今まで何度もされています。息子に何度も迷惑態度を辞めるようキツく注意はしても、約束をしても、注意をすぐ忘れてしまい何度も何度も失敗してしまっています。息子は注意のことは忘れて、周りが怒っていても気にせず塾の授業を毎回楽しんで通っています。日に日に周りも成績やら進路にピリピリしてきているので通塾の送迎が親が辛くなっている状況に今なっています。息子の成績が一応順調に今の成績らへんで進むと、志望校には届くかも…な状況になっています。転塾や、通信教育を息子に勧めてみましたが、今の塾がいいらしく、環境を変える話をすると息子は取り乱し激しく泣いたり愚図ってしまいます。この先、塾からの注意は無視して息子には最低限の注意だけにして、しれっと通い続けるか、無理にでも親が中学受験を諦めさせるか、転塾させるか、どの方法が息子にとっていいのか悩んでいます。息子は勉強と今の塾はすごく好きだし、宿題の多いハードな塾なのに頑張ってノルマ的な宿題は必ずやりきったりやる気はあるのですが、、態度が悪くて困っています。 / 発達障害をもつ中学生の定期テスト対策やサポートどのようにしていますか？ 中１の息子はADHDとASDを両方を持っていますが、知的には問題なく、中高一貫の進学校に合格しました。 ２日後 、初の定期テストがありますが、教科書も面倒だと持って帰らず、テスト範囲も先生の話を聞いていなくて分からないとのこと。 私のアドバイスもどこ吹く風。 勉強もいつもと同じ市販のドリルを同じ時間こなすだけのマイペースさです。 初めての定期テストなので仕方ないかと思う一方、テスト範囲すら気にしていない事に驚き、今後どのようにサポートすべきか悩んでいます。 小学校とは違い、教科毎に先生がいるので御手紙やメールで範囲を知らせて頂くのも迷惑かと思いますが、そういう方法しか思い浮かびません。 質問はスケジュール管理が困難な子のテスト範囲はどのような方法で把握していますか？ 親はどこまでサポートすべきでしょうか？ 学校に協力をお願い出来る部分があるとしたらどのような事でしょうか？ ちなみに、息子は勉強嫌いですが授業は大好きで、学校での大きな問題はありません。,Google_competitor,,
2_新しい組み合わせ,保護者の悩み/将来・進路不安 × 検討行動/体験・申込・相談,4,0,ご相談から自立学習力の確立、志望校合格まで / 【体験談】エネルギー回復＆不安を克服するには、自然と猫ちゃんが必要だった話 / 【体験談あり】高卒認定から就職できる？不利ってホント？真相を話します / 【体験談】通信制大学が学歴にならないはウソだった！就職を有利にする5つのコツも,Google_competitor,,
2_新しい組み合わせ,子どもの属性/学校種別 × 検討行動/体験・申込・相談,4,0,学校・塾に相談しよう|私立学校や塾も含む2024年義務化の合理的配慮と支援制度の活用法 / 【体験談】通信制大学が学歴にならないはウソだった！就職を有利にする5つのコツも / 通級の勉強遅れ。親のサポート以外に、補う方法はある？【勉強会体験】 / 通級指導教室の継続について4年生息子（ADHD）が2年生の頃から他校通級しています。こちらの地域では3年間となっていて、次年度も希望するのであれば、再度就学相談が必要です。学校では離席や整理整頓苦手、授業に集中できないことがあります。（授業を妨害するようなことはありません）友達もいてトラブルもなく、登校しぶりはありません。離席や授業中の問題はあり、学校で全く問題なく過ごせているとは言えない状況ですが、通級の落ち着いた環境では問題なく過ごせていて、しっかり学ぶことができた（できる）のではないかと思っています。来年度の就学相談は希望しないと伝えようと思うのですが、通級を卒級しても良いものか、5年生になって急に変化があったらどうしようと迷ってもいます。家での困りごともそれほどなく、年齢相応かと思います。通級の先生は良い方で、相談先がなくなってしまうことも気がかりです。経験談やアドバイス頂けると嬉しいです。よろしくお願いします。,Google_competitor,,
2_新しい組み合わせ,学習課題/教科 × 解決手段/フリースクール・居場所,3,230,英語 フリー スクール / 理科 フリー スクール マイム / 高校2年生、ADHDグレーゾーンの息子です。喉を鳴らす、顔をひそめるなどのトゥレット症もあります。小学校6年生からインチュニブを服用しています。素直でまっすぐですが、単純で騙されやすく傷つきやすいところがあります。また、能力に偏りがあり、小学校1年生でしたWISC-Ⅳでは、全知能IQは100以上でしたが、処理速度が70と極端に低く、ワーキングメモリーが平均以上という結果でした。小・中学校ではノートをほとんど書かずに過ごしました。時間の感覚、先の見通しが甘く、何事もギリギリ、提出物も忘れることも多かったです。それでも、頑張って受験勉強をし、偏差値が48くらいの都立高校に入りました。高校1年生の頃は、受験勉強の名残もあり、生まれて初めての5をもらうなど成績も良かったです。しかし、校則が厳しく自由がない学校が嫌になってしまったようで、生活が荒れ始めました。高校生になって、ラッパーになると言って音楽作りをはじめたのですが、高校の先生や他の生徒から「ラッパーなんて夢みたいなことを言っていないで、現実を見ろ」といわれるようなことがあり、その反発もあったようです。今年6月に、本人から音楽を作ることに専念したいので、高校を辞めて通信制高校に行きたいと言われました。自分で行きたい学校名も調べていて、「規則に縛られない方が、自分は規則正しい生活ができる」と言っていました。確かに高校1年生の時は、食事や体に気をつけ健康的な生活を心がけて頑張っていました。その姿を見ていたので、環境が変わればと思い、7月に通信制高校に編入しました。また、夏には英語力をあげたいと言って３週間海外に語学留学をしました。夢に向かって頑張っていると思い安心していたのですが・・・。留学から戻ってきてから全く勉強しなくなってしまいました。レポートやスクリーニングもせず、毎日遅くまで起きていて、昼頃に起きるという生活です。ラップの方は、自分で曲を作り、7月から10月までにライブに3回ほど出て、細々とですが前進しているようです。ライブやビデオを作るのにお金がかかるとのことで、週に2~3日、日雇いの肉体労働をしています。肉体労働をした次の日は疲れて勉強などしません。そのような姿を見て、私も心配になり、計画的に勉強して欲しいあまり、レポートをしたりスクリーニングに行ったら仕事がわりにお金を少し出す渡すから、アルバイトに行かずに学校に行くように声をかけました。しかし、勉強をするそぶりはありません。その声かけが逆効果になってしまったのか、10月になって、ラップが大切な時期だから、通信制高校を辞めたいと言い始めました。ラッパーとして成功するには今しかない、自分は色々なことを同時にできないから高校も続けられない、ラップに関わるお金は自分で稼ぎたいということです。しかし、私としては、ラッパーという不確かな将来像、かつ、中卒では、将来の選択肢が狭まってしまうのではないかと考えて不安が募るばかりです。彼の作る音楽も聴いたことがあるのですが、親の贔屓目をもってしても、正直「才能」があるとは思えません。高校ついては、自分で卒業すると約束して転入したということもあり、辞めないように伝えていますが、「俺のことを信じていないのか」「邪魔をするな」と怒ってしまいます。私もつい感情的になり、「好きなことばかりでは生きていけない、やるべきことをしっかりやることができない人は何もできない」などと言ってしまい、口論になっています。私は息子が「こんな家出て行ってやる」というたびに「そうしたいならどうぞ」と突き放してしまいますが、夫は家が安心できる居場所になるようにしようと言って、温かい声かけをしています。夫の献身的な愛により、息子は街をフラフラとはしていますが、門限である23時には大抵帰ってきます。夫は息子が高校を辞めるということも心配はしているようですが、本人がどうしてもというなら認めると思います。不安よりラッパーとして成功することを心の底から応援しているようです。ラッパーという職業は、不安定ということもありますし、薬物などの問題もあり、品行方正でいるのは難しい世界だと思います。今も、品行方正とは言えず、付き合っている友達もヤンチャ系の友達が多いです。高校を辞める辞めないの問題だけでなく、将来どうなってしまうのだろうという不安が正直強いです。私は心配のあまり余計なことばかり言っていると反省していますが、高校を辞めることは、どうしても認められません。現在は、息子は学校に行っていない、勉強はしていない状態ですが、以前のように声をかけるのをやめて、そっとしている状態です。しかし、これを永遠に続けるわけには行きません。これから私はどうしたらいいでしょうか。,Google_competitor | KWP_KeywordSeed,,
2_新しい組み合わせ,保護者の悩み/親が教えられない × 解決手段/療育・福祉サービス,3,180,親子 療育 / 親子 療育 と は,KWP_KeywordSeed,,
2_新しい組み合わせ,学習課題/勉強できない・しない × 解決手段/フリースクール・居場所,3,150,フリー スクール 勉強 しない,KWP_KeywordSeed,,
2_新しい組み合わせ,子どもの属性/受験生 × 検討行動/合わない・乗り換え,3,140,中学 受験 やめたい / 高校2年生、ADHDグレーゾーンの息子です。喉を鳴らす、顔をひそめるなどのトゥレット症もあります。小学校6年生からインチュニブを服用しています。素直でまっすぐですが、単純で騙されやすく傷つきやすいところがあります。また、能力に偏りがあり、小学校1年生でしたWISC-Ⅳでは、全知能IQは100以上でしたが、処理速度が70と極端に低く、ワーキングメモリーが平均以上という結果でした。小・中学校ではノートをほとんど書かずに過ごしました。時間の感覚、先の見通しが甘く、何事もギリギリ、提出物も忘れることも多かったです。それでも、頑張って受験勉強をし、偏差値が48くらいの都立高校に入りました。高校1年生の頃は、受験勉強の名残もあり、生まれて初めての5をもらうなど成績も良かったです。しかし、校則が厳しく自由がない学校が嫌になってしまったようで、生活が荒れ始めました。高校生になって、ラッパーになると言って音楽作りをはじめたのですが、高校の先生や他の生徒から「ラッパーなんて夢みたいなことを言っていないで、現実を見ろ」といわれるようなことがあり、その反発もあったようです。今年6月に、本人から音楽を作ることに専念したいので、高校を辞めて通信制高校に行きたいと言われました。自分で行きたい学校名も調べていて、「規則に縛られない方が、自分は規則正しい生活ができる」と言っていました。確かに高校1年生の時は、食事や体に気をつけ健康的な生活を心がけて頑張っていました。その姿を見ていたので、環境が変わればと思い、7月に通信制高校に編入しました。また、夏には英語力をあげたいと言って３週間海外に語学留学をしました。夢に向かって頑張っていると思い安心していたのですが・・・。留学から戻ってきてから全く勉強しなくなってしまいました。レポートやスクリーニングもせず、毎日遅くまで起きていて、昼頃に起きるという生活です。ラップの方は、自分で曲を作り、7月から10月までにライブに3回ほど出て、細々とですが前進しているようです。ライブやビデオを作るのにお金がかかるとのことで、週に2~3日、日雇いの肉体労働をしています。肉体労働をした次の日は疲れて勉強などしません。そのような姿を見て、私も心配になり、計画的に勉強して欲しいあまり、レポートをしたりスクリーニングに行ったら仕事がわりにお金を少し出す渡すから、アルバイトに行かずに学校に行くように声をかけました。しかし、勉強をするそぶりはありません。その声かけが逆効果になってしまったのか、10月になって、ラップが大切な時期だから、通信制高校を辞めたいと言い始めました。ラッパーとして成功するには今しかない、自分は色々なことを同時にできないから高校も続けられない、ラップに関わるお金は自分で稼ぎたいということです。しかし、私としては、ラッパーという不確かな将来像、かつ、中卒では、将来の選択肢が狭まってしまうのではないかと考えて不安が募るばかりです。彼の作る音楽も聴いたことがあるのですが、親の贔屓目をもってしても、正直「才能」があるとは思えません。高校ついては、自分で卒業すると約束して転入したということもあり、辞めないように伝えていますが、「俺のことを信じていないのか」「邪魔をするな」と怒ってしまいます。私もつい感情的になり、「好きなことばかりでは生きていけない、やるべきことをしっかりやることができない人は何もできない」などと言ってしまい、口論になっています。私は息子が「こんな家出て行ってやる」というたびに「そうしたいならどうぞ」と突き放してしまいますが、夫は家が安心できる居場所になるようにしようと言って、温かい声かけをしています。夫の献身的な愛により、息子は街をフラフラとはしていますが、門限である23時には大抵帰ってきます。夫は息子が高校を辞めるということも心配はしているようですが、本人がどうしてもというなら認めると思います。不安よりラッパーとして成功することを心の底から応援しているようです。ラッパーという職業は、不安定ということもありますし、薬物などの問題もあり、品行方正でいるのは難しい世界だと思います。今も、品行方正とは言えず、付き合っている友達もヤンチャ系の友達が多いです。高校を辞める辞めないの問題だけでなく、将来どうなってしまうのだろうという不安が正直強いです。私は心配のあまり余計なことばかり言っていると反省していますが、高校を辞めることは、どうしても認められません。現在は、息子は学校に行っていない、勉強はしていない状態ですが、以前のように声をかけるのをやめて、そっとしている状態です。しかし、これを永遠に続けるわけには行きません。これから私はどうしたらいいでしょうか。 / 【中学受験】「発達障害」と告げた瞬間、塾に断られた...この子、どこにも行けないの？〜諦めないで。理解ある環境は、必ずあります〜,Google_competitor | KWP_KeywordSeed,,
2_新しい組み合わせ,シチュエーション・出来事/時期・節目 × 解決手段/塾・個別指導,3,130,夏休み だけ 塾 小学生 / 夏休み 宿題 塾 / 夏休み の 宿題 塾,KWP_KeywordSeed,,
2_新しい組み合わせ,子どもの属性/高校生 × 検討行動/評判・口コミ,3,50,メガスタ 高校生 口コミ / 個別 指導 高校生 評判,KWP_KeywordSeed,,
2_新しい組み合わせ,保護者の悩み/塾が合わない・集団が苦手 × 検討行動/料金・費用,3,30,集団 塾 料金 / 集団 塾 料金 中学生 / 個別 塾 集団 塾 料金,KWP_KeywordSeed,,
2_新しい組み合わせ,保護者の悩み/塾が合わない・集団が苦手 × 子どもの属性/中学生,3,30,集団 塾 料金 中学生 / 中 3 塾 合わ ない / 塾 合わ ない 中学生,KWP_KeywordSeed,,
2_新しい組み合わせ,子どもの属性/学校種別 × 検討行動/評判・口コミ,3,20,メガスタ 私立 口コミ / 【体験談】通信制大学が学歴にならないはウソだった！就職を有利にする5つのコツも,Google_competitor | KWP_KeywordSeed,,
2_新しい組み合わせ,学習課題/受験・進路 × 検討行動/評判・口コミ,3,20,四谷 進学会 家庭 教師 口コミ / 中学 受験 個別 指導 評判 / 【体験談あり】高卒認定は大学受験で不利になる？ AO・推薦・一般ごとに解説,Google_competitor | KWP_KeywordSeed,,
2_新しい組み合わせ,保護者の悩み/家で勉強しない × 学習課題/勉強方法,3,10,中学生 自宅 学習 方法 / 発達障害の子どもの勉強方法と楽しい家庭学習のコツ / 発達障害の子が通う塾について。 私の子供は小学5年生の高機能自閉症で、知的な遅れはありませんが物事をイメージするのが苦手です。 発達障害の子が通う塾はどういう場所が良いのでしょうか？ また、多動や暴れたりなどはなく普通に授業も受けられるのですが、全体指示が通りにくく髪をいじったり等気が散ってしまいがちです。 塾に子供に障害がある事や特性等もも話した方が良いですか？ 家で勉強が教えられない訳ではないのですが、親が教えると嫌がるので困っています。 こういった子におすすめの塾や勉強法があれば教えて頂けませんでしょうか？ よろしくお願いします。,Google_competitor | KWP_KeywordSeed,,
2_新しい組み合わせ,学習課題/勉強できない・しない × 解決手段/教材・通信教育・アプリ,3,0,発達障害と不登校、家庭教師をつけた方いらっしゃいますか？現在中１男子です。小５で一度不登校になり、その後は学校には週３くらいの別室登校を続けています。小６のときにWISCを受けて、言語が非常に高く、処理速度が低く50くらいの差があります。病院では自閉スペクトラム症、ASDと言われています。小学校までは学業での困りごとはなく、登校しなくても授業についていけて、漢字テストなど満点を取ったりしていましたが、中学ではそんなに上手くいくはずもなく、勉強せずに授業にも出ていないので点数は悪く、提出物も出していないようです。夫は学校に行かなくてもいいから、勉強だけでもやってくれ、といいます。私は部活もやらず友人から取り残されて行くのが心配だし、世界を広げてほしい…と思っています。本人は、やりたくない事はやりたくない。やる気になれない。社会以外の勉強はやる気がない。特に困りごとはない。誰かに教えてもらうのはイヤ。先のことは考えていない、考えたくない、と言います。ただ、一応試験前には自分からタブレット学習を少しやります。(普段はやらない)本人がそんな状態で、家庭教師ってどうなのかな、と思って、当事者の方や皆様の経験など教えていただければと思いました。発達障害や不登校に対応できる家庭教師など、調べると出てくるのですが、どうなのでしょうか。本人の意思がないので、難しいのはわかっているのですが…勉強の仕方もわからないだろうし、人との出会いが無いのでコミュニケーションの力もつけてほしい。本当は個別指導などに行けたらいいのですが、新しいところが苦手で本人のやる気なし。いいきっかけになれるのか、嫌なことを無理強いになってしまうのか。ご意見お聞かせください。 / 小５ 高機能広汎性発達障害の息子の塾の通塾で今悩んでいます。中学受験をするか親は悩みつつ、本人は受験したいと言いやる気があるので、ひとまず小４秋から大手進学塾へ通塾しています。息子は気分に非常にムラがあり、塾で頻繁に迷惑をかけつづけており、この先どうしたらいいか悩んでいます。迷惑レベルは、社会や理科の授業で余談的な話になったとき息子一人が授業に参加しすぎるあまり熱くなりおしゃべりしすぎてしまい、注意されると、暴言を吐きまくり、泣きまくり、とにかく授業の邪魔に度々最近なってしまっています。そのことを塾から親が注意をうけ、塾から遠回しに自主的に辞めてほしいという言われかたを今や、今まで何度もされています。息子に何度も迷惑態度を辞めるようキツく注意はしても、約束をしても、注意をすぐ忘れてしまい何度も何度も失敗してしまっています。息子は注意のことは忘れて、周りが怒っていても気にせず塾の授業を毎回楽しんで通っています。日に日に周りも成績やら進路にピリピリしてきているので通塾の送迎が親が辛くなっている状況に今なっています。息子の成績が一応順調に今の成績らへんで進むと、志望校には届くかも…な状況になっています。転塾や、通信教育を息子に勧めてみましたが、今の塾がいいらしく、環境を変える話をすると息子は取り乱し激しく泣いたり愚図ってしまいます。この先、塾からの注意は無視して息子には最低限の注意だけにして、しれっと通い続けるか、無理にでも親が中学受験を諦めさせるか、転塾させるか、どの方法が息子にとっていいのか悩んでいます。息子は勉強と今の塾はすごく好きだし、宿題の多いハードな塾なのに頑張ってノルマ的な宿題は必ずやりきったりやる気はあるのですが、、態度が悪くて困っています。 / 発達障害をもつ中学生の定期テスト対策やサポートどのようにしていますか？ 中１の息子はADHDとASDを両方を持っていますが、知的には問題なく、中高一貫の進学校に合格しました。 ２日後 、初の定期テストがありますが、教科書も面倒だと持って帰らず、テスト範囲も先生の話を聞いていなくて分からないとのこと。 私のアドバイスもどこ吹く風。 勉強もいつもと同じ市販のドリルを同じ時間こなすだけのマイペースさです。 初めての定期テストなので仕方ないかと思う一方、テスト範囲すら気にしていない事に驚き、今後どのようにサポートすべきか悩んでいます。 小学校とは違い、教科毎に先生がいるので御手紙やメールで範囲を知らせて頂くのも迷惑かと思いますが、そういう方法しか思い浮かびません。 質問はスケジュール管理が困難な子のテスト範囲はどのような方法で把握していますか？ 親はどこまでサポートすべきでしょうか？ 学校に協力をお願い出来る部分があるとしたらどのような事でしょうか？ ちなみに、息子は勉強嫌いですが授業は大好きで、学校での大きな問題はありません。,Google_competitor,,
2_新しい組み合わせ,学習課題/宿題・テスト・成績 × 解決手段/教材・通信教育・アプリ,3,0,発達障害と不登校、家庭教師をつけた方いらっしゃいますか？現在中１男子です。小５で一度不登校になり、その後は学校には週３くらいの別室登校を続けています。小６のときにWISCを受けて、言語が非常に高く、処理速度が低く50くらいの差があります。病院では自閉スペクトラム症、ASDと言われています。小学校までは学業での困りごとはなく、登校しなくても授業についていけて、漢字テストなど満点を取ったりしていましたが、中学ではそんなに上手くいくはずもなく、勉強せずに授業にも出ていないので点数は悪く、提出物も出していないようです。夫は学校に行かなくてもいいから、勉強だけでもやってくれ、といいます。私は部活もやらず友人から取り残されて行くのが心配だし、世界を広げてほしい…と思っています。本人は、やりたくない事はやりたくない。やる気になれない。社会以外の勉強はやる気がない。特に困りごとはない。誰かに教えてもらうのはイヤ。先のことは考えていない、考えたくない、と言います。ただ、一応試験前には自分からタブレット学習を少しやります。(普段はやらない)本人がそんな状態で、家庭教師ってどうなのかな、と思って、当事者の方や皆様の経験など教えていただければと思いました。発達障害や不登校に対応できる家庭教師など、調べると出てくるのですが、どうなのでしょうか。本人の意思がないので、難しいのはわかっているのですが…勉強の仕方もわからないだろうし、人との出会いが無いのでコミュニケーションの力もつけてほしい。本当は個別指導などに行けたらいいのですが、新しいところが苦手で本人のやる気なし。いいきっかけになれるのか、嫌なことを無理強いになってしまうのか。ご意見お聞かせください。 / 小５ 高機能広汎性発達障害の息子の塾の通塾で今悩んでいます。中学受験をするか親は悩みつつ、本人は受験したいと言いやる気があるので、ひとまず小４秋から大手進学塾へ通塾しています。息子は気分に非常にムラがあり、塾で頻繁に迷惑をかけつづけており、この先どうしたらいいか悩んでいます。迷惑レベルは、社会や理科の授業で余談的な話になったとき息子一人が授業に参加しすぎるあまり熱くなりおしゃべりしすぎてしまい、注意されると、暴言を吐きまくり、泣きまくり、とにかく授業の邪魔に度々最近なってしまっています。そのことを塾から親が注意をうけ、塾から遠回しに自主的に辞めてほしいという言われかたを今や、今まで何度もされています。息子に何度も迷惑態度を辞めるようキツく注意はしても、約束をしても、注意をすぐ忘れてしまい何度も何度も失敗してしまっています。息子は注意のことは忘れて、周りが怒っていても気にせず塾の授業を毎回楽しんで通っています。日に日に周りも成績やら進路にピリピリしてきているので通塾の送迎が親が辛くなっている状況に今なっています。息子の成績が一応順調に今の成績らへんで進むと、志望校には届くかも…な状況になっています。転塾や、通信教育を息子に勧めてみましたが、今の塾がいいらしく、環境を変える話をすると息子は取り乱し激しく泣いたり愚図ってしまいます。この先、塾からの注意は無視して息子には最低限の注意だけにして、しれっと通い続けるか、無理にでも親が中学受験を諦めさせるか、転塾させるか、どの方法が息子にとっていいのか悩んでいます。息子は勉強と今の塾はすごく好きだし、宿題の多いハードな塾なのに頑張ってノルマ的な宿題は必ずやりきったりやる気はあるのですが、、態度が悪くて困っています。 / 発達障害をもつ中学生の定期テスト対策やサポートどのようにしていますか？ 中１の息子はADHDとASDを両方を持っていますが、知的には問題なく、中高一貫の進学校に合格しました。 ２日後 、初の定期テストがありますが、教科書も面倒だと持って帰らず、テスト範囲も先生の話を聞いていなくて分からないとのこと。 私のアドバイスもどこ吹く風。 勉強もいつもと同じ市販のドリルを同じ時間こなすだけのマイペースさです。 初めての定期テストなので仕方ないかと思う一方、テスト範囲すら気にしていない事に驚き、今後どのようにサポートすべきか悩んでいます。 小学校とは違い、教科毎に先生がいるので御手紙やメールで範囲を知らせて頂くのも迷惑かと思いますが、そういう方法しか思い浮かびません。 質問はスケジュール管理が困難な子のテスト範囲はどのような方法で把握していますか？ 親はどこまでサポートすべきでしょうか？ 学校に協力をお願い出来る部分があるとしたらどのような事でしょうか？ ちなみに、息子は勉強嫌いですが授業は大好きで、学校での大きな問題はありません。,Google_competitor,,
2_新しい組み合わせ,保護者の悩み/専門の先生を探す × 子どもの属性/高校生,3,0,発達障害(グレーゾーン)の特性に合わせた指導事例-発達障害専門の家庭教師（中学・高校受験）- / 【学年別】小学生・中学生・高校生発達特性に合わせた家庭教師プラン / 発達障害に理解のある高校の特徴と見分け方,Google_competitor,,
2_新しい組み合わせ,学習課題/勉強できない・しない × 解決手段/発達障害専門・支援,3,0,発達障害の子供の勉強はあきらめも大切ですか？ 小学校低学年の子供はADHDの不注意型です。学校の成績は悪く、家では家庭教師を雇ったり、親がかなり教えています。 ただ、集中力があまりにもなく、ワーキングメモリーも低いので頑張っても頑張ってもいろんな単元をならうと前のことは忘れてしまい、成績に反映しません。 繰り返し繰り返し勉強させてますが、本当に気が遠くなるほど記憶が抜け落ちてるんです。 誰ががとなりについていたらできたりしますが、本人が支援学級も泣いて嫌がるので普通学級です。 理解はしていても、学校でのテストの出題方法が家のワークとことなるとそれだけで集中が欠けたり、やる気も出ずに白紙で出したり。 テスト前は、親子で泣きながら夜遅くまで勉強します。そのときはできていても、翌日のテストでは白紙で提出もざら。 もう勉強はあきらめるべきでしょうか？ 親子でストレスかかえながら勉強させるよりも、のびのびと勉強以外のことを楽しませてあげたほうがよいのかな？とも思います。 / 家庭教師のあすなろ 勉強が苦手・不登校・発達障害のお子さん専門 / 勉強が苦手な子 専門の家庭教師,Google_competitor,,
2_新しい組み合わせ,学習課題/勉強方法 × 解決手段/発達障害専門・支援,3,0,読み書き困難指導・支援講座 ～子どもの味方の「教え方」～ / 発達障害の子の勉強方法｜家庭でできる学習サポートを元教員が解説 / テスト勉強の仕方が分からない、ケアレスミスが治らない…発達障害のある中学生、高校生の 定期テスト対策は？【専門家QA】,Google_competitor,,
2_新しい組み合わせ,保護者の悩み/将来・進路不安 × 子どもの属性/小学生,3,0,グレーゾーンの中学三年生の娘がいます 普通学級です。 高校受験に、悩んでいます 普通の高校で、やっていけるのか 本人も私も不安なのです 娘は、少ないですが友達も出来、いじめられずに なんとか行けてますが 先生からの連絡や、親に手紙を渡すのを 忘れたり、制服を忘れたり、(部活して着替えたら制服を忘れた) または、先生からの連絡を 全く聞いてないことも多々あります！ 私が知る限りでは、この程度ですが おそらく学校では、もっと やらかしているように思えます。 小学校入学前に一年、療育へ通ってました 診断は、もらってません。 そこまでの検査を療育の先生からの見解で とどまりました。 高校受験をふまえて 特別支援学校の見学を考えています 同じようなお子さまを育ててらっしゃる保護者の 方々にご意見を いただきたいです。 グレーゾーンぐらいなら普通高校でやっていけるのか 特別支援学校の様子など教えていただけると ありがたいです / 高校2年生、ADHDグレーゾーンの息子です。喉を鳴らす、顔をひそめるなどのトゥレット症もあります。小学校6年生からインチュニブを服用しています。素直でまっすぐですが、単純で騙されやすく傷つきやすいところがあります。また、能力に偏りがあり、小学校1年生でしたWISC-Ⅳでは、全知能IQは100以上でしたが、処理速度が70と極端に低く、ワーキングメモリーが平均以上という結果でした。小・中学校ではノートをほとんど書かずに過ごしました。時間の感覚、先の見通しが甘く、何事もギリギリ、提出物も忘れることも多かったです。それでも、頑張って受験勉強をし、偏差値が48くらいの都立高校に入りました。高校1年生の頃は、受験勉強の名残もあり、生まれて初めての5をもらうなど成績も良かったです。しかし、校則が厳しく自由がない学校が嫌になってしまったようで、生活が荒れ始めました。高校生になって、ラッパーになると言って音楽作りをはじめたのですが、高校の先生や他の生徒から「ラッパーなんて夢みたいなことを言っていないで、現実を見ろ」といわれるようなことがあり、その反発もあったようです。今年6月に、本人から音楽を作ることに専念したいので、高校を辞めて通信制高校に行きたいと言われました。自分で行きたい学校名も調べていて、「規則に縛られない方が、自分は規則正しい生活ができる」と言っていました。確かに高校1年生の時は、食事や体に気をつけ健康的な生活を心がけて頑張っていました。その姿を見ていたので、環境が変わればと思い、7月に通信制高校に編入しました。また、夏には英語力をあげたいと言って３週間海外に語学留学をしました。夢に向かって頑張っていると思い安心していたのですが・・・。留学から戻ってきてから全く勉強しなくなってしまいました。レポートやスクリーニングもせず、毎日遅くまで起きていて、昼頃に起きるという生活です。ラップの方は、自分で曲を作り、7月から10月までにライブに3回ほど出て、細々とですが前進しているようです。ライブやビデオを作るのにお金がかかるとのことで、週に2~3日、日雇いの肉体労働をしています。肉体労働をした次の日は疲れて勉強などしません。そのような姿を見て、私も心配になり、計画的に勉強して欲しいあまり、レポートをしたりスクリーニングに行ったら仕事がわりにお金を少し出す渡すから、アルバイトに行かずに学校に行くように声をかけました。しかし、勉強をするそぶりはありません。その声かけが逆効果になってしまったのか、10月になって、ラップが大切な時期だから、通信制高校を辞めたいと言い始めました。ラッパーとして成功するには今しかない、自分は色々なことを同時にできないから高校も続けられない、ラップに関わるお金は自分で稼ぎたいということです。しかし、私としては、ラッパーという不確かな将来像、かつ、中卒では、将来の選択肢が狭まってしまうのではないかと考えて不安が募るばかりです。彼の作る音楽も聴いたことがあるのですが、親の贔屓目をもってしても、正直「才能」があるとは思えません。高校ついては、自分で卒業すると約束して転入したということもあり、辞めないように伝えていますが、「俺のことを信じていないのか」「邪魔をするな」と怒ってしまいます。私もつい感情的になり、「好きなことばかりでは生きていけない、やるべきことをしっかりやることができない人は何もできない」などと言ってしまい、口論になっています。私は息子が「こんな家出て行ってやる」というたびに「そうしたいならどうぞ」と突き放してしまいますが、夫は家が安心できる居場所になるようにしようと言って、温かい声かけをしています。夫の献身的な愛により、息子は街をフラフラとはしていますが、門限である23時には大抵帰ってきます。夫は息子が高校を辞めるということも心配はしているようですが、本人がどうしてもというなら認めると思います。不安よりラッパーとして成功することを心の底から応援しているようです。ラッパーという職業は、不安定ということもありますし、薬物などの問題もあり、品行方正でいるのは難しい世界だと思います。今も、品行方正とは言えず、付き合っている友達もヤンチャ系の友達が多いです。高校を辞める辞めないの問題だけでなく、将来どうなってしまうのだろうという不安が正直強いです。私は心配のあまり余計なことばかり言っていると反省していますが、高校を辞めることは、どうしても認められません。現在は、息子は学校に行っていない、勉強はしていない状態ですが、以前のように声をかけるのをやめて、そっとしている状態です。しかし、これを永遠に続けるわけには行きません。これから私はどうしたらいいでしょうか。 / 小学校では大丈夫だったのに——中1・中2で急に崩れる4つの理由,Google_competitor,,
2_新しい組み合わせ,保護者の悩み/将来・進路不安 × 子どもの属性/高校生,3,0,グレーゾーンの中学三年生の娘がいます 普通学級です。 高校受験に、悩んでいます 普通の高校で、やっていけるのか 本人も私も不安なのです 娘は、少ないですが友達も出来、いじめられずに なんとか行けてますが 先生からの連絡や、親に手紙を渡すのを 忘れたり、制服を忘れたり、(部活して着替えたら制服を忘れた) または、先生からの連絡を 全く聞いてないことも多々あります！ 私が知る限りでは、この程度ですが おそらく学校では、もっと やらかしているように思えます。 小学校入学前に一年、療育へ通ってました 診断は、もらってません。 そこまでの検査を療育の先生からの見解で とどまりました。 高校受験をふまえて 特別支援学校の見学を考えています 同じようなお子さまを育ててらっしゃる保護者の 方々にご意見を いただきたいです。 グレーゾーンぐらいなら普通高校でやっていけるのか 特別支援学校の様子など教えていただけると ありがたいです / 高校2年生、ADHDグレーゾーンの息子です。喉を鳴らす、顔をひそめるなどのトゥレット症もあります。小学校6年生からインチュニブを服用しています。素直でまっすぐですが、単純で騙されやすく傷つきやすいところがあります。また、能力に偏りがあり、小学校1年生でしたWISC-Ⅳでは、全知能IQは100以上でしたが、処理速度が70と極端に低く、ワーキングメモリーが平均以上という結果でした。小・中学校ではノートをほとんど書かずに過ごしました。時間の感覚、先の見通しが甘く、何事もギリギリ、提出物も忘れることも多かったです。それでも、頑張って受験勉強をし、偏差値が48くらいの都立高校に入りました。高校1年生の頃は、受験勉強の名残もあり、生まれて初めての5をもらうなど成績も良かったです。しかし、校則が厳しく自由がない学校が嫌になってしまったようで、生活が荒れ始めました。高校生になって、ラッパーになると言って音楽作りをはじめたのですが、高校の先生や他の生徒から「ラッパーなんて夢みたいなことを言っていないで、現実を見ろ」といわれるようなことがあり、その反発もあったようです。今年6月に、本人から音楽を作ることに専念したいので、高校を辞めて通信制高校に行きたいと言われました。自分で行きたい学校名も調べていて、「規則に縛られない方が、自分は規則正しい生活ができる」と言っていました。確かに高校1年生の時は、食事や体に気をつけ健康的な生活を心がけて頑張っていました。その姿を見ていたので、環境が変わればと思い、7月に通信制高校に編入しました。また、夏には英語力をあげたいと言って３週間海外に語学留学をしました。夢に向かって頑張っていると思い安心していたのですが・・・。留学から戻ってきてから全く勉強しなくなってしまいました。レポートやスクリーニングもせず、毎日遅くまで起きていて、昼頃に起きるという生活です。ラップの方は、自分で曲を作り、7月から10月までにライブに3回ほど出て、細々とですが前進しているようです。ライブやビデオを作るのにお金がかかるとのことで、週に2~3日、日雇いの肉体労働をしています。肉体労働をした次の日は疲れて勉強などしません。そのような姿を見て、私も心配になり、計画的に勉強して欲しいあまり、レポートをしたりスクリーニングに行ったら仕事がわりにお金を少し出す渡すから、アルバイトに行かずに学校に行くように声をかけました。しかし、勉強をするそぶりはありません。その声かけが逆効果になってしまったのか、10月になって、ラップが大切な時期だから、通信制高校を辞めたいと言い始めました。ラッパーとして成功するには今しかない、自分は色々なことを同時にできないから高校も続けられない、ラップに関わるお金は自分で稼ぎたいということです。しかし、私としては、ラッパーという不確かな将来像、かつ、中卒では、将来の選択肢が狭まってしまうのではないかと考えて不安が募るばかりです。彼の作る音楽も聴いたことがあるのですが、親の贔屓目をもってしても、正直「才能」があるとは思えません。高校ついては、自分で卒業すると約束して転入したということもあり、辞めないように伝えていますが、「俺のことを信じていないのか」「邪魔をするな」と怒ってしまいます。私もつい感情的になり、「好きなことばかりでは生きていけない、やるべきことをしっかりやることができない人は何もできない」などと言ってしまい、口論になっています。私は息子が「こんな家出て行ってやる」というたびに「そうしたいならどうぞ」と突き放してしまいますが、夫は家が安心できる居場所になるようにしようと言って、温かい声かけをしています。夫の献身的な愛により、息子は街をフラフラとはしていますが、門限である23時には大抵帰ってきます。夫は息子が高校を辞めるということも心配はしているようですが、本人がどうしてもというなら認めると思います。不安よりラッパーとして成功することを心の底から応援しているようです。ラッパーという職業は、不安定ということもありますし、薬物などの問題もあり、品行方正でいるのは難しい世界だと思います。今も、品行方正とは言えず、付き合っている友達もヤンチャ系の友達が多いです。高校を辞める辞めないの問題だけでなく、将来どうなってしまうのだろうという不安が正直強いです。私は心配のあまり余計なことばかり言っていると反省していますが、高校を辞めることは、どうしても認められません。現在は、息子は学校に行っていない、勉強はしていない状態ですが、以前のように声をかけるのをやめて、そっとしている状態です。しかし、これを永遠に続けるわけには行きません。これから私はどうしたらいいでしょうか。 / 就職活動中の学生(高校3年、大学4年生)のみなさんへ,Google_competitor,,
2_新しい組み合わせ,子どもの属性/性別・本人 × 検討行動/合わない・乗り換え,3,0,高校2年生、ADHDグレーゾーンの息子です。喉を鳴らす、顔をひそめるなどのトゥレット症もあります。小学校6年生からインチュニブを服用しています。素直でまっすぐですが、単純で騙されやすく傷つきやすいところがあります。また、能力に偏りがあり、小学校1年生でしたWISC-Ⅳでは、全知能IQは100以上でしたが、処理速度が70と極端に低く、ワーキングメモリーが平均以上という結果でした。小・中学校ではノートをほとんど書かずに過ごしました。時間の感覚、先の見通しが甘く、何事もギリギリ、提出物も忘れることも多かったです。それでも、頑張って受験勉強をし、偏差値が48くらいの都立高校に入りました。高校1年生の頃は、受験勉強の名残もあり、生まれて初めての5をもらうなど成績も良かったです。しかし、校則が厳しく自由がない学校が嫌になってしまったようで、生活が荒れ始めました。高校生になって、ラッパーになると言って音楽作りをはじめたのですが、高校の先生や他の生徒から「ラッパーなんて夢みたいなことを言っていないで、現実を見ろ」といわれるようなことがあり、その反発もあったようです。今年6月に、本人から音楽を作ることに専念したいので、高校を辞めて通信制高校に行きたいと言われました。自分で行きたい学校名も調べていて、「規則に縛られない方が、自分は規則正しい生活ができる」と言っていました。確かに高校1年生の時は、食事や体に気をつけ健康的な生活を心がけて頑張っていました。その姿を見ていたので、環境が変わればと思い、7月に通信制高校に編入しました。また、夏には英語力をあげたいと言って３週間海外に語学留学をしました。夢に向かって頑張っていると思い安心していたのですが・・・。留学から戻ってきてから全く勉強しなくなってしまいました。レポートやスクリーニングもせず、毎日遅くまで起きていて、昼頃に起きるという生活です。ラップの方は、自分で曲を作り、7月から10月までにライブに3回ほど出て、細々とですが前進しているようです。ライブやビデオを作るのにお金がかかるとのことで、週に2~3日、日雇いの肉体労働をしています。肉体労働をした次の日は疲れて勉強などしません。そのような姿を見て、私も心配になり、計画的に勉強して欲しいあまり、レポートをしたりスクリーニングに行ったら仕事がわりにお金を少し出す渡すから、アルバイトに行かずに学校に行くように声をかけました。しかし、勉強をするそぶりはありません。その声かけが逆効果になってしまったのか、10月になって、ラップが大切な時期だから、通信制高校を辞めたいと言い始めました。ラッパーとして成功するには今しかない、自分は色々なことを同時にできないから高校も続けられない、ラップに関わるお金は自分で稼ぎたいということです。しかし、私としては、ラッパーという不確かな将来像、かつ、中卒では、将来の選択肢が狭まってしまうのではないかと考えて不安が募るばかりです。彼の作る音楽も聴いたことがあるのですが、親の贔屓目をもってしても、正直「才能」があるとは思えません。高校ついては、自分で卒業すると約束して転入したということもあり、辞めないように伝えていますが、「俺のことを信じていないのか」「邪魔をするな」と怒ってしまいます。私もつい感情的になり、「好きなことばかりでは生きていけない、やるべきことをしっかりやることができない人は何もできない」などと言ってしまい、口論になっています。私は息子が「こんな家出て行ってやる」というたびに「そうしたいならどうぞ」と突き放してしまいますが、夫は家が安心できる居場所になるようにしようと言って、温かい声かけをしています。夫の献身的な愛により、息子は街をフラフラとはしていますが、門限である23時には大抵帰ってきます。夫は息子が高校を辞めるということも心配はしているようですが、本人がどうしてもというなら認めると思います。不安よりラッパーとして成功することを心の底から応援しているようです。ラッパーという職業は、不安定ということもありますし、薬物などの問題もあり、品行方正でいるのは難しい世界だと思います。今も、品行方正とは言えず、付き合っている友達もヤンチャ系の友達が多いです。高校を辞める辞めないの問題だけでなく、将来どうなってしまうのだろうという不安が正直強いです。私は心配のあまり余計なことばかり言っていると反省していますが、高校を辞めることは、どうしても認められません。現在は、息子は学校に行っていない、勉強はしていない状態ですが、以前のように声をかけるのをやめて、そっとしている状態です。しかし、これを永遠に続けるわけには行きません。これから私はどうしたらいいでしょうか。 / 「指導は無理」と言われ塾、習い事を辞めた発達障害息子。絶望の淵で出会った先生の「神対応」【読者体験談】,Google_competitor,,
2_新しい組み合わせ,学習課題/宿題・テスト・成績 × 検討行動/比較・おすすめ,3,0,発達障害の子の宿題サポートにおすすめの外部支援って何がある？ / 宿題をしない発達障害の子をサポートする家庭教師なら「家庭教師のランナー」がおすすめ / 中学生テスト 特性のある子、発達障害・グレーゾーンのおすすめ勉強法,Google_competitor,,
2_新しい組み合わせ,学習課題/教科 × 検討行動/体験・申込・相談,3,0,「国語が苦手」を克服！無料体験授業 / 算数障がいの子どもに関する相談先・専門機関 / 算数障害（学習障害）の相談先・専門機関,Google_competitor,,
2_新しい組み合わせ,保護者の悩み/将来・進路不安 × 検討行動/評判・口コミ,3,0,【体験談】エネルギー回復＆不安を克服するには、自然と猫ちゃんが必要だった話 / 【体験談あり】高卒認定から就職できる？不利ってホント？真相を話します / 【体験談】通信制大学が学歴にならないはウソだった！就職を有利にする5つのコツも,Google_competitor,,
2_新しい組み合わせ,子どもの属性/幼児・未就学 × 検討行動/体験・申込・相談,2,210,就学 前 相談 グレー ゾーン / 一人ひとりに寄り添った 適切な支援を行います発達障がいのサポートに 特化した家庭教師実際の教師で体験OK幼児～高校まで幅広く対応幼児～高校まで対応創業1998年,Google_competitor | KWP_KeywordSeed,,
2_新しい組み合わせ,学習課題/受験・進路 × 検討行動/合わない・乗り換え,2,140,中学 受験 やめたい / 【中学受験】「発達障害」と告げた瞬間、塾に断られた...この子、どこにも行けないの？〜諦めないで。理解ある環境は、必ずあります〜,Google_competitor | KWP_KeywordSeed,,
2_新しい組み合わせ,保護者の悩み/家で勉強しない × 子どもの属性/受験生,2,130,中学 受験 しない 家庭 学習 / 中学 受験 自宅 学習,KWP_KeywordSeed,,
2_新しい組み合わせ,保護者の悩み/家で勉強しない × 学習課題/受験・進路,2,130,中学 受験 しない 家庭 学習 / 中学 受験 自宅 学習,KWP_KeywordSeed,,
2_新しい組み合わせ,シチュエーション・出来事/時期・節目 × 解決手段/フリースクール・居場所,2,70,フリー スクール 夏休み / 夏休み フリー スクール,KWP_KeywordSeed,,
2_新しい組み合わせ,子どもの属性/不登校 × 検討行動/合わない・乗り換え,2,30,不 登校 やめたい / 不登校・学校が合わない子向け 好きが温まるオンライン教室,Google_competitor | KWP_KeywordSeed,,
2_新しい組み合わせ,学習課題/記憶・読み書き計算 × 解決手段/塾・個別指導,2,20,読み書き 障害 塾 / 発達障害と不登校、家庭教師をつけた方いらっしゃいますか？現在中１男子です。小５で一度不登校になり、その後は学校には週３くらいの別室登校を続けています。小６のときにWISCを受けて、言語が非常に高く、処理速度が低く50くらいの差があります。病院では自閉スペクトラム症、ASDと言われています。小学校までは学業での困りごとはなく、登校しなくても授業についていけて、漢字テストなど満点を取ったりしていましたが、中学ではそんなに上手くいくはずもなく、勉強せずに授業にも出ていないので点数は悪く、提出物も出していないようです。夫は学校に行かなくてもいいから、勉強だけでもやってくれ、といいます。私は部活もやらず友人から取り残されて行くのが心配だし、世界を広げてほしい…と思っています。本人は、やりたくない事はやりたくない。やる気になれない。社会以外の勉強はやる気がない。特に困りごとはない。誰かに教えてもらうのはイヤ。先のことは考えていない、考えたくない、と言います。ただ、一応試験前には自分からタブレット学習を少しやります。(普段はやらない)本人がそんな状態で、家庭教師ってどうなのかな、と思って、当事者の方や皆様の経験など教えていただければと思いました。発達障害や不登校に対応できる家庭教師など、調べると出てくるのですが、どうなのでしょうか。本人の意思がないので、難しいのはわかっているのですが…勉強の仕方もわからないだろうし、人との出会いが無いのでコミュニケーションの力もつけてほしい。本当は個別指導などに行けたらいいのですが、新しいところが苦手で本人のやる気なし。いいきっかけになれるのか、嫌なことを無理強いになってしまうのか。ご意見お聞かせください。,Google_competitor | KWP_KeywordSeed,,
2_新しい組み合わせ,シチュエーション・出来事/診断・気づき × 解決手段/医療・診断,2,20,学習 障害 と 診断 され たら / 中学生になって学習障害に気づいたら？検査や診断について,Google_competitor | KWP_KeywordSeed,,
2_新しい組み合わせ,子どもの属性/受験生 × 検討行動/評判・口コミ,2,10,中学 受験 個別 指導 評判 / 【体験談あり】高卒認定は大学受験で不利になる？ AO・推薦・一般ごとに解説,Google_competitor | KWP_KeywordSeed,,
2_新しい組み合わせ,子どもの属性/高校生 × 検討行動/合わない・乗り換え,2,10,塾 合わ ない 高校生 / 高校2年生、ADHDグレーゾーンの息子です。喉を鳴らす、顔をひそめるなどのトゥレット症もあります。小学校6年生からインチュニブを服用しています。素直でまっすぐですが、単純で騙されやすく傷つきやすいところがあります。また、能力に偏りがあり、小学校1年生でしたWISC-Ⅳでは、全知能IQは100以上でしたが、処理速度が70と極端に低く、ワーキングメモリーが平均以上という結果でした。小・中学校ではノートをほとんど書かずに過ごしました。時間の感覚、先の見通しが甘く、何事もギリギリ、提出物も忘れることも多かったです。それでも、頑張って受験勉強をし、偏差値が48くらいの都立高校に入りました。高校1年生の頃は、受験勉強の名残もあり、生まれて初めての5をもらうなど成績も良かったです。しかし、校則が厳しく自由がない学校が嫌になってしまったようで、生活が荒れ始めました。高校生になって、ラッパーになると言って音楽作りをはじめたのですが、高校の先生や他の生徒から「ラッパーなんて夢みたいなことを言っていないで、現実を見ろ」といわれるようなことがあり、その反発もあったようです。今年6月に、本人から音楽を作ることに専念したいので、高校を辞めて通信制高校に行きたいと言われました。自分で行きたい学校名も調べていて、「規則に縛られない方が、自分は規則正しい生活ができる」と言っていました。確かに高校1年生の時は、食事や体に気をつけ健康的な生活を心がけて頑張っていました。その姿を見ていたので、環境が変わればと思い、7月に通信制高校に編入しました。また、夏には英語力をあげたいと言って３週間海外に語学留学をしました。夢に向かって頑張っていると思い安心していたのですが・・・。留学から戻ってきてから全く勉強しなくなってしまいました。レポートやスクリーニングもせず、毎日遅くまで起きていて、昼頃に起きるという生活です。ラップの方は、自分で曲を作り、7月から10月までにライブに3回ほど出て、細々とですが前進しているようです。ライブやビデオを作るのにお金がかかるとのことで、週に2~3日、日雇いの肉体労働をしています。肉体労働をした次の日は疲れて勉強などしません。そのような姿を見て、私も心配になり、計画的に勉強して欲しいあまり、レポートをしたりスクリーニングに行ったら仕事がわりにお金を少し出す渡すから、アルバイトに行かずに学校に行くように声をかけました。しかし、勉強をするそぶりはありません。その声かけが逆効果になってしまったのか、10月になって、ラップが大切な時期だから、通信制高校を辞めたいと言い始めました。ラッパーとして成功するには今しかない、自分は色々なことを同時にできないから高校も続けられない、ラップに関わるお金は自分で稼ぎたいということです。しかし、私としては、ラッパーという不確かな将来像、かつ、中卒では、将来の選択肢が狭まってしまうのではないかと考えて不安が募るばかりです。彼の作る音楽も聴いたことがあるのですが、親の贔屓目をもってしても、正直「才能」があるとは思えません。高校ついては、自分で卒業すると約束して転入したということもあり、辞めないように伝えていますが、「俺のことを信じていないのか」「邪魔をするな」と怒ってしまいます。私もつい感情的になり、「好きなことばかりでは生きていけない、やるべきことをしっかりやることができない人は何もできない」などと言ってしまい、口論になっています。私は息子が「こんな家出て行ってやる」というたびに「そうしたいならどうぞ」と突き放してしまいますが、夫は家が安心できる居場所になるようにしようと言って、温かい声かけをしています。夫の献身的な愛により、息子は街をフラフラとはしていますが、門限である23時には大抵帰ってきます。夫は息子が高校を辞めるということも心配はしているようですが、本人がどうしてもというなら認めると思います。不安よりラッパーとして成功することを心の底から応援しているようです。ラッパーという職業は、不安定ということもありますし、薬物などの問題もあり、品行方正でいるのは難しい世界だと思います。今も、品行方正とは言えず、付き合っている友達もヤンチャ系の友達が多いです。高校を辞める辞めないの問題だけでなく、将来どうなってしまうのだろうという不安が正直強いです。私は心配のあまり余計なことばかり言っていると反省していますが、高校を辞めることは、どうしても認められません。現在は、息子は学校に行っていない、勉強はしていない状態ですが、以前のように声をかけるのをやめて、そっとしている状態です。しかし、これを永遠に続けるわけには行きません。これから私はどうしたらいいでしょうか。,Google_competitor | KWP_KeywordSeed,,
2_新しい組み合わせ,保護者の悩み/将来・進路不安 × 解決手段/療育・福祉サービス,2,10,療育 自立 センター / グレーゾーンの中学三年生の娘がいます 普通学級です。 高校受験に、悩んでいます 普通の高校で、やっていけるのか 本人も私も不安なのです 娘は、少ないですが友達も出来、いじめられずに なんとか行けてますが 先生からの連絡や、親に手紙を渡すのを 忘れたり、制服を忘れたり、(部活して着替えたら制服を忘れた) または、先生からの連絡を 全く聞いてないことも多々あります！ 私が知る限りでは、この程度ですが おそらく学校では、もっと やらかしているように思えます。 小学校入学前に一年、療育へ通ってました 診断は、もらってません。 そこまでの検査を療育の先生からの見解で とどまりました。 高校受験をふまえて 特別支援学校の見学を考えています 同じようなお子さまを育ててらっしゃる保護者の 方々にご意見を いただきたいです。 グレーゾーンぐらいなら普通高校でやっていけるのか 特別支援学校の様子など教えていただけると ありがたいです,Google_competitor | KWP_KeywordSeed,,
2_新しい組み合わせ,保護者の悩み/将来・進路不安 × 学習課題/教科,2,0,海外在住の子どもの理科・社会、このままで大丈夫？帰国後に差がつかない対策ガイド / 高校2年生、ADHDグレーゾーンの息子です。喉を鳴らす、顔をひそめるなどのトゥレット症もあります。小学校6年生からインチュニブを服用しています。素直でまっすぐですが、単純で騙されやすく傷つきやすいところがあります。また、能力に偏りがあり、小学校1年生でしたWISC-Ⅳでは、全知能IQは100以上でしたが、処理速度が70と極端に低く、ワーキングメモリーが平均以上という結果でした。小・中学校ではノートをほとんど書かずに過ごしました。時間の感覚、先の見通しが甘く、何事もギリギリ、提出物も忘れることも多かったです。それでも、頑張って受験勉強をし、偏差値が48くらいの都立高校に入りました。高校1年生の頃は、受験勉強の名残もあり、生まれて初めての5をもらうなど成績も良かったです。しかし、校則が厳しく自由がない学校が嫌になってしまったようで、生活が荒れ始めました。高校生になって、ラッパーになると言って音楽作りをはじめたのですが、高校の先生や他の生徒から「ラッパーなんて夢みたいなことを言っていないで、現実を見ろ」といわれるようなことがあり、その反発もあったようです。今年6月に、本人から音楽を作ることに専念したいので、高校を辞めて通信制高校に行きたいと言われました。自分で行きたい学校名も調べていて、「規則に縛られない方が、自分は規則正しい生活ができる」と言っていました。確かに高校1年生の時は、食事や体に気をつけ健康的な生活を心がけて頑張っていました。その姿を見ていたので、環境が変わればと思い、7月に通信制高校に編入しました。また、夏には英語力をあげたいと言って３週間海外に語学留学をしました。夢に向かって頑張っていると思い安心していたのですが・・・。留学から戻ってきてから全く勉強しなくなってしまいました。レポートやスクリーニングもせず、毎日遅くまで起きていて、昼頃に起きるという生活です。ラップの方は、自分で曲を作り、7月から10月までにライブに3回ほど出て、細々とですが前進しているようです。ライブやビデオを作るのにお金がかかるとのことで、週に2~3日、日雇いの肉体労働をしています。肉体労働をした次の日は疲れて勉強などしません。そのような姿を見て、私も心配になり、計画的に勉強して欲しいあまり、レポートをしたりスクリーニングに行ったら仕事がわりにお金を少し出す渡すから、アルバイトに行かずに学校に行くように声をかけました。しかし、勉強をするそぶりはありません。その声かけが逆効果になってしまったのか、10月になって、ラップが大切な時期だから、通信制高校を辞めたいと言い始めました。ラッパーとして成功するには今しかない、自分は色々なことを同時にできないから高校も続けられない、ラップに関わるお金は自分で稼ぎたいということです。しかし、私としては、ラッパーという不確かな将来像、かつ、中卒では、将来の選択肢が狭まってしまうのではないかと考えて不安が募るばかりです。彼の作る音楽も聴いたことがあるのですが、親の贔屓目をもってしても、正直「才能」があるとは思えません。高校ついては、自分で卒業すると約束して転入したということもあり、辞めないように伝えていますが、「俺のことを信じていないのか」「邪魔をするな」と怒ってしまいます。私もつい感情的になり、「好きなことばかりでは生きていけない、やるべきことをしっかりやることができない人は何もできない」などと言ってしまい、口論になっています。私は息子が「こんな家出て行ってやる」というたびに「そうしたいならどうぞ」と突き放してしまいますが、夫は家が安心できる居場所になるようにしようと言って、温かい声かけをしています。夫の献身的な愛により、息子は街をフラフラとはしていますが、門限である23時には大抵帰ってきます。夫は息子が高校を辞めるということも心配はしているようですが、本人がどうしてもというなら認めると思います。不安よりラッパーとして成功することを心の底から応援しているようです。ラッパーという職業は、不安定ということもありますし、薬物などの問題もあり、品行方正でいるのは難しい世界だと思います。今も、品行方正とは言えず、付き合っている友達もヤンチャ系の友達が多いです。高校を辞める辞めないの問題だけでなく、将来どうなってしまうのだろうという不安が正直強いです。私は心配のあまり余計なことばかり言っていると反省していますが、高校を辞めることは、どうしても認められません。現在は、息子は学校に行っていない、勉強はしていない状態ですが、以前のように声をかけるのをやめて、そっとしている状態です。しかし、これを永遠に続けるわけには行きません。これから私はどうしたらいいでしょうか。,Google_competitor,,
2_新しい組み合わせ,学習課題/勉強できない・しない × 解決手段/医療・診断,2,0,発達障害と不登校、家庭教師をつけた方いらっしゃいますか？現在中１男子です。小５で一度不登校になり、その後は学校には週３くらいの別室登校を続けています。小６のときにWISCを受けて、言語が非常に高く、処理速度が低く50くらいの差があります。病院では自閉スペクトラム症、ASDと言われています。小学校までは学業での困りごとはなく、登校しなくても授業についていけて、漢字テストなど満点を取ったりしていましたが、中学ではそんなに上手くいくはずもなく、勉強せずに授業にも出ていないので点数は悪く、提出物も出していないようです。夫は学校に行かなくてもいいから、勉強だけでもやってくれ、といいます。私は部活もやらず友人から取り残されて行くのが心配だし、世界を広げてほしい…と思っています。本人は、やりたくない事はやりたくない。やる気になれない。社会以外の勉強はやる気がない。特に困りごとはない。誰かに教えてもらうのはイヤ。先のことは考えていない、考えたくない、と言います。ただ、一応試験前には自分からタブレット学習を少しやります。(普段はやらない)本人がそんな状態で、家庭教師ってどうなのかな、と思って、当事者の方や皆様の経験など教えていただければと思いました。発達障害や不登校に対応できる家庭教師など、調べると出てくるのですが、どうなのでしょうか。本人の意思がないので、難しいのはわかっているのですが…勉強の仕方もわからないだろうし、人との出会いが無いのでコミュニケーションの力もつけてほしい。本当は個別指導などに行けたらいいのですが、新しいところが苦手で本人のやる気なし。いいきっかけになれるのか、嫌なことを無理強いになってしまうのか。ご意見お聞かせください。 / 境界知能について。 中２です。育て辛く全く勉強しない息子が境界知能と診断されました。 一部参考にならない（心理士さんからみてやる気がなく、本人もやる気がないと言っていた）数値がある為に参考のIQであると言われましたが、72でした。 息子は小学校の時も全く勉強しませんでしたが成績は良く、中学生になってすぐの県の実力テスト（小学生の内容）では、7段階のレベル分けで、国語は一番上のレベル、数学は上から２番目のレベルでした。両方とも県の平均より20〜30点上でした。 なので、中学生になり勉強が大嫌いで勉強しないから成績が悪いと思っていたのですが、そうではなくIQが低いと言う事実に驚き、なかなか受け入れる事ができません。 ただ、息子は嫌いとか苦手とか思うと全く受け入れられない性格なので、理科とか英語とかかなり出来が悪いのはわかるのですが、だからと言って急に中学生になってから境界知能になることなんてあるのでしょうか。 勿論、小学生の時から境界知能だった可能性が高いのでしょうが、小学校の成績だけみると、息子が境界知能ならクラスのほとんどの子が境界知能になってしまうと思います。 境界知能に関する詳しい方いましたら、ご意見お願いいたします。,Google_competitor,,
2_新しい組み合わせ,学習課題/勉強方法 × 解決手段/家庭教師,2,0,発達障害と不登校、家庭教師をつけた方いらっしゃいますか？現在中１男子です。小５で一度不登校になり、その後は学校には週３くらいの別室登校を続けています。小６のときにWISCを受けて、言語が非常に高く、処理速度が低く50くらいの差があります。病院では自閉スペクトラム症、ASDと言われています。小学校までは学業での困りごとはなく、登校しなくても授業についていけて、漢字テストなど満点を取ったりしていましたが、中学ではそんなに上手くいくはずもなく、勉強せずに授業にも出ていないので点数は悪く、提出物も出していないようです。夫は学校に行かなくてもいいから、勉強だけでもやってくれ、といいます。私は部活もやらず友人から取り残されて行くのが心配だし、世界を広げてほしい…と思っています。本人は、やりたくない事はやりたくない。やる気になれない。社会以外の勉強はやる気がない。特に困りごとはない。誰かに教えてもらうのはイヤ。先のことは考えていない、考えたくない、と言います。ただ、一応試験前には自分からタブレット学習を少しやります。(普段はやらない)本人がそんな状態で、家庭教師ってどうなのかな、と思って、当事者の方や皆様の経験など教えていただければと思いました。発達障害や不登校に対応できる家庭教師など、調べると出てくるのですが、どうなのでしょうか。本人の意思がないので、難しいのはわかっているのですが…勉強の仕方もわからないだろうし、人との出会いが無いのでコミュニケーションの力もつけてほしい。本当は個別指導などに行けたらいいのですが、新しいところが苦手で本人のやる気なし。いいきっかけになれるのか、嫌なことを無理強いになってしまうのか。ご意見お聞かせください。 / 東海・北陸・甲信・北海道・中国・四国・近畿で勉強のやり方から教える家庭教師のあすなろ,Google_competitor,,
2_新しい組み合わせ,学習課題/記憶・読み書き計算 × 解決手段/医療・診断,2,0,発達障害と不登校、家庭教師をつけた方いらっしゃいますか？現在中１男子です。小５で一度不登校になり、その後は学校には週３くらいの別室登校を続けています。小６のときにWISCを受けて、言語が非常に高く、処理速度が低く50くらいの差があります。病院では自閉スペクトラム症、ASDと言われています。小学校までは学業での困りごとはなく、登校しなくても授業についていけて、漢字テストなど満点を取ったりしていましたが、中学ではそんなに上手くいくはずもなく、勉強せずに授業にも出ていないので点数は悪く、提出物も出していないようです。夫は学校に行かなくてもいいから、勉強だけでもやってくれ、といいます。私は部活もやらず友人から取り残されて行くのが心配だし、世界を広げてほしい…と思っています。本人は、やりたくない事はやりたくない。やる気になれない。社会以外の勉強はやる気がない。特に困りごとはない。誰かに教えてもらうのはイヤ。先のことは考えていない、考えたくない、と言います。ただ、一応試験前には自分からタブレット学習を少しやります。(普段はやらない)本人がそんな状態で、家庭教師ってどうなのかな、と思って、当事者の方や皆様の経験など教えていただければと思いました。発達障害や不登校に対応できる家庭教師など、調べると出てくるのですが、どうなのでしょうか。本人の意思がないので、難しいのはわかっているのですが…勉強の仕方もわからないだろうし、人との出会いが無いのでコミュニケーションの力もつけてほしい。本当は個別指導などに行けたらいいのですが、新しいところが苦手で本人のやる気なし。いいきっかけになれるのか、嫌なことを無理強いになってしまうのか。ご意見お聞かせください。 / 成人におけるひらがな音読検査結果,Google_competitor,,
2_新しい組み合わせ,保護者の悩み/専門の先生を探す × 子どもの属性/中学生,2,0,発達障害(グレーゾーン)の特性に合わせた指導事例-発達障害専門の家庭教師（中学・高校受験）- / 【学年別】小学生・中学生・高校生発達特性に合わせた家庭教師プラン,Google_competitor,,
2_新しい組み合わせ,保護者の悩み/専門の先生を探す × 子どもの属性/受験生,2,0,発達障害(グレーゾーン)の特性に合わせた指導事例-発達障害専門の家庭教師（中学・高校受験）- / 【種類別】発達障がいの特性に合った大学受験の勉強法,Google_competitor,,
2_新しい組み合わせ,保護者の悩み/専門の先生を探す × 学習課題/受験・進路,2,0,発達障害(グレーゾーン)の特性に合わせた指導事例-発達障害専門の家庭教師（中学・高校受験）- / 【種類別】発達障がいの特性に合った大学受験の勉強法,Google_competitor,,
2_新しい組み合わせ,保護者の悩み/専門の先生を探す × 解決手段/家庭教師,2,0,発達障害(グレーゾーン)の特性に合わせた指導事例-発達障害専門の家庭教師（中学・高校受験）- / 【学年別】小学生・中学生・高校生発達特性に合わせた家庭教師プラン,Google_competitor,,
2_新しい組み合わせ,保護者の悩み/将来・進路不安 × 学習課題/授業・学校についていけない,2,0,ADHDの子の家庭教師について。 今年度から初めて家庭教師のアルバイトを初めたのですが、その生徒さんがADHDという病気でした。仲介先の会社からは、そのような病気の生徒さんとは聞かされてい ませんでした。(親御さんは仲介会社には申告されていたようです。)ADHD自体をどんなものなのか知らなかったため、親御さんから聞かされたときは少し戸惑いましたが、問題が解けたらその都度褒める、課題は取り組みやすい量、簡単なものにするなど、試行錯誤しながら２ヶ月間やってきました。生徒さんも心を開いてくれて、先生がくると楽しい、と言ってくれたり、親御さんからも、子供が毎週楽しみにしているんです、と言ってもらえたりして、なんとか頑張ってみよう！と思ってやってきました。しかし、やはり、出した課題をやってもらえない、先週教えたことは全く覚えていない、などの問題はなかなか解決できず、どうしたらよいのだろう、と悩んでいました。そんな折に、生徒さんが不登校になることが決まりました。仲介先の会社の研修では、不登校の子供を教えるような状況は想定されていなかったし、学校の進度もわからない、週一90分のため、１週間分の授業をとてもカバーできない、など不安要素が多々出て来て、私の手には負えないのではないか、という気持ちが出てきました。家庭教師経験がなく初めての私には、荷が思いな、、という気持ちも出て来てしまいました。しかし、仲介先からは原則一年はもってもらいたい、といわれましたがまだ3か月だし、生徒さんや親御さんからも良くしていただいているのに、その気持ちに応えられずに放り出してしまうようで、ここで辞めることはできるのか、と悩んでいます。 このような場合、辞めても大丈夫なのでしょうか？それとも、もう少し続けてみるべきでしょうか？また、続ける場合、ADHDの生徒さんを持つ上で注意すべきことや不登校の生徒さんの勉強の進め方などありましたら教えていただけると幸いです。 / 勉強する理由はあくまでも「将来の自立」。今の遅れは気にしすぎない？,Google_competitor,,
2_新しい組み合わせ,保護者の悩み/将来・進路不安 × 解決手段/家庭教師,2,0,ADHDの子の家庭教師について。 今年度から初めて家庭教師のアルバイトを初めたのですが、その生徒さんがADHDという病気でした。仲介先の会社からは、そのような病気の生徒さんとは聞かされてい ませんでした。(親御さんは仲介会社には申告されていたようです。)ADHD自体をどんなものなのか知らなかったため、親御さんから聞かされたときは少し戸惑いましたが、問題が解けたらその都度褒める、課題は取り組みやすい量、簡単なものにするなど、試行錯誤しながら２ヶ月間やってきました。生徒さんも心を開いてくれて、先生がくると楽しい、と言ってくれたり、親御さんからも、子供が毎週楽しみにしているんです、と言ってもらえたりして、なんとか頑張ってみよう！と思ってやってきました。しかし、やはり、出した課題をやってもらえない、先週教えたことは全く覚えていない、などの問題はなかなか解決できず、どうしたらよいのだろう、と悩んでいました。そんな折に、生徒さんが不登校になることが決まりました。仲介先の会社の研修では、不登校の子供を教えるような状況は想定されていなかったし、学校の進度もわからない、週一90分のため、１週間分の授業をとてもカバーできない、など不安要素が多々出て来て、私の手には負えないのではないか、という気持ちが出てきました。家庭教師経験がなく初めての私には、荷が思いな、、という気持ちも出て来てしまいました。しかし、仲介先からは原則一年はもってもらいたい、といわれましたがまだ3か月だし、生徒さんや親御さんからも良くしていただいているのに、その気持ちに応えられずに放り出してしまうようで、ここで辞めることはできるのか、と悩んでいます。 このような場合、辞めても大丈夫なのでしょうか？それとも、もう少し続けてみるべきでしょうか？また、続ける場合、ADHDの生徒さんを持つ上で注意すべきことや不登校の生徒さんの勉強の進め方などありましたら教えていただけると幸いです。 / 将来の自立を見据えた 学習支援とメンタル支援 不登校・発達障害対応の キズキプロ家庭教師,Google_competitor,,
2_新しい組み合わせ,保護者の悩み/専門の先生を探す × 解決手段/塾・個別指導,2,0,まとめ：学習障害に理解のある塾が、勉強への自信を育ててくれる / お子さんの特性に合った塾で期待できること,Google_competitor,,
2_新しい組み合わせ,保護者の悩み/親が教えられない × 学習課題/勉強方法,2,0,【タイプ別】ADHDの勉強法は「不注意型・多動型」で違う！親子に最適な取り組み方 / 発達障害の子が通う塾について。 私の子供は小学5年生の高機能自閉症で、知的な遅れはありませんが物事をイメージするのが苦手です。 発達障害の子が通う塾はどういう場所が良いのでしょうか？ また、多動や暴れたりなどはなく普通に授業も受けられるのですが、全体指示が通りにくく髪をいじったり等気が散ってしまいがちです。 塾に子供に障害がある事や特性等もも話した方が良いですか？ 家で勉強が教えられない訳ではないのですが、親が教えると嫌がるので困っています。 こういった子におすすめの塾や勉強法があれば教えて頂けませんでしょうか？ よろしくお願いします。,Google_competitor,,
2_新しい組み合わせ,保護者の悩み/親が教えられない × 子どもの属性/学校種別,2,0,発達障害の子供の勉強はあきらめも大切ですか？ 小学校低学年の子供はADHDの不注意型です。学校の成績は悪く、家では家庭教師を雇ったり、親がかなり教えています。 ただ、集中力があまりにもなく、ワーキングメモリーも低いので頑張っても頑張ってもいろんな単元をならうと前のことは忘れてしまい、成績に反映しません。 繰り返し繰り返し勉強させてますが、本当に気が遠くなるほど記憶が抜け落ちてるんです。 誰ががとなりについていたらできたりしますが、本人が支援学級も泣いて嫌がるので普通学級です。 理解はしていても、学校でのテストの出題方法が家のワークとことなるとそれだけで集中が欠けたり、やる気も出ずに白紙で出したり。 テスト前は、親子で泣きながら夜遅くまで勉強します。そのときはできていても、翌日のテストでは白紙で提出もざら。 もう勉強はあきらめるべきでしょうか？ 親子でストレスかかえながら勉強させるよりも、のびのびと勉強以外のことを楽しませてあげたほうがよいのかな？とも思います。 / 高校2年生、ADHDグレーゾーンの息子です。喉を鳴らす、顔をひそめるなどのトゥレット症もあります。小学校6年生からインチュニブを服用しています。素直でまっすぐですが、単純で騙されやすく傷つきやすいところがあります。また、能力に偏りがあり、小学校1年生でしたWISC-Ⅳでは、全知能IQは100以上でしたが、処理速度が70と極端に低く、ワーキングメモリーが平均以上という結果でした。小・中学校ではノートをほとんど書かずに過ごしました。時間の感覚、先の見通しが甘く、何事もギリギリ、提出物も忘れることも多かったです。それでも、頑張って受験勉強をし、偏差値が48くらいの都立高校に入りました。高校1年生の頃は、受験勉強の名残もあり、生まれて初めての5をもらうなど成績も良かったです。しかし、校則が厳しく自由がない学校が嫌になってしまったようで、生活が荒れ始めました。高校生になって、ラッパーになると言って音楽作りをはじめたのですが、高校の先生や他の生徒から「ラッパーなんて夢みたいなことを言っていないで、現実を見ろ」といわれるようなことがあり、その反発もあったようです。今年6月に、本人から音楽を作ることに専念したいので、高校を辞めて通信制高校に行きたいと言われました。自分で行きたい学校名も調べていて、「規則に縛られない方が、自分は規則正しい生活ができる」と言っていました。確かに高校1年生の時は、食事や体に気をつけ健康的な生活を心がけて頑張っていました。その姿を見ていたので、環境が変わればと思い、7月に通信制高校に編入しました。また、夏には英語力をあげたいと言って３週間海外に語学留学をしました。夢に向かって頑張っていると思い安心していたのですが・・・。留学から戻ってきてから全く勉強しなくなってしまいました。レポートやスクリーニングもせず、毎日遅くまで起きていて、昼頃に起きるという生活です。ラップの方は、自分で曲を作り、7月から10月までにライブに3回ほど出て、細々とですが前進しているようです。ライブやビデオを作るのにお金がかかるとのことで、週に2~3日、日雇いの肉体労働をしています。肉体労働をした次の日は疲れて勉強などしません。そのような姿を見て、私も心配になり、計画的に勉強して欲しいあまり、レポートをしたりスクリーニングに行ったら仕事がわりにお金を少し出す渡すから、アルバイトに行かずに学校に行くように声をかけました。しかし、勉強をするそぶりはありません。その声かけが逆効果になってしまったのか、10月になって、ラップが大切な時期だから、通信制高校を辞めたいと言い始めました。ラッパーとして成功するには今しかない、自分は色々なことを同時にできないから高校も続けられない、ラップに関わるお金は自分で稼ぎたいということです。しかし、私としては、ラッパーという不確かな将来像、かつ、中卒では、将来の選択肢が狭まってしまうのではないかと考えて不安が募るばかりです。彼の作る音楽も聴いたことがあるのですが、親の贔屓目をもってしても、正直「才能」があるとは思えません。高校ついては、自分で卒業すると約束して転入したということもあり、辞めないように伝えていますが、「俺のことを信じていないのか」「邪魔をするな」と怒ってしまいます。私もつい感情的になり、「好きなことばかりでは生きていけない、やるべきことをしっかりやることができない人は何もできない」などと言ってしまい、口論になっています。私は息子が「こんな家出て行ってやる」というたびに「そうしたいならどうぞ」と突き放してしまいますが、夫は家が安心できる居場所になるようにしようと言って、温かい声かけをしています。夫の献身的な愛により、息子は街をフラフラとはしていますが、門限である23時には大抵帰ってきます。夫は息子が高校を辞めるということも心配はしているようですが、本人がどうしてもというなら認めると思います。不安よりラッパーとして成功することを心の底から応援しているようです。ラッパーという職業は、不安定ということもありますし、薬物などの問題もあり、品行方正でいるのは難しい世界だと思います。今も、品行方正とは言えず、付き合っている友達もヤンチャ系の友達が多いです。高校を辞める辞めないの問題だけでなく、将来どうなってしまうのだろうという不安が正直強いです。私は心配のあまり余計なことばかり言っていると反省していますが、高校を辞めることは、どうしても認められません。現在は、息子は学校に行っていない、勉強はしていない状態ですが、以前のように声をかけるのをやめて、そっとしている状態です。しかし、これを永遠に続けるわけには行きません。これから私はどうしたらいいでしょうか。,Google_competitor,,
2_新しい組み合わせ,保護者の悩み/親が教えられない × 子どもの属性/小学生,2,0,発達障害の子供の勉強はあきらめも大切ですか？ 小学校低学年の子供はADHDの不注意型です。学校の成績は悪く、家では家庭教師を雇ったり、親がかなり教えています。 ただ、集中力があまりにもなく、ワーキングメモリーも低いので頑張っても頑張ってもいろんな単元をならうと前のことは忘れてしまい、成績に反映しません。 繰り返し繰り返し勉強させてますが、本当に気が遠くなるほど記憶が抜け落ちてるんです。 誰ががとなりについていたらできたりしますが、本人が支援学級も泣いて嫌がるので普通学級です。 理解はしていても、学校でのテストの出題方法が家のワークとことなるとそれだけで集中が欠けたり、やる気も出ずに白紙で出したり。 テスト前は、親子で泣きながら夜遅くまで勉強します。そのときはできていても、翌日のテストでは白紙で提出もざら。 もう勉強はあきらめるべきでしょうか？ 親子でストレスかかえながら勉強させるよりも、のびのびと勉強以外のことを楽しませてあげたほうがよいのかな？とも思います。 / 高校2年生、ADHDグレーゾーンの息子です。喉を鳴らす、顔をひそめるなどのトゥレット症もあります。小学校6年生からインチュニブを服用しています。素直でまっすぐですが、単純で騙されやすく傷つきやすいところがあります。また、能力に偏りがあり、小学校1年生でしたWISC-Ⅳでは、全知能IQは100以上でしたが、処理速度が70と極端に低く、ワーキングメモリーが平均以上という結果でした。小・中学校ではノートをほとんど書かずに過ごしました。時間の感覚、先の見通しが甘く、何事もギリギリ、提出物も忘れることも多かったです。それでも、頑張って受験勉強をし、偏差値が48くらいの都立高校に入りました。高校1年生の頃は、受験勉強の名残もあり、生まれて初めての5をもらうなど成績も良かったです。しかし、校則が厳しく自由がない学校が嫌になってしまったようで、生活が荒れ始めました。高校生になって、ラッパーになると言って音楽作りをはじめたのですが、高校の先生や他の生徒から「ラッパーなんて夢みたいなことを言っていないで、現実を見ろ」といわれるようなことがあり、その反発もあったようです。今年6月に、本人から音楽を作ることに専念したいので、高校を辞めて通信制高校に行きたいと言われました。自分で行きたい学校名も調べていて、「規則に縛られない方が、自分は規則正しい生活ができる」と言っていました。確かに高校1年生の時は、食事や体に気をつけ健康的な生活を心がけて頑張っていました。その姿を見ていたので、環境が変わればと思い、7月に通信制高校に編入しました。また、夏には英語力をあげたいと言って３週間海外に語学留学をしました。夢に向かって頑張っていると思い安心していたのですが・・・。留学から戻ってきてから全く勉強しなくなってしまいました。レポートやスクリーニングもせず、毎日遅くまで起きていて、昼頃に起きるという生活です。ラップの方は、自分で曲を作り、7月から10月までにライブに3回ほど出て、細々とですが前進しているようです。ライブやビデオを作るのにお金がかかるとのことで、週に2~3日、日雇いの肉体労働をしています。肉体労働をした次の日は疲れて勉強などしません。そのような姿を見て、私も心配になり、計画的に勉強して欲しいあまり、レポートをしたりスクリーニングに行ったら仕事がわりにお金を少し出す渡すから、アルバイトに行かずに学校に行くように声をかけました。しかし、勉強をするそぶりはありません。その声かけが逆効果になってしまったのか、10月になって、ラップが大切な時期だから、通信制高校を辞めたいと言い始めました。ラッパーとして成功するには今しかない、自分は色々なことを同時にできないから高校も続けられない、ラップに関わるお金は自分で稼ぎたいということです。しかし、私としては、ラッパーという不確かな将来像、かつ、中卒では、将来の選択肢が狭まってしまうのではないかと考えて不安が募るばかりです。彼の作る音楽も聴いたことがあるのですが、親の贔屓目をもってしても、正直「才能」があるとは思えません。高校ついては、自分で卒業すると約束して転入したということもあり、辞めないように伝えていますが、「俺のことを信じていないのか」「邪魔をするな」と怒ってしまいます。私もつい感情的になり、「好きなことばかりでは生きていけない、やるべきことをしっかりやることができない人は何もできない」などと言ってしまい、口論になっています。私は息子が「こんな家出て行ってやる」というたびに「そうしたいならどうぞ」と突き放してしまいますが、夫は家が安心できる居場所になるようにしようと言って、温かい声かけをしています。夫の献身的な愛により、息子は街をフラフラとはしていますが、門限である23時には大抵帰ってきます。夫は息子が高校を辞めるということも心配はしているようですが、本人がどうしてもというなら認めると思います。不安よりラッパーとして成功することを心の底から応援しているようです。ラッパーという職業は、不安定ということもありますし、薬物などの問題もあり、品行方正でいるのは難しい世界だと思います。今も、品行方正とは言えず、付き合っている友達もヤンチャ系の友達が多いです。高校を辞める辞めないの問題だけでなく、将来どうなってしまうのだろうという不安が正直強いです。私は心配のあまり余計なことばかり言っていると反省していますが、高校を辞めることは、どうしても認められません。現在は、息子は学校に行っていない、勉強はしていない状態ですが、以前のように声をかけるのをやめて、そっとしている状態です。しかし、これを永遠に続けるわけには行きません。これから私はどうしたらいいでしょうか。,Google_competitor,,
2_新しい組み合わせ,保護者の悩み/親が教えられない × 解決手段/家庭教師,2,0,発達障害の子供の勉強はあきらめも大切ですか？ 小学校低学年の子供はADHDの不注意型です。学校の成績は悪く、家では家庭教師を雇ったり、親がかなり教えています。 ただ、集中力があまりにもなく、ワーキングメモリーも低いので頑張っても頑張ってもいろんな単元をならうと前のことは忘れてしまい、成績に反映しません。 繰り返し繰り返し勉強させてますが、本当に気が遠くなるほど記憶が抜け落ちてるんです。 誰ががとなりについていたらできたりしますが、本人が支援学級も泣いて嫌がるので普通学級です。 理解はしていても、学校でのテストの出題方法が家のワークとことなるとそれだけで集中が欠けたり、やる気も出ずに白紙で出したり。 テスト前は、親子で泣きながら夜遅くまで勉強します。そのときはできていても、翌日のテストでは白紙で提出もざら。 もう勉強はあきらめるべきでしょうか？ 親子でストレスかかえながら勉強させるよりも、のびのびと勉強以外のことを楽しませてあげたほうがよいのかな？とも思います。 / 忙しい親子のためのオンライン家庭教師,Google_competitor,,
2_新しい組み合わせ,保護者の悩み/親が教えられない × 解決手段/発達障害専門・支援,2,0,発達障害の子供の勉強はあきらめも大切ですか？ 小学校低学年の子供はADHDの不注意型です。学校の成績は悪く、家では家庭教師を雇ったり、親がかなり教えています。 ただ、集中力があまりにもなく、ワーキングメモリーも低いので頑張っても頑張ってもいろんな単元をならうと前のことは忘れてしまい、成績に反映しません。 繰り返し繰り返し勉強させてますが、本当に気が遠くなるほど記憶が抜け落ちてるんです。 誰ががとなりについていたらできたりしますが、本人が支援学級も泣いて嫌がるので普通学級です。 理解はしていても、学校でのテストの出題方法が家のワークとことなるとそれだけで集中が欠けたり、やる気も出ずに白紙で出したり。 テスト前は、親子で泣きながら夜遅くまで勉強します。そのときはできていても、翌日のテストでは白紙で提出もざら。 もう勉強はあきらめるべきでしょうか？ 親子でストレスかかえながら勉強させるよりも、のびのびと勉強以外のことを楽しませてあげたほうがよいのかな？とも思います。 / 発達障害の子どもの勉強、親が教えるとうまくいかないのはなぜ？5つの解決策を専門家が解説,Google_competitor,,
2_新しい組み合わせ,シチュエーション・出来事/時期・節目 × 解決手段/医療・診断,2,0,グレーゾーンの中学三年生の娘がいます 普通学級です。 高校受験に、悩んでいます 普通の高校で、やっていけるのか 本人も私も不安なのです 娘は、少ないですが友達も出来、いじめられずに なんとか行けてますが 先生からの連絡や、親に手紙を渡すのを 忘れたり、制服を忘れたり、(部活して着替えたら制服を忘れた) または、先生からの連絡を 全く聞いてないことも多々あります！ 私が知る限りでは、この程度ですが おそらく学校では、もっと やらかしているように思えます。 小学校入学前に一年、療育へ通ってました 診断は、もらってません。 そこまでの検査を療育の先生からの見解で とどまりました。 高校受験をふまえて 特別支援学校の見学を考えています 同じようなお子さまを育ててらっしゃる保護者の 方々にご意見を いただきたいです。 グレーゾーンぐらいなら普通高校でやっていけるのか 特別支援学校の様子など教えていただけると ありがたいです / 発達障害と診断済みの受験生です。 ADHDでも大学受験は成功しますかね？ 大学受験で、いくら勉強しても思うように成績が上がらず、 バイトも夏休みも犠牲にしたのに、 今本当に精神的に参ってます... 特に英語長文が酷く、 単語、文法、構文解釈もほとんど覚えてるのに、 大量の英文を短時間で器用に処理できないため、 読むスピードも遅ければ、 1つでもわからない単語や言い回しが出てきた時に 頭が混乱して思考停止してしまいます。 これはADHDならではの特徴が悪い方向に働いて いるのはわかっていますが、 この病気のせいで受験失敗するのは非常に悔しいです。 ADHDで受験を乗り越えたかた、どう対処すればよいでしょうか？ アドバイス頂けますでしょうか。,Google_competitor,,
2_新しい組み合わせ,保護者の悩み/将来・進路不安 × 子どもの属性/性別・本人,2,0,グレーゾーンの中学三年生の娘がいます 普通学級です。 高校受験に、悩んでいます 普通の高校で、やっていけるのか 本人も私も不安なのです 娘は、少ないですが友達も出来、いじめられずに なんとか行けてますが 先生からの連絡や、親に手紙を渡すのを 忘れたり、制服を忘れたり、(部活して着替えたら制服を忘れた) または、先生からの連絡を 全く聞いてないことも多々あります！ 私が知る限りでは、この程度ですが おそらく学校では、もっと やらかしているように思えます。 小学校入学前に一年、療育へ通ってました 診断は、もらってません。 そこまでの検査を療育の先生からの見解で とどまりました。 高校受験をふまえて 特別支援学校の見学を考えています 同じようなお子さまを育ててらっしゃる保護者の 方々にご意見を いただきたいです。 グレーゾーンぐらいなら普通高校でやっていけるのか 特別支援学校の様子など教えていただけると ありがたいです / 高校2年生、ADHDグレーゾーンの息子です。喉を鳴らす、顔をひそめるなどのトゥレット症もあります。小学校6年生からインチュニブを服用しています。素直でまっすぐですが、単純で騙されやすく傷つきやすいところがあります。また、能力に偏りがあり、小学校1年生でしたWISC-Ⅳでは、全知能IQは100以上でしたが、処理速度が70と極端に低く、ワーキングメモリーが平均以上という結果でした。小・中学校ではノートをほとんど書かずに過ごしました。時間の感覚、先の見通しが甘く、何事もギリギリ、提出物も忘れることも多かったです。それでも、頑張って受験勉強をし、偏差値が48くらいの都立高校に入りました。高校1年生の頃は、受験勉強の名残もあり、生まれて初めての5をもらうなど成績も良かったです。しかし、校則が厳しく自由がない学校が嫌になってしまったようで、生活が荒れ始めました。高校生になって、ラッパーになると言って音楽作りをはじめたのですが、高校の先生や他の生徒から「ラッパーなんて夢みたいなことを言っていないで、現実を見ろ」といわれるようなことがあり、その反発もあったようです。今年6月に、本人から音楽を作ることに専念したいので、高校を辞めて通信制高校に行きたいと言われました。自分で行きたい学校名も調べていて、「規則に縛られない方が、自分は規則正しい生活ができる」と言っていました。確かに高校1年生の時は、食事や体に気をつけ健康的な生活を心がけて頑張っていました。その姿を見ていたので、環境が変わればと思い、7月に通信制高校に編入しました。また、夏には英語力をあげたいと言って３週間海外に語学留学をしました。夢に向かって頑張っていると思い安心していたのですが・・・。留学から戻ってきてから全く勉強しなくなってしまいました。レポートやスクリーニングもせず、毎日遅くまで起きていて、昼頃に起きるという生活です。ラップの方は、自分で曲を作り、7月から10月までにライブに3回ほど出て、細々とですが前進しているようです。ライブやビデオを作るのにお金がかかるとのことで、週に2~3日、日雇いの肉体労働をしています。肉体労働をした次の日は疲れて勉強などしません。そのような姿を見て、私も心配になり、計画的に勉強して欲しいあまり、レポートをしたりスクリーニングに行ったら仕事がわりにお金を少し出す渡すから、アルバイトに行かずに学校に行くように声をかけました。しかし、勉強をするそぶりはありません。その声かけが逆効果になってしまったのか、10月になって、ラップが大切な時期だから、通信制高校を辞めたいと言い始めました。ラッパーとして成功するには今しかない、自分は色々なことを同時にできないから高校も続けられない、ラップに関わるお金は自分で稼ぎたいということです。しかし、私としては、ラッパーという不確かな将来像、かつ、中卒では、将来の選択肢が狭まってしまうのではないかと考えて不安が募るばかりです。彼の作る音楽も聴いたことがあるのですが、親の贔屓目をもってしても、正直「才能」があるとは思えません。高校ついては、自分で卒業すると約束して転入したということもあり、辞めないように伝えていますが、「俺のことを信じていないのか」「邪魔をするな」と怒ってしまいます。私もつい感情的になり、「好きなことばかりでは生きていけない、やるべきことをしっかりやることができない人は何もできない」などと言ってしまい、口論になっています。私は息子が「こんな家出て行ってやる」というたびに「そうしたいならどうぞ」と突き放してしまいますが、夫は家が安心できる居場所になるようにしようと言って、温かい声かけをしています。夫の献身的な愛により、息子は街をフラフラとはしていますが、門限である23時には大抵帰ってきます。夫は息子が高校を辞めるということも心配はしているようですが、本人がどうしてもというなら認めると思います。不安よりラッパーとして成功することを心の底から応援しているようです。ラッパーという職業は、不安定ということもありますし、薬物などの問題もあり、品行方正でいるのは難しい世界だと思います。今も、品行方正とは言えず、付き合っている友達もヤンチャ系の友達が多いです。高校を辞める辞めないの問題だけでなく、将来どうなってしまうのだろうという不安が正直強いです。私は心配のあまり余計なことばかり言っていると反省していますが、高校を辞めることは、どうしても認められません。現在は、息子は学校に行っていない、勉強はしていない状態ですが、以前のように声をかけるのをやめて、そっとしている状態です。しかし、これを永遠に続けるわけには行きません。これから私はどうしたらいいでしょうか。,Google_competitor,,
2_新しい組み合わせ,保護者の悩み/将来・進路不安 × 解決手段/医療・診断,2,0,グレーゾーンの中学三年生の娘がいます 普通学級です。 高校受験に、悩んでいます 普通の高校で、やっていけるのか 本人も私も不安なのです 娘は、少ないですが友達も出来、いじめられずに なんとか行けてますが 先生からの連絡や、親に手紙を渡すのを 忘れたり、制服を忘れたり、(部活して着替えたら制服を忘れた) または、先生からの連絡を 全く聞いてないことも多々あります！ 私が知る限りでは、この程度ですが おそらく学校では、もっと やらかしているように思えます。 小学校入学前に一年、療育へ通ってました 診断は、もらってません。 そこまでの検査を療育の先生からの見解で とどまりました。 高校受験をふまえて 特別支援学校の見学を考えています 同じようなお子さまを育ててらっしゃる保護者の 方々にご意見を いただきたいです。 グレーゾーンぐらいなら普通高校でやっていけるのか 特別支援学校の様子など教えていただけると ありがたいです / 高校2年生、ADHDグレーゾーンの息子です。喉を鳴らす、顔をひそめるなどのトゥレット症もあります。小学校6年生からインチュニブを服用しています。素直でまっすぐですが、単純で騙されやすく傷つきやすいところがあります。また、能力に偏りがあり、小学校1年生でしたWISC-Ⅳでは、全知能IQは100以上でしたが、処理速度が70と極端に低く、ワーキングメモリーが平均以上という結果でした。小・中学校ではノートをほとんど書かずに過ごしました。時間の感覚、先の見通しが甘く、何事もギリギリ、提出物も忘れることも多かったです。それでも、頑張って受験勉強をし、偏差値が48くらいの都立高校に入りました。高校1年生の頃は、受験勉強の名残もあり、生まれて初めての5をもらうなど成績も良かったです。しかし、校則が厳しく自由がない学校が嫌になってしまったようで、生活が荒れ始めました。高校生になって、ラッパーになると言って音楽作りをはじめたのですが、高校の先生や他の生徒から「ラッパーなんて夢みたいなことを言っていないで、現実を見ろ」といわれるようなことがあり、その反発もあったようです。今年6月に、本人から音楽を作ることに専念したいので、高校を辞めて通信制高校に行きたいと言われました。自分で行きたい学校名も調べていて、「規則に縛られない方が、自分は規則正しい生活ができる」と言っていました。確かに高校1年生の時は、食事や体に気をつけ健康的な生活を心がけて頑張っていました。その姿を見ていたので、環境が変わればと思い、7月に通信制高校に編入しました。また、夏には英語力をあげたいと言って３週間海外に語学留学をしました。夢に向かって頑張っていると思い安心していたのですが・・・。留学から戻ってきてから全く勉強しなくなってしまいました。レポートやスクリーニングもせず、毎日遅くまで起きていて、昼頃に起きるという生活です。ラップの方は、自分で曲を作り、7月から10月までにライブに3回ほど出て、細々とですが前進しているようです。ライブやビデオを作るのにお金がかかるとのことで、週に2~3日、日雇いの肉体労働をしています。肉体労働をした次の日は疲れて勉強などしません。そのような姿を見て、私も心配になり、計画的に勉強して欲しいあまり、レポートをしたりスクリーニングに行ったら仕事がわりにお金を少し出す渡すから、アルバイトに行かずに学校に行くように声をかけました。しかし、勉強をするそぶりはありません。その声かけが逆効果になってしまったのか、10月になって、ラップが大切な時期だから、通信制高校を辞めたいと言い始めました。ラッパーとして成功するには今しかない、自分は色々なことを同時にできないから高校も続けられない、ラップに関わるお金は自分で稼ぎたいということです。しかし、私としては、ラッパーという不確かな将来像、かつ、中卒では、将来の選択肢が狭まってしまうのではないかと考えて不安が募るばかりです。彼の作る音楽も聴いたことがあるのですが、親の贔屓目をもってしても、正直「才能」があるとは思えません。高校ついては、自分で卒業すると約束して転入したということもあり、辞めないように伝えていますが、「俺のことを信じていないのか」「邪魔をするな」と怒ってしまいます。私もつい感情的になり、「好きなことばかりでは生きていけない、やるべきことをしっかりやることができない人は何もできない」などと言ってしまい、口論になっています。私は息子が「こんな家出て行ってやる」というたびに「そうしたいならどうぞ」と突き放してしまいますが、夫は家が安心できる居場所になるようにしようと言って、温かい声かけをしています。夫の献身的な愛により、息子は街をフラフラとはしていますが、門限である23時には大抵帰ってきます。夫は息子が高校を辞めるということも心配はしているようですが、本人がどうしてもというなら認めると思います。不安よりラッパーとして成功することを心の底から応援しているようです。ラッパーという職業は、不安定ということもありますし、薬物などの問題もあり、品行方正でいるのは難しい世界だと思います。今も、品行方正とは言えず、付き合っている友達もヤンチャ系の友達が多いです。高校を辞める辞めないの問題だけでなく、将来どうなってしまうのだろうという不安が正直強いです。私は心配のあまり余計なことばかり言っていると反省していますが、高校を辞めることは、どうしても認められません。現在は、息子は学校に行っていない、勉強はしていない状態ですが、以前のように声をかけるのをやめて、そっとしている状態です。しかし、これを永遠に続けるわけには行きません。これから私はどうしたらいいでしょうか。,Google_competitor,,
2_新しい組み合わせ,学習課題/受験・進路 × 解決手段/療育・福祉サービス,2,0,グレーゾーンの中学三年生の娘がいます 普通学級です。 高校受験に、悩んでいます 普通の高校で、やっていけるのか 本人も私も不安なのです 娘は、少ないですが友達も出来、いじめられずに なんとか行けてますが 先生からの連絡や、親に手紙を渡すのを 忘れたり、制服を忘れたり、(部活して着替えたら制服を忘れた) または、先生からの連絡を 全く聞いてないことも多々あります！ 私が知る限りでは、この程度ですが おそらく学校では、もっと やらかしているように思えます。 小学校入学前に一年、療育へ通ってました 診断は、もらってません。 そこまでの検査を療育の先生からの見解で とどまりました。 高校受験をふまえて 特別支援学校の見学を考えています 同じようなお子さまを育ててらっしゃる保護者の 方々にご意見を いただきたいです。 グレーゾーンぐらいなら普通高校でやっていけるのか 特別支援学校の様子など教えていただけると ありがたいです / 【発達凸凹長男の中学受験】こだわりや集中力不足、どう乗り越える？療育の先生と勉強で目を輝かせた様子に――息子の学びにまず必要だったこととは【第3話】,Google_competitor,,
2_新しい組み合わせ,保護者の悩み/親が教えられない × 学習課題/教科,2,0,高校2年生、ADHDグレーゾーンの息子です。喉を鳴らす、顔をひそめるなどのトゥレット症もあります。小学校6年生からインチュニブを服用しています。素直でまっすぐですが、単純で騙されやすく傷つきやすいところがあります。また、能力に偏りがあり、小学校1年生でしたWISC-Ⅳでは、全知能IQは100以上でしたが、処理速度が70と極端に低く、ワーキングメモリーが平均以上という結果でした。小・中学校ではノートをほとんど書かずに過ごしました。時間の感覚、先の見通しが甘く、何事もギリギリ、提出物も忘れることも多かったです。それでも、頑張って受験勉強をし、偏差値が48くらいの都立高校に入りました。高校1年生の頃は、受験勉強の名残もあり、生まれて初めての5をもらうなど成績も良かったです。しかし、校則が厳しく自由がない学校が嫌になってしまったようで、生活が荒れ始めました。高校生になって、ラッパーになると言って音楽作りをはじめたのですが、高校の先生や他の生徒から「ラッパーなんて夢みたいなことを言っていないで、現実を見ろ」といわれるようなことがあり、その反発もあったようです。今年6月に、本人から音楽を作ることに専念したいので、高校を辞めて通信制高校に行きたいと言われました。自分で行きたい学校名も調べていて、「規則に縛られない方が、自分は規則正しい生活ができる」と言っていました。確かに高校1年生の時は、食事や体に気をつけ健康的な生活を心がけて頑張っていました。その姿を見ていたので、環境が変わればと思い、7月に通信制高校に編入しました。また、夏には英語力をあげたいと言って３週間海外に語学留学をしました。夢に向かって頑張っていると思い安心していたのですが・・・。留学から戻ってきてから全く勉強しなくなってしまいました。レポートやスクリーニングもせず、毎日遅くまで起きていて、昼頃に起きるという生活です。ラップの方は、自分で曲を作り、7月から10月までにライブに3回ほど出て、細々とですが前進しているようです。ライブやビデオを作るのにお金がかかるとのことで、週に2~3日、日雇いの肉体労働をしています。肉体労働をした次の日は疲れて勉強などしません。そのような姿を見て、私も心配になり、計画的に勉強して欲しいあまり、レポートをしたりスクリーニングに行ったら仕事がわりにお金を少し出す渡すから、アルバイトに行かずに学校に行くように声をかけました。しかし、勉強をするそぶりはありません。その声かけが逆効果になってしまったのか、10月になって、ラップが大切な時期だから、通信制高校を辞めたいと言い始めました。ラッパーとして成功するには今しかない、自分は色々なことを同時にできないから高校も続けられない、ラップに関わるお金は自分で稼ぎたいということです。しかし、私としては、ラッパーという不確かな将来像、かつ、中卒では、将来の選択肢が狭まってしまうのではないかと考えて不安が募るばかりです。彼の作る音楽も聴いたことがあるのですが、親の贔屓目をもってしても、正直「才能」があるとは思えません。高校ついては、自分で卒業すると約束して転入したということもあり、辞めないように伝えていますが、「俺のことを信じていないのか」「邪魔をするな」と怒ってしまいます。私もつい感情的になり、「好きなことばかりでは生きていけない、やるべきことをしっかりやることができない人は何もできない」などと言ってしまい、口論になっています。私は息子が「こんな家出て行ってやる」というたびに「そうしたいならどうぞ」と突き放してしまいますが、夫は家が安心できる居場所になるようにしようと言って、温かい声かけをしています。夫の献身的な愛により、息子は街をフラフラとはしていますが、門限である23時には大抵帰ってきます。夫は息子が高校を辞めるということも心配はしているようですが、本人がどうしてもというなら認めると思います。不安よりラッパーとして成功することを心の底から応援しているようです。ラッパーという職業は、不安定ということもありますし、薬物などの問題もあり、品行方正でいるのは難しい世界だと思います。今も、品行方正とは言えず、付き合っている友達もヤンチャ系の友達が多いです。高校を辞める辞めないの問題だけでなく、将来どうなってしまうのだろうという不安が正直強いです。私は心配のあまり余計なことばかり言っていると反省していますが、高校を辞めることは、どうしても認められません。現在は、息子は学校に行っていない、勉強はしていない状態ですが、以前のように声をかけるのをやめて、そっとしている状態です。しかし、これを永遠に続けるわけには行きません。これから私はどうしたらいいでしょうか。 / 親御さんにできる、算数障害への対応法・向き合い方〜できたことに注目し、肯定的な声かけをする〜,Google_competitor,,
2_新しい組み合わせ,保護者の悩み/親が教えられない × 検討行動/合わない・乗り換え,2,0,高校2年生、ADHDグレーゾーンの息子です。喉を鳴らす、顔をひそめるなどのトゥレット症もあります。小学校6年生からインチュニブを服用しています。素直でまっすぐですが、単純で騙されやすく傷つきやすいところがあります。また、能力に偏りがあり、小学校1年生でしたWISC-Ⅳでは、全知能IQは100以上でしたが、処理速度が70と極端に低く、ワーキングメモリーが平均以上という結果でした。小・中学校ではノートをほとんど書かずに過ごしました。時間の感覚、先の見通しが甘く、何事もギリギリ、提出物も忘れることも多かったです。それでも、頑張って受験勉強をし、偏差値が48くらいの都立高校に入りました。高校1年生の頃は、受験勉強の名残もあり、生まれて初めての5をもらうなど成績も良かったです。しかし、校則が厳しく自由がない学校が嫌になってしまったようで、生活が荒れ始めました。高校生になって、ラッパーになると言って音楽作りをはじめたのですが、高校の先生や他の生徒から「ラッパーなんて夢みたいなことを言っていないで、現実を見ろ」といわれるようなことがあり、その反発もあったようです。今年6月に、本人から音楽を作ることに専念したいので、高校を辞めて通信制高校に行きたいと言われました。自分で行きたい学校名も調べていて、「規則に縛られない方が、自分は規則正しい生活ができる」と言っていました。確かに高校1年生の時は、食事や体に気をつけ健康的な生活を心がけて頑張っていました。その姿を見ていたので、環境が変わればと思い、7月に通信制高校に編入しました。また、夏には英語力をあげたいと言って３週間海外に語学留学をしました。夢に向かって頑張っていると思い安心していたのですが・・・。留学から戻ってきてから全く勉強しなくなってしまいました。レポートやスクリーニングもせず、毎日遅くまで起きていて、昼頃に起きるという生活です。ラップの方は、自分で曲を作り、7月から10月までにライブに3回ほど出て、細々とですが前進しているようです。ライブやビデオを作るのにお金がかかるとのことで、週に2~3日、日雇いの肉体労働をしています。肉体労働をした次の日は疲れて勉強などしません。そのような姿を見て、私も心配になり、計画的に勉強して欲しいあまり、レポートをしたりスクリーニングに行ったら仕事がわりにお金を少し出す渡すから、アルバイトに行かずに学校に行くように声をかけました。しかし、勉強をするそぶりはありません。その声かけが逆効果になってしまったのか、10月になって、ラップが大切な時期だから、通信制高校を辞めたいと言い始めました。ラッパーとして成功するには今しかない、自分は色々なことを同時にできないから高校も続けられない、ラップに関わるお金は自分で稼ぎたいということです。しかし、私としては、ラッパーという不確かな将来像、かつ、中卒では、将来の選択肢が狭まってしまうのではないかと考えて不安が募るばかりです。彼の作る音楽も聴いたことがあるのですが、親の贔屓目をもってしても、正直「才能」があるとは思えません。高校ついては、自分で卒業すると約束して転入したということもあり、辞めないように伝えていますが、「俺のことを信じていないのか」「邪魔をするな」と怒ってしまいます。私もつい感情的になり、「好きなことばかりでは生きていけない、やるべきことをしっかりやることができない人は何もできない」などと言ってしまい、口論になっています。私は息子が「こんな家出て行ってやる」というたびに「そうしたいならどうぞ」と突き放してしまいますが、夫は家が安心できる居場所になるようにしようと言って、温かい声かけをしています。夫の献身的な愛により、息子は街をフラフラとはしていますが、門限である23時には大抵帰ってきます。夫は息子が高校を辞めるということも心配はしているようですが、本人がどうしてもというなら認めると思います。不安よりラッパーとして成功することを心の底から応援しているようです。ラッパーという職業は、不安定ということもありますし、薬物などの問題もあり、品行方正でいるのは難しい世界だと思います。今も、品行方正とは言えず、付き合っている友達もヤンチャ系の友達が多いです。高校を辞める辞めないの問題だけでなく、将来どうなってしまうのだろうという不安が正直強いです。私は心配のあまり余計なことばかり言っていると反省していますが、高校を辞めることは、どうしても認められません。現在は、息子は学校に行っていない、勉強はしていない状態ですが、以前のように声をかけるのをやめて、そっとしている状態です。しかし、これを永遠に続けるわけには行きません。これから私はどうしたらいいでしょうか。 / 親がやめたい5つの声かけと、言い換えフレーズ,Google_competitor,,
2_新しい組み合わせ,保護者の悩み/家で勉強しない × 学習課題/授業・学校についていけない,2,0,不登校、発達障がい、自宅学習についてみなさんどのようにとりくまれてますか。不登校歴もう4年やっとこフリースクールにはいけるようになりましたが、学習や生活習慣が身につきません。身につかないというより気のりしないからやれない声をかけ続けてやっとできる感じです。フリースクールは遊んでいるだけなので１日朝、晩15分でも学習をして欲しいのです。学校に戻ってとは思いませんが通信高校に行くにしても、自主的に時間になったら映像授業ログインしなければ単位だってとれないと思います。自宅学習や目標の持たせ方、どんな教材を使ってるか教えて下さい。ひきこもり気味だったので塾は無理でした。 / 発達障害の子が通う塾について。 私の子供は小学5年生の高機能自閉症で、知的な遅れはありませんが物事をイメージするのが苦手です。 発達障害の子が通う塾はどういう場所が良いのでしょうか？ また、多動や暴れたりなどはなく普通に授業も受けられるのですが、全体指示が通りにくく髪をいじったり等気が散ってしまいがちです。 塾に子供に障害がある事や特性等もも話した方が良いですか？ 家で勉強が教えられない訳ではないのですが、親が教えると嫌がるので困っています。 こういった子におすすめの塾や勉強法があれば教えて頂けませんでしょうか？ よろしくお願いします。,Google_competitor,,
2_新しい組み合わせ,保護者の悩み/家で勉強しない × 解決手段/塾・個別指導,2,0,不登校、発達障がい、自宅学習についてみなさんどのようにとりくまれてますか。不登校歴もう4年やっとこフリースクールにはいけるようになりましたが、学習や生活習慣が身につきません。身につかないというより気のりしないからやれない声をかけ続けてやっとできる感じです。フリースクールは遊んでいるだけなので１日朝、晩15分でも学習をして欲しいのです。学校に戻ってとは思いませんが通信高校に行くにしても、自主的に時間になったら映像授業ログインしなければ単位だってとれないと思います。自宅学習や目標の持たせ方、どんな教材を使ってるか教えて下さい。ひきこもり気味だったので塾は無理でした。 / 発達障害の子が通う塾について。 私の子供は小学5年生の高機能自閉症で、知的な遅れはありませんが物事をイメージするのが苦手です。 発達障害の子が通う塾はどういう場所が良いのでしょうか？ また、多動や暴れたりなどはなく普通に授業も受けられるのですが、全体指示が通りにくく髪をいじったり等気が散ってしまいがちです。 塾に子供に障害がある事や特性等もも話した方が良いですか？ 家で勉強が教えられない訳ではないのですが、親が教えると嫌がるので困っています。 こういった子におすすめの塾や勉強法があれば教えて頂けませんでしょうか？ よろしくお願いします。,Google_competitor,,
2_新しい組み合わせ,保護者の悩み/親が教えられない × 子どもの属性/不登校,2,0,発達障がいで不登校になった子どもへの対応は？家での過ごし方や接し方を紹介 / 発達障がい×不登校の子どもへの接し方のポイント,Google_competitor,,
2_新しい組み合わせ,学習課題/勉強方法 × 解決手段/オンライン家庭教師・オンライン塾,2,0,不登校の勉強方法としてオンライン塾を活用するメリット / 不登校の勉強方法としてオンライン塾を活用するデメリット,Google_competitor,,
2_新しい組み合わせ,学習課題/受験・進路 × 検討行動/体験・申込・相談,2,0,娘は、何でもペーパーのテストになると点が取れません。ADHDの検査で短期記憶の数値がかなり低いので、そのせいかな？とは思うのですが、知能指数は平均値内でした。何度同じ追試を受けても、勉強しても、点数は全く上がりません。勉強時間を増やしても点数があがりません。勉強の仕方を工夫しても、変えても、手伝っても、何をしてもどうしても点が上がらないのです。面接や論文などは良い評価をもらえるのですが、人生、資格を取得するのも、単位を取るのも、運転免許を取るのでさえ、ペーパーテストを避けて通る事は出来ません。テストを受ける時に聴覚や視覚等の配慮は受ける事は出来ても、娘にはどうもそのあたりの配慮は関係ない様なのです。思考の多動のせいなのか？短期記憶のせいなのか？それとももう、自己暗示にかかってしまっているのか？全くどうして良いのかわかりません‥。教科によって、若干の差はある様なので、ただ単に、興味の無い物はどうしても頭に入らないという事なのかも知れません。ただいずれにしても、ほんの2、3点でも良いのです。「〇〇したら自分でも点数が上がる」と言う努力をする為の自信を持たせてやりたいのですが、どなたか同じ様な体験をされた方はいらっしゃいますか？また、この様なタイプの書字や数字等とは関係無い学習障害をご存知の方がいらっしゃったら、何でも良いのでヒントを頂けたらと思っています。どうぞよろしくお願いします！ / 【体験談あり】高卒認定は大学受験で不利になる？ AO・推薦・一般ごとに解説,Google_competitor,,
2_新しい組み合わせ,子どもの属性/性別・本人 × 検討行動/評判・口コミ,2,0,「指導は無理」と言われ塾、習い事を辞めた発達障害息子。絶望の淵で出会った先生の「神対応」【読者体験談】,Google_competitor,,
2_新しい組み合わせ,学習課題/受験・進路 × 解決手段/教材・通信教育・アプリ,2,0,小５ 高機能広汎性発達障害の息子の塾の通塾で今悩んでいます。中学受験をするか親は悩みつつ、本人は受験したいと言いやる気があるので、ひとまず小４秋から大手進学塾へ通塾しています。息子は気分に非常にムラがあり、塾で頻繁に迷惑をかけつづけており、この先どうしたらいいか悩んでいます。迷惑レベルは、社会や理科の授業で余談的な話になったとき息子一人が授業に参加しすぎるあまり熱くなりおしゃべりしすぎてしまい、注意されると、暴言を吐きまくり、泣きまくり、とにかく授業の邪魔に度々最近なってしまっています。そのことを塾から親が注意をうけ、塾から遠回しに自主的に辞めてほしいという言われかたを今や、今まで何度もされています。息子に何度も迷惑態度を辞めるようキツく注意はしても、約束をしても、注意をすぐ忘れてしまい何度も何度も失敗してしまっています。息子は注意のことは忘れて、周りが怒っていても気にせず塾の授業を毎回楽しんで通っています。日に日に周りも成績やら進路にピリピリしてきているので通塾の送迎が親が辛くなっている状況に今なっています。息子の成績が一応順調に今の成績らへんで進むと、志望校には届くかも…な状況になっています。転塾や、通信教育を息子に勧めてみましたが、今の塾がいいらしく、環境を変える話をすると息子は取り乱し激しく泣いたり愚図ってしまいます。この先、塾からの注意は無視して息子には最低限の注意だけにして、しれっと通い続けるか、無理にでも親が中学受験を諦めさせるか、転塾させるか、どの方法が息子にとっていいのか悩んでいます。息子は勉強と今の塾はすごく好きだし、宿題の多いハードな塾なのに頑張ってノルマ的な宿題は必ずやりきったりやる気はあるのですが、、態度が悪くて困っています。 / 発達障害をもつ中学生の定期テスト対策やサポートどのようにしていますか？ 中１の息子はADHDとASDを両方を持っていますが、知的には問題なく、中高一貫の進学校に合格しました。 ２日後 、初の定期テストがありますが、教科書も面倒だと持って帰らず、テスト範囲も先生の話を聞いていなくて分からないとのこと。 私のアドバイスもどこ吹く風。 勉強もいつもと同じ市販のドリルを同じ時間こなすだけのマイペースさです。 初めての定期テストなので仕方ないかと思う一方、テスト範囲すら気にしていない事に驚き、今後どのようにサポートすべきか悩んでいます。 小学校とは違い、教科毎に先生がいるので御手紙やメールで範囲を知らせて頂くのも迷惑かと思いますが、そういう方法しか思い浮かびません。 質問はスケジュール管理が困難な子のテスト範囲はどのような方法で把握していますか？ 親はどこまでサポートすべきでしょうか？ 学校に協力をお願い出来る部分があるとしたらどのような事でしょうか？ ちなみに、息子は勉強嫌いですが授業は大好きで、学校での大きな問題はありません。,Google_competitor,,
2_新しい組み合わせ,シチュエーション・出来事/診断・気づき × 子どもの属性/受験生,1,70,志望校 無理 と 言 われ た 高校 受験,KWP_KeywordSeed,,
2_新しい組み合わせ,シチュエーション・出来事/診断・気づき × 子どもの属性/高校生,1,70,志望校 無理 と 言 われ た 高校 受験,KWP_KeywordSeed,,
2_新しい組み合わせ,シチュエーション・出来事/診断・気づき × 学習課題/受験・進路,1,70,志望校 無理 と 言 われ た 高校 受験,KWP_KeywordSeed,,
2_新しい組み合わせ,保護者の悩み/塾が合わない・集団が苦手 × 学習課題/授業・学校についていけない,1,50,集団 塾 ついていけ ない,KWP_KeywordSeed,,
2_新しい組み合わせ,学習課題/勉強できない・しない × 検討行動/料金・費用,1,30,やる気 スイッチ 夏期 講習 料金,KWP_KeywordSeed,,
2_新しい組み合わせ,シチュエーション・出来事/断られた・合わなかった × 子どもの属性/不登校,1,30,不 登校 やめたい,KWP_KeywordSeed,,
2_新しい組み合わせ,学習課題/授業・学校についていけない × 検討行動/合わない・乗り換え,1,20,映像 授業 合わ ない,KWP_KeywordSeed,,
2_新しい組み合わせ,シチュエーション・出来事/断られた・合わなかった × 解決手段/療育・福祉サービス,1,20,療育 やめた,KWP_KeywordSeed,,
2_新しい組み合わせ,シチュエーション・出来事/時期・節目 × 学習課題/勉強方法,1,20,高校 入試 直前 勉強 法,KWP_KeywordSeed,,
2_新しい組み合わせ,保護者の悩み/塾が合わない・集団が苦手 × 子どもの属性/不登校,1,10,不 登校 集団 塾,KWP_KeywordSeed,,
2_新しい組み合わせ,保護者の悩み/家で勉強しない × 学習課題/勉強できない・しない,1,10,家 で 勉強 しない 中学生,KWP_KeywordSeed,,
2_新しい組み合わせ,子どもの属性/中学生 × 検討行動/評判・口コミ,1,10,中学 受験 個別 指導 評判,KWP_KeywordSeed,,
2_新しい組み合わせ,保護者の悩み/塾が合わない・集団が苦手 × 子どもの属性/高校生,1,10,塾 合わ ない 高校生,KWP_KeywordSeed,,
2_新しい組み合わせ,シチュエーション・出来事/断られた・合わなかった × 解決手段/家庭教師,1,10,家庭 教師 断 られ た,KWP_KeywordSeed,,
2_新しい組み合わせ,保護者の悩み/家で勉強しない × 検討行動/料金・費用,1,10,自宅 学習 中学生 無料,KWP_KeywordSeed,,
2_新しい組み合わせ,保護者の悩み/家で勉強しない × 学習課題/教科,1,10,中学生 英語 自宅 学習,KWP_KeywordSeed,,
2_新しい組み合わせ,子どもの属性/高校生 × 検討行動/体験・申込・相談,1,0,一人ひとりに寄り添った 適切な支援を行います発達障がいのサポートに 特化した家庭教師実際の教師で体験OK幼児～高校まで幅広く対応幼児～高校まで対応創業1998年,Google_competitor,,
2_新しい組み合わせ,学習課題/勉強方法 × 解決手段/教材・通信教育・アプリ,1,0,発達障害と不登校、家庭教師をつけた方いらっしゃいますか？現在中１男子です。小５で一度不登校になり、その後は学校には週３くらいの別室登校を続けています。小６のときにWISCを受けて、言語が非常に高く、処理速度が低く50くらいの差があります。病院では自閉スペクトラム症、ASDと言われています。小学校までは学業での困りごとはなく、登校しなくても授業についていけて、漢字テストなど満点を取ったりしていましたが、中学ではそんなに上手くいくはずもなく、勉強せずに授業にも出ていないので点数は悪く、提出物も出していないようです。夫は学校に行かなくてもいいから、勉強だけでもやってくれ、といいます。私は部活もやらず友人から取り残されて行くのが心配だし、世界を広げてほしい…と思っています。本人は、やりたくない事はやりたくない。やる気になれない。社会以外の勉強はやる気がない。特に困りごとはない。誰かに教えてもらうのはイヤ。先のことは考えていない、考えたくない、と言います。ただ、一応試験前には自分からタブレット学習を少しやります。(普段はやらない)本人がそんな状態で、家庭教師ってどうなのかな、と思って、当事者の方や皆様の経験など教えていただければと思いました。発達障害や不登校に対応できる家庭教師など、調べると出てくるのですが、どうなのでしょうか。本人の意思がないので、難しいのはわかっているのですが…勉強の仕方もわからないだろうし、人との出会いが無いのでコミュニケーションの力もつけてほしい。本当は個別指導などに行けたらいいのですが、新しいところが苦手で本人のやる気なし。いいきっかけになれるのか、嫌なことを無理強いになってしまうのか。ご意見お聞かせください。,Google_competitor,,
2_新しい組み合わせ,学習課題/授業・学校についていけない × 解決手段/医療・診断,1,0,発達障害と不登校、家庭教師をつけた方いらっしゃいますか？現在中１男子です。小５で一度不登校になり、その後は学校には週３くらいの別室登校を続けています。小６のときにWISCを受けて、言語が非常に高く、処理速度が低く50くらいの差があります。病院では自閉スペクトラム症、ASDと言われています。小学校までは学業での困りごとはなく、登校しなくても授業についていけて、漢字テストなど満点を取ったりしていましたが、中学ではそんなに上手くいくはずもなく、勉強せずに授業にも出ていないので点数は悪く、提出物も出していないようです。夫は学校に行かなくてもいいから、勉強だけでもやってくれ、といいます。私は部活もやらず友人から取り残されて行くのが心配だし、世界を広げてほしい…と思っています。本人は、やりたくない事はやりたくない。やる気になれない。社会以外の勉強はやる気がない。特に困りごとはない。誰かに教えてもらうのはイヤ。先のことは考えていない、考えたくない、と言います。ただ、一応試験前には自分からタブレット学習を少しやります。(普段はやらない)本人がそんな状態で、家庭教師ってどうなのかな、と思って、当事者の方や皆様の経験など教えていただければと思いました。発達障害や不登校に対応できる家庭教師など、調べると出てくるのですが、どうなのでしょうか。本人の意思がないので、難しいのはわかっているのですが…勉強の仕方もわからないだろうし、人との出会いが無いのでコミュニケーションの力もつけてほしい。本当は個別指導などに行けたらいいのですが、新しいところが苦手で本人のやる気なし。いいきっかけになれるのか、嫌なことを無理強いになってしまうのか。ご意見お聞かせください。,Google_competitor,,
2_新しい組み合わせ,学習課題/記憶・読み書き計算 × 解決手段/家庭教師,1,0,発達障害と不登校、家庭教師をつけた方いらっしゃいますか？現在中１男子です。小５で一度不登校になり、その後は学校には週３くらいの別室登校を続けています。小６のときにWISCを受けて、言語が非常に高く、処理速度が低く50くらいの差があります。病院では自閉スペクトラム症、ASDと言われています。小学校までは学業での困りごとはなく、登校しなくても授業についていけて、漢字テストなど満点を取ったりしていましたが、中学ではそんなに上手くいくはずもなく、勉強せずに授業にも出ていないので点数は悪く、提出物も出していないようです。夫は学校に行かなくてもいいから、勉強だけでもやってくれ、といいます。私は部活もやらず友人から取り残されて行くのが心配だし、世界を広げてほしい…と思っています。本人は、やりたくない事はやりたくない。やる気になれない。社会以外の勉強はやる気がない。特に困りごとはない。誰かに教えてもらうのはイヤ。先のことは考えていない、考えたくない、と言います。ただ、一応試験前には自分からタブレット学習を少しやります。(普段はやらない)本人がそんな状態で、家庭教師ってどうなのかな、と思って、当事者の方や皆様の経験など教えていただければと思いました。発達障害や不登校に対応できる家庭教師など、調べると出てくるのですが、どうなのでしょうか。本人の意思がないので、難しいのはわかっているのですが…勉強の仕方もわからないだろうし、人との出会いが無いのでコミュニケーションの力もつけてほしい。本当は個別指導などに行けたらいいのですが、新しいところが苦手で本人のやる気なし。いいきっかけになれるのか、嫌なことを無理強いになってしまうのか。ご意見お聞かせください。,Google_competitor,,
2_新しい組み合わせ,保護者の悩み/専門の先生を探す × 解決手段/発達障害専門・支援,1,0,発達障害(グレーゾーン)の特性に合わせた指導事例-発達障害専門の家庭教師（中学・高校受験）-,Google_competitor,,
2_新しい組み合わせ,保護者の悩み/専門の先生を探す × 子どもの属性/小学生,1,0,【学年別】小学生・中学生・高校生発達特性に合わせた家庭教師プラン,Google_competitor,,
2_新しい組み合わせ,子どもの属性/中学生 × 検討行動/体験・申込・相談,1,0,まとめ～発達障害のある中学生の勉強の悩みは支援機関に相談を～,Google_competitor,,
2_新しい組み合わせ,シチュエーション・出来事/診断・気づき × 子どもの属性/中学生,1,0,中学生になって学習障害に気づいたら？検査や診断について,Google_competitor,,
2_新しい組み合わせ,保護者の悩み/親が教えられない × 学習課題/勉強できない・しない,1,0,発達障害の子供の勉強はあきらめも大切ですか？ 小学校低学年の子供はADHDの不注意型です。学校の成績は悪く、家では家庭教師を雇ったり、親がかなり教えています。 ただ、集中力があまりにもなく、ワーキングメモリーも低いので頑張っても頑張ってもいろんな単元をならうと前のことは忘れてしまい、成績に反映しません。 繰り返し繰り返し勉強させてますが、本当に気が遠くなるほど記憶が抜け落ちてるんです。 誰ががとなりについていたらできたりしますが、本人が支援学級も泣いて嫌がるので普通学級です。 理解はしていても、学校でのテストの出題方法が家のワークとことなるとそれだけで集中が欠けたり、やる気も出ずに白紙で出したり。 テスト前は、親子で泣きながら夜遅くまで勉強します。そのときはできていても、翌日のテストでは白紙で提出もざら。 もう勉強はあきらめるべきでしょうか？ 親子でストレスかかえながら勉強させるよりも、のびのびと勉強以外のことを楽しませてあげたほうがよいのかな？とも思います。,Google_competitor,,
2_新しい組み合わせ,学習課題/集中・注意 × 解決手段/家庭教師,1,0,発達障害の子供の勉強はあきらめも大切ですか？ 小学校低学年の子供はADHDの不注意型です。学校の成績は悪く、家では家庭教師を雇ったり、親がかなり教えています。 ただ、集中力があまりにもなく、ワーキングメモリーも低いので頑張っても頑張ってもいろんな単元をならうと前のことは忘れてしまい、成績に反映しません。 繰り返し繰り返し勉強させてますが、本当に気が遠くなるほど記憶が抜け落ちてるんです。 誰ががとなりについていたらできたりしますが、本人が支援学級も泣いて嫌がるので普通学級です。 理解はしていても、学校でのテストの出題方法が家のワークとことなるとそれだけで集中が欠けたり、やる気も出ずに白紙で出したり。 テスト前は、親子で泣きながら夜遅くまで勉強します。そのときはできていても、翌日のテストでは白紙で提出もざら。 もう勉強はあきらめるべきでしょうか？ 親子でストレスかかえながら勉強させるよりも、のびのびと勉強以外のことを楽しませてあげたほうがよいのかな？とも思います。,Google_competitor,,
2_新しい組み合わせ,学習課題/集中・注意 × 解決手段/発達障害専門・支援,1,0,発達障害の子供の勉強はあきらめも大切ですか？ 小学校低学年の子供はADHDの不注意型です。学校の成績は悪く、家では家庭教師を雇ったり、親がかなり教えています。 ただ、集中力があまりにもなく、ワーキングメモリーも低いので頑張っても頑張ってもいろんな単元をならうと前のことは忘れてしまい、成績に反映しません。 繰り返し繰り返し勉強させてますが、本当に気が遠くなるほど記憶が抜け落ちてるんです。 誰ががとなりについていたらできたりしますが、本人が支援学級も泣いて嫌がるので普通学級です。 理解はしていても、学校でのテストの出題方法が家のワークとことなるとそれだけで集中が欠けたり、やる気も出ずに白紙で出したり。 テスト前は、親子で泣きながら夜遅くまで勉強します。そのときはできていても、翌日のテストでは白紙で提出もざら。 もう勉強はあきらめるべきでしょうか？ 親子でストレスかかえながら勉強させるよりも、のびのびと勉強以外のことを楽しませてあげたほうがよいのかな？とも思います。,Google_competitor,,
2_新しい組み合わせ,子どもの属性/小学生 × 検討行動/体験・申込・相談,1,0,こんな時は児童精神科へご相談ください,Google_competitor,,
2_新しい組み合わせ,子どもの属性/性別・本人 × 検討行動/比較・おすすめ,1,0,ADHDに合う勉強方法について質問です。 ADHD、ASD合併している女子です。通信制高校に通っています。 興味がある好きなことの勉強はいつまでもできるのですが、興味のない苦手なことの勉強がだいぶできません。 ポモドーロ法もやってみたのですが、25分勉強して、5分だけ休憩ができず、休憩が30分、1時間...と伸びてしまいました。 勉強スペースに行っても、周りが勉強していても集中できなくて指をいじったりしてしまい、迷惑なので行くのをやめました。 現在、7月に受ける農業技術検定とレポートを並行しているのですが、全く集中できず、時間だけが過ぎてしまっています。また、レポートができた日は農業技術検定の勉強ができません。 私に合っていそうな勉強法、おすすめの勉強法を教えてください。,Google_competitor,,
2_新しい組み合わせ,学習課題/集中・注意 × 検討行動/比較・おすすめ,1,0,ADHDに合う勉強方法について質問です。 ADHD、ASD合併している女子です。通信制高校に通っています。 興味がある好きなことの勉強はいつまでもできるのですが、興味のない苦手なことの勉強がだいぶできません。 ポモドーロ法もやってみたのですが、25分勉強して、5分だけ休憩ができず、休憩が30分、1時間...と伸びてしまいました。 勉強スペースに行っても、周りが勉強していても集中できなくて指をいじったりしてしまい、迷惑なので行くのをやめました。 現在、7月に受ける農業技術検定とレポートを並行しているのですが、全く集中できず、時間だけが過ぎてしまっています。また、レポートができた日は農業技術検定の勉強ができません。 私に合っていそうな勉強法、おすすめの勉強法を教えてください。,Google_competitor,,
2_新しい組み合わせ,シチュエーション・出来事/時期・節目 × 保護者の悩み/将来・進路不安,1,0,グレーゾーンの中学三年生の娘がいます 普通学級です。 高校受験に、悩んでいます 普通の高校で、やっていけるのか 本人も私も不安なのです 娘は、少ないですが友達も出来、いじめられずに なんとか行けてますが 先生からの連絡や、親に手紙を渡すのを 忘れたり、制服を忘れたり、(部活して着替えたら制服を忘れた) または、先生からの連絡を 全く聞いてないことも多々あります！ 私が知る限りでは、この程度ですが おそらく学校では、もっと やらかしているように思えます。 小学校入学前に一年、療育へ通ってました 診断は、もらってません。 そこまでの検査を療育の先生からの見解で とどまりました。 高校受験をふまえて 特別支援学校の見学を考えています 同じようなお子さまを育ててらっしゃる保護者の 方々にご意見を いただきたいです。 グレーゾーンぐらいなら普通高校でやっていけるのか 特別支援学校の様子など教えていただけると ありがたいです,Google_competitor,,
2_新しい組み合わせ,シチュエーション・出来事/時期・節目 × 子どもの属性/性別・本人,1,0,グレーゾーンの中学三年生の娘がいます 普通学級です。 高校受験に、悩んでいます 普通の高校で、やっていけるのか 本人も私も不安なのです 娘は、少ないですが友達も出来、いじめられずに なんとか行けてますが 先生からの連絡や、親に手紙を渡すのを 忘れたり、制服を忘れたり、(部活して着替えたら制服を忘れた) または、先生からの連絡を 全く聞いてないことも多々あります！ 私が知る限りでは、この程度ですが おそらく学校では、もっと やらかしているように思えます。 小学校入学前に一年、療育へ通ってました 診断は、もらってません。 そこまでの検査を療育の先生からの見解で とどまりました。 高校受験をふまえて 特別支援学校の見学を考えています 同じようなお子さまを育ててらっしゃる保護者の 方々にご意見を いただきたいです。 グレーゾーンぐらいなら普通高校でやっていけるのか 特別支援学校の様子など教えていただけると ありがたいです,Google_competitor,,
2_新しい組み合わせ,保護者の悩み/将来・進路不安 × 学習課題/宿題・テスト・成績,1,0,高校2年生、ADHDグレーゾーンの息子です。喉を鳴らす、顔をひそめるなどのトゥレット症もあります。小学校6年生からインチュニブを服用しています。素直でまっすぐですが、単純で騙されやすく傷つきやすいところがあります。また、能力に偏りがあり、小学校1年生でしたWISC-Ⅳでは、全知能IQは100以上でしたが、処理速度が70と極端に低く、ワーキングメモリーが平均以上という結果でした。小・中学校ではノートをほとんど書かずに過ごしました。時間の感覚、先の見通しが甘く、何事もギリギリ、提出物も忘れることも多かったです。それでも、頑張って受験勉強をし、偏差値が48くらいの都立高校に入りました。高校1年生の頃は、受験勉強の名残もあり、生まれて初めての5をもらうなど成績も良かったです。しかし、校則が厳しく自由がない学校が嫌になってしまったようで、生活が荒れ始めました。高校生になって、ラッパーになると言って音楽作りをはじめたのですが、高校の先生や他の生徒から「ラッパーなんて夢みたいなことを言っていないで、現実を見ろ」といわれるようなことがあり、その反発もあったようです。今年6月に、本人から音楽を作ることに専念したいので、高校を辞めて通信制高校に行きたいと言われました。自分で行きたい学校名も調べていて、「規則に縛られない方が、自分は規則正しい生活ができる」と言っていました。確かに高校1年生の時は、食事や体に気をつけ健康的な生活を心がけて頑張っていました。その姿を見ていたので、環境が変わればと思い、7月に通信制高校に編入しました。また、夏には英語力をあげたいと言って３週間海外に語学留学をしました。夢に向かって頑張っていると思い安心していたのですが・・・。留学から戻ってきてから全く勉強しなくなってしまいました。レポートやスクリーニングもせず、毎日遅くまで起きていて、昼頃に起きるという生活です。ラップの方は、自分で曲を作り、7月から10月までにライブに3回ほど出て、細々とですが前進しているようです。ライブやビデオを作るのにお金がかかるとのことで、週に2~3日、日雇いの肉体労働をしています。肉体労働をした次の日は疲れて勉強などしません。そのような姿を見て、私も心配になり、計画的に勉強して欲しいあまり、レポートをしたりスクリーニングに行ったら仕事がわりにお金を少し出す渡すから、アルバイトに行かずに学校に行くように声をかけました。しかし、勉強をするそぶりはありません。その声かけが逆効果になってしまったのか、10月になって、ラップが大切な時期だから、通信制高校を辞めたいと言い始めました。ラッパーとして成功するには今しかない、自分は色々なことを同時にできないから高校も続けられない、ラップに関わるお金は自分で稼ぎたいということです。しかし、私としては、ラッパーという不確かな将来像、かつ、中卒では、将来の選択肢が狭まってしまうのではないかと考えて不安が募るばかりです。彼の作る音楽も聴いたことがあるのですが、親の贔屓目をもってしても、正直「才能」があるとは思えません。高校ついては、自分で卒業すると約束して転入したということもあり、辞めないように伝えていますが、「俺のことを信じていないのか」「邪魔をするな」と怒ってしまいます。私もつい感情的になり、「好きなことばかりでは生きていけない、やるべきことをしっかりやることができない人は何もできない」などと言ってしまい、口論になっています。私は息子が「こんな家出て行ってやる」というたびに「そうしたいならどうぞ」と突き放してしまいますが、夫は家が安心できる居場所になるようにしようと言って、温かい声かけをしています。夫の献身的な愛により、息子は街をフラフラとはしていますが、門限である23時には大抵帰ってきます。夫は息子が高校を辞めるということも心配はしているようですが、本人がどうしてもというなら認めると思います。不安よりラッパーとして成功することを心の底から応援しているようです。ラッパーという職業は、不安定ということもありますし、薬物などの問題もあり、品行方正でいるのは難しい世界だと思います。今も、品行方正とは言えず、付き合っている友達もヤンチャ系の友達が多いです。高校を辞める辞めないの問題だけでなく、将来どうなってしまうのだろうという不安が正直強いです。私は心配のあまり余計なことばかり言っていると反省していますが、高校を辞めることは、どうしても認められません。現在は、息子は学校に行っていない、勉強はしていない状態ですが、以前のように声をかけるのをやめて、そっとしている状態です。しかし、これを永遠に続けるわけには行きません。これから私はどうしたらいいでしょうか。,Google_competitor,,
2_新しい組み合わせ,保護者の悩み/将来・進路不安 × 検討行動/合わない・乗り換え,1,0,高校2年生、ADHDグレーゾーンの息子です。喉を鳴らす、顔をひそめるなどのトゥレット症もあります。小学校6年生からインチュニブを服用しています。素直でまっすぐですが、単純で騙されやすく傷つきやすいところがあります。また、能力に偏りがあり、小学校1年生でしたWISC-Ⅳでは、全知能IQは100以上でしたが、処理速度が70と極端に低く、ワーキングメモリーが平均以上という結果でした。小・中学校ではノートをほとんど書かずに過ごしました。時間の感覚、先の見通しが甘く、何事もギリギリ、提出物も忘れることも多かったです。それでも、頑張って受験勉強をし、偏差値が48くらいの都立高校に入りました。高校1年生の頃は、受験勉強の名残もあり、生まれて初めての5をもらうなど成績も良かったです。しかし、校則が厳しく自由がない学校が嫌になってしまったようで、生活が荒れ始めました。高校生になって、ラッパーになると言って音楽作りをはじめたのですが、高校の先生や他の生徒から「ラッパーなんて夢みたいなことを言っていないで、現実を見ろ」といわれるようなことがあり、その反発もあったようです。今年6月に、本人から音楽を作ることに専念したいので、高校を辞めて通信制高校に行きたいと言われました。自分で行きたい学校名も調べていて、「規則に縛られない方が、自分は規則正しい生活ができる」と言っていました。確かに高校1年生の時は、食事や体に気をつけ健康的な生活を心がけて頑張っていました。その姿を見ていたので、環境が変わればと思い、7月に通信制高校に編入しました。また、夏には英語力をあげたいと言って３週間海外に語学留学をしました。夢に向かって頑張っていると思い安心していたのですが・・・。留学から戻ってきてから全く勉強しなくなってしまいました。レポートやスクリーニングもせず、毎日遅くまで起きていて、昼頃に起きるという生活です。ラップの方は、自分で曲を作り、7月から10月までにライブに3回ほど出て、細々とですが前進しているようです。ライブやビデオを作るのにお金がかかるとのことで、週に2~3日、日雇いの肉体労働をしています。肉体労働をした次の日は疲れて勉強などしません。そのような姿を見て、私も心配になり、計画的に勉強して欲しいあまり、レポートをしたりスクリーニングに行ったら仕事がわりにお金を少し出す渡すから、アルバイトに行かずに学校に行くように声をかけました。しかし、勉強をするそぶりはありません。その声かけが逆効果になってしまったのか、10月になって、ラップが大切な時期だから、通信制高校を辞めたいと言い始めました。ラッパーとして成功するには今しかない、自分は色々なことを同時にできないから高校も続けられない、ラップに関わるお金は自分で稼ぎたいということです。しかし、私としては、ラッパーという不確かな将来像、かつ、中卒では、将来の選択肢が狭まってしまうのではないかと考えて不安が募るばかりです。彼の作る音楽も聴いたことがあるのですが、親の贔屓目をもってしても、正直「才能」があるとは思えません。高校ついては、自分で卒業すると約束して転入したということもあり、辞めないように伝えていますが、「俺のことを信じていないのか」「邪魔をするな」と怒ってしまいます。私もつい感情的になり、「好きなことばかりでは生きていけない、やるべきことをしっかりやることができない人は何もできない」などと言ってしまい、口論になっています。私は息子が「こんな家出て行ってやる」というたびに「そうしたいならどうぞ」と突き放してしまいますが、夫は家が安心できる居場所になるようにしようと言って、温かい声かけをしています。夫の献身的な愛により、息子は街をフラフラとはしていますが、門限である23時には大抵帰ってきます。夫は息子が高校を辞めるということも心配はしているようですが、本人がどうしてもというなら認めると思います。不安よりラッパーとして成功することを心の底から応援しているようです。ラッパーという職業は、不安定ということもありますし、薬物などの問題もあり、品行方正でいるのは難しい世界だと思います。今も、品行方正とは言えず、付き合っている友達もヤンチャ系の友達が多いです。高校を辞める辞めないの問題だけでなく、将来どうなってしまうのだろうという不安が正直強いです。私は心配のあまり余計なことばかり言っていると反省していますが、高校を辞めることは、どうしても認められません。現在は、息子は学校に行っていない、勉強はしていない状態ですが、以前のように声をかけるのをやめて、そっとしている状態です。しかし、これを永遠に続けるわけには行きません。これから私はどうしたらいいでしょうか。,Google_competitor,,
2_新しい組み合わせ,保護者の悩み/将来・進路不安 × 解決手段/フリースクール・居場所,1,0,高校2年生、ADHDグレーゾーンの息子です。喉を鳴らす、顔をひそめるなどのトゥレット症もあります。小学校6年生からインチュニブを服用しています。素直でまっすぐですが、単純で騙されやすく傷つきやすいところがあります。また、能力に偏りがあり、小学校1年生でしたWISC-Ⅳでは、全知能IQは100以上でしたが、処理速度が70と極端に低く、ワーキングメモリーが平均以上という結果でした。小・中学校ではノートをほとんど書かずに過ごしました。時間の感覚、先の見通しが甘く、何事もギリギリ、提出物も忘れることも多かったです。それでも、頑張って受験勉強をし、偏差値が48くらいの都立高校に入りました。高校1年生の頃は、受験勉強の名残もあり、生まれて初めての5をもらうなど成績も良かったです。しかし、校則が厳しく自由がない学校が嫌になってしまったようで、生活が荒れ始めました。高校生になって、ラッパーになると言って音楽作りをはじめたのですが、高校の先生や他の生徒から「ラッパーなんて夢みたいなことを言っていないで、現実を見ろ」といわれるようなことがあり、その反発もあったようです。今年6月に、本人から音楽を作ることに専念したいので、高校を辞めて通信制高校に行きたいと言われました。自分で行きたい学校名も調べていて、「規則に縛られない方が、自分は規則正しい生活ができる」と言っていました。確かに高校1年生の時は、食事や体に気をつけ健康的な生活を心がけて頑張っていました。その姿を見ていたので、環境が変わればと思い、7月に通信制高校に編入しました。また、夏には英語力をあげたいと言って３週間海外に語学留学をしました。夢に向かって頑張っていると思い安心していたのですが・・・。留学から戻ってきてから全く勉強しなくなってしまいました。レポートやスクリーニングもせず、毎日遅くまで起きていて、昼頃に起きるという生活です。ラップの方は、自分で曲を作り、7月から10月までにライブに3回ほど出て、細々とですが前進しているようです。ライブやビデオを作るのにお金がかかるとのことで、週に2~3日、日雇いの肉体労働をしています。肉体労働をした次の日は疲れて勉強などしません。そのような姿を見て、私も心配になり、計画的に勉強して欲しいあまり、レポートをしたりスクリーニングに行ったら仕事がわりにお金を少し出す渡すから、アルバイトに行かずに学校に行くように声をかけました。しかし、勉強をするそぶりはありません。その声かけが逆効果になってしまったのか、10月になって、ラップが大切な時期だから、通信制高校を辞めたいと言い始めました。ラッパーとして成功するには今しかない、自分は色々なことを同時にできないから高校も続けられない、ラップに関わるお金は自分で稼ぎたいということです。しかし、私としては、ラッパーという不確かな将来像、かつ、中卒では、将来の選択肢が狭まってしまうのではないかと考えて不安が募るばかりです。彼の作る音楽も聴いたことがあるのですが、親の贔屓目をもってしても、正直「才能」があるとは思えません。高校ついては、自分で卒業すると約束して転入したということもあり、辞めないように伝えていますが、「俺のことを信じていないのか」「邪魔をするな」と怒ってしまいます。私もつい感情的になり、「好きなことばかりでは生きていけない、やるべきことをしっかりやることができない人は何もできない」などと言ってしまい、口論になっています。私は息子が「こんな家出て行ってやる」というたびに「そうしたいならどうぞ」と突き放してしまいますが、夫は家が安心できる居場所になるようにしようと言って、温かい声かけをしています。夫の献身的な愛により、息子は街をフラフラとはしていますが、門限である23時には大抵帰ってきます。夫は息子が高校を辞めるということも心配はしているようですが、本人がどうしてもというなら認めると思います。不安よりラッパーとして成功することを心の底から応援しているようです。ラッパーという職業は、不安定ということもありますし、薬物などの問題もあり、品行方正でいるのは難しい世界だと思います。今も、品行方正とは言えず、付き合っている友達もヤンチャ系の友達が多いです。高校を辞める辞めないの問題だけでなく、将来どうなってしまうのだろうという不安が正直強いです。私は心配のあまり余計なことばかり言っていると反省していますが、高校を辞めることは、どうしても認められません。現在は、息子は学校に行っていない、勉強はしていない状態ですが、以前のように声をかけるのをやめて、そっとしている状態です。しかし、これを永遠に続けるわけには行きません。これから私はどうしたらいいでしょうか。,Google_competitor,,
2_新しい組み合わせ,保護者の悩み/親が教えられない × 子どもの属性/中学生,1,0,高校2年生、ADHDグレーゾーンの息子です。喉を鳴らす、顔をひそめるなどのトゥレット症もあります。小学校6年生からインチュニブを服用しています。素直でまっすぐですが、単純で騙されやすく傷つきやすいところがあります。また、能力に偏りがあり、小学校1年生でしたWISC-Ⅳでは、全知能IQは100以上でしたが、処理速度が70と極端に低く、ワーキングメモリーが平均以上という結果でした。小・中学校ではノートをほとんど書かずに過ごしました。時間の感覚、先の見通しが甘く、何事もギリギリ、提出物も忘れることも多かったです。それでも、頑張って受験勉強をし、偏差値が48くらいの都立高校に入りました。高校1年生の頃は、受験勉強の名残もあり、生まれて初めての5をもらうなど成績も良かったです。しかし、校則が厳しく自由がない学校が嫌になってしまったようで、生活が荒れ始めました。高校生になって、ラッパーになると言って音楽作りをはじめたのですが、高校の先生や他の生徒から「ラッパーなんて夢みたいなことを言っていないで、現実を見ろ」といわれるようなことがあり、その反発もあったようです。今年6月に、本人から音楽を作ることに専念したいので、高校を辞めて通信制高校に行きたいと言われました。自分で行きたい学校名も調べていて、「規則に縛られない方が、自分は規則正しい生活ができる」と言っていました。確かに高校1年生の時は、食事や体に気をつけ健康的な生活を心がけて頑張っていました。その姿を見ていたので、環境が変わればと思い、7月に通信制高校に編入しました。また、夏には英語力をあげたいと言って３週間海外に語学留学をしました。夢に向かって頑張っていると思い安心していたのですが・・・。留学から戻ってきてから全く勉強しなくなってしまいました。レポートやスクリーニングもせず、毎日遅くまで起きていて、昼頃に起きるという生活です。ラップの方は、自分で曲を作り、7月から10月までにライブに3回ほど出て、細々とですが前進しているようです。ライブやビデオを作るのにお金がかかるとのことで、週に2~3日、日雇いの肉体労働をしています。肉体労働をした次の日は疲れて勉強などしません。そのような姿を見て、私も心配になり、計画的に勉強して欲しいあまり、レポートをしたりスクリーニングに行ったら仕事がわりにお金を少し出す渡すから、アルバイトに行かずに学校に行くように声をかけました。しかし、勉強をするそぶりはありません。その声かけが逆効果になってしまったのか、10月になって、ラップが大切な時期だから、通信制高校を辞めたいと言い始めました。ラッパーとして成功するには今しかない、自分は色々なことを同時にできないから高校も続けられない、ラップに関わるお金は自分で稼ぎたいということです。しかし、私としては、ラッパーという不確かな将来像、かつ、中卒では、将来の選択肢が狭まってしまうのではないかと考えて不安が募るばかりです。彼の作る音楽も聴いたことがあるのですが、親の贔屓目をもってしても、正直「才能」があるとは思えません。高校ついては、自分で卒業すると約束して転入したということもあり、辞めないように伝えていますが、「俺のことを信じていないのか」「邪魔をするな」と怒ってしまいます。私もつい感情的になり、「好きなことばかりでは生きていけない、やるべきことをしっかりやることができない人は何もできない」などと言ってしまい、口論になっています。私は息子が「こんな家出て行ってやる」というたびに「そうしたいならどうぞ」と突き放してしまいますが、夫は家が安心できる居場所になるようにしようと言って、温かい声かけをしています。夫の献身的な愛により、息子は街をフラフラとはしていますが、門限である23時には大抵帰ってきます。夫は息子が高校を辞めるということも心配はしているようですが、本人がどうしてもというなら認めると思います。不安よりラッパーとして成功することを心の底から応援しているようです。ラッパーという職業は、不安定ということもありますし、薬物などの問題もあり、品行方正でいるのは難しい世界だと思います。今も、品行方正とは言えず、付き合っている友達もヤンチャ系の友達が多いです。高校を辞める辞めないの問題だけでなく、将来どうなってしまうのだろうという不安が正直強いです。私は心配のあまり余計なことばかり言っていると反省していますが、高校を辞めることは、どうしても認められません。現在は、息子は学校に行っていない、勉強はしていない状態ですが、以前のように声をかけるのをやめて、そっとしている状態です。しかし、これを永遠に続けるわけには行きません。これから私はどうしたらいいでしょうか。,Google_competitor,,
2_新しい組み合わせ,保護者の悩み/親が教えられない × 子どもの属性/受験生,1,0,高校2年生、ADHDグレーゾーンの息子です。喉を鳴らす、顔をひそめるなどのトゥレット症もあります。小学校6年生からインチュニブを服用しています。素直でまっすぐですが、単純で騙されやすく傷つきやすいところがあります。また、能力に偏りがあり、小学校1年生でしたWISC-Ⅳでは、全知能IQは100以上でしたが、処理速度が70と極端に低く、ワーキングメモリーが平均以上という結果でした。小・中学校ではノートをほとんど書かずに過ごしました。時間の感覚、先の見通しが甘く、何事もギリギリ、提出物も忘れることも多かったです。それでも、頑張って受験勉強をし、偏差値が48くらいの都立高校に入りました。高校1年生の頃は、受験勉強の名残もあり、生まれて初めての5をもらうなど成績も良かったです。しかし、校則が厳しく自由がない学校が嫌になってしまったようで、生活が荒れ始めました。高校生になって、ラッパーになると言って音楽作りをはじめたのですが、高校の先生や他の生徒から「ラッパーなんて夢みたいなことを言っていないで、現実を見ろ」といわれるようなことがあり、その反発もあったようです。今年6月に、本人から音楽を作ることに専念したいので、高校を辞めて通信制高校に行きたいと言われました。自分で行きたい学校名も調べていて、「規則に縛られない方が、自分は規則正しい生活ができる」と言っていました。確かに高校1年生の時は、食事や体に気をつけ健康的な生活を心がけて頑張っていました。その姿を見ていたので、環境が変わればと思い、7月に通信制高校に編入しました。また、夏には英語力をあげたいと言って３週間海外に語学留学をしました。夢に向かって頑張っていると思い安心していたのですが・・・。留学から戻ってきてから全く勉強しなくなってしまいました。レポートやスクリーニングもせず、毎日遅くまで起きていて、昼頃に起きるという生活です。ラップの方は、自分で曲を作り、7月から10月までにライブに3回ほど出て、細々とですが前進しているようです。ライブやビデオを作るのにお金がかかるとのことで、週に2~3日、日雇いの肉体労働をしています。肉体労働をした次の日は疲れて勉強などしません。そのような姿を見て、私も心配になり、計画的に勉強して欲しいあまり、レポートをしたりスクリーニングに行ったら仕事がわりにお金を少し出す渡すから、アルバイトに行かずに学校に行くように声をかけました。しかし、勉強をするそぶりはありません。その声かけが逆効果になってしまったのか、10月になって、ラップが大切な時期だから、通信制高校を辞めたいと言い始めました。ラッパーとして成功するには今しかない、自分は色々なことを同時にできないから高校も続けられない、ラップに関わるお金は自分で稼ぎたいということです。しかし、私としては、ラッパーという不確かな将来像、かつ、中卒では、将来の選択肢が狭まってしまうのではないかと考えて不安が募るばかりです。彼の作る音楽も聴いたことがあるのですが、親の贔屓目をもってしても、正直「才能」があるとは思えません。高校ついては、自分で卒業すると約束して転入したということもあり、辞めないように伝えていますが、「俺のことを信じていないのか」「邪魔をするな」と怒ってしまいます。私もつい感情的になり、「好きなことばかりでは生きていけない、やるべきことをしっかりやることができない人は何もできない」などと言ってしまい、口論になっています。私は息子が「こんな家出て行ってやる」というたびに「そうしたいならどうぞ」と突き放してしまいますが、夫は家が安心できる居場所になるようにしようと言って、温かい声かけをしています。夫の献身的な愛により、息子は街をフラフラとはしていますが、門限である23時には大抵帰ってきます。夫は息子が高校を辞めるということも心配はしているようですが、本人がどうしてもというなら認めると思います。不安よりラッパーとして成功することを心の底から応援しているようです。ラッパーという職業は、不安定ということもありますし、薬物などの問題もあり、品行方正でいるのは難しい世界だと思います。今も、品行方正とは言えず、付き合っている友達もヤンチャ系の友達が多いです。高校を辞める辞めないの問題だけでなく、将来どうなってしまうのだろうという不安が正直強いです。私は心配のあまり余計なことばかり言っていると反省していますが、高校を辞めることは、どうしても認められません。現在は、息子は学校に行っていない、勉強はしていない状態ですが、以前のように声をかけるのをやめて、そっとしている状態です。しかし、これを永遠に続けるわけには行きません。これから私はどうしたらいいでしょうか。,Google_competitor,,
2_新しい組み合わせ,保護者の悩み/親が教えられない × 子どもの属性/性別・本人,1,0,高校2年生、ADHDグレーゾーンの息子です。喉を鳴らす、顔をひそめるなどのトゥレット症もあります。小学校6年生からインチュニブを服用しています。素直でまっすぐですが、単純で騙されやすく傷つきやすいところがあります。また、能力に偏りがあり、小学校1年生でしたWISC-Ⅳでは、全知能IQは100以上でしたが、処理速度が70と極端に低く、ワーキングメモリーが平均以上という結果でした。小・中学校ではノートをほとんど書かずに過ごしました。時間の感覚、先の見通しが甘く、何事もギリギリ、提出物も忘れることも多かったです。それでも、頑張って受験勉強をし、偏差値が48くらいの都立高校に入りました。高校1年生の頃は、受験勉強の名残もあり、生まれて初めての5をもらうなど成績も良かったです。しかし、校則が厳しく自由がない学校が嫌になってしまったようで、生活が荒れ始めました。高校生になって、ラッパーになると言って音楽作りをはじめたのですが、高校の先生や他の生徒から「ラッパーなんて夢みたいなことを言っていないで、現実を見ろ」といわれるようなことがあり、その反発もあったようです。今年6月に、本人から音楽を作ることに専念したいので、高校を辞めて通信制高校に行きたいと言われました。自分で行きたい学校名も調べていて、「規則に縛られない方が、自分は規則正しい生活ができる」と言っていました。確かに高校1年生の時は、食事や体に気をつけ健康的な生活を心がけて頑張っていました。その姿を見ていたので、環境が変わればと思い、7月に通信制高校に編入しました。また、夏には英語力をあげたいと言って３週間海外に語学留学をしました。夢に向かって頑張っていると思い安心していたのですが・・・。留学から戻ってきてから全く勉強しなくなってしまいました。レポートやスクリーニングもせず、毎日遅くまで起きていて、昼頃に起きるという生活です。ラップの方は、自分で曲を作り、7月から10月までにライブに3回ほど出て、細々とですが前進しているようです。ライブやビデオを作るのにお金がかかるとのことで、週に2~3日、日雇いの肉体労働をしています。肉体労働をした次の日は疲れて勉強などしません。そのような姿を見て、私も心配になり、計画的に勉強して欲しいあまり、レポートをしたりスクリーニングに行ったら仕事がわりにお金を少し出す渡すから、アルバイトに行かずに学校に行くように声をかけました。しかし、勉強をするそぶりはありません。その声かけが逆効果になってしまったのか、10月になって、ラップが大切な時期だから、通信制高校を辞めたいと言い始めました。ラッパーとして成功するには今しかない、自分は色々なことを同時にできないから高校も続けられない、ラップに関わるお金は自分で稼ぎたいということです。しかし、私としては、ラッパーという不確かな将来像、かつ、中卒では、将来の選択肢が狭まってしまうのではないかと考えて不安が募るばかりです。彼の作る音楽も聴いたことがあるのですが、親の贔屓目をもってしても、正直「才能」があるとは思えません。高校ついては、自分で卒業すると約束して転入したということもあり、辞めないように伝えていますが、「俺のことを信じていないのか」「邪魔をするな」と怒ってしまいます。私もつい感情的になり、「好きなことばかりでは生きていけない、やるべきことをしっかりやることができない人は何もできない」などと言ってしまい、口論になっています。私は息子が「こんな家出て行ってやる」というたびに「そうしたいならどうぞ」と突き放してしまいますが、夫は家が安心できる居場所になるようにしようと言って、温かい声かけをしています。夫の献身的な愛により、息子は街をフラフラとはしていますが、門限である23時には大抵帰ってきます。夫は息子が高校を辞めるということも心配はしているようですが、本人がどうしてもというなら認めると思います。不安よりラッパーとして成功することを心の底から応援しているようです。ラッパーという職業は、不安定ということもありますし、薬物などの問題もあり、品行方正でいるのは難しい世界だと思います。今も、品行方正とは言えず、付き合っている友達もヤンチャ系の友達が多いです。高校を辞める辞めないの問題だけでなく、将来どうなってしまうのだろうという不安が正直強いです。私は心配のあまり余計なことばかり言っていると反省していますが、高校を辞めることは、どうしても認められません。現在は、息子は学校に行っていない、勉強はしていない状態ですが、以前のように声をかけるのをやめて、そっとしている状態です。しかし、これを永遠に続けるわけには行きません。これから私はどうしたらいいでしょうか。,Google_competitor,,
2_新しい組み合わせ,保護者の悩み/親が教えられない × 子どもの属性/高校生,1,0,高校2年生、ADHDグレーゾーンの息子です。喉を鳴らす、顔をひそめるなどのトゥレット症もあります。小学校6年生からインチュニブを服用しています。素直でまっすぐですが、単純で騙されやすく傷つきやすいところがあります。また、能力に偏りがあり、小学校1年生でしたWISC-Ⅳでは、全知能IQは100以上でしたが、処理速度が70と極端に低く、ワーキングメモリーが平均以上という結果でした。小・中学校ではノートをほとんど書かずに過ごしました。時間の感覚、先の見通しが甘く、何事もギリギリ、提出物も忘れることも多かったです。それでも、頑張って受験勉強をし、偏差値が48くらいの都立高校に入りました。高校1年生の頃は、受験勉強の名残もあり、生まれて初めての5をもらうなど成績も良かったです。しかし、校則が厳しく自由がない学校が嫌になってしまったようで、生活が荒れ始めました。高校生になって、ラッパーになると言って音楽作りをはじめたのですが、高校の先生や他の生徒から「ラッパーなんて夢みたいなことを言っていないで、現実を見ろ」といわれるようなことがあり、その反発もあったようです。今年6月に、本人から音楽を作ることに専念したいので、高校を辞めて通信制高校に行きたいと言われました。自分で行きたい学校名も調べていて、「規則に縛られない方が、自分は規則正しい生活ができる」と言っていました。確かに高校1年生の時は、食事や体に気をつけ健康的な生活を心がけて頑張っていました。その姿を見ていたので、環境が変わればと思い、7月に通信制高校に編入しました。また、夏には英語力をあげたいと言って３週間海外に語学留学をしました。夢に向かって頑張っていると思い安心していたのですが・・・。留学から戻ってきてから全く勉強しなくなってしまいました。レポートやスクリーニングもせず、毎日遅くまで起きていて、昼頃に起きるという生活です。ラップの方は、自分で曲を作り、7月から10月までにライブに3回ほど出て、細々とですが前進しているようです。ライブやビデオを作るのにお金がかかるとのことで、週に2~3日、日雇いの肉体労働をしています。肉体労働をした次の日は疲れて勉強などしません。そのような姿を見て、私も心配になり、計画的に勉強して欲しいあまり、レポートをしたりスクリーニングに行ったら仕事がわりにお金を少し出す渡すから、アルバイトに行かずに学校に行くように声をかけました。しかし、勉強をするそぶりはありません。その声かけが逆効果になってしまったのか、10月になって、ラップが大切な時期だから、通信制高校を辞めたいと言い始めました。ラッパーとして成功するには今しかない、自分は色々なことを同時にできないから高校も続けられない、ラップに関わるお金は自分で稼ぎたいということです。しかし、私としては、ラッパーという不確かな将来像、かつ、中卒では、将来の選択肢が狭まってしまうのではないかと考えて不安が募るばかりです。彼の作る音楽も聴いたことがあるのですが、親の贔屓目をもってしても、正直「才能」があるとは思えません。高校ついては、自分で卒業すると約束して転入したということもあり、辞めないように伝えていますが、「俺のことを信じていないのか」「邪魔をするな」と怒ってしまいます。私もつい感情的になり、「好きなことばかりでは生きていけない、やるべきことをしっかりやることができない人は何もできない」などと言ってしまい、口論になっています。私は息子が「こんな家出て行ってやる」というたびに「そうしたいならどうぞ」と突き放してしまいますが、夫は家が安心できる居場所になるようにしようと言って、温かい声かけをしています。夫の献身的な愛により、息子は街をフラフラとはしていますが、門限である23時には大抵帰ってきます。夫は息子が高校を辞めるということも心配はしているようですが、本人がどうしてもというなら認めると思います。不安よりラッパーとして成功することを心の底から応援しているようです。ラッパーという職業は、不安定ということもありますし、薬物などの問題もあり、品行方正でいるのは難しい世界だと思います。今も、品行方正とは言えず、付き合っている友達もヤンチャ系の友達が多いです。高校を辞める辞めないの問題だけでなく、将来どうなってしまうのだろうという不安が正直強いです。私は心配のあまり余計なことばかり言っていると反省していますが、高校を辞めることは、どうしても認められません。現在は、息子は学校に行っていない、勉強はしていない状態ですが、以前のように声をかけるのをやめて、そっとしている状態です。しかし、これを永遠に続けるわけには行きません。これから私はどうしたらいいでしょうか。,Google_competitor,,
2_新しい組み合わせ,保護者の悩み/親が教えられない × 解決手段/フリースクール・居場所,1,0,高校2年生、ADHDグレーゾーンの息子です。喉を鳴らす、顔をひそめるなどのトゥレット症もあります。小学校6年生からインチュニブを服用しています。素直でまっすぐですが、単純で騙されやすく傷つきやすいところがあります。また、能力に偏りがあり、小学校1年生でしたWISC-Ⅳでは、全知能IQは100以上でしたが、処理速度が70と極端に低く、ワーキングメモリーが平均以上という結果でした。小・中学校ではノートをほとんど書かずに過ごしました。時間の感覚、先の見通しが甘く、何事もギリギリ、提出物も忘れることも多かったです。それでも、頑張って受験勉強をし、偏差値が48くらいの都立高校に入りました。高校1年生の頃は、受験勉強の名残もあり、生まれて初めての5をもらうなど成績も良かったです。しかし、校則が厳しく自由がない学校が嫌になってしまったようで、生活が荒れ始めました。高校生になって、ラッパーになると言って音楽作りをはじめたのですが、高校の先生や他の生徒から「ラッパーなんて夢みたいなことを言っていないで、現実を見ろ」といわれるようなことがあり、その反発もあったようです。今年6月に、本人から音楽を作ることに専念したいので、高校を辞めて通信制高校に行きたいと言われました。自分で行きたい学校名も調べていて、「規則に縛られない方が、自分は規則正しい生活ができる」と言っていました。確かに高校1年生の時は、食事や体に気をつけ健康的な生活を心がけて頑張っていました。その姿を見ていたので、環境が変わればと思い、7月に通信制高校に編入しました。また、夏には英語力をあげたいと言って３週間海外に語学留学をしました。夢に向かって頑張っていると思い安心していたのですが・・・。留学から戻ってきてから全く勉強しなくなってしまいました。レポートやスクリーニングもせず、毎日遅くまで起きていて、昼頃に起きるという生活です。ラップの方は、自分で曲を作り、7月から10月までにライブに3回ほど出て、細々とですが前進しているようです。ライブやビデオを作るのにお金がかかるとのことで、週に2~3日、日雇いの肉体労働をしています。肉体労働をした次の日は疲れて勉強などしません。そのような姿を見て、私も心配になり、計画的に勉強して欲しいあまり、レポートをしたりスクリーニングに行ったら仕事がわりにお金を少し出す渡すから、アルバイトに行かずに学校に行くように声をかけました。しかし、勉強をするそぶりはありません。その声かけが逆効果になってしまったのか、10月になって、ラップが大切な時期だから、通信制高校を辞めたいと言い始めました。ラッパーとして成功するには今しかない、自分は色々なことを同時にできないから高校も続けられない、ラップに関わるお金は自分で稼ぎたいということです。しかし、私としては、ラッパーという不確かな将来像、かつ、中卒では、将来の選択肢が狭まってしまうのではないかと考えて不安が募るばかりです。彼の作る音楽も聴いたことがあるのですが、親の贔屓目をもってしても、正直「才能」があるとは思えません。高校ついては、自分で卒業すると約束して転入したということもあり、辞めないように伝えていますが、「俺のことを信じていないのか」「邪魔をするな」と怒ってしまいます。私もつい感情的になり、「好きなことばかりでは生きていけない、やるべきことをしっかりやることができない人は何もできない」などと言ってしまい、口論になっています。私は息子が「こんな家出て行ってやる」というたびに「そうしたいならどうぞ」と突き放してしまいますが、夫は家が安心できる居場所になるようにしようと言って、温かい声かけをしています。夫の献身的な愛により、息子は街をフラフラとはしていますが、門限である23時には大抵帰ってきます。夫は息子が高校を辞めるということも心配はしているようですが、本人がどうしてもというなら認めると思います。不安よりラッパーとして成功することを心の底から応援しているようです。ラッパーという職業は、不安定ということもありますし、薬物などの問題もあり、品行方正でいるのは難しい世界だと思います。今も、品行方正とは言えず、付き合っている友達もヤンチャ系の友達が多いです。高校を辞める辞めないの問題だけでなく、将来どうなってしまうのだろうという不安が正直強いです。私は心配のあまり余計なことばかり言っていると反省していますが、高校を辞めることは、どうしても認められません。現在は、息子は学校に行っていない、勉強はしていない状態ですが、以前のように声をかけるのをやめて、そっとしている状態です。しかし、これを永遠に続けるわけには行きません。これから私はどうしたらいいでしょうか。,Google_competitor,,
2_新しい組み合わせ,保護者の悩み/親が教えられない × 解決手段/医療・診断,1,0,高校2年生、ADHDグレーゾーンの息子です。喉を鳴らす、顔をひそめるなどのトゥレット症もあります。小学校6年生からインチュニブを服用しています。素直でまっすぐですが、単純で騙されやすく傷つきやすいところがあります。また、能力に偏りがあり、小学校1年生でしたWISC-Ⅳでは、全知能IQは100以上でしたが、処理速度が70と極端に低く、ワーキングメモリーが平均以上という結果でした。小・中学校ではノートをほとんど書かずに過ごしました。時間の感覚、先の見通しが甘く、何事もギリギリ、提出物も忘れることも多かったです。それでも、頑張って受験勉強をし、偏差値が48くらいの都立高校に入りました。高校1年生の頃は、受験勉強の名残もあり、生まれて初めての5をもらうなど成績も良かったです。しかし、校則が厳しく自由がない学校が嫌になってしまったようで、生活が荒れ始めました。高校生になって、ラッパーになると言って音楽作りをはじめたのですが、高校の先生や他の生徒から「ラッパーなんて夢みたいなことを言っていないで、現実を見ろ」といわれるようなことがあり、その反発もあったようです。今年6月に、本人から音楽を作ることに専念したいので、高校を辞めて通信制高校に行きたいと言われました。自分で行きたい学校名も調べていて、「規則に縛られない方が、自分は規則正しい生活ができる」と言っていました。確かに高校1年生の時は、食事や体に気をつけ健康的な生活を心がけて頑張っていました。その姿を見ていたので、環境が変わればと思い、7月に通信制高校に編入しました。また、夏には英語力をあげたいと言って３週間海外に語学留学をしました。夢に向かって頑張っていると思い安心していたのですが・・・。留学から戻ってきてから全く勉強しなくなってしまいました。レポートやスクリーニングもせず、毎日遅くまで起きていて、昼頃に起きるという生活です。ラップの方は、自分で曲を作り、7月から10月までにライブに3回ほど出て、細々とですが前進しているようです。ライブやビデオを作るのにお金がかかるとのことで、週に2~3日、日雇いの肉体労働をしています。肉体労働をした次の日は疲れて勉強などしません。そのような姿を見て、私も心配になり、計画的に勉強して欲しいあまり、レポートをしたりスクリーニングに行ったら仕事がわりにお金を少し出す渡すから、アルバイトに行かずに学校に行くように声をかけました。しかし、勉強をするそぶりはありません。その声かけが逆効果になってしまったのか、10月になって、ラップが大切な時期だから、通信制高校を辞めたいと言い始めました。ラッパーとして成功するには今しかない、自分は色々なことを同時にできないから高校も続けられない、ラップに関わるお金は自分で稼ぎたいということです。しかし、私としては、ラッパーという不確かな将来像、かつ、中卒では、将来の選択肢が狭まってしまうのではないかと考えて不安が募るばかりです。彼の作る音楽も聴いたことがあるのですが、親の贔屓目をもってしても、正直「才能」があるとは思えません。高校ついては、自分で卒業すると約束して転入したということもあり、辞めないように伝えていますが、「俺のことを信じていないのか」「邪魔をするな」と怒ってしまいます。私もつい感情的になり、「好きなことばかりでは生きていけない、やるべきことをしっかりやることができない人は何もできない」などと言ってしまい、口論になっています。私は息子が「こんな家出て行ってやる」というたびに「そうしたいならどうぞ」と突き放してしまいますが、夫は家が安心できる居場所になるようにしようと言って、温かい声かけをしています。夫の献身的な愛により、息子は街をフラフラとはしていますが、門限である23時には大抵帰ってきます。夫は息子が高校を辞めるということも心配はしているようですが、本人がどうしてもというなら認めると思います。不安よりラッパーとして成功することを心の底から応援しているようです。ラッパーという職業は、不安定ということもありますし、薬物などの問題もあり、品行方正でいるのは難しい世界だと思います。今も、品行方正とは言えず、付き合っている友達もヤンチャ系の友達が多いです。高校を辞める辞めないの問題だけでなく、将来どうなってしまうのだろうという不安が正直強いです。私は心配のあまり余計なことばかり言っていると反省していますが、高校を辞めることは、どうしても認められません。現在は、息子は学校に行っていない、勉強はしていない状態ですが、以前のように声をかけるのをやめて、そっとしている状態です。しかし、これを永遠に続けるわけには行きません。これから私はどうしたらいいでしょうか。,Google_competitor,,
2_新しい組み合わせ,子どもの属性/学校種別 × 検討行動/合わない・乗り換え,1,0,高校2年生、ADHDグレーゾーンの息子です。喉を鳴らす、顔をひそめるなどのトゥレット症もあります。小学校6年生からインチュニブを服用しています。素直でまっすぐですが、単純で騙されやすく傷つきやすいところがあります。また、能力に偏りがあり、小学校1年生でしたWISC-Ⅳでは、全知能IQは100以上でしたが、処理速度が70と極端に低く、ワーキングメモリーが平均以上という結果でした。小・中学校ではノートをほとんど書かずに過ごしました。時間の感覚、先の見通しが甘く、何事もギリギリ、提出物も忘れることも多かったです。それでも、頑張って受験勉強をし、偏差値が48くらいの都立高校に入りました。高校1年生の頃は、受験勉強の名残もあり、生まれて初めての5をもらうなど成績も良かったです。しかし、校則が厳しく自由がない学校が嫌になってしまったようで、生活が荒れ始めました。高校生になって、ラッパーになると言って音楽作りをはじめたのですが、高校の先生や他の生徒から「ラッパーなんて夢みたいなことを言っていないで、現実を見ろ」といわれるようなことがあり、その反発もあったようです。今年6月に、本人から音楽を作ることに専念したいので、高校を辞めて通信制高校に行きたいと言われました。自分で行きたい学校名も調べていて、「規則に縛られない方が、自分は規則正しい生活ができる」と言っていました。確かに高校1年生の時は、食事や体に気をつけ健康的な生活を心がけて頑張っていました。その姿を見ていたので、環境が変わればと思い、7月に通信制高校に編入しました。また、夏には英語力をあげたいと言って３週間海外に語学留学をしました。夢に向かって頑張っていると思い安心していたのですが・・・。留学から戻ってきてから全く勉強しなくなってしまいました。レポートやスクリーニングもせず、毎日遅くまで起きていて、昼頃に起きるという生活です。ラップの方は、自分で曲を作り、7月から10月までにライブに3回ほど出て、細々とですが前進しているようです。ライブやビデオを作るのにお金がかかるとのことで、週に2~3日、日雇いの肉体労働をしています。肉体労働をした次の日は疲れて勉強などしません。そのような姿を見て、私も心配になり、計画的に勉強して欲しいあまり、レポートをしたりスクリーニングに行ったら仕事がわりにお金を少し出す渡すから、アルバイトに行かずに学校に行くように声をかけました。しかし、勉強をするそぶりはありません。その声かけが逆効果になってしまったのか、10月になって、ラップが大切な時期だから、通信制高校を辞めたいと言い始めました。ラッパーとして成功するには今しかない、自分は色々なことを同時にできないから高校も続けられない、ラップに関わるお金は自分で稼ぎたいということです。しかし、私としては、ラッパーという不確かな将来像、かつ、中卒では、将来の選択肢が狭まってしまうのではないかと考えて不安が募るばかりです。彼の作る音楽も聴いたことがあるのですが、親の贔屓目をもってしても、正直「才能」があるとは思えません。高校ついては、自分で卒業すると約束して転入したということもあり、辞めないように伝えていますが、「俺のことを信じていないのか」「邪魔をするな」と怒ってしまいます。私もつい感情的になり、「好きなことばかりでは生きていけない、やるべきことをしっかりやることができない人は何もできない」などと言ってしまい、口論になっています。私は息子が「こんな家出て行ってやる」というたびに「そうしたいならどうぞ」と突き放してしまいますが、夫は家が安心できる居場所になるようにしようと言って、温かい声かけをしています。夫の献身的な愛により、息子は街をフラフラとはしていますが、門限である23時には大抵帰ってきます。夫は息子が高校を辞めるということも心配はしているようですが、本人がどうしてもというなら認めると思います。不安よりラッパーとして成功することを心の底から応援しているようです。ラッパーという職業は、不安定ということもありますし、薬物などの問題もあり、品行方正でいるのは難しい世界だと思います。今も、品行方正とは言えず、付き合っている友達もヤンチャ系の友達が多いです。高校を辞める辞めないの問題だけでなく、将来どうなってしまうのだろうという不安が正直強いです。私は心配のあまり余計なことばかり言っていると反省していますが、高校を辞めることは、どうしても認められません。現在は、息子は学校に行っていない、勉強はしていない状態ですが、以前のように声をかけるのをやめて、そっとしている状態です。しかし、これを永遠に続けるわけには行きません。これから私はどうしたらいいでしょうか。,Google_competitor,,
2_新しい組み合わせ,子どもの属性/小学生 × 検討行動/合わない・乗り換え,1,0,高校2年生、ADHDグレーゾーンの息子です。喉を鳴らす、顔をひそめるなどのトゥレット症もあります。小学校6年生からインチュニブを服用しています。素直でまっすぐですが、単純で騙されやすく傷つきやすいところがあります。また、能力に偏りがあり、小学校1年生でしたWISC-Ⅳでは、全知能IQは100以上でしたが、処理速度が70と極端に低く、ワーキングメモリーが平均以上という結果でした。小・中学校ではノートをほとんど書かずに過ごしました。時間の感覚、先の見通しが甘く、何事もギリギリ、提出物も忘れることも多かったです。それでも、頑張って受験勉強をし、偏差値が48くらいの都立高校に入りました。高校1年生の頃は、受験勉強の名残もあり、生まれて初めての5をもらうなど成績も良かったです。しかし、校則が厳しく自由がない学校が嫌になってしまったようで、生活が荒れ始めました。高校生になって、ラッパーになると言って音楽作りをはじめたのですが、高校の先生や他の生徒から「ラッパーなんて夢みたいなことを言っていないで、現実を見ろ」といわれるようなことがあり、その反発もあったようです。今年6月に、本人から音楽を作ることに専念したいので、高校を辞めて通信制高校に行きたいと言われました。自分で行きたい学校名も調べていて、「規則に縛られない方が、自分は規則正しい生活ができる」と言っていました。確かに高校1年生の時は、食事や体に気をつけ健康的な生活を心がけて頑張っていました。その姿を見ていたので、環境が変わればと思い、7月に通信制高校に編入しました。また、夏には英語力をあげたいと言って３週間海外に語学留学をしました。夢に向かって頑張っていると思い安心していたのですが・・・。留学から戻ってきてから全く勉強しなくなってしまいました。レポートやスクリーニングもせず、毎日遅くまで起きていて、昼頃に起きるという生活です。ラップの方は、自分で曲を作り、7月から10月までにライブに3回ほど出て、細々とですが前進しているようです。ライブやビデオを作るのにお金がかかるとのことで、週に2~3日、日雇いの肉体労働をしています。肉体労働をした次の日は疲れて勉強などしません。そのような姿を見て、私も心配になり、計画的に勉強して欲しいあまり、レポートをしたりスクリーニングに行ったら仕事がわりにお金を少し出す渡すから、アルバイトに行かずに学校に行くように声をかけました。しかし、勉強をするそぶりはありません。その声かけが逆効果になってしまったのか、10月になって、ラップが大切な時期だから、通信制高校を辞めたいと言い始めました。ラッパーとして成功するには今しかない、自分は色々なことを同時にできないから高校も続けられない、ラップに関わるお金は自分で稼ぎたいということです。しかし、私としては、ラッパーという不確かな将来像、かつ、中卒では、将来の選択肢が狭まってしまうのではないかと考えて不安が募るばかりです。彼の作る音楽も聴いたことがあるのですが、親の贔屓目をもってしても、正直「才能」があるとは思えません。高校ついては、自分で卒業すると約束して転入したということもあり、辞めないように伝えていますが、「俺のことを信じていないのか」「邪魔をするな」と怒ってしまいます。私もつい感情的になり、「好きなことばかりでは生きていけない、やるべきことをしっかりやることができない人は何もできない」などと言ってしまい、口論になっています。私は息子が「こんな家出て行ってやる」というたびに「そうしたいならどうぞ」と突き放してしまいますが、夫は家が安心できる居場所になるようにしようと言って、温かい声かけをしています。夫の献身的な愛により、息子は街をフラフラとはしていますが、門限である23時には大抵帰ってきます。夫は息子が高校を辞めるということも心配はしているようですが、本人がどうしてもというなら認めると思います。不安よりラッパーとして成功することを心の底から応援しているようです。ラッパーという職業は、不安定ということもありますし、薬物などの問題もあり、品行方正でいるのは難しい世界だと思います。今も、品行方正とは言えず、付き合っている友達もヤンチャ系の友達が多いです。高校を辞める辞めないの問題だけでなく、将来どうなってしまうのだろうという不安が正直強いです。私は心配のあまり余計なことばかり言っていると反省していますが、高校を辞めることは、どうしても認められません。現在は、息子は学校に行っていない、勉強はしていない状態ですが、以前のように声をかけるのをやめて、そっとしている状態です。しかし、これを永遠に続けるわけには行きません。これから私はどうしたらいいでしょうか。,Google_competitor,,
2_新しい組み合わせ,学習課題/宿題・テスト・成績 × 検討行動/合わない・乗り換え,1,0,高校2年生、ADHDグレーゾーンの息子です。喉を鳴らす、顔をひそめるなどのトゥレット症もあります。小学校6年生からインチュニブを服用しています。素直でまっすぐですが、単純で騙されやすく傷つきやすいところがあります。また、能力に偏りがあり、小学校1年生でしたWISC-Ⅳでは、全知能IQは100以上でしたが、処理速度が70と極端に低く、ワーキングメモリーが平均以上という結果でした。小・中学校ではノートをほとんど書かずに過ごしました。時間の感覚、先の見通しが甘く、何事もギリギリ、提出物も忘れることも多かったです。それでも、頑張って受験勉強をし、偏差値が48くらいの都立高校に入りました。高校1年生の頃は、受験勉強の名残もあり、生まれて初めての5をもらうなど成績も良かったです。しかし、校則が厳しく自由がない学校が嫌になってしまったようで、生活が荒れ始めました。高校生になって、ラッパーになると言って音楽作りをはじめたのですが、高校の先生や他の生徒から「ラッパーなんて夢みたいなことを言っていないで、現実を見ろ」といわれるようなことがあり、その反発もあったようです。今年6月に、本人から音楽を作ることに専念したいので、高校を辞めて通信制高校に行きたいと言われました。自分で行きたい学校名も調べていて、「規則に縛られない方が、自分は規則正しい生活ができる」と言っていました。確かに高校1年生の時は、食事や体に気をつけ健康的な生活を心がけて頑張っていました。その姿を見ていたので、環境が変わればと思い、7月に通信制高校に編入しました。また、夏には英語力をあげたいと言って３週間海外に語学留学をしました。夢に向かって頑張っていると思い安心していたのですが・・・。留学から戻ってきてから全く勉強しなくなってしまいました。レポートやスクリーニングもせず、毎日遅くまで起きていて、昼頃に起きるという生活です。ラップの方は、自分で曲を作り、7月から10月までにライブに3回ほど出て、細々とですが前進しているようです。ライブやビデオを作るのにお金がかかるとのことで、週に2~3日、日雇いの肉体労働をしています。肉体労働をした次の日は疲れて勉強などしません。そのような姿を見て、私も心配になり、計画的に勉強して欲しいあまり、レポートをしたりスクリーニングに行ったら仕事がわりにお金を少し出す渡すから、アルバイトに行かずに学校に行くように声をかけました。しかし、勉強をするそぶりはありません。その声かけが逆効果になってしまったのか、10月になって、ラップが大切な時期だから、通信制高校を辞めたいと言い始めました。ラッパーとして成功するには今しかない、自分は色々なことを同時にできないから高校も続けられない、ラップに関わるお金は自分で稼ぎたいということです。しかし、私としては、ラッパーという不確かな将来像、かつ、中卒では、将来の選択肢が狭まってしまうのではないかと考えて不安が募るばかりです。彼の作る音楽も聴いたことがあるのですが、親の贔屓目をもってしても、正直「才能」があるとは思えません。高校ついては、自分で卒業すると約束して転入したということもあり、辞めないように伝えていますが、「俺のことを信じていないのか」「邪魔をするな」と怒ってしまいます。私もつい感情的になり、「好きなことばかりでは生きていけない、やるべきことをしっかりやることができない人は何もできない」などと言ってしまい、口論になっています。私は息子が「こんな家出て行ってやる」というたびに「そうしたいならどうぞ」と突き放してしまいますが、夫は家が安心できる居場所になるようにしようと言って、温かい声かけをしています。夫の献身的な愛により、息子は街をフラフラとはしていますが、門限である23時には大抵帰ってきます。夫は息子が高校を辞めるということも心配はしているようですが、本人がどうしてもというなら認めると思います。不安よりラッパーとして成功することを心の底から応援しているようです。ラッパーという職業は、不安定ということもありますし、薬物などの問題もあり、品行方正でいるのは難しい世界だと思います。今も、品行方正とは言えず、付き合っている友達もヤンチャ系の友達が多いです。高校を辞める辞めないの問題だけでなく、将来どうなってしまうのだろうという不安が正直強いです。私は心配のあまり余計なことばかり言っていると反省していますが、高校を辞めることは、どうしても認められません。現在は、息子は学校に行っていない、勉強はしていない状態ですが、以前のように声をかけるのをやめて、そっとしている状態です。しかし、これを永遠に続けるわけには行きません。これから私はどうしたらいいでしょうか。,Google_competitor,,
2_新しい組み合わせ,学習課題/宿題・テスト・成績 × 解決手段/フリースクール・居場所,1,0,高校2年生、ADHDグレーゾーンの息子です。喉を鳴らす、顔をひそめるなどのトゥレット症もあります。小学校6年生からインチュニブを服用しています。素直でまっすぐですが、単純で騙されやすく傷つきやすいところがあります。また、能力に偏りがあり、小学校1年生でしたWISC-Ⅳでは、全知能IQは100以上でしたが、処理速度が70と極端に低く、ワーキングメモリーが平均以上という結果でした。小・中学校ではノートをほとんど書かずに過ごしました。時間の感覚、先の見通しが甘く、何事もギリギリ、提出物も忘れることも多かったです。それでも、頑張って受験勉強をし、偏差値が48くらいの都立高校に入りました。高校1年生の頃は、受験勉強の名残もあり、生まれて初めての5をもらうなど成績も良かったです。しかし、校則が厳しく自由がない学校が嫌になってしまったようで、生活が荒れ始めました。高校生になって、ラッパーになると言って音楽作りをはじめたのですが、高校の先生や他の生徒から「ラッパーなんて夢みたいなことを言っていないで、現実を見ろ」といわれるようなことがあり、その反発もあったようです。今年6月に、本人から音楽を作ることに専念したいので、高校を辞めて通信制高校に行きたいと言われました。自分で行きたい学校名も調べていて、「規則に縛られない方が、自分は規則正しい生活ができる」と言っていました。確かに高校1年生の時は、食事や体に気をつけ健康的な生活を心がけて頑張っていました。その姿を見ていたので、環境が変わればと思い、7月に通信制高校に編入しました。また、夏には英語力をあげたいと言って３週間海外に語学留学をしました。夢に向かって頑張っていると思い安心していたのですが・・・。留学から戻ってきてから全く勉強しなくなってしまいました。レポートやスクリーニングもせず、毎日遅くまで起きていて、昼頃に起きるという生活です。ラップの方は、自分で曲を作り、7月から10月までにライブに3回ほど出て、細々とですが前進しているようです。ライブやビデオを作るのにお金がかかるとのことで、週に2~3日、日雇いの肉体労働をしています。肉体労働をした次の日は疲れて勉強などしません。そのような姿を見て、私も心配になり、計画的に勉強して欲しいあまり、レポートをしたりスクリーニングに行ったら仕事がわりにお金を少し出す渡すから、アルバイトに行かずに学校に行くように声をかけました。しかし、勉強をするそぶりはありません。その声かけが逆効果になってしまったのか、10月になって、ラップが大切な時期だから、通信制高校を辞めたいと言い始めました。ラッパーとして成功するには今しかない、自分は色々なことを同時にできないから高校も続けられない、ラップに関わるお金は自分で稼ぎたいということです。しかし、私としては、ラッパーという不確かな将来像、かつ、中卒では、将来の選択肢が狭まってしまうのではないかと考えて不安が募るばかりです。彼の作る音楽も聴いたことがあるのですが、親の贔屓目をもってしても、正直「才能」があるとは思えません。高校ついては、自分で卒業すると約束して転入したということもあり、辞めないように伝えていますが、「俺のことを信じていないのか」「邪魔をするな」と怒ってしまいます。私もつい感情的になり、「好きなことばかりでは生きていけない、やるべきことをしっかりやることができない人は何もできない」などと言ってしまい、口論になっています。私は息子が「こんな家出て行ってやる」というたびに「そうしたいならどうぞ」と突き放してしまいますが、夫は家が安心できる居場所になるようにしようと言って、温かい声かけをしています。夫の献身的な愛により、息子は街をフラフラとはしていますが、門限である23時には大抵帰ってきます。夫は息子が高校を辞めるということも心配はしているようですが、本人がどうしてもというなら認めると思います。不安よりラッパーとして成功することを心の底から応援しているようです。ラッパーという職業は、不安定ということもありますし、薬物などの問題もあり、品行方正でいるのは難しい世界だと思います。今も、品行方正とは言えず、付き合っている友達もヤンチャ系の友達が多いです。高校を辞める辞めないの問題だけでなく、将来どうなってしまうのだろうという不安が正直強いです。私は心配のあまり余計なことばかり言っていると反省していますが、高校を辞めることは、どうしても認められません。現在は、息子は学校に行っていない、勉強はしていない状態ですが、以前のように声をかけるのをやめて、そっとしている状態です。しかし、これを永遠に続けるわけには行きません。これから私はどうしたらいいでしょうか。,Google_competitor,,
2_新しい組み合わせ,学習課題/教科 × 検討行動/合わない・乗り換え,1,0,高校2年生、ADHDグレーゾーンの息子です。喉を鳴らす、顔をひそめるなどのトゥレット症もあります。小学校6年生からインチュニブを服用しています。素直でまっすぐですが、単純で騙されやすく傷つきやすいところがあります。また、能力に偏りがあり、小学校1年生でしたWISC-Ⅳでは、全知能IQは100以上でしたが、処理速度が70と極端に低く、ワーキングメモリーが平均以上という結果でした。小・中学校ではノートをほとんど書かずに過ごしました。時間の感覚、先の見通しが甘く、何事もギリギリ、提出物も忘れることも多かったです。それでも、頑張って受験勉強をし、偏差値が48くらいの都立高校に入りました。高校1年生の頃は、受験勉強の名残もあり、生まれて初めての5をもらうなど成績も良かったです。しかし、校則が厳しく自由がない学校が嫌になってしまったようで、生活が荒れ始めました。高校生になって、ラッパーになると言って音楽作りをはじめたのですが、高校の先生や他の生徒から「ラッパーなんて夢みたいなことを言っていないで、現実を見ろ」といわれるようなことがあり、その反発もあったようです。今年6月に、本人から音楽を作ることに専念したいので、高校を辞めて通信制高校に行きたいと言われました。自分で行きたい学校名も調べていて、「規則に縛られない方が、自分は規則正しい生活ができる」と言っていました。確かに高校1年生の時は、食事や体に気をつけ健康的な生活を心がけて頑張っていました。その姿を見ていたので、環境が変わればと思い、7月に通信制高校に編入しました。また、夏には英語力をあげたいと言って３週間海外に語学留学をしました。夢に向かって頑張っていると思い安心していたのですが・・・。留学から戻ってきてから全く勉強しなくなってしまいました。レポートやスクリーニングもせず、毎日遅くまで起きていて、昼頃に起きるという生活です。ラップの方は、自分で曲を作り、7月から10月までにライブに3回ほど出て、細々とですが前進しているようです。ライブやビデオを作るのにお金がかかるとのことで、週に2~3日、日雇いの肉体労働をしています。肉体労働をした次の日は疲れて勉強などしません。そのような姿を見て、私も心配になり、計画的に勉強して欲しいあまり、レポートをしたりスクリーニングに行ったら仕事がわりにお金を少し出す渡すから、アルバイトに行かずに学校に行くように声をかけました。しかし、勉強をするそぶりはありません。その声かけが逆効果になってしまったのか、10月になって、ラップが大切な時期だから、通信制高校を辞めたいと言い始めました。ラッパーとして成功するには今しかない、自分は色々なことを同時にできないから高校も続けられない、ラップに関わるお金は自分で稼ぎたいということです。しかし、私としては、ラッパーという不確かな将来像、かつ、中卒では、将来の選択肢が狭まってしまうのではないかと考えて不安が募るばかりです。彼の作る音楽も聴いたことがあるのですが、親の贔屓目をもってしても、正直「才能」があるとは思えません。高校ついては、自分で卒業すると約束して転入したということもあり、辞めないように伝えていますが、「俺のことを信じていないのか」「邪魔をするな」と怒ってしまいます。私もつい感情的になり、「好きなことばかりでは生きていけない、やるべきことをしっかりやることができない人は何もできない」などと言ってしまい、口論になっています。私は息子が「こんな家出て行ってやる」というたびに「そうしたいならどうぞ」と突き放してしまいますが、夫は家が安心できる居場所になるようにしようと言って、温かい声かけをしています。夫の献身的な愛により、息子は街をフラフラとはしていますが、門限である23時には大抵帰ってきます。夫は息子が高校を辞めるということも心配はしているようですが、本人がどうしてもというなら認めると思います。不安よりラッパーとして成功することを心の底から応援しているようです。ラッパーという職業は、不安定ということもありますし、薬物などの問題もあり、品行方正でいるのは難しい世界だと思います。今も、品行方正とは言えず、付き合っている友達もヤンチャ系の友達が多いです。高校を辞める辞めないの問題だけでなく、将来どうなってしまうのだろうという不安が正直強いです。私は心配のあまり余計なことばかり言っていると反省していますが、高校を辞めることは、どうしても認められません。現在は、息子は学校に行っていない、勉強はしていない状態ですが、以前のように声をかけるのをやめて、そっとしている状態です。しかし、これを永遠に続けるわけには行きません。これから私はどうしたらいいでしょうか。,Google_competitor,,
2_新しい組み合わせ,保護者の悩み/専門の先生を探す × 検討行動/比較・おすすめ,1,0,特性に合った志望校の選び方,Google_competitor,,
2_新しい組み合わせ,保護者の悩み/専門の先生を探す × 学習課題/勉強方法,1,0,【種類別】発達障がいの特性に合った大学受験の勉強法,Google_competitor,,
2_新しい組み合わせ,シチュエーション・出来事/時期・節目 × 検討行動/料金・費用,1,0,発達障害と診断済みの受験生です。 ADHDでも大学受験は成功しますかね？ 大学受験で、いくら勉強しても思うように成績が上がらず、 バイトも夏休みも犠牲にしたのに、 今本当に精神的に参ってます... 特に英語長文が酷く、 単語、文法、構文解釈もほとんど覚えてるのに、 大量の英文を短時間で器用に処理できないため、 読むスピードも遅ければ、 1つでもわからない単語や言い回しが出てきた時に 頭が混乱して思考停止してしまいます。 これはADHDならではの特徴が悪い方向に働いて いるのはわかっていますが、 この病気のせいで受験失敗するのは非常に悔しいです。 ADHDで受験を乗り越えたかた、どう対処すればよいでしょうか？ アドバイス頂けますでしょうか。,Google_competitor,,
2_新しい組み合わせ,保護者の悩み/家で勉強しない × 子どもの属性/学校種別,1,0,不登校、発達障がい、自宅学習についてみなさんどのようにとりくまれてますか。不登校歴もう4年やっとこフリースクールにはいけるようになりましたが、学習や生活習慣が身につきません。身につかないというより気のりしないからやれない声をかけ続けてやっとできる感じです。フリースクールは遊んでいるだけなので１日朝、晩15分でも学習をして欲しいのです。学校に戻ってとは思いませんが通信高校に行くにしても、自主的に時間になったら映像授業ログインしなければ単位だってとれないと思います。自宅学習や目標の持たせ方、どんな教材を使ってるか教えて下さい。ひきこもり気味だったので塾は無理でした。,Google_competitor,,
2_新しい組み合わせ,保護者の悩み/家で勉強しない × 解決手段/フリースクール・居場所,1,0,不登校、発達障がい、自宅学習についてみなさんどのようにとりくまれてますか。不登校歴もう4年やっとこフリースクールにはいけるようになりましたが、学習や生活習慣が身につきません。身につかないというより気のりしないからやれない声をかけ続けてやっとできる感じです。フリースクールは遊んでいるだけなので１日朝、晩15分でも学習をして欲しいのです。学校に戻ってとは思いませんが通信高校に行くにしても、自主的に時間になったら映像授業ログインしなければ単位だってとれないと思います。自宅学習や目標の持たせ方、どんな教材を使ってるか教えて下さい。ひきこもり気味だったので塾は無理でした。,Google_competitor,,
2_新しい組み合わせ,学習課題/授業・学校についていけない × 解決手段/フリースクール・居場所,1,0,不登校、発達障がい、自宅学習についてみなさんどのようにとりくまれてますか。不登校歴もう4年やっとこフリースクールにはいけるようになりましたが、学習や生活習慣が身につきません。身につかないというより気のりしないからやれない声をかけ続けてやっとできる感じです。フリースクールは遊んでいるだけなので１日朝、晩15分でも学習をして欲しいのです。学校に戻ってとは思いませんが通信高校に行くにしても、自主的に時間になったら映像授業ログインしなければ単位だってとれないと思います。自宅学習や目標の持たせ方、どんな教材を使ってるか教えて下さい。ひきこもり気味だったので塾は無理でした。,Google_competitor,,
2_新しい組み合わせ,学習課題/勉強方法 × 検討行動/体験・申込・相談,1,0,娘は、何でもペーパーのテストになると点が取れません。ADHDの検査で短期記憶の数値がかなり低いので、そのせいかな？とは思うのですが、知能指数は平均値内でした。何度同じ追試を受けても、勉強しても、点数は全く上がりません。勉強時間を増やしても点数があがりません。勉強の仕方を工夫しても、変えても、手伝っても、何をしてもどうしても点が上がらないのです。面接や論文などは良い評価をもらえるのですが、人生、資格を取得するのも、単位を取るのも、運転免許を取るのでさえ、ペーパーテストを避けて通る事は出来ません。テストを受ける時に聴覚や視覚等の配慮は受ける事は出来ても、娘にはどうもそのあたりの配慮は関係ない様なのです。思考の多動のせいなのか？短期記憶のせいなのか？それとももう、自己暗示にかかってしまっているのか？全くどうして良いのかわかりません‥。教科によって、若干の差はある様なので、ただ単に、興味の無い物はどうしても頭に入らないという事なのかも知れません。ただいずれにしても、ほんの2、3点でも良いのです。「〇〇したら自分でも点数が上がる」と言う努力をする為の自信を持たせてやりたいのですが、どなたか同じ様な体験をされた方はいらっしゃいますか？また、この様なタイプの書字や数字等とは関係無い学習障害をご存知の方がいらっしゃったら、何でも良いのでヒントを頂けたらと思っています。どうぞよろしくお願いします！,Google_competitor,,
2_新しい組み合わせ,学習課題/宿題・テスト・成績 × 検討行動/体験・申込・相談,1,0,娘は、何でもペーパーのテストになると点が取れません。ADHDの検査で短期記憶の数値がかなり低いので、そのせいかな？とは思うのですが、知能指数は平均値内でした。何度同じ追試を受けても、勉強しても、点数は全く上がりません。勉強時間を増やしても点数があがりません。勉強の仕方を工夫しても、変えても、手伝っても、何をしてもどうしても点が上がらないのです。面接や論文などは良い評価をもらえるのですが、人生、資格を取得するのも、単位を取るのも、運転免許を取るのでさえ、ペーパーテストを避けて通る事は出来ません。テストを受ける時に聴覚や視覚等の配慮は受ける事は出来ても、娘にはどうもそのあたりの配慮は関係ない様なのです。思考の多動のせいなのか？短期記憶のせいなのか？それとももう、自己暗示にかかってしまっているのか？全くどうして良いのかわかりません‥。教科によって、若干の差はある様なので、ただ単に、興味の無い物はどうしても頭に入らないという事なのかも知れません。ただいずれにしても、ほんの2、3点でも良いのです。「〇〇したら自分でも点数が上がる」と言う努力をする為の自信を持たせてやりたいのですが、どなたか同じ様な体験をされた方はいらっしゃいますか？また、この様なタイプの書字や数字等とは関係無い学習障害をご存知の方がいらっしゃったら、何でも良いのでヒントを頂けたらと思っています。どうぞよろしくお願いします！,Google_competitor,,
2_新しい組み合わせ,保護者の悩み/親が教えられない × 学習課題/授業・学校についていけない,1,0,発達障害の子が通う塾について。 私の子供は小学5年生の高機能自閉症で、知的な遅れはありませんが物事をイメージするのが苦手です。 発達障害の子が通う塾はどういう場所が良いのでしょうか？ また、多動や暴れたりなどはなく普通に授業も受けられるのですが、全体指示が通りにくく髪をいじったり等気が散ってしまいがちです。 塾に子供に障害がある事や特性等もも話した方が良いですか？ 家で勉強が教えられない訳ではないのですが、親が教えると嫌がるので困っています。 こういった子におすすめの塾や勉強法があれば教えて頂けませんでしょうか？ よろしくお願いします。,Google_competitor,,
2_新しい組み合わせ,保護者の悩み/親が教えられない × 検討行動/比較・おすすめ,1,0,発達障害の子が通う塾について。 私の子供は小学5年生の高機能自閉症で、知的な遅れはありませんが物事をイメージするのが苦手です。 発達障害の子が通う塾はどういう場所が良いのでしょうか？ また、多動や暴れたりなどはなく普通に授業も受けられるのですが、全体指示が通りにくく髪をいじったり等気が散ってしまいがちです。 塾に子供に障害がある事や特性等もも話した方が良いですか？ 家で勉強が教えられない訳ではないのですが、親が教えると嫌がるので困っています。 こういった子におすすめの塾や勉強法があれば教えて頂けませんでしょうか？ よろしくお願いします。,Google_competitor,,
2_新しい組み合わせ,保護者の悩み/親が教えられない × 解決手段/塾・個別指導,1,0,発達障害の子が通う塾について。 私の子供は小学5年生の高機能自閉症で、知的な遅れはありませんが物事をイメージするのが苦手です。 発達障害の子が通う塾はどういう場所が良いのでしょうか？ また、多動や暴れたりなどはなく普通に授業も受けられるのですが、全体指示が通りにくく髪をいじったり等気が散ってしまいがちです。 塾に子供に障害がある事や特性等もも話した方が良いですか？ 家で勉強が教えられない訳ではないのですが、親が教えると嫌がるので困っています。 こういった子におすすめの塾や勉強法があれば教えて頂けませんでしょうか？ よろしくお願いします。,Google_competitor,,
2_新しい組み合わせ,シチュエーション・出来事/断られた・合わなかった × 子どもの属性/性別・本人,1,0,【ゆるっと発達育児日記～現在編～】塾に断られて涙した日 ASD息子に合う塾を見つけるまでの記録,Google_competitor,,
2_新しい組み合わせ,学習課題/授業・学校についていけない × 検討行動/評判・口コミ,1,0,発達障害向けの口コミが良い家庭教師おすすめ9社の料金や授業形態を一覧比較,Google_competitor,,
2_新しい組み合わせ,保護者の悩み/親が教えられない × 解決手段/オンライン家庭教師・オンライン塾,1,0,忙しい親子のためのオンライン家庭教師,Google_competitor,,
2_新しい組み合わせ,シチュエーション・出来事/断られた・合わなかった × 保護者の悩み/親が教えられない,1,0,親がやめたい5つの声かけと、言い換えフレーズ,Google_competitor,,
2_新しい組み合わせ,学習課題/集中・注意 × 解決手段/療育・福祉サービス,1,0,【発達凸凹長男の中学受験】こだわりや集中力不足、どう乗り越える？療育の先生と勉強で目を輝かせた様子に――息子の学びにまず必要だったこととは【第3話】,Google_competitor,,
2_新しい組み合わせ,保護者の悩み/家で勉強しない × 解決手段/家庭教師,1,0,発達障害でも安心プロ家庭教師が自宅学習をサポート,Google_competitor,,
2_新しい組み合わせ,子どもの属性/受験生 × 検討行動/体験・申込・相談,1,0,【体験談あり】高卒認定は大学受験で不利になる？ AO・推薦・一般ごとに解説,Google_competitor,,
2_新しい組み合わせ,シチュエーション・出来事/断られた・合わなかった × 子どもの属性/学校種別,1,0,【ぶっちゃけ】通信制大学はやめた方がいい？メリット・デメリットを経験者が語る,Google_competitor,,
2_新しい組み合わせ,学習課題/集中・注意 × 検討行動/体験・申込・相談,1,0,通級指導教室の継続について4年生息子（ADHD）が2年生の頃から他校通級しています。こちらの地域では3年間となっていて、次年度も希望するのであれば、再度就学相談が必要です。学校では離席や整理整頓苦手、授業に集中できないことがあります。（授業を妨害するようなことはありません）友達もいてトラブルもなく、登校しぶりはありません。離席や授業中の問題はあり、学校で全く問題なく過ごせているとは言えない状況ですが、通級の落ち着いた環境では問題なく過ごせていて、しっかり学ぶことができた（できる）のではないかと思っています。来年度の就学相談は希望しないと伝えようと思うのですが、通級を卒級しても良いものか、5年生になって急に変化があったらどうしようと迷ってもいます。家での困りごともそれほどなく、年齢相応かと思います。通級の先生は良い方で、相談先がなくなってしまうことも気がかりです。経験談やアドバイス頂けると嬉しいです。よろしくお願いします。,Google_competitor,,
3_シチュエーション,こんなときどうして,7,0,こんなときどうしていますか?,Google_competitor,,
3_シチュエーション,キズキでいまから学び直せ,7,0,キズキでいまから学び直せる,Google_competitor,,
3_シチュエーション,カテゴリから記事を探,5,0,カテゴリから記事を探す,Google_competitor,,
3_シチュエーション,の特徴「今日からできる改,5,0,ワーキングメモリが低い子の6つの特徴「今日からできる改善法を紹介」,Google_competitor,,
3_シチュエーション,私立中学から公立高校,4,380,私立 中学 から 公立 高校 / 私立 中学 から 公立 高校 受験,KWP_KeywordSeed,,
3_シチュエーション,強の仕方がわからない,3,1160,勉強 の 仕方 が わからない / 高校 受験 勉強 の 仕方 が わからない / テスト 勉強 の 仕方 が わからない,KWP_KeywordSeed,,
3_シチュエーション,勉強やり方わからない,3,640,受験 勉強 やり方 わからない / 大学 受験 勉強 やり方 わからない / 勉強 やり方 わからない,KWP_KeywordSeed,,
3_シチュエーション,テスト前勉強しな,3,210,テスト 前 勉強 しない 中学生 / テスト 前 勉強 しない / テスト 前 勉強 しない 高校生,KWP_KeywordSeed,,
3_シチュエーション,強の仕方がわからない高校,3,150,勉強 の 仕方 が わからない 高校生 / 英語 の 勉強 の 仕方 が わからない 高校生 / テスト 勉強 の 仕方 が わからない 高校生,KWP_KeywordSeed,,
3_シチュエーション,レゼント送付時期,3,0,プレゼント送付時期,Google_competitor,,
3_シチュエーション,私立中学から高校受験,2,420,私立 中学 から 高校 受験,KWP_KeywordSeed,,
3_シチュエーション,支援学級から普通学級,2,200,支援 学級 から 普通 学級 / 支援 学級 から 普通 学級 へ,KWP_KeywordSeed,,
3_シチュエーション,普通学級から支援学級,2,140,普通 学級 から 支援 学級 / 普通 学級 から 支援 学級 へ,KWP_KeywordSeed,,
3_シチュエーション,私立中学から私立高校,2,140,私立 中学 から 私立 高校 受験,KWP_KeywordSeed,,
3_シチュエーション,テスト前日勉強し,2,100,テスト 前日 勉強 し たく ない / テスト 前日 勉強 しない,KWP_KeywordSeed,,
3_シチュエーション,中学受験後勉強しな,2,80,中学 受験 後 勉強 しない,KWP_KeywordSeed,,
3_シチュエーション,テスト前勉強した,2,40,テスト 前 勉強 し たく ない,KWP_KeywordSeed,,
3_シチュエーション,自分から勉強しな,2,30,自分 から 勉強 しない / 自分 から 勉強 しない 子,KWP_KeywordSeed,,
3_シチュエーション,自分から宿題をし,2,20,自分 から 宿題 を しない,KWP_KeywordSeed,,
3_シチュエーション,科目から探す,2,0,科目から探す,Google_competitor,,
3_シチュエーション,学年から探す,2,0,学年から探す,Google_competitor,,
3_シチュエーション,対象別から探す,2,0,対象別から探す,Google_competitor,,
3_シチュエーション,コーチングから探す,2,0,コーチングから探す,Google_competitor,,
3_シチュエーション,webからも便利で,2,0,Webからも便利です,Google_competitor,,
3_シチュエーション,教師をエリアから検索する,2,0,家庭教師をエリアから検索する,Google_competitor,,
3_シチュエーション,こころの未来コ,2,0,こころの未来コース 指導料,Google_competitor,,
3_シチュエーション,その他の条件から塾を探す,2,0,その他の条件から塾を探す,Google_competitor,,
3_シチュエーション,\都立看護入学試験-過,2,0,＼都立看護入学試験-過去問解説 販売中／,Google_competitor,,
3_シチュエーション,まとめ〜発達障害,2,0,まとめ〜発達障害でも高校受験は充分可能です〜 / まとめ〜発達障害があって大学受験は充分可能です〜,Google_competitor,,
3_シチュエーション,詳細条件から探す,2,0,詳細条件から探す,Google_competitor,,
3_シチュエーション,の気持ちがわからない人ア,1,1300,人 の 気持ち が わからない 人 アスペルガー,KWP_KeywordSeed,,
3_シチュエーション,後藤塾,1,1000,後藤 塾,KWP_KeywordSeed,,
3_シチュエーション,adhd後天的,1,480,adhd 後天 的,KWP_KeywordSeed,,
3_シチュエーション,後天的ad,1,480,後天 的 adhd,KWP_KeywordSeed,,
3_シチュエーション,前進塾,1,480,前進 塾,KWP_KeywordSeed,,
3_シチュエーション,発達障害耳からの情報が,1,390,発達 障害 耳 から の 情報 が 苦手,KWP_KeywordSeed,,
3_シチュエーション,前頭葉鍛え,1,390,前頭葉 鍛える adhd,KWP_KeywordSeed,,
3_シチュエーション,adhd前頭葉,1,390,adhd 前頭葉,KWP_KeywordSeed,,
3_シチュエーション,前頭葉ad,1,390,前頭葉 adhd,KWP_KeywordSeed,,
3_シチュエーション,のやり方がわからない,1,390,勉強 の やり方 が わからない,KWP_KeywordSeed,,
3_シチュエーション,小6から中学受験,1,390,小 6 から 中学 受験,KWP_KeywordSeed,,
3_シチュエーション,ここから近い塾,1,320,ここ から 近い 塾,KWP_KeywordSeed,,
3_シチュエーション,kec学園前,1,320,kec 学園前,KWP_KeywordSeed,,
3_シチュエーション,不登校その後,1,260,不 登校 その後,KWP_KeywordSeed,,
3_シチュエーション,不登校のその後,1,260,不 登校 の その後,KWP_KeywordSeed,,
3_シチュエーション,うすさくら宮前教室,1,260,こ ぱん は うす さくら 宮前 教室,KWP_KeywordSeed,,
3_シチュエーション,育センターこころん,1,210,こども 療育 センター こころん,KWP_KeywordSeed,,
3_シチュエーション,中高一貫から高校受験,1,210,中高 一貫 から 高校 受験,KWP_KeywordSeed,,
3_シチュエーション,就学前相談グレ,1,210,就学 前 相談 グレー ゾーン,KWP_KeywordSeed,,
3_シチュエーション,左右わからないad,1,170,左右 わからない adhd,KWP_KeywordSeed,,
3_シチュエーション,左右が分からない発達,1,140,左右 が 分から ない 発達 障害,KWP_KeywordSeed,,
3_シチュエーション,学受験6年生から,1,110,中学 受験 6 年生 から,KWP_KeywordSeed,,
3_シチュエーション,中学期末テスト,1,110,中学 期末 テスト 勉強 法,KWP_KeywordSeed,,
3_シチュエーション,勉強始める方法,1,110,勉強 始める 方法,KWP_KeywordSeed,,
3_シチュエーション,校受験1週間前勉強して,1,110,高校 受験 1 週間 前 勉強 し て ない,KWP_KeywordSeed,,
3_シチュエーション,校不登校その後,1,90,小学校 不 登校 その後,KWP_KeywordSeed,,
3_シチュエーション,ステップ学園前,1,90,フリー ステップ 学園前,KWP_KeywordSeed,,
3_シチュエーション,ースクールこころ,1,90,フリー スクール こころ,KWP_KeywordSeed,,
3_シチュエーション,特別支援学級から普通学級,1,90,特別 支援 学級 から 普通 学級,KWP_KeywordSeed,,
3_シチュエーション,勉強始め方,1,90,勉強 始め 方,KWP_KeywordSeed,,
3_シチュエーション,勉強方法わからない,1,90,勉強 方法 わからない,KWP_KeywordSeed,,
3_シチュエーション,中高一貫高校から,1,90,中高 一貫 高校 から,KWP_KeywordSeed,,
3_シチュエーション,hd常識がわからない,1,70,adhd 常識 が わからない,KWP_KeywordSeed,,
3_シチュエーション,支援級から通常級,1,70,支援 級 から 通常 級,KWP_KeywordSeed,,
3_シチュエーション,通常級から支援級,1,70,通常 級 から 支援 級,KWP_KeywordSeed,,
3_シチュエーション,テスト前勉強法,1,70,テスト 前 勉強 法,KWP_KeywordSeed,,
3_シチュエーション,学受験1週間前勉強して,1,70,大学 受験 1 週間 前 勉強 し て ない,KWP_KeywordSeed,,
3_シチュエーション,校受験1ヶ月前勉強して,1,70,高校 受験 1 ヶ月 前 勉強 し て ない,KWP_KeywordSeed,,
3_シチュエーション,大学受験中学からやり直す,1,70,大学 受験 中学 から やり直す,KWP_KeywordSeed,,
3_シチュエーション,不登校塾午前中,1,50,不 登校 塾 午前 中,KWP_KeywordSeed,,
3_シチュエーション,ーゾーンその後,1,50,3 歳 グレー ゾーン その後,KWP_KeywordSeed,,
3_シチュエーション,ルie水野駅前校,1,50,スクール ie 水野 駅前 校,KWP_KeywordSeed,,
3_シチュエーション,リーステップときわ台,1,50,フリー ステップ ときわ台,KWP_KeywordSeed,,
3_シチュエーション,テップ瀬田駅前,1,50,フリー ステップ 瀬田 駅前,KWP_KeywordSeed,,
3_シチュエーション,就学前療育,1,50,就学 前 療育,KWP_KeywordSeed,,
3_シチュエーション,療育就学前,1,50,療育 就学 前,KWP_KeywordSeed,,
3_シチュエーション,特別支援学級から通常学級,1,50,特別 支援 学級 から 通常 学級 へ,KWP_KeywordSeed,,
3_シチュエーション,受験勉強始め方,1,50,受験 勉強 始め 方,KWP_KeywordSeed,,
3_シチュエーション,くないテスト前,1,50,勉強 し たく ない テスト 前,KWP_KeywordSeed,,
3_シチュエーション,2025年中学受験,1,50,2025 年 中学 受験,KWP_KeywordSeed,,
3_シチュエーション,学不登校その後,1,40,中学 不 登校 その後,KWP_KeywordSeed,,
3_シチュエーション,員不登校その後,1,40,三 兄弟 全員 不 登校 その後,KWP_KeywordSeed,,
3_シチュエーション,小学校から不登校,1,40,小学校 から 不 登校,KWP_KeywordSeed,,
3_シチュエーション,スクールieときわ台,1,40,スクール ie ときわ台,KWP_KeywordSeed,,
3_シチュエーション,明光義塾ときわ台,1,40,明光 義塾 ときわ台,KWP_KeywordSeed,,
3_シチュエーション,療育その後,1,40,療育 その後,KWP_KeywordSeed,,
3_シチュエーション,テスト前勉強して,1,40,テスト 前 勉強 し て ない,KWP_KeywordSeed,,
3_シチュエーション,受験1週間前勉強して,1,40,受験 1 週間 前 勉強 し て ない,KWP_KeywordSeed,,
3_シチュエーション,受験一週間前勉強して,1,40,受験 一 週間 前 勉強 し て ない,KWP_KeywordSeed,,
3_シチュエーション,他県から都立高校,1,40,他 県 から 都立 高校 受験,KWP_KeywordSeed,,
3_シチュエーション,校受験12月から本気,1,40,高校 受験 12 月 から 本気,KWP_KeywordSeed,,
3_シチュエーション,中学受験5年から,1,40,中学 受験 5 年 から,KWP_KeywordSeed,,
3_シチュエーション,不登校勉強わからない,1,30,不 登校 勉強 わからない,KWP_KeywordSeed,,
3_シチュエーション,中学生テスト前勉強しな,1,30,中学生 テスト 前 勉強 しない,KWP_KeywordSeed,,
3_シチュエーション,め不登校その後,1,30,いじめ 不 登校 その後,KWP_KeywordSeed,,
3_シチュエーション,中3から不登校,1,30,中 3 から 不 登校,KWP_KeywordSeed,,
3_シチュエーション,中学から不登校,1,30,中学 から 不 登校,KWP_KeywordSeed,,
3_シチュエーション,ルie小台駅前校,1,30,スクール ie 小 台 駅前 校,KWP_KeywordSeed,,
3_シチュエーション,2年生から支援級,1,30,2 年生 から 支援 級,KWP_KeywordSeed,,
3_シチュエーション,情緒学級から知的学級,1,30,情緒 学級 から 知 的 学級 へ,KWP_KeywordSeed,,
3_シチュエーション,支援学級から支援学校,1,30,支援 学級 から 支援 学校,KWP_KeywordSeed,,
3_シチュエーション,支援級から普通級へ,1,30,支援 級 から 普通 級 へ,KWP_KeywordSeed,,
3_シチュエーション,普通学級から特別支援,1,30,普通 学級 から 特別 支援 学級,KWP_KeywordSeed,,
3_シチュエーション,普通級から支援級へ,1,30,普通 級 から 支援 級 へ,KWP_KeywordSeed,,
3_シチュエーション,通級から支援級,1,30,通 級 から 支援 級,KWP_KeywordSeed,,
3_シチュエーション,校受験10月から,1,30,高校 受験 10 月 から,KWP_KeywordSeed,,
3_シチュエーション,ギフテッド後天的,1,30,ギフテッド 後天 的,KWP_KeywordSeed,,
3_シチュエーション,テスト前なのに勉,1,20,テスト 前 なのに 勉強 しない 中学生,KWP_KeywordSeed,,
3_シチュエーション,支援級から高校受験,1,20,支援 級 から 高校 受験,KWP_KeywordSeed,,
3_シチュエーション,の気持ちがわからない,1,20,発達 障害 自分 の 気持ち が わからない,KWP_KeywordSeed,,
3_シチュエーション,asdわからない,1,20,asd わからない,KWP_KeywordSeed,,
3_シチュエーション,生不登校その後,1,20,高校生 不 登校 その後,KWP_KeywordSeed,,
3_シチュエーション,ときわ台個別,1,20,ときわ台 個別 指導,KWP_KeywordSeed,,
3_シチュエーション,光義塾塚田駅前,1,20,明光 義塾 塚田 駅前,KWP_KeywordSeed,,
3_シチュエーション,イサービスたから,1,20,放課後 等 デイ サービス たから,KWP_KeywordSeed,,
3_シチュエーション,イサービス午前中,1,20,放課後 等 デイ サービス 午前 中,KWP_KeywordSeed,,
3_シチュエーション,スクールその後,1,20,フリー スクール その後,KWP_KeywordSeed,,
3_シチュエーション,3年生から支援級,1,20,3 年生 から 支援 級,KWP_KeywordSeed,,
3_シチュエーション,学校支援学級から普通学級,1,20,小学校 支援 学級 から 普通 学級 へ,KWP_KeywordSeed,,
3_シチュエーション,小学校支援級から普通級,1,20,小学校 支援 級 から 普通 級,KWP_KeywordSeed,,
3_シチュエーション,小学校普通級から支援級,1,20,小学校 普通 級 から 支援 級,KWP_KeywordSeed,,
3_シチュエーション,支援学校から支援学級,1,20,支援 学校 から 支援 学級,KWP_KeywordSeed,,
3_シチュエーション,特別支援学校から特別支援,1,20,特別 支援 学校 から 特別 支援 学級 へ,KWP_KeywordSeed,,
3_シチュエーション,特別支援学級から特別支援,1,20,特別 支援 学級 から 特別 支援 学校,KWP_KeywordSeed,,
3_シチュエーション,特別支援級から普通級,1,20,特別 支援 級 から 普通 級,KWP_KeywordSeed,,
3_シチュエーション,勉強仕方わからない,1,20,勉強 仕方 わからない,KWP_KeywordSeed,,
3_シチュエーション,受験2週間前勉強して,1,20,受験 2 週間 前 勉強 し て ない,KWP_KeywordSeed,,
3_シチュエーション,受験二週間前勉強して,1,20,受験 二 週間 前 勉強 し て ない,KWP_KeywordSeed,,
3_シチュエーション,学受験二週間前勉強して,1,20,大学 受験 二 週間 前 勉強 し て ない,KWP_KeywordSeed,,
3_シチュエーション,中学受験自分から勉強しな,1,20,中学 受験 自分 から 勉強 しない,KWP_KeywordSeed,,
3_シチュエーション,高校入学宿題,1,20,高校 入学 宿題,KWP_KeywordSeed,,
3_シチュエーション,大学受験高一から,1,20,大学 受験 高 一 から,KWP_KeywordSeed,,
3_シチュエーション,年中学習障害,1,10,年 中 学習 障害,KWP_KeywordSeed,,
3_シチュエーション,校で勉強がわからない,1,10,不 登校 で 勉強 が わからない,KWP_KeywordSeed,,
3_シチュエーション,不登校勉強始める,1,10,不 登校 勉強 始める,KWP_KeywordSeed,,
3_シチュエーション,不登校復帰勉強,1,10,不 登校 復帰 勉強,KWP_KeywordSeed,,
3_シチュエーション,勉強がわからない不登,1,10,勉強 が わからない 不 登校,KWP_KeywordSeed,,
3_シチュエーション,勉強が分からない不登,1,10,勉強 が 分から ない 不 登校,KWP_KeywordSeed,,
3_シチュエーション,中1テスト前勉強しな,1,10,中 1 テスト 前 勉強 しない,KWP_KeywordSeed,,
3_シチュエーション,英語中学わからない,1,10,英語 中学 わからない,KWP_KeywordSeed,,
3_シチュエーション,個別指導学院入学金,1,10,ナビ 個別 指導 学院 入学 金,KWP_KeywordSeed,,
3_シチュエーション,特別支援学級から高校受験,1,10,特別 支援 学級 から 高校 受験,KWP_KeywordSeed,,
3_シチュエーション,算数がわからない障害,1,10,算数 が わからない 障害,KWP_KeywordSeed,,
3_シチュエーション,adhdこころナビ,1,10,adhd こころ ナビ,KWP_KeywordSeed,,
3_シチュエーション,こころナビad,1,10,こころ ナビ adhd,KWP_KeywordSeed,,
3_シチュエーション,ギリギリまでやらない,1,10,ギリギリ まで やら ない adhd,KWP_KeywordSeed,,
3_シチュエーション,年中グレーゾ,1,10,年 中 グレー ゾーン,KWP_KeywordSeed,,
3_シチュエーション,達グレーその後,1,10,発達 グレー その後,KWP_KeywordSeed,,
3_シチュエーション,不登校から立ち直っ,1,10,不 登校 から 立ち直っ た,KWP_KeywordSeed,,
3_シチュエーション,中3三学期不登校,1,10,中 3 三 学期 不 登校,KWP_KeywordSeed,,
3_シチュエーション,二学期不登校,1,10,二 学期 不 登校,KWP_KeywordSeed,,
3_シチュエーション,ルフリー学園前,1,10,ゴール フリー 学園前,KWP_KeywordSeed,,
3_シチュエーション,ま塾試験場駅前,1,10,なかま 塾 試験場 駅前,KWP_KeywordSeed,,
3_シチュエーション,長後個別指導,1,10,長後 個別 指導,KWP_KeywordSeed,,
3_シチュエーション,療育小学生から,1,10,療育 小学生 から,KWP_KeywordSeed,,
3_シチュエーション,ここから近いフリ,1,10,ここ から 近い フリー スクール,KWP_KeywordSeed,,
3_シチュエーション,学校普通学級から支援学級,1,10,小学校 普通 学級 から 支援 学級,KWP_KeywordSeed,,
3_シチュエーション,支援学級から通常学級,1,10,支援 学級 から 通常 学級,KWP_KeywordSeed,,
3_シチュエーション,支援級から普通級に,1,10,支援 級 から 普通 級 に,KWP_KeywordSeed,,
3_シチュエーション,達障害支援級から普通級,1,10,発達 障害 支援 級 から 普通 級,KWP_KeywordSeed,,
3_シチュエーション,達障害普通級から支援級,1,10,発達 障害 普通 級 から 支援 級,KWP_KeywordSeed,,
3_シチュエーション,通常学級から特別支援,1,10,通常 学級 から 特別 支援 学級,KWP_KeywordSeed,,
3_シチュエーション,のやり方が分からない高校,1,10,勉強 の やり方 が 分から ない 高校生,KWP_KeywordSeed,,
3_シチュエーション,学受験1ヶ月前勉強して,1,10,大学 受験 1 ヶ月 前 勉強 し て ない,KWP_KeywordSeed,,
3_シチュエーション,受験1ヶ月前勉強して,1,10,受験 1 ヶ月 前 勉強 し て ない,KWP_KeywordSeed,,
3_シチュエーション,受験一ヶ月前勉強して,1,10,受験 一 ヶ月 前 勉強 し て ない,KWP_KeywordSeed,,
3_シチュエーション,学受験一週間前勉強して,1,10,大学 受験 一 週間 前 勉強 し て ない,KWP_KeywordSeed,,
3_シチュエーション,テスト前に勉強し,1,10,テスト 前 に 勉強 しない,KWP_KeywordSeed,,
3_シチュエーション,学受験しない場合の勉強,1,10,中学 受験 しない 場合 の 勉強,KWP_KeywordSeed,,
3_シチュエーション,入試前勉強しな,1,10,入試 前 勉強 しない,KWP_KeywordSeed,,
3_シチュエーション,受験後勉強しな,1,10,受験 後 勉強 しない,KWP_KeywordSeed,,
3_シチュエーション,受験期勉強した,1,10,受験 期 勉強 し たく ない,KWP_KeywordSeed,,
3_シチュエーション,定期テスト前勉強しな,1,10,定期 テスト 前 勉強 しない,KWP_KeywordSeed,,
3_シチュエーション,年長勉強しな,1,10,年 長 勉強 しない,KWP_KeywordSeed,,
3_シチュエーション,試験前に勉強し,1,10,試験 前 に 勉強 しない,KWP_KeywordSeed,,
3_シチュエーション,試験前勉強した,1,10,試験 前 勉強 し たく ない,KWP_KeywordSeed,,
3_シチュエーション,校入試1週間前勉強しな,1,10,高校 入試 1 週間 前 勉強 しない,KWP_KeywordSeed,,
3_シチュエーション,高校受験後勉強しな,1,10,高校 受験 後 勉強 しない,KWP_KeywordSeed,,
3_シチュエーション,テスト前勉強集中,1,10,テスト 前 勉強 集中 できない,KWP_KeywordSeed,,
3_シチュエーション,目の前のことに,1,10,目 の 前 の こと に 集中 できない 不安,KWP_KeywordSeed,,
3_シチュエーション,2022年中学受験,1,10,2022 年 中学 受験,KWP_KeywordSeed,,
3_シチュエーション,2023年中学受験,1,10,2023 年 中学 受験,KWP_KeywordSeed,,
3_シチュエーション,通級後悔ブログ,1,0,通級 後悔 ブログ,Google_related_search,,
3_シチュエーション,支援学級中学卒業後の進路,1,0,特別支援学級 中学卒業後の進路,Google_related_search,,
3_シチュエーション,特別支援学級卒業後の進路,1,0,特別支援学級卒業後の進路,Google_related_search,,
3_シチュエーション,ーム」になるとき、指導は,1,0,講師と保護者が「チーム」になるとき、指導はうまくいく,Google_competitor,,
3_シチュエーション,「好き」から始めて「,1,0,「好き」から始めて「自信」を育てる ── まなぶてらすの指導アプローチ,Google_competitor,,
3_シチュエーション,体験レッスンまでの3ステ,1,0,体験レッスンまでの3ステップ,Google_competitor,,
3_シチュエーション,性の困りごとから先生を選,1,0,まとめ：特性の困りごとから先生を選ぶ3ステップ,Google_competitor,,
3_シチュエーション,社会、このままで大丈夫?,1,0,海外在住の子どもの理科・社会、このままで大丈夫？帰国後に差がつかない対策ガイド,Google_competitor,,
3_シチュエーション,トライだからできる3,1,0,トライだからできる3つのポイント,Google_competitor,,
3_シチュエーション,オンラインだから様々な学,1,0,オンラインだから様々な学習スタイルに対応可能,Google_competitor,,
3_シチュエーション,お問い合わせ後の流れ,1,0,お問い合わせ後の流れ,Google_competitor,,
3_シチュエーション,k幼児~高校まで幅広く対,1,0,一人ひとりに寄り添った 適切な支援を行います発達障がいのサポートに 特化した家庭教師実際の教師で体験OK幼児～高校まで幅広く対応幼児～高校まで対応創業1998年,Google_competitor,,
3_シチュエーション,体験指導までの流れ,1,0,体験指導までの流れ,Google_competitor,,
3_シチュエーション,になり、その後は学校に,1,0,発達障害と不登校、家庭教師をつけた方いらっしゃいますか？現在中１男子です。小５で一度不登校になり、その後は学校には週３くらいの別室登校を続けています。小６のときにWISCを受けて、言語が非常に高く、処理速度が低く50くらいの差があります。病院では自閉スペクトラム症、ASDと言われています。小学校までは学業での困りごとはなく、登校しなくても授業についていけて、漢字テストなど満点を取ったりしていましたが、中学ではそんなに上手くいくはずもなく、勉強せずに授業にも出ていないので点数は悪く、提出物も出していないようです。夫は学校に行かなくてもいいから、勉強だけでもやってくれ、といいます。私は部活もやらず友人から取り残されて行くのが心配だし、世界を広げてほしい…と思っています。本人は、やりたくない事はやりたくない。やる気になれない。社会以外の勉強はやる気がない。特に困りごとはない。誰かに教えてもらうのはイヤ。先のことは考えていない、考えたくない、と言います。ただ、一応試験前には自分からタブレット学習を少しやります。(普段はやらない)本人がそんな状態で、家庭教師ってどうなのかな、と思って、当事者の方や皆様の経験など教えていただければと思いました。発達障害や不登校に対応できる家庭教師など、調べると出てくるのですが、どうなのでしょうか。本人の意思がないので、難しいのはわかっているのですが…勉強の仕方もわからないだろうし、人との出会いが無いのでコミュニケーションの力もつけてほしい。本当は個別指導などに行けたらいいのですが、新しいところが苦手で本人のやる気なし。いいきっかけになれるのか、嫌なことを無理強いになってしまうのか。ご意見お聞かせください。,Google_competitor,,
3_シチュエーション,不登校からの受検,1,0,不登校からの受検,Google_competitor,,
3_シチュエーション,不登校からの高校・,1,0,不登校からの高校・大学受験,Google_competitor,,
3_シチュエーション,最後に...,1,0,最後に…,Google_competitor,,
3_シチュエーション,庭教師を探し始めました。,1,0,長文失礼します。 子供の家庭教師について悩んでいます。 息子は発達障害のいわゆるグレーゾーンなのですが、学校の授業の内容などについていけず、特別支援学級に入っています。支援級ではあまり国語や算数など普通学 級と同じカリキュラム内容を教えてもらえません。 中学、高校などは普通に通ってほしいと思ってるのですが、このままいったら差が開くばかりだと思い、家庭教師を探し始めました。しかし、本当に任せられるところがどこなのかわかりません。調べていても、失敗談も多くみられ初めの一歩が踏み出しづらくなっています。 どなたか経験されたことがある、もしくは現在家庭教師をつけている方がいましたら回答いただきたいです。,Google_competitor,,
4_行動・出来事・困り方,あわせて知りたい,21,0,あわせて知りたい,Google_competitor,,
4_行動・出来事・困り方,宿題をやらない,18,510,宿題 を やら ない / 宿題 を やら ない と いけない 理由 / 宿題 を やら ない 娘 / 宿題 を やら ない 子 / 宿題 を やら ない 子 小学生,Google_related_search | Google_suggest | KWP_KeywordSeed,,
4_行動・出来事・困り方,宿題をしない,16,180,宿題 を しない 中学生 / 宿題 を しない 子 中学生 / 宿題 を しない / 宿題 を しない 子ども / 宿題 を しない 小 1,Google_competitor | KWP_KeywordSeed,,
4_行動・出来事・困り方,宿題やらない,14,1550,宿題 やら ない / 宿題 やら ない こ / 宿題 やら ない こども / 宿題 やら ない こども ほっとく / 宿題 やら ない こども 高学年,Google_related_search | Google_suggest | KWP_KeywordSeed,,
4_行動・出来事・困り方,宿題しない,13,310,宿題 しない / 宿題 しない 中学生 / 宿題 しない 子ども / 宿題 しない 小 1 / 宿題 しない 小 2,Google_competitor | Google_related_search | Google_suggest | KWP_KeywordSeed,,
4_行動・出来事・困り方,勉強したくない,12,3380,勉強 し たく ない 不 登校 / 勉強 し たく ない 中学生 / 勉強 し たく ない 受験生 中学生 / 勉強 し たく ない 高校生 / 勉強 し たく ない,KWP_KeywordSeed,,
4_行動・出来事・困り方,成績が上がらない,12,800,成績 が 上がら ない 中学生 7 つの 原因 / 塾 に 行っ て も 成績 が 上がら ない 中学生 / 中学生 成績 が 上がら ない / 勉強 し て も 成績 が 上がら ない 中学生 / 成績 が 上がら ない 中学生,KWP_KeywordSeed,,
4_行動・出来事・困り方,中学受験しない,10,600,中学 受験 しない 塾 / 中学 受験 しない 家庭 学習 / 中学 受験 しない けど 勉強 / 中学 受験 しない 勉強 / 中学 受験 しない 場合 の 勉強,KWP_KeywordSeed,,
4_行動・出来事・困り方,お悩み,10,0,お悩み聞いて! / お悩みランキング / お悩み・相談 Q&A / お悩みに合わせてカウンセラーを選ぶこともできます。,Google_competitor,,
4_行動・出来事・困り方,達障害塾意味ない,9,0,発達障害 塾 意味ない,Google_related_search | Google_suggest,,
4_行動・出来事・困り方,勉強をしない,8,3880,勉強 を しない 中学生 / 勉強 を しない / 勉強 を しない と / 勉強 を しない 受験生 / 勉強 を しない 子,Google_competitor | KWP_KeywordSeed,,
4_行動・出来事・困り方,間前勉強してない,8,330,受験 1 週間 前 勉強 し て ない / 受験 2 週間 前 勉強 し て ない / 受験 一 週間 前 勉強 し て ない / 受験 二 週間 前 勉強 し て ない / 大学 受験 1 週間 前 勉強 し て ない,KWP_KeywordSeed,,
4_行動・出来事・困り方,スト点数取れない,8,190,テスト 点数 取れ ない / 中学生 テスト 点数 取れ ない / 共通 テスト 点数 取れ ない / 学力 テスト 点数 取れ ない / 定期 テスト 点数 取れ ない,KWP_KeywordSeed,,
4_行動・出来事・困り方,宿題がない,7,630,宿題 が ない 塾 / 宿題 が ない 塾 中学生 / 宿題 が ない / 宿題 が ない 中学校 / 宿題 が ない 学校,KWP_KeywordSeed,,
4_行動・出来事・困り方,験勉強したくない,7,610,中学 受験 勉強 し たく ない / 受験 勉強 し たく ない / 大学 受験 勉強 し たく ない / 高校 受験 勉強 し たく ない,KWP_KeywordSeed,,
4_行動・出来事・困り方,学校行きたくない,7,230,勉強 できない 学校 行き たく ない / 学校 行き たく ない 中学生 勉強 / 学校 行き たく ない 勉強 / 学校 行き たく ない 勉強 したい / 学校 行き たく ない 受験生,KWP_KeywordSeed,,
4_行動・出来事・困り方,模試点数取れない,7,200,五木 模試 点数 取れ ない / 共通 テスト 模試 点数 取れ ない / 数学 模試 点数 取れ ない / 模試 点数 取れ ない 中 3 / 模試 点数 取れ ない 中学生,KWP_KeywordSeed,,
4_行動・出来事・困り方,登校拒否,7,80,登校 拒否 家庭 教師 / 登校 拒否 塾 / 登校 拒否 勉強 方法 / 登校 拒否 勉強 / 登校 拒否 中学生 フリー スクール,KWP_KeywordSeed,,
4_行動・出来事・困り方,子供宿題しない,7,0,子供 宿題 しない ほっとく / 子供 宿題 しない ほっとく 夏休み / 子供 宿題 しない ほっとく 中学生,Google_related_search | Google_suggest,,
4_行動・出来事・困り方,勉強の仕方がわからない,6,1310,勉強 の 仕方 が わからない / 高校 受験 勉強 の 仕方 が わからない / 勉強 の 仕方 が わからない 高校生 / テスト 勉強 の 仕方 が わからない / 英語 の 勉強 の 仕方 が わからない 高校生,KWP_KeywordSeed,,
4_行動・出来事・困り方,勉強ができない,6,1110,勉強 が できない adhd / 勉強 が できない 不 登校 / 勉強 が できない 障害 / 勉強 が できない 発達 障害 / 勉強 が できない 知 的 障害,KWP_KeywordSeed,,
4_行動・出来事・困り方,登校勉強してない,6,350,中学 3 年間 不 登校 勉強 し て ない / 中 3 不 登校 勉強 し て ない / 不 登校 勉強 し て ない / 中学 不 登校 勉強 し て ない / 不 登校 勉強 し て ない 高校生,KWP_KeywordSeed,,
4_行動・出来事・困り方,宿題のない,6,290,宿題 の ない 塾 / 宿題 の ない 中学校 / 宿題 の ない 中学校 東京 / 宿題 の ない 学校 / 宿題 の ない 小学校,KWP_KeywordSeed,,
4_行動・出来事・困り方,勉強遅れ,6,230,勉強 遅れ 取り戻す 塾 / 勉強 遅れ 取り戻す / 勉強 遅れ 取り戻す 中学生 / 勉強 遅れ 取り戻す 高校生 / 勉強 遅れ 取り戻し 方,KWP_KeywordSeed,,
4_行動・出来事・困り方,宿題ない,6,220,宿題 ない 塾 / 宿題 ない / 宿題 ない 中学 / 宿題 ない 学校 / 宿題 ない 小学校,KWP_KeywordSeed,,
4_行動・出来事・困り方,校勉強したくない,6,150,不 登校 勉強 し たく ない / 中学生 不 登校 勉強 し たく ない / 通信 制 高校 勉強 し たく ない,KWP_KeywordSeed,,
4_行動・出来事・困り方,不登校勉強遅れ,5,270,不 登校 勉強 遅れ / 不 登校 勉強 遅れ 取り戻す / 不 登校 勉強 遅れ 高校,KWP_KeywordSeed,,
4_行動・出来事・困り方,勉強の遅れ,5,110,勉強 の 遅れ を 取り戻す 不 登校 / 勉強 の 遅れ を 取り戻す 方法 / 勉強 の 遅れ を 取り戻す / 勉強の遅れを取り戻す「さかのぼり学習」と専門講師によるサポート,Google_competitor | KWP_KeywordSeed,,
4_行動・出来事・困り方,勉強やらない,5,110,勉強 やら ない 中学生 / 勉強 やら ない / 勉強 やら ない こ / 勉強 やら ない と / 勉強 やら ない 反抗 期,KWP_KeywordSeed,,
4_行動・出来事・困り方,悩み,5,50,悩み が あっ て 集中 できない / 悩み 事 仕事 に 集中 できない / 悩み 事 集中 できない / 悩み 勉強 に 集中 できない / 悩み 集中 できない,KWP_KeywordSeed,,
4_行動・出来事・困り方,発達障害塾断ら,5,0,発達障害 塾 断 られる,Google_related_search | Google_suggest,,
4_行動・出来事・困り方,に取りかかれない,5,0,ADHD 宿題に 取り かかれ ない / adhd 宿題に 取り かかれ ない / adhd 宿題に 取り かかれ ない 中学生,Google_related_search | Google_suggest,,
4_行動・出来事・困り方,失敗しない,5,0,失敗しない塾選びのチェックリスト / 失敗しない塾選び 7つのチェックリスト / 失敗しない家庭教師の選び方のポイント5つ / 失敗しない塾選びなら、塾・学習塾検索サイトの「塾シル」にお任せください / 失敗しない通信制大学の選び方！チェックするべき9つのポイント,Google_competitor,,
4_行動・出来事・困り方,受験勉強してない,4,580,中 3 受験 勉強 し て ない / 受験 勉強 し て ない / 大学 受験 勉強 し て ない / 高校 受験 勉強 し て ない,KWP_KeywordSeed,,
4_行動・出来事・困り方,中学受験やめ,4,540,中学 受験 やめて よかった / 中学 受験 やめた / 中学 受験 やめた 方 が いい / 中学 受験 やめたい,KWP_KeywordSeed,,
4_行動・出来事・困り方,スト勉強してない,4,530,テスト 勉強 し て ない / テスト 勉強 し て ない 高校生 / 学力 テスト 勉強 し て ない / 期末 テスト 勉強 し て ない,KWP_KeywordSeed,,
4_行動・出来事・困り方,生勉強したくない,4,430,小学生 勉強 し たく ない 不 登校 / 中学生 勉強 し たく ない / 高校生 勉強 し たく ない,KWP_KeywordSeed,,
4_行動・出来事・困り方,受験したくない,4,240,受験 し たく ない / 受験 し たく ない 中学 / 受験 し たく ない 高校,KWP_KeywordSeed,,
4_行動・出来事・困り方,不安,4,190,不安 障害 adhd / 不安 で 集中 できない / 不安 集中 できない / 不安を抱えるあなたへ。まずはゆっくりお話ししてみませんか？,Google_competitor | KWP_KeywordSeed,,
4_行動・出来事・困り方,宿題できない,4,130,宿題 できない adhd / 宿題 できない / 宿題 できない 中学生 / 宿題 できない 高校生,KWP_KeywordSeed,,
4_行動・出来事・困り方,宿題ができない,4,110,宿題 が できない adhd / 宿題 が できない / 宿題 が できない 中学生 / 宿題 が できない 高校生,KWP_KeywordSeed,,
4_行動・出来事・困り方,の宿題をやらない,4,100,塾 の 宿題 を やら ない / 夏休み の 宿題 を やら ない / 夏休み の 宿題 を やら ない 子 / 学校 の 宿題 を やら ない,KWP_KeywordSeed,,
4_行動・出来事・困り方,月前勉強してない,4,100,大学 受験 1 ヶ月 前 勉強 し て ない / 受験 1 ヶ月 前 勉強 し て ない / 受験 一 ヶ月 前 勉強 し て ない / 高校 受験 1 ヶ月 前 勉強 し て ない,KWP_KeywordSeed,,
4_行動・出来事・困り方,前勉強したくない,4,60,テスト 前 勉強 し たく ない / 受験 前 勉強 し たく ない / 試験 前 勉強 し たく ない,KWP_KeywordSeed,,
4_行動・出来事・困り方,たい,4,30,たい し くん 高校 受験 明治 学院 / たい し くん 高校 受験 都立 / たい し 高校 受験 / たい し くん 中学 受験,KWP_KeywordSeed,,
4_行動・出来事・困り方,こんなお悩み,4,0,こんなお悩みはありませんか？ / こんなお悩みありませんか？ / こんなお悩みはありませんか,Google_competitor,,
4_行動・出来事・困り方,勉強してもできない,3,330,勉強 し て も できない 発達 障害,KWP_KeywordSeed,,
4_行動・出来事・困り方,ても点数取れない,3,330,勉強 し て も 点数 取れ ない 中学生 / 勉強 し て も 点数 取れ ない / 勉強 し て も 点数 取れ ない 高校,KWP_KeywordSeed,,
4_行動・出来事・困り方,学習能力がない,3,260,学習 能力 が ない 大人 / 学習 能力 が ない 発達 障害 / 学習 能力 が ない 障害,KWP_KeywordSeed,,
4_行動・出来事・困り方,算数ができない,3,180,算数 が できない 障害 / 算数 が できない 学習 障害 / 算数ができないのは発達障害の特性？算数に困難のある子どもへの支援,Google_competitor | KWP_KeywordSeed,,
4_行動・出来事・困り方,みの宿題やらない,3,150,夏休み の 宿題 やら ない / 夏休み の 宿題 やら ない 子 / 小学生 夏休み の 宿題 やら ない,KWP_KeywordSeed,,
4_行動・出来事・困り方,休み宿題やらない,3,140,夏休み 宿題 やら ない / 夏休み 宿題 やら ない 子 / 小学生 夏休み 宿題 やら ない,KWP_KeywordSeed,,
4_行動・出来事・困り方,宿題したくない,3,110,宿題 し たく ない / 宿題 し たく ない 中学生 / 宿題 し たく ない 高校生,KWP_KeywordSeed,,
4_行動・出来事・困り方,年生宿題やらない,3,70,1 年生 宿題 やら ない / 2 年生 宿題 やら ない / 3 年生 宿題 やら ない,KWP_KeywordSeed,,
4_行動・出来事・困り方,トで点が取れない,3,60,テスト で 点 が 取れ ない 原因 / テスト で 点 が 取れ ない 理由 / 実力 テスト で 点 が 取れ ない,KWP_KeywordSeed,,
4_行動・出来事・困り方,勉強全くしない,3,40,勉強 全く しない 中学生 / 勉強 全く しない / 勉強 全く しない 高校生,KWP_KeywordSeed,,
4_行動・出来事・困り方,で点数が取れない,3,40,テスト で 点数 が 取れ ない / テスト で 点数 が 取れ ない 中学生 / テスト で 点数 が 取れ ない 高校,KWP_KeywordSeed,,
4_行動・出来事・困り方,テスト点取れない,3,40,テスト 点 取れ ない / 共通 テスト 点 取れ ない / 定期 テスト 点 取れ ない,KWP_KeywordSeed,,
4_行動・出来事・困り方,宿題少ない,3,40,宿題 少ない 塾 / 宿題 少ない / 宿題 少ない 高校,KWP_KeywordSeed,,
4_行動・出来事・困り方,ト勉強したくない,3,30,テスト 勉強 し たく ない 中学生 / テスト 勉強 し たく ない 高校生,KWP_KeywordSeed,,
4_行動・出来事・困り方,休みの宿題をしない,3,30,夏休み の 宿題 を しない / 夏休み の 宿題 を しない 中学生 / 小学生 夏休み の 宿題 を しない,KWP_KeywordSeed,,
4_行動・出来事・困り方,害の勉強がしたい,3,0,発達障害の勉強 が したい,Google_related_search | Google_suggest,,
4_行動・出来事・困り方,発達障害宿題泣き,3,0,発達障害 宿題 泣き叫ぶ,Google_related_search | Google_suggest,,
4_行動・出来事・困り方,題を始められない,3,0,発達障害の子どもが宿題を始められない時、どう支援する？ / なぜ発達障害の子どもは宿題を始められないのか？ / 宿題を始められない時の具体的な支援方法,Google_competitor,,
4_行動・出来事・困り方,日能研やめ,2,1180,日能研 やめて よかった,KWP_KeywordSeed,,
4_行動・出来事・困り方,adhd不安,2,530,adhd 不安 障害 / adhd 不安,KWP_KeywordSeed,,
4_行動・出来事・困り方,のことを考えてしまう,2,480,集中 できない 他 の こと を 考え て しまう / 集中 できない 別 の こと を 考え て しまう,KWP_KeywordSeed,,
4_行動・出来事・困り方,達障害言葉の遅れ,2,350,発達 障害 言葉 の 遅れ / 発達 障害 言葉 の 遅れ 4 歳,KWP_KeywordSeed,,
4_行動・出来事・困り方,ルールが守れない,2,330,ルール が 守れ ない 発達 障害 / ルール が 守れ ない 発達 障害 大人,KWP_KeywordSeed,,
4_行動・出来事・困り方,験勉強やり方わからない,2,250,受験 勉強 やり方 わからない / 大学 受験 勉強 やり方 わからない,KWP_KeywordSeed,,
4_行動・出来事・困り方,成績上がらない,2,210,成績 上がら ない 中学生 / 成績 上がら ない 高校生,KWP_KeywordSeed,,
4_行動・出来事・困り方,生勉強しない疲れ,2,170,中学生 勉強 しない 疲れ た / 中学生 勉強 しない 疲れた,Google_related_search | KWP_KeywordSeed,,
4_行動・出来事・困り方,国語点数取れない,2,140,共通 テスト 国語 点数 取れ ない / 国語 点数 取れ ない,KWP_KeywordSeed,,
4_行動・出来事・困り方,dhd返事をしない,2,140,adhd 返事 を しない / adhd 返事 を しない 大人,KWP_KeywordSeed,,
4_行動・出来事・困り方,通テスト取れない,2,120,共通 テスト 取れ ない / 共通 テスト 取れ ない 原因,KWP_KeywordSeed,,
4_行動・出来事・困り方,塾必要ない,2,120,塾 必要 ない 子 中学生 / 塾 必要 ない 子,KWP_KeywordSeed,,
4_行動・出来事・困り方,模試勉強してない,2,120,模試 勉強 し て ない / 模試 勉強 し て ない 高校生,KWP_KeywordSeed,,
4_行動・出来事・困り方,夏休み宿題ない,2,90,夏休み 宿題 ない / 夏休み 宿題 ない 学校,KWP_KeywordSeed,,
4_行動・出来事・困り方,hd宿題やらない,2,80,adhd 宿題 やら ない,KWP_KeywordSeed,,
4_行動・出来事・困り方,英語嫌い,2,80,英語 嫌い 克服 中学生 / 英語 嫌い 中学生,KWP_KeywordSeed,,
4_行動・出来事・困り方,中学生英語嫌い,2,80,中学生 英語 嫌い / 中学生 英語 嫌い 理由,KWP_KeywordSeed,,
4_行動・出来事・困り方,adhdではない,2,80,adhd では ない / adhd では ない けど,KWP_KeywordSeed,,
4_行動・出来事・困り方,疲れ,2,70,疲れ て 集中 できない / 疲れ 集中 できない,KWP_KeywordSeed,,
4_行動・出来事・困り方,宿題嫌い,2,60,宿題 嫌い / 宿題 嫌い 高校生,KWP_KeywordSeed,,
4_行動・出来事・困り方,に点数が取れない,2,50,勉強 し て いる の に 点数 が 取れ ない / 「頑張っているのに点数が取れない」――発達特性と中学テストのすれ違いとジレンマ,Google_competitor | KWP_KeywordSeed,,
4_行動・出来事・困り方,adhdじゃない,2,50,adhd じゃ ない / adhd じゃ ない の に,KWP_KeywordSeed,,
4_行動・出来事・困り方,全く勉強してない,2,50,受験 全く 勉強 し て ない / 高校 受験 全く 勉強 し て ない,KWP_KeywordSeed,,
4_行動・出来事・困り方,集中したい,2,50,集中 したい の に できない / 集中 したい の に 集中 できない,KWP_KeywordSeed,,
4_行動・出来事・困り方,学習障害暗記できない,2,40,学習 障害 暗記 できない,KWP_KeywordSeed,,
4_行動・出来事・困り方,宿題が少ない,2,40,宿題 が 少ない 塾 中学生 / 宿題 が 少ない 塾,KWP_KeywordSeed,,
4_行動・出来事・困り方,なかなかやらない,2,30,宿題 なかなか やら ない / 宿題 を なかなか やら ない,KWP_KeywordSeed,,
4_行動・出来事・困り方,塾成績上がらない,2,30,中学生 塾 成績 上がら ない / 中 3 塾 成績 上がら ない,KWP_KeywordSeed,,
4_行動・出来事・困り方,夏休み宿題少ない,2,30,夏休み 宿題 少ない / 小学生 夏休み 宿題 少ない,KWP_KeywordSeed,,
4_行動・出来事・困り方,習障害暗記ができない,2,20,学習 障害 暗記 が できない,KWP_KeywordSeed,,
4_行動・出来事・困り方,暗記できない,2,20,暗記 できない 学習 障害,KWP_KeywordSeed,,
4_行動・出来事・困り方,d宿題をやらない,2,20,adhd 宿題 を やら ない,KWP_KeywordSeed,,
4_行動・出来事・困り方,ld計算できない,2,20,ld 計算 できない,KWP_KeywordSeed,,
4_行動・出来事・困り方,勉強をやらない,2,20,勉強 を やら ない 中学生 / 勉強 を やら ない,KWP_KeywordSeed,,
4_行動・出来事・困り方,宿題を全くしない,2,20,宿題 を 全く しない 中学生,KWP_KeywordSeed,,
4_行動・出来事・困り方,らないといけない,2,20,宿題 やら ない と いけない 理由 / 宿題 を やら ない と いけない 理由,KWP_KeywordSeed,,
4_行動・出来事・困り方,題やりたがらない,2,20,宿題 やり たがら ない / 小学生 宿題 やり たがら ない,KWP_KeywordSeed,,
4_行動・出来事・困り方,分から宿題をしない,2,20,自分 から 宿題 を しない,KWP_KeywordSeed,,
4_行動・出来事・困り方,スト点が取れない,2,20,テスト 点 が 取れ ない / 定期 テスト 点 が 取れ ない,KWP_KeywordSeed,,
4_行動・出来事・困り方,お金をかけない,2,20,お金 を かけ ない で 英語 / お金 を かけ ない 英語,KWP_KeywordSeed,,
4_行動・出来事・困り方,中学受験宿題しない,2,20,中学 受験 宿題 しない,KWP_KeywordSeed,,
4_行動・出来事・困り方,勉強を全くしない,2,20,勉強 を 全く しない / 勉強 を 全く しない 子,KWP_KeywordSeed,,
4_行動・出来事・困り方,集中できない不安,2,20,目 の 前 の こと に 集中 できない 不安 / 集中 できない 不安,KWP_KeywordSeed,,
4_行動・出来事・困り方,夏休みの宿題しない,2,20,中学生 夏休み の 宿題 しない / 夏休み の 宿題 しない,KWP_KeywordSeed,,
4_行動・出来事・困り方,生夏休み宿題しない,2,20,中学生 夏休み 宿題 しない / 小学生 夏休み 宿題 しない,KWP_KeywordSeed,,
4_行動・出来事・困り方,夏休み宿題しない,2,20,夏休み 宿題 しない / 夏休み 宿題 しない 中学生,KWP_KeywordSeed,,
4_行動・出来事・困り方,学校に行かない,2,10,学校 に 行か ない で 勉強 / 学校に行かない時期も、自分に合った「個別学習」と「習い事」で未来は拓ける,Google_competitor | KWP_KeywordSeed,,
4_行動・出来事・困り方,どもが宿題をしない,2,10,子ども が 宿題 を しない / 子どもが宿題をしない理由は発達障がい？,Google_competitor | KWP_KeywordSeed,,
4_行動・出来事・困り方,学だけ異常にできない,2,0,数学だけ異常に できない 障害 / 数学だけ異常に できない 病気,Google_related_search,,
4_行動・出来事・困り方,国語だけできない,2,0,国語だけ できない 障害 / 国語 だけ できない 中学生,Google_related_search,,
4_行動・出来事・困り方,ースト案件こない,2,0,家庭教師ファースト 案件 こない,Google_suggest,,
4_行動・出来事・困り方,障害宿題やらない,2,0,発達障害 宿題 やらない,Google_suggest,,
4_行動・出来事・困り方,このようなお悩み,2,0,このようなお悩みを抱える生徒さまをサポートしてきました / 学校生活でこのような お悩み ・・・ はありませんか？,Google_competitor,,
4_行動・出来事・困り方,やってはいけない,2,0,勉強しない発達障害のこどもにやってはいけないこと / やってはいけないNG対応,Google_competitor,,
4_行動・出来事・困り方,見通しが立たない,2,0,発達障害の子の「見通しが立たない不安」とは？家庭と学習で安心を育てる方法,Google_competitor,,
4_行動・出来事・困り方,しが立たない不安,2,0,発達障害の子の「見通しが立たない不安」とは？家庭と学習で安心を育てる方法,Google_competitor,,
4_行動・出来事・困り方,に知っておきたい,2,0,内申点が心配なときに知っておきたいこと / 入会前に知っておきたい｜無料体験・受講までの流れ,Google_competitor,,
4_行動・出来事・困り方,師選びで失敗しない,2,0,６. オンライン家庭教師選びで失敗しないためのチェックポイント / 発達障害の子どもの家庭教師選びで失敗しないためのポイント,Google_competitor,,
4_行動・出来事・困り方,原因で宿題をしない,2,0,発達障害が原因で宿題をしない子どもの心理 / 発達障害が原因で宿題をしない子どもへの7つの対応,Google_competitor,,
4_行動・出来事・困り方,塾、習い事を辞め,2,0,「指導は無理」と言われ塾、習い事を辞めた発達障害息子。絶望の淵で出会った先生の「神対応」【読者体験談】,Google_competitor,,
4_行動・出来事・困り方,い」理解されない,2,0,「みんなと違う、別の対応は難しい」理解されない現実と、積み重なる拒絶,Google_competitor,,
4_行動・出来事・困り方,てチェックしたい,2,0,"合わせてチェックしたい ""塾・予備校・通信教育""カテゴリーの掲示版 / 合わせてチェックしたい ""中学校""カテゴリーの掲示版",Google_competitor,,
4_行動・出来事・困り方,とうまくいかない,2,0,発達障害の子どもの勉強、親が教えるとうまくいかないのはなぜ？5つの解決策を専門家が解説 / 親が教えるとうまくいかない4つの理由,Google_competitor,,
4_行動・出来事・困り方,習に関するお悩み,2,0,学習に関するお悩み,Google_competitor,,
4_行動・出来事・困り方,集中ができない,1,2900,集中 が できない,KWP_KeywordSeed,,
4_行動・出来事・困り方,人の気持ちがわからない,1,1300,人 の 気持ち が わからない 人 アスペルガー,KWP_KeywordSeed,,
4_行動・出来事・困り方,個別指導学院やめ,1,880,東京 個別 指導 学院 やめた ほうが いい,KWP_KeywordSeed,,
4_行動・出来事・困り方,育センターなない,1,880,療育 センター なないろ,KWP_KeywordSeed,,
4_行動・出来事・困り方,3人以上話せない,1,720,3 人 以上 話せ ない 発達 障害,KWP_KeywordSeed,,
4_行動・出来事・困り方,学生宿題やらない,1,390,小学生 宿題 やら ない,KWP_KeywordSeed,,
4_行動・出来事・困り方,果教えてくれない,1,390,wais 結果 教え て くれ ない,KWP_KeywordSeed,,
4_行動・出来事・困り方,め切りが守れない,1,390,締め切り が 守れ ない 発達 障害,KWP_KeywordSeed,,
4_行動・出来事・困り方,勉強やり方わからない,1,390,勉強 やり方 わからない,KWP_KeywordSeed,,
4_行動・出来事・困り方,強のやり方がわからない,1,390,勉強 の やり方 が わからない,KWP_KeywordSeed,,
4_行動・出来事・困り方,協調性がない,1,320,協調 性 が ない アスペルガー,KWP_KeywordSeed,,
4_行動・出来事・困り方,集団塾に向かない,1,320,集団 塾 に 向 かない 子,KWP_KeywordSeed,,
4_行動・出来事・困り方,進高い申し訳ない,1,320,東進 高い 申し訳 ない,KWP_KeywordSeed,,
4_行動・出来事・困り方,宿題やりたくない,1,260,宿題 やり たく ない,KWP_KeywordSeed,,
4_行動・出来事・困り方,の切り替えができない,1,260,気持ち の 切り替え が できない 発達 障害,KWP_KeywordSeed,,
4_行動・出来事・困り方,害考える力がない,1,260,発達 障害 考える 力 が ない,KWP_KeywordSeed,,
4_行動・出来事・困り方,ルールを守れない,1,260,ルール を 守れ ない 発達 障害,KWP_KeywordSeed,,
4_行動・出来事・困り方,ない,1,260,ないとう 塾,KWP_KeywordSeed,,
4_行動・出来事・困り方,考えを言葉にできない,1,210,考え を 言葉 に できない 発達 障害,KWP_KeywordSeed,,
4_行動・出来事・困り方,章が頭に入らない,1,210,文章 が 頭 に 入ら ない 発達 障害,KWP_KeywordSeed,,
4_行動・出来事・困り方,状況判断ができない,1,210,状況 判断 が できない 発達 障害,KWP_KeywordSeed,,
4_行動・出来事・困り方,友達が出来ない,1,210,友達 が 出来 ない 発達 障害,KWP_KeywordSeed,,
4_行動・出来事・困り方,塾バイト稼げない,1,210,武田 塾 バイト 稼げ ない,KWP_KeywordSeed,,
4_行動・出来事・困り方,勉強楽しくない,1,210,勉強 楽しく ない,KWP_KeywordSeed,,
4_行動・出来事・困り方,不登校勉強の遅れ,1,170,不 登校 勉強 の 遅れ,KWP_KeywordSeed,,
4_行動・出来事・困り方,生成績上がらない,1,170,中学生 成績 上がら ない,KWP_KeywordSeed,,
4_行動・出来事・困り方,学成績上がらない,1,170,中学 成績 上がら ない,KWP_KeywordSeed,,
4_行動・出来事・困り方,ントロールができない,1,170,感情 の コントロール が できない 発達 障害,KWP_KeywordSeed,,
4_行動・出来事・困り方,算数できない,1,170,算数 できない 障害,KWP_KeywordSeed,,
4_行動・出来事・困り方,左右わからない,1,170,左右 わからない adhd,KWP_KeywordSeed,,
4_行動・出来事・困り方,左右が分からない,1,140,左右 が 分から ない 発達 障害,KWP_KeywordSeed,,
4_行動・出来事・困り方,発達障害すぐ泣く,1,140,発達 障害 すぐ 泣く 大人,KWP_KeywordSeed,,
4_行動・出来事・困り方,言葉の遅れ,1,140,言葉 の 遅れ 療育,KWP_KeywordSeed,,
4_行動・出来事・困り方,療育言葉の遅れ,1,140,療育 言葉 の 遅れ,KWP_KeywordSeed,,
4_行動・出来事・困り方,学受験するかしない,1,140,中学 受験 する か しない か,KWP_KeywordSeed,,
4_行動・出来事・困り方,稲アカえげつない,1,140,早稲 アカ えげつない,KWP_KeywordSeed,,
4_行動・出来事・困り方,小1宿題やらない,1,110,小 1 宿題 やら ない,KWP_KeywordSeed,,
4_行動・出来事・困り方,森塾断ら,1,110,森 塾 断 られ た,KWP_KeywordSeed,,
4_行動・出来事・困り方,adhd嫌い,1,110,adhd 嫌い,KWP_KeywordSeed,,
4_行動・出来事・困り方,小学生塾受験しない,1,110,小学生 塾 受験 しない,KWP_KeywordSeed,,
4_行動・出来事・困り方,勉強してない,1,110,勉強 し て ない,KWP_KeywordSeed,,
4_行動・出来事・困り方,文勉強してもできない,1,110,現代 文 勉強 し て も できない,KWP_KeywordSeed,,
4_行動・出来事・困り方,受験やる気がない,1,110,中学 受験 やる気 が ない,KWP_KeywordSeed,,
4_行動・出来事・困り方,アスペルガー嫌い,1,90,アスペルガー 嫌い,KWP_KeywordSeed,,
4_行動・出来事・困り方,英語が全くできない,1,90,英語 が 全く できない 中学生 学習 障害,KWP_KeywordSeed,,
4_行動・出来事・困り方,達障害計算ができない,1,90,発達 障害 計算 が できない,KWP_KeywordSeed,,
4_行動・出来事・困り方,なない,1,90,なないろ 療育,KWP_KeywordSeed,,
4_行動・出来事・困り方,勉強方法わからない,1,90,勉強 方法 わからない,KWP_KeywordSeed,,
4_行動・出来事・困り方,中学宿題ない,1,90,中学 宿題 ない,KWP_KeywordSeed,,
4_行動・出来事・困り方,中学生宿題しない,1,90,中学生 宿題 しない,KWP_KeywordSeed,,
4_行動・出来事・困り方,小学生宿題しない,1,90,小学生 宿題 しない,KWP_KeywordSeed,,
4_行動・出来事・困り方,adhd宿題できない,1,70,adhd 宿題 できない,KWP_KeywordSeed,,
4_行動・出来事・困り方,塾宿題やらない,1,70,塾 宿題 やら ない,KWP_KeywordSeed,,
4_行動・出来事・困り方,中学英語嫌い,1,70,中学 英語 嫌い,KWP_KeywordSeed,,
4_行動・出来事・困り方,dhd常識がわからない,1,70,adhd 常識 が わからない,KWP_KeywordSeed,,
4_行動・出来事・困り方,hd責任感がない,1,70,adhd 責任感 が ない,KWP_KeywordSeed,,
4_行動・出来事・困り方,asd彼女できない,1,70,asd 彼女 できない,KWP_KeywordSeed,,
4_行動・出来事・困り方,強したことがない,1,70,勉強 した こと が ない,KWP_KeywordSeed,,
4_行動・出来事・困り方,勉強したことない,1,70,勉強 した こと ない,KWP_KeywordSeed,,
4_行動・出来事・困り方,中学生宿題ない,1,70,中学生 宿題 ない,KWP_KeywordSeed,,
4_行動・出来事・困り方,休みの宿題がない,1,70,夏休み の 宿題 が ない 学校,KWP_KeywordSeed,,
4_行動・出来事・困り方,夏休みの宿題ない,1,70,夏休み の 宿題 ない 学校,KWP_KeywordSeed,,
4_行動・出来事・困り方,サピックスやめ,1,70,サピックス やめた ほうが いい,KWP_KeywordSeed,,
4_行動・出来事・困り方,学受験お金がない,1,70,中学 受験 お金 が ない,KWP_KeywordSeed,,
4_行動・出来事・困り方,不登校学習の遅れ,1,50,不 登校 学習 の 遅れ,KWP_KeywordSeed,,
4_行動・出来事・困り方,塾の宿題やらない,1,50,塾 の 宿題 やら ない,KWP_KeywordSeed,,
4_行動・出来事・困り方,小2宿題やらない,1,50,小 2 宿題 やら ない,KWP_KeywordSeed,,
4_行動・出来事・困り方,成績伸びない,1,50,成績 伸び ない 中学生,KWP_KeywordSeed,,
4_行動・出来事・困り方,学生成績伸びない,1,50,中学生 成績 伸び ない,KWP_KeywordSeed,,
4_行動・出来事・困り方,成績が伸びない,1,50,成績 が 伸び ない 中学生,KWP_KeywordSeed,,
4_行動・出来事・困り方,クト点数取れない,1,50,フクト 点数 取れ ない,KWP_KeywordSeed,,
4_行動・出来事・困り方,生成績が伸びない,1,50,中学生 成績 が 伸び ない,KWP_KeywordSeed,,
4_行動・出来事・困り方,adhd好き嫌い,1,50,adhd 好き嫌い,KWP_KeywordSeed,,
4_行動・出来事・困り方,adhd遅刻しない,1,50,adhd 遅刻 しない,KWP_KeywordSeed,,
4_行動・出来事・困り方,asd好き嫌い,1,50,asd 好き嫌い,KWP_KeywordSeed,,
4_行動・出来事・困り方,問題集がない,1,50,問題 集 が ない 勉強 法,KWP_KeywordSeed,,
4_行動・出来事・困り方,貫高校受験したい,1,50,中高 一貫 高校 受験 したい,KWP_KeywordSeed,,
4_行動・出来事・困り方,都立高校人気ない,1,50,都立 高校 人気 ない,KWP_KeywordSeed,,
4_行動・出来事・困り方,adhd宿題しない,1,40,adhd 宿題 しない,KWP_KeywordSeed,,
4_行動・出来事・困り方,地理点数取れない,1,40,地理 点数 取れ ない,KWP_KeywordSeed,,
4_行動・出来事・困り方,団行動が出来ない,1,40,集団 行動 が 出来 ない 発達 障害,KWP_KeywordSeed,,
4_行動・出来事・困り方,asd冷たい,1,40,asd 冷たい,KWP_KeywordSeed,,
4_行動・出来事・困り方,asd努力できない,1,40,asd 努力 できない,KWP_KeywordSeed,,
4_行動・出来事・困り方,2歳言葉の遅れ,1,40,2 歳 言葉 の 遅れ 療育,KWP_KeywordSeed,,
4_行動・出来事・困り方,ト前勉強してない,1,40,テスト 前 勉強 し て ない,KWP_KeywordSeed,,
4_行動・出来事・困り方,教科勉強してない,1,40,副 教科 勉強 し て ない,KWP_KeywordSeed,,
4_行動・出来事・困り方,中したいのにできない,1,40,集中 したい の に できない,KWP_KeywordSeed,,
4_行動・出来事・困り方,不登校勉強わからない,1,30,不 登校 勉強 わからない,KWP_KeywordSeed,,
4_行動・出来事・困り方,受験宿題やらない,1,30,中学 受験 宿題 やら ない,KWP_KeywordSeed,,
4_行動・出来事・困り方,校の宿題やらない,1,30,学校 の 宿題 やら ない,KWP_KeywordSeed,,
4_行動・出来事・困り方,小3宿題やらない,1,30,小 3 宿題 やら ない,KWP_KeywordSeed,,
4_行動・出来事・困り方,3成績上がらない,1,30,中 3 成績 上がら ない,KWP_KeywordSeed,,
4_行動・出来事・困り方,偏差値上がらない,1,30,偏差 値 上がら ない 中学生,KWP_KeywordSeed,,
4_行動・出来事・困り方,文章を読まない,1,30,文章 を 読ま ない 人,KWP_KeywordSeed,,
4_行動・出来事・困り方,単語覚えれない,1,30,単語 覚えれ ない,KWP_KeywordSeed,,
4_行動・出来事・困り方,習障害数学ができない,1,30,学習 障害 数学 が できない,KWP_KeywordSeed,,
4_行動・出来事・困り方,学習障害計算できない,1,30,学習 障害 計算 できない,KWP_KeywordSeed,,
4_行動・出来事・困り方,不登校やめ,1,30,不 登校 やめたい,KWP_KeywordSeed,,
4_行動・出来事・困り方,先生が嫌い,1,30,先生 が 嫌い 不 登校,KWP_KeywordSeed,,
4_行動・出来事・困り方,家庭教師危ない,1,30,家庭 教師 危ない,KWP_KeywordSeed,,
4_行動・出来事・困り方,学受験塾お金ない,1,30,大学 受験 塾 お金 ない,KWP_KeywordSeed,,
4_行動・出来事・困り方,暗記嫌い,1,30,暗記 嫌い,KWP_KeywordSeed,,
4_行動・出来事・困り方,学受験したくない,1,30,中学 受験 し たく ない,KWP_KeywordSeed,,
4_行動・出来事・困り方,校受験したくない,1,30,高校 受験 し たく ない,KWP_KeywordSeed,,
4_行動・出来事・困り方,没頭できない,1,30,没頭 できない,KWP_KeywordSeed,,
4_行動・出来事・困り方,1年生宿題しない,1,30,1 年生 宿題 しない,KWP_KeywordSeed,,
4_行動・出来事・困り方,くもん宿題しない,1,30,くもん 宿題 しない,KWP_KeywordSeed,,
4_行動・出来事・困り方,学校の宿題ができない,1,30,塾 の 宿題 で 学校 の 宿題 が できない,KWP_KeywordSeed,,
4_行動・出来事・困り方,宿題の少ない,1,30,宿題 の 少ない 塾,KWP_KeywordSeed,,
4_行動・出来事・困り方,高校受験しない,1,30,高校 受験 しない,KWP_KeywordSeed,,
4_行動・出来事・困り方,dhd宿題ができない,1,20,adhd 宿題 が できない,KWP_KeywordSeed,,
4_行動・出来事・困り方,学生家庭学習しない,1,20,中学生 家庭 学習 しない,KWP_KeywordSeed,,
4_行動・出来事・困り方,勉強する気がない,1,20,勉強 する 気 が ない 中学生,KWP_KeywordSeed,,
4_行動・出来事・困り方,学校宿題やらない,1,20,小学校 宿題 やら ない,KWP_KeywordSeed,,
4_行動・出来事・困り方,のに点数取れない,1,20,勉強 し てる の に 点数 取れ ない,KWP_KeywordSeed,,
4_行動・出来事・困り方,期テスト取れない,1,20,定期 テスト 取れ ない,KWP_KeywordSeed,,
4_行動・出来事・困り方,学習の遅れ,1,20,学習 の 遅れ を 取り戻す,KWP_KeywordSeed,,
4_行動・出来事・困り方,文章読まない,1,20,文章 読ま ない 人,KWP_KeywordSeed,,
4_行動・出来事・困り方,中学英語できない,1,20,中学 英語 できない 高校生,KWP_KeywordSeed,,
4_行動・出来事・困り方,英語が嫌い,1,20,英語 が 嫌い な 中学生,KWP_KeywordSeed,,
4_行動・出来事・困り方,塾断ら,1,20,塾 断 られ た,KWP_KeywordSeed,,
4_行動・出来事・困り方,入塾断ら,1,20,入塾 断 られ た,KWP_KeywordSeed,,
4_行動・出来事・困り方,分の気持ちがわからない,1,20,発達 障害 自分 の 気持ち が わからない,KWP_KeywordSeed,,
4_行動・出来事・困り方,学習できない,1,20,学習 できない 障害,KWP_KeywordSeed,,
4_行動・出来事・困り方,学習障害記憶できない,1,20,学習 障害 記憶 できない,KWP_KeywordSeed,,
4_行動・出来事・困り方,sdやる気がない,1,20,asd やる気 が ない,KWP_KeywordSeed,,
4_行動・出来事・困り方,asdわからない,1,20,asd わからない,KWP_KeywordSeed,,
4_行動・出来事・困り方,sd想像力がない,1,20,asd 想像力 が ない,KWP_KeywordSeed,,
4_行動・出来事・困り方,asd自分がない,1,20,asd 自分 が ない,KWP_KeywordSeed,,
4_行動・出来事・困り方,坪田塾みたい,1,20,坪田 塾 みたい な 塾,KWP_KeywordSeed,,
4_行動・出来事・困り方,個別指導やめ,1,20,個別 指導 やめた ほうが いい,KWP_KeywordSeed,,
4_行動・出来事・困り方,療育やめ,1,20,療育 やめた,KWP_KeywordSeed,,
4_行動・出来事・困り方,特別支援学級ない,1,20,特別 支援 学級 ない 学校,KWP_KeywordSeed,,
4_行動・出来事・困り方,勉強仕方わからない,1,20,勉強 仕方 わからない,KWP_KeywordSeed,,
4_行動・出来事・困り方,楽しくて仕方ない,1,20,勉強 楽しく て 仕方 ない,KWP_KeywordSeed,,
4_行動・出来事・困り方,小1宿題しない,1,20,小 1 宿題 しない,KWP_KeywordSeed,,
4_行動・出来事・困り方,小4宿題しない,1,20,小 4 宿題 しない,KWP_KeywordSeed,,
4_行動・出来事・困り方,学2年生宿題しない,1,20,小学 2 年生 宿題 しない,KWP_KeywordSeed,,
4_行動・出来事・困り方,学4年生宿題しない,1,20,小学 4 年生 宿題 しない,KWP_KeywordSeed,,
4_行動・出来事・困り方,小学校宿題ない,1,20,小学校 宿題 ない,KWP_KeywordSeed,,
4_行動・出来事・困り方,学生宿題しかしない,1,20,小学生 宿題 しかし ない,KWP_KeywordSeed,,
4_行動・出来事・困り方,自閉症宿題ができない,1,20,自 閉 症 宿題 が できない,KWP_KeywordSeed,,
4_行動・出来事・困り方,高校宿題ない,1,20,高校 宿題 ない,KWP_KeywordSeed,,
4_行動・出来事・困り方,高校生宿題しない,1,20,高校生 宿題 しない,KWP_KeywordSeed,,
4_行動・出来事・困り方,dやる気が出ない,1,10,adhd やる気 が 出 ない 勉強,KWP_KeywordSeed,,
4_行動・出来事・困り方,dhd勉強ができない,1,10,adhd 勉強 が できない,KWP_KeywordSeed,,
4_行動・出来事・困り方,d宿題終わらない,1,10,adhd 宿題 終わら ない,KWP_KeywordSeed,,
4_行動・出来事・困り方,学習障害理解できない,1,10,学習 障害 理解 できない,KWP_KeywordSeed,,
4_行動・出来事・困り方,不登校勉強したい,1,10,不 登校 勉強 したい,KWP_KeywordSeed,,
4_行動・出来事・困り方,学校行けない,1,10,学校 行け ない 勉強,KWP_KeywordSeed,,
4_行動・出来事・困り方,不登校遅れ,1,10,不 登校 遅れ た 勉強,KWP_KeywordSeed,,
4_行動・出来事・困り方,登校で勉強がわからない,1,10,不 登校 で 勉強 が わからない,KWP_KeywordSeed,,
4_行動・出来事・困り方,不登校塾も行かない,1,10,不 登校 塾 も 行か ない,KWP_KeywordSeed,,
4_行動・出来事・困り方,不登校学習遅れ,1,10,不 登校 学習 遅れ,KWP_KeywordSeed,,
4_行動・出来事・困り方,勉強がわからない,1,10,勉強 が わからない 不 登校,KWP_KeywordSeed,,
4_行動・出来事・困り方,勉強が分からない,1,10,勉強 が 分から ない 不 登校,KWP_KeywordSeed,,
4_行動・出来事・困り方,校に行きたくない,1,10,学校 に 行き たく ない 勉強 は したい,KWP_KeywordSeed,,
4_行動・出来事・困り方,ない勉強はしたい,1,10,学校 に 行き たく ない 勉強 は したい,KWP_KeywordSeed,,
4_行動・出来事・困り方,くない勉強したい,1,10,学校 行き たく ない 勉強 したい,KWP_KeywordSeed,,
4_行動・出来事・困り方,学生勉強やらない,1,10,中学生 勉強 やら ない,KWP_KeywordSeed,,
4_行動・出来事・困り方,中学生勉強をしない,1,10,中学生 勉強 を しない,KWP_KeywordSeed,,
4_行動・出来事・困り方,する気にならない,1,10,勉強 する 気 に ならない 中学生,KWP_KeywordSeed,,
4_行動・出来事・困り方,勉強する気のない,1,10,勉強 する 気 の ない 中学生,KWP_KeywordSeed,,
4_行動・出来事・困り方,強に身が入らない,1,10,勉強 に 身 が 入ら ない 中学生,KWP_KeywordSeed,,
4_行動・出来事・困り方,中学宿題やらない,1,10,中学 宿題 やら ない,KWP_KeywordSeed,,
4_行動・出来事・困り方,み宿題をやらない,1,10,夏休み 宿題 を やら ない,KWP_KeywordSeed,,
4_行動・出来事・困り方,ども宿題やらない,1,10,子ども 宿題 やら ない,KWP_KeywordSeed,,
4_行動・出来事・困り方,学研宿題やらない,1,10,学研 宿題 やら ない,KWP_KeywordSeed,,
4_行動・出来事・困り方,宿題しかやらない,1,10,宿題 しか やら ない,KWP_KeywordSeed,,
4_行動・出来事・困り方,をやりたがらない,1,10,宿題 を やり たがら ない,KWP_KeywordSeed,,
4_行動・出来事・困り方,題をやりたくない,1,10,宿題 を やり たく ない,KWP_KeywordSeed,,
4_行動・出来事・困り方,題を全くやらない,1,10,宿題 を 全く やら ない,KWP_KeywordSeed,,
