url,domain,serp_title,found_query,rank,result_type,page_kind,source,round
https://manalink.jp/teacher/features/6,manalink.jp,発達障害の生徒さんにおすすめの44名のオンライン家庭教師,発達障害 オンライン家庭教師,1,organic,発達障害向け,serp,1
https://www.kobekyo.com/column/onlinetutor-developmental/,www.kobekyo.com,オンライン家庭教師は発達障がいの子どもにおすすめ！メリット ...,発達障害 オンライン家庭教師,2,organic,コラム,serp,1
https://kkschool.co.jp/,kkschool.co.jp,発達障害向けオンライン家庭教師こどもきょうしつ,発達障害 オンライン家庭教師,3,organic,発達障害向け,serp,1
https://coeteco.jp/articles/11641,coeteco.jp,発達障害の子向けオンライン塾おすすめ11選！グレーゾーンの ...,発達障害 オンライン家庭教師,4,organic,コラム,serp,1
https://reba1ance.com/,reba1ance.com,家庭教師より手厚いサポート！発達障害・ギフテッドの中学 ...,発達障害 オンライン家庭教師,5,organic,発達障害向け,serp,1
https://gips-kateikyosi.com/learning-support/developmental-disabilities/,gips-kateikyosi.com,発達障害サポートコース,発達障害 オンライン家庭教師,6,organic,発達障害向け,serp,1
https://www.manatera.com/blog/hattatsu-online-tutor-guide/,www.manatera.com,【2026年版】発達障害・グレーゾーンの子におすすめ ...,発達障害 オンライン家庭教師,7,organic,コラム,serp,1
https://picro.jp/media/developmental-disorder/,picro.jp,発達障害の子におすすめのオンライン家庭教師7選【2026年】 ...,発達障害 オンライン家庭教師,8,organic,コラム,serp,1
https://www.try-online.jp/kobetsu/tokusei/,www.try-online.jp,発達障がい・特性に寄り添うマンツーマン授業,発達障害 オンライン家庭教師,9,organic,発達障害向け,serp,1
https://www.seisekiup.net/course/develop/,www.seisekiup.net,発達障害の子のための家庭教師,発達障害 家庭教師,1,organic,発達障害向け,serp,1
https://coeteco.jp/articles/14795,coeteco.jp,発達障害におすすめ家庭教師ランキング10選【2026年最新版】,発達障害 家庭教師,2,organic,コラム,serp,1
https://www.kyoushi1.net/service/hattatsu.html,www.kyoushi1.net,発達障害サポート（学習障害LD・ADHD・ASD対応）,発達障害 家庭教師,3,organic,発達障害向け,serp,1
https://www.kobekyo.com/column/tutor-developmental/,www.kobekyo.com,発達障がいの子どもに家庭教師がおすすめな理由や選び方を ...,発達障害 家庭教師,4,organic,コラム,serp,1
https://h-navi.jp/qa/questions/193711,h-navi.jp,発達障害と不登校、家庭教師をつけた方いらっしゃいますか？ ...,発達障害 家庭教師,5,organic,FAQ,serp,1
https://www.jump-japan.co.jp/area/tokyo,www.jump-japan.co.jp,東京 家庭教師情報｜発達障害・学習障害対応のプロ家庭 ...,発達障害 家庭教師,6,organic,発達障害向け,serp,1
https://tos-kc1.com/,tos-kc1.com,不登校・発達障害・引きこもりに寄り添った教育と成績対策 ...,発達障害 家庭教師,7,organic,発達障害向け,serp,1
https://kateikyoushi-pro.com/course/support/,kateikyoushi-pro.com,不登校·発達障害サポートの 家庭教師 コース·料金,発達障害 家庭教師,8,organic,料金,serp,1
https://www.asunaro-kk.com/about/developmental-disabilities/,www.asunaro-kk.com,発達障害の生徒さんへの教え方 - 家庭教師のあすなろ,発達障害 家庭教師,9,organic,発達障害向け,serp,1
https://www.jump-japan.co.jp/developmental-disability/gray-area,www.jump-japan.co.jp,発達障害(グレーゾーン)の特性に合わせた指導事例,グレーゾーン 家庭教師,3,organic,発達障害向け,serp,1
https://www.coaching01.com/type/ldadhdas.html,www.coaching01.com,発達障害(LD・ADHD・自閉症スペクトラム)・グレーゾーン専門 ...,グレーゾーン 家庭教師,4,organic,発達障害向け,serp,1
https://detail.chiebukuro.yahoo.co.jp/qa/question_detail/q10157335195,detail.chiebukuro.yahoo.co.jp,長文失礼します。子供の家庭教師について悩んでいます。息子 ...,グレーゾーン 家庭教師,7,organic,FAQ,serp,1
https://www.seisekiup.net/course/develop/adhd/,www.seisekiup.net,ADHD(注意欠陥・多動性障害),ADHD 家庭教師,1,organic,発達障害向け,serp,1
https://www.benkyo.co.jp/course/ld-adhd-asd/,www.benkyo.co.jp,LD・ADHD・ASDサポートコース,ADHD 家庭教師,3,organic,発達障害向け,serp,1
https://detail.chiebukuro.yahoo.co.jp/qa/question_detail/q13146689298,detail.chiebukuro.yahoo.co.jp,ADHDの子の家庭教師について。今年度から ... - Yahoo!知恵袋,ADHD 家庭教師,4,organic,FAQ,serp,1
https://www.superprof.jp/lessons/support-for-students-with-adhd/japan/,www.superprof.jp,ADHDの生徒支援の個人レッスンを探す,ADHD 家庭教師,6,organic,発達障害向け,serp,1
https://k-runner.co.jp/course/developmental-disabilities/,k-runner.co.jp,発達障害の家庭教師サポート「ADHD・ASD・LD・グレーゾーン ...,ADHD 家庭教師,8,organic,発達障害向け,serp,1
https://www.nohvas.com/kokoro/adhd/,www.nohvas.com,こころの未来 ADHDのお子さまがいらっしゃる保護者さまへ,ADHD 家庭教師,9,organic,発達障害向け,serp,1
https://www.seisekiup.net/course/develop/as/,www.seisekiup.net,自閉症・アスペルガーの子のための家庭教師,ASD 家庭教師,1,organic,発達障害向け,serp,1
https://www.manatera.com/blog/asd-child-tutor-online-guide/,www.manatera.com,ASDの子に家庭教師・オンライン指導が向く理由は？合う先生 ...,ASD 家庭教師,5,organic,コラム,serp,1
https://www.nohvas.com/kokoro/autistic/,www.nohvas.com,こころの未来 自閉症のお子さまがいらっしゃる保護者さまへ,ASD 家庭教師,9,organic,発達障害向け,serp,1
https://jukushiru.com/schools/prefecture/13/city/666/feature/developmentally_disabled_child,jukushiru.com,中央区（東京都）の発達障害・学習障害の子どもに対応 ...,学習障害 塾,1,organic,発達障害向け,serp,1
https://www.cuore-educare.jp/,www.cuore-educare.jp,補習塾・クオレ学習塾（豊島区巣鴨）｜学習障害の子の学習支援,学習障害 塾,2,organic,発達障害向け,serp,1
http://nijinowa.jp/,nijinowa.jp,東京港区高輪にある、発達障害児のための個別指導塾 虹の輪 ...,学習障害 塾,3,organic,発達障害向け,serp,1
https://bestjuku.com/article/4675/,bestjuku.com,【2026年最新】発達障害の生徒におすすめの塾20選！先輩 ...,学習障害 塾,4,organic,コラム,serp,1
https://zoukei-rythmique.jp/,zoukei-rythmique.jp,発達支援教室エレファース（東京・神奈川・埼玉・千葉 ...,学習障害 塾,5,organic,発達障害向け,serp,1
https://www.juku-coaching01.com/,www.juku-coaching01.com,【発達障害専門塾】小・中学生向け｜個別指導進学塾 ...,学習障害 塾,6,organic,発達障害向け,serp,1
https://life.litalico.jp/hattatsu/mailmag/147/,life.litalico.jp,発達障害のある子どもの塾選びをご紹介 - LITALICOライフ,学習障害 塾,7,organic,発達障害向け,serp,1
https://ouchibu-navi.com/ld-juku/,ouchibu-navi.com,学習障害（LD）の子が安心して学べる塾はある？おすすめ12選 ...,学習障害 塾,8,organic,発達障害向け,serp,1
https://tfi.ac.jp/shotoku/,tfi.ac.jp,東京中央区明石町 松徳学習教室,学習障害 塾,9,organic,その他,serp,1
https://jukushiru.com/schools/prefecture/13/city/687/feature/developmentally_disabled_child,jukushiru.com,江戸川区（東京都）の発達障害・学習障害の子どもに対応 ...,発達障害 塾,4,organic,発達障害向け,serp,1
https://www.stadia-education.com/,www.stadia-education.com,東京西永福の学習塾 発達障害・グレーゾーンのための塾 ...,発達障害 塾,5,organic,発達障害向け,serp,1
https://roho-seminar.jp/,roho-seminar.jp,個別指導塾朗豊ゼミナール｜不登校・発達障害（ASD/LD ...,発達障害 塾,8,organic,発達障害向け,serp,1
https://forest-coach.jp/,forest-coach.jp,発達特性のある子に個別最適な学びを｜フォレスト個別指導塾,発達障害 塾,9,organic,発達障害向け,serp,1
https://prestep-online.com/,prestep-online.com,テスト1桁でも大丈夫／遡り学習 - 学習遅れ・つまずき解消専門塾,発達障害 塾,1,ads,トップ,serp,1
https://agao.jp/scrum_1to1/,agao.jp,発達障害の子ども向け完全個別指導塾 1to1 - 学習支援はスクラム,発達障害 個別指導,8,organic,発達障害向け,serp,1
https://hachiojisakura.com/special-support/,hachiojisakura.com,発達障害・グレーゾーン専門塾｜さくらOne個別指導塾,発達障害 個別指導,9,organic,発達障害向け,serp,1
https://surala.jp/column/learning/31831/,surala.jp,ADHDの中学生が伸びる勉強術8選｜集中できる環境づくりと ...,発達障害 中学生 勉強方法,1,organic,コラム,serp,1
https://kizuki.or.jp/blog/dd/dd-jhs-student-study/,kizuki.or.jp,勉強についていけない発達障害のある中学生の勉強法 ...,発達障害 中学生 勉強方法,2,organic,コラム,serp,1
https://www.seisekiup.net/column/develop/2170/,www.seisekiup.net,発達障害の中学生の学習支援：親御さんができるサポート23選,発達障害 中学生 勉強方法,3,organic,コラム,serp,1
https://detail.chiebukuro.yahoo.co.jp/qa/question_detail/q11253486471,detail.chiebukuro.yahoo.co.jp,ADHD、中学生です。 - 勉強法が全くわからず、進みません‥...,発達障害 中学生 勉強方法,4,organic,FAQ,serp,1
https://life.litalico.jp/hattatsu/mailmag/067/,life.litalico.jp,中学生になって学習障害と分かったら？塾の選び方や障害 ...,発達障害 中学生 勉強方法,5,organic,発達障害向け,serp,1
https://www.welbe.co.jp/campus/worries/study.html,www.welbe.co.jp,【中高生向け】LD（学習障害）がある方の勉強法,発達障害 中学生 勉強方法,6,organic,発達障害向け,serp,1
https://www.kobekyo.com/column/donotstudy-juniorhigh-developmental/,www.kobekyo.com,【中学生向け】勉強しない理由は発達障がい？保護者ができる ...,発達障害 中学生 勉強方法,7,organic,コラム,serp,1
https://www.with-ac.com/column/junior-high-school-students-who-do-not-study-may-be-developmentally-disabled-measures-to-help-them-study-introduction/,www.with-ac.com,勉強しない中学生は発達障害かも？勉強させるための対策を紹介,発達障害 中学生 勉強方法,8,organic,コラム,serp,1
https://www.manatera.com/blog/adhd-child-online-learning-study/,www.manatera.com,【タイプ別】ADHDの勉強法は「不注意型・多動型」で違う！親子 ...,発達障害 中学生 勉強方法,9,organic,コラム,serp,1
https://www.kobekyo.com/column/study-developmental/,www.kobekyo.com,発達障がいの子どもの勉強はどうすべき？種類別に特性や ...,発達障害 小学生 勉強,1,organic,コラム,serp,1
https://www.kyoushi1.net/column/hattatsu/studymethod-elementary/,www.kyoushi1.net,発達障がいの小学生にオススメの勉強法を解説【タイプ別・学年 ...,発達障害 小学生 勉強,2,organic,コラム,serp,1
https://life.litalico.jp/hattatsu/ld/,life.litalico.jp,子どもの学習障害とは？特徴や教科ごとの勉強方法,発達障害 小学生 勉強,3,organic,発達障害向け,serp,1
https://surala.jp/column/learning/25991/,surala.jp,発達障がいの子どもへの勉強の教え方は？種類ごとのコツを伝授,発達障害 小学生 勉強,4,organic,コラム,serp,1
https://www.chamomile.jp/blog/developmental-disorder-study-article,www.chamomile.jp,発達障害の子どもは勉強が苦手？種類ごとの学習困難の特徴 ...,発達障害 小学生 勉強,5,organic,コラム,serp,1
https://cpedd.nise.go.jp/individual_cat/gakushu/,cpedd.nise.go.jp,学習面でのつまずきと指導・支援 - 発達障害教育推進センター,発達障害 小学生 勉強,6,organic,発達障害向け,serp,1
https://detail.chiebukuro.yahoo.co.jp/qa/question_detail/q10231487920,detail.chiebukuro.yahoo.co.jp,発達障害の子供の勉強はあきらめも大切ですか？ - Yahoo!知恵袋,発達障害 小学生 勉強,7,organic,FAQ,serp,1
https://tokyo-yagaku.jp/column/dd-study-follow/,tokyo-yagaku.jp,発達障害の子どもが勉強についていけないようで - キズキ家学,発達障害 小学生 勉強,8,organic,コラム,serp,1
https://yotsuyagakuin-ryoiku.com/blogs/gakusyuushidou/,yotsuyagakuin-ryoiku.com,発達障害の子どもの勉強方法と楽しい家庭学習のコツ,発達障害 小学生 勉強,9,organic,コラム,serp,1
https://kasuga-mental.jp/blog/adult-dd-study-focus/,kasuga-mental.jp,勉強に集中できない 大人のADHD・ASDの特性と集中が続く ...,ADHD 勉強 集中できない,1,organic,コラム,serp,1
https://detail.chiebukuro.yahoo.co.jp/qa/question_detail/q13281271303,detail.chiebukuro.yahoo.co.jp,ADHDが受験勉強に集中する方法。当事者の方で克服された方 ...,ADHD 勉強 集中できない,2,organic,FAQ,serp,1
https://www.with-ac.com/column/adhd-child-study/,www.with-ac.com,ADHDでも集中して勉強できるようになる？勉強法や保護者が ...,ADHD 勉強 集中できない,3,organic,コラム,serp,1
https://www.manatera.com/blog/adhd-study-concentration/,www.manatera.com,ADHDの子どもが集中して勉強できる環境づくり｜家庭で ...,ADHD 勉強 集中できない,4,organic,コラム,serp,1
https://sapporo.wako-psy-clinic.com/adhd%E3%81%AE%E5%AD%90%E3%81%A9%E3%82%82%E3%81%AE%E5%AD%A6%E7%BF%92%E5%8A%B9%E7%8E%87%E3%82%92%E6%94%B9%E5%96%84%E3%81%99%E3%82%8B%E3%81%AB%E3%81%AF%EF%BC%9F%E9%9B%86%E4%B8%AD%E5%8A%9B%E3%82%92/,sapporo.wako-psy-clinic.com,ADHDの子どもの学習効率を改善するには？集中力を高める ...,ADHD 勉強 集中できない,5,organic,発達障害向け,serp,1
https://www.kobekyo.com/column/adhd-study-methods/,www.kobekyo.com,ADHDの子どもにおすすめの勉強法は？保護者ができる ...,ADHD 勉強 集中できない,6,organic,コラム,serp,1
https://h-navi.jp/column/article/35028535,h-navi.jp,成績最悪だったADHD息子が18歳でようやくみつけた勉強法,ADHD 勉強 集中できない,8,organic,コラム,serp,1
https://k-good.net/devdis/asd-study-method/,k-good.net,みるみる伸びる！ASDの子供の学力を向上させる勉強方法を ...,ASD 勉強方法,2,organic,発達障害向け,serp,1
https://pro-megajun.com/archives/1517,pro-megajun.com,ASD（アスペルガー）の受験対策｜勉強の工夫と第一志望合格 ...,ASD 勉強方法,3,organic,発達障害向け,serp,1
https://www.seisekiup.net/column/develop/2276/,www.seisekiup.net,ASDの子は英語が得意!?もっと英語が好きになる学習法14 ...,ASD 勉強方法,4,organic,コラム,serp,1
https://sole.education/labo/lower-elementary/studysupport-for-asd/,sole.education,自閉スペクトラム症(ASD)の子どもへの学習支援ってどんな ...,ASD 勉強方法,6,organic,発達障害向け,serp,1
https://detail.chiebukuro.yahoo.co.jp/qa/question_detail/q10327735465,detail.chiebukuro.yahoo.co.jp,ADHDに合う勉強方法について質問です。ADHD、ASD合併し ...,ASD 勉強方法,7,organic,FAQ,serp,1
https://cpedd.nise.go.jp/individual_cat/ld/,cpedd.nise.go.jp,学習障害（LD）のある子ども - 発達障害教育推進センター,LD 読み書き 支援,1,organic,発達障害向け,serp,1
https://www.mext.go.jp/component/a_menu/education/detail/__icsFiles/afieldfile/2018/11/05/1410382_9.pdf,www.mext.go.jp,読み書きに困難のある児童への支援事例,LD 読み書き 支援,3,organic,発達障害向け,serp,1
https://www.dinf.ne.jp/doc/japanese/access/daisy/report/kato.html,www.dinf.ne.jp,特にディスレクシア（読み書きのLD）に関する支援方法の有効性,LD 読み書き 支援,4,organic,発達障害向け,serp,1
https://www.ypec.ed.jp/ypechp/wp-content/uploads/2022/08/%E5%AD%A6%E7%BF%92%E9%9A%9C%E5%AE%B3%E3%81%AE%E3%81%82%E3%82%8B%E5%AD%90%E4%BE%9B%E3%81%B8%E3%81%AE%E6%94%AF%E6%8F%B4%E3%83%AA%E3%83%BC%E3%83%95%E3%83%AC%E3%83%83%E3%83%88.pdf,www.ypec.ed.jp,学習障害（ディスレクシア）のある子供への支援,LD 読み書き 支援,5,organic,発達障害向け,serp,1
https://npo-edge.jp/support/yomikaki/,npo-edge.jp,読み書き困難指導・支援講座,LD 読み書き 支援,6,organic,その他,serp,1
https://j-shinrikensa.jp/column/ld-support/,j-shinrikensa.jp,学習障害（LD）とは？その特徴とサポート方法,LD 読み書き 支援,7,organic,コラム,serp,1
https://studiosora.jp/column/2107/,studiosora.jp,"LD（学習障害,限局性学習症）の特性があるお子さんへの支援 ...",LD 読み書き 支援,8,organic,コラム,serp,1
https://www.ncchd.go.jp/hospital/sickness/children/dyslexia_sien.html,www.ncchd.go.jp,ディスレクシアの指導・支援,ディスレクシア 学習支援,3,organic,発達障害向け,serp,1
https://www.dinf.ne.jp/doc/japanese/access/dyslexia/adfs/school.html,www.dinf.ne.jp,ディスレクシアに優しい学校を実現する,ディスレクシア 学習支援,4,organic,その他,serp,1
https://www.manatera.com/blog/dyslexia-online-learning-support/,www.manatera.com,ディスレクシア（読字障害）の学習支援、オンラインでできること ...,ディスレクシア 学習支援,6,organic,コラム,serp,1
https://www.kodomo-dokusho.metro.tokyo.lg.jp/susume/dhisurekusia/,www.kodomo-dokusho.metro.tokyo.lg.jp,ディスレクシアー読みが困難でも読書は楽しい,ディスレクシア 学習支援,8,organic,その他,serp,1
https://tokushi-tobira.jp/special/003.html,tokushi-tobira.jp,私の特別支援教育 髙梨智樹さん「識字障害の僕が思う,ディスレクシア 学習支援,9,organic,その他,serp,1
https://note.com/toripurug/n/n26f99778ce48,note.com,境界知能でも勉強ができる人がいるのはなぜ？─ ...,境界知能 勉強,1,organic,その他,serp,1
https://detail.chiebukuro.yahoo.co.jp/qa/question_detail/q10301094360,detail.chiebukuro.yahoo.co.jp,境界知能を持ってて学習能力が低くて学校の授業でも ...,境界知能 勉強,2,organic,FAQ,serp,1
https://seigakusha.net/%E9%A0%91%E5%BC%B5%E3%81%A3%E3%81%A6%E3%82%82%E5%8B%89%E5%BC%B7%E8%8B%A6%E6%89%8B%E3%81%AA%E5%AD%90%E3%81%AB%E3%81%A4%E3%81%84%E3%81%A6%E3%80%81%E6%AD%A3%E7%9B%B4%E3%81%AB%E8%AA%9E%E3%82%8A%E3%81%BE/,seigakusha.net,頑張っても勉強苦手な子について、正直に語ります／境界知能 ...,境界知能 勉強,3,organic,その他,serp,1
https://www.meiji.ac.jp/mhc/qfki0t00000bg5nr.html,www.meiji.ac.jp,第6回 境界知能について,境界知能 勉強,4,organic,その他,serp,1
https://desc-lab.com/132797/,desc-lab.com,授業についていけない！境界知能の子が勉強できる対策,境界知能 勉強,5,organic,その他,serp,1
https://k-good.net/devdis/gray-zone-learning/,k-good.net,グレーゾーン（境界知能）とは？ - 家庭教師のグッド,境界知能 勉強,6,organic,発達障害向け,serp,1
https://www.10000nen.com/lp/kyoukaichinoukakunin/,www.10000nen.com,境界知能だったら？ 勉強が好きになるヒントをご紹介,境界知能 勉強,7,organic,その他,serp,1
https://komachi.yomiuri.co.jp/topics/id/1208183/,komachi.yomiuri.co.jp,境界知能の中2息子。勉強をどこまで頑張らせればいいのか,境界知能 勉強,8,organic,その他,serp,1
https://mizuhara-cl.jp/menu/study,mizuhara-cl.jp,勉強が苦手,境界知能 勉強,9,organic,その他,serp,1
https://pro-megajun.com/archives/974,pro-megajun.com,発達障害グレーゾーンの高校受験はどうする？合格しやすさと ...,グレーゾーン 高校受験,1,organic,発達障害向け,serp,1
https://detail.chiebukuro.yahoo.co.jp/qa/question_detail/q12190655387,detail.chiebukuro.yahoo.co.jp,グレーゾーンの中学三年生の娘がいます - 普通学級です。高校 ...,グレーゾーン 高校受験,2,organic,FAQ,serp,1
https://www.kobekyo.com/column/highschool-developmental/,www.kobekyo.com,発達障がいの子どもの高校はどう選ぶ？主な選択肢や受験 ...,グレーゾーン 高校受験,3,organic,コラム,serp,1
https://kidsinfost.net/2022/12/12/qa-48/,kidsinfost.net,Q44. 発達障害グレーの娘の高校受験ーゆるゆる子育て実践編,グレーゾーン 高校受験,4,organic,発達障害向け,serp,1
https://re-gakuin.com/blog_k004-2/,re-gakuin.com,グレーゾーンの受験生が、自分に合った「オーダーメイドの ...,グレーゾーン 高校受験,5,organic,コラム,serp,1
https://h-navi.jp/qa/questions/201261,h-navi.jp,高校2年生、ADHDグレーゾーンの息子です。喉を鳴らす,グレーゾーン 高校受験,6,organic,FAQ,serp,1
https://life.litalico.jp/hattatsu/mailmag/072/,life.litalico.jp,発達障害のある子どもの高校受験。内申の影響や高校選び ...,グレーゾーン 高校受験,7,organic,発達障害向け,serp,1
https://reba1ance.com/blog/support_education_countrywide/,reba1ance.com,発達障害(LD/ADHD/ASD/グレーゾーン)の支援教育を行う普通 ...,グレーゾーン 高校受験,8,organic,コラム,serp,1
https://www.reviewsumtsu-shinhs.com/dd-exam/intellectual-disability.html,www.reviewsumtsu-shinhs.com,知的障がい・境界知能を持つお子さんの高校選び,グレーゾーン 高校受験,9,organic,口コミ・体験談,serp,1
https://www.manatera.com/blog/hattatsu-adhd-highschool-exam-guide/,www.manatera.com,発達障害・ADHDの子の高校受験、どう乗り越える？志望校 ...,発達障害 高校受験,1,organic,コラム,serp,1
https://detail.chiebukuro.yahoo.co.jp/qa/question_detail/q14267965929,detail.chiebukuro.yahoo.co.jp,発達障害の娘がおります、高校受験を考えて ... - Yahoo!知恵袋,発達障害 高校受験,3,organic,FAQ,serp,1
https://highschool.kohgakusha.com/2026/04/24/developmental-disorder-high-school-exam/,highschool.kohgakusha.com,発達障害のある子の高校受験ガイド｜内申点・配慮・学校選び ...,発達障害 高校受験,5,organic,発達障害向け,serp,1
https://www.teensmoon.com/chart/koukoujyuken/,www.teensmoon.com,【図表でわかる！】発達障害と高校受験 | 受験時の配慮とは？ ...,発達障害 高校受験,6,organic,発達障害向け,serp,1
https://www.reviewsumtsu-shinhs.com/dd-exam/,www.reviewsumtsu-shinhs.com,「知的障がい」「発達障がい」を抱える子どもの高校受験と進路,発達障害 高校受験,7,organic,口コミ・体験談,serp,1
https://reba1ance.com/hs_exam/,reba1ance.com,発達障害・ギフテッドを高校受験合格へ導くAIアコモデーション,発達障害 高校受験,8,organic,発達障害向け,serp,1
https://kizuki.or.jp/blog/dd/dd-hs-entrance-exam/,kizuki.or.jp,発達障害のある子どもの高校受験 親にできるサポートを解説,発達障害 高校受験,9,organic,コラム,serp,1
https://www.welbe.co.jp/campus/course/university_entrance_exam.html,www.welbe.co.jp,発達障害、大学受験は難しい？大学選びと受験勉強のポイント ...,発達障害 大学受験,1,organic,発達障害向け,serp,1
https://www.kobekyo.com/column/developmental-university-exam/,www.kobekyo.com,発達障がいだと大学受験は難しい？大学選びのポイントや勉強 ...,発達障害 大学受験,2,organic,コラム,serp,1
https://note.com/agile_gerbil6279/n/nab3b7ed6f751,note.com,発達障害と大学入試｜どらやき,発達障害 大学受験,3,organic,発達障害向け,serp,1
https://www.jasso.go.jp/gakusei/tokubetsu_shien/shogai_infomation/shien_guide/hattatsu_bamen/nyuugaku_shiken.html,www.jasso.go.jp,発達障害 入試,発達障害 大学受験,4,organic,発達障害向け,serp,1
https://detail.chiebukuro.yahoo.co.jp/qa/question_detail/q11194961781,detail.chiebukuro.yahoo.co.jp,発達障害と診断済みの受験生です。 - ADHDでも大学受験は成...,発達障害 大学受験,5,organic,FAQ,serp,1
https://kizuki.or.jp/blog/dd/dd-university-entrance-exam/,kizuki.or.jp,発達障害の子どもの大学受験まとめ 確認事項やサポート方法 ...,発達障害 大学受験,6,organic,コラム,serp,1
https://jukushiru.com/article/post-34493/,jukushiru.com,発達障害のある子の大学受験｜配慮申請・勉強法・塾選びを解説,発達障害 大学受験,7,organic,コラム,serp,1
https://www.kawai-juku.ac.jp/cosmo/column/17/,www.kawai-juku.ac.jp,ADHD・起立性調節障害・受験うつで「大学受験の ... - 河合塾,発達障害 大学受験,8,organic,コラム,serp,1
https://www.ku-pono.org/exam-nav,www.ku-pono.org,発達障害・グレーゾーンの特性を持つ生徒のための大学受験ナビ,発達障害 大学受験,9,organic,発達障害向け,serp,1
https://kizuki.or.jp/blog/dd/dd-futoko-no-study/,kizuki.or.jp,不登校の発達障害のある勉強しない子ども 親ができる対応を ...,発達障害 不登校 勉強,1,organic,コラム,serp,1
https://seifukan-gakuin.com/futoukou-hattatsu-relation/,seifukan-gakuin.com,発達障害と不登校の関係は？勉強しない・1日の過ごし方,発達障害 不登校 勉強,2,organic,発達障害向け,serp,1
https://h-navi.jp/qa/questions/172650,h-navi.jp,不登校、発達障がい、自宅学習についてみなさんどのように ...,発達障害 不登校 勉強,3,organic,FAQ,serp,1
https://www.welbe.co.jp/campus/worries/absenteeism.html,www.welbe.co.jp,発達障害が原因で不登校になった子ども（中学生・高校生）との ...,発達障害 不登校 勉強,4,organic,発達障害向け,serp,1
https://hanatanijuku.com/developmental-disorders-to-learn/,hanatanijuku.com,発達障害の子の勉強方法｜家庭でできる学習サポートを元 ...,発達障害 不登校 勉強,6,organic,発達障害向け,serp,1
https://branchkids.jp/articles/b319,branchkids.jp,勉強しなかった不登校の子が、勉強するようになったきっかけ ...,発達障害 不登校 勉強,7,organic,コラム,serp,1
https://www.shingaku-fs.jp/tsunaguba/column/truancy_type/hattatsusyogai-sugoshikata,www.shingaku-fs.jp,発達障がいで不登校になった子どもへの対応は？家での過ごし ...,発達障害 不登校 勉強,8,organic,コラム,serp,1
https://note.com/hiroejuku2020/n/n7795649f76fc,note.com,不登校でも、発達特性があっても。今日は、受験の日。 - note,発達障害 不登校 勉強,9,organic,発達障害向け,serp,1
https://tintle.net/,tintle.net,不登校専門オンライン個別指導ティントル | 不登校専門の家庭 ...,不登校 オンライン家庭教師,1,organic,不登校向け,serp,1
https://coeteco.jp/articles/11599,coeteco.jp,不登校生徒におすすめオンライン塾・オンライン家庭教師21選,不登校 オンライン家庭教師,2,organic,コラム,serp,1
https://wowfull.jp/,wowfull.jp,夢中教室｜不登校の子のための、好きが見つかり温まる家庭 ...,不登校 オンライン家庭教師,3,organic,不登校向け,serp,1
https://bestjuku.com/article/12141/,bestjuku.com,不登校の子どもにおすすめのオンライン塾・家庭教師13 ...,不登校 オンライン家庭教師,4,organic,コラム,serp,1
https://www.try-online.jp/kobetsu/futoukou/,www.try-online.jp,不登校の学習支援、復学・進学のサポート,不登校 オンライン家庭教師,5,organic,不登校向け,serp,1
https://katekyo.jp/special/special03.php,katekyo.jp,不登校支援に特化したオンライン家庭教師5選！サポート内容 ...,不登校 オンライン家庭教師,6,organic,不登校向け,serp,1
https://juku.ameba.jp/onlinejuku/a000011775/,juku.ameba.jp,不登校の子ども向けオンライン塾おすすめ12選｜出席扱いや ...,不登校 オンライン家庭教師,7,organic,不登校向け,serp,1
https://www.kobekyo.com/column/online-tutor-futoukou/,www.kobekyo.com,不登校から進路実現！オンライン家庭教師の学習支援と受験 ...,不登校 オンライン家庭教師,8,organic,コラム,serp,1
https://www.manatera.com/wte/futoko/,www.manatera.com,不登校の子どもに対応できるオンライン家庭教師,不登校 オンライン家庭教師,9,organic,不登校向け,serp,1
https://www.kobekyo.com/column/donothomework-developmental/,www.kobekyo.com,子どもが宿題しないのは発達障がい・グレーゾーン？理由や ...,発達障害 宿題 やらない,1,organic,コラム,serp,1
https://kizuki.or.jp/blog/dd/dd-dont-homework/,kizuki.or.jp,発達障害で宿題をしない子、その理由、親ができる7つの対応,発達障害 宿題 やらない,2,organic,コラム,serp,1
https://www.seisekiup.net/column/develop/2863/,www.seisekiup.net,宿題しないのはなぜ？発達障害の子に“合った”やり方を見つけ ...,発達障害 宿題 やらない,3,organic,コラム,serp,1
https://h-navi.jp/column/article/35030759/2,h-navi.jp,小学校では宿題を「ほぼ放置」!?ASD兄妹 - LITALICO発達ナビ,発達障害 宿題 やらない,4,organic,コラム,serp,1
https://www.youtube.com/watch?v=oxqVLoZFuy8,www.youtube.com,【宿題をやらない子への対応】２つのポイントで解決！ 発達障がい ...,発達障害 宿題 やらない,5,organic,発達障害向け,serp,1
https://ninkyou.jp/blog/?p=3253,ninkyou.jp,発達障害の子どもが宿題を始められない時、どう支援する？,発達障害 宿題 やらない,6,organic,コラム,serp,1
https://k-runner.co.jp/column/homework-avoidant-child-developmental-disorder/,k-runner.co.jp,宿題をしない子は発達障害？ADHD・ASD・SLD別チェックと親 ...,発達障害 宿題 やらない,7,organic,コラム,serp,1
https://detail.chiebukuro.yahoo.co.jp/qa/question_detail/q1192829861,detail.chiebukuro.yahoo.co.jp,発達障害のある小学3年の息子がいます。どうしても宿題を ...,発達障害 宿題 やらない,8,organic,FAQ,serp,1
https://www.manatera.com/blog/hattatsu-shukudai-kansyaku-online/,www.manatera.com,毎晩の宿題で癇癪を起こす…なぜ？発達障害の子が崩れる ...,発達障害 宿題 やらない,9,organic,コラム,serp,1
https://manalink.jp/teacher/12421/blog/4845,manalink.jp,「頑張っているのに点数が取れない」――発達特性と中学テスト ...,発達障害 テスト 点数 取れない,1,organic,コラム,serp,1
https://detail.chiebukuro.yahoo.co.jp/qa/question_detail/q14154653029,detail.chiebukuro.yahoo.co.jp,発達障害の息子、本番のテストで点数が取れません。そういう ...,発達障害 テスト 点数 取れない,2,organic,FAQ,serp,1
https://note.com/tenjin_edu/n/ne7c9e84773ef,note.com,発達障害のある子がテストで実力を出しにくい理由【特性別】,発達障害 テスト 点数 取れない,3,organic,発達障害向け,serp,1
https://www.seisekiup.net/column/develop/755/,www.seisekiup.net,教科書が理解できない発達障害の子に最適な定期テスト攻略法,発達障害 テスト 点数 取れない,4,organic,コラム,serp,1
https://h-navi.jp/qa/questions/69154,h-navi.jp,娘は、何でもペーパーのテストになると点が取れません。 ADHD ...,発達障害 テスト 点数 取れない,5,organic,FAQ,serp,1
https://www.willschool.net/column/column000466-html,www.willschool.net,発達障害でテストの実力が出せない受験生の大学受験対策,発達障害 テスト 点数 取れない,6,organic,コラム,serp,1
https://www.jump-japan.co.jp/teaching/241,www.jump-japan.co.jp,テストの点数をあげるには？（指導方法）,発達障害 テスト 点数 取れない,7,organic,その他,serp,1
https://www.teensmoon.com/staffblog/%E7%99%BA%E9%81%94%E9%9A%9C%E5%AE%B3%E5%85%90%E3%81%A8%E5%8B%89%E5%BC%B7-%E3%80%8Eiq%E3%81%8B%E3%82%89%E8%80%83%E3%81%88%E3%82%8B%E5%8B%89%E5%BC%B7%E3%81%AE%E5%87%BA%E6%9D%A5%E3%83%BB/,www.teensmoon.com,発達障害児と勉強 『IQから考える勉強の出来・不出来』,発達障害 テスト 点数 取れない,8,organic,コラム,serp,1
https://hattatsu-kids.com/?p=5969,hattatsu-kids.com,【ADHD】【ASD】【HSC】成績が奮わない理由 〜間違いを見たく ...,発達障害 テスト 点数 取れない,9,organic,発達障害向け,serp,1
https://note.com/miyabi_gakuen/n/n5548b7f3d662,note.com,【中学受験】「発達障害」と告げた瞬間、塾に断られた...この子,発達障害 塾 断られた,1,organic,発達障害向け,serp,1
https://ameblo.jp/titti2020/entry-12736538390.html,ameblo.jp,塾にお断りされた | うちの凸凹―外科医の父と看護師の母と ...,発達障害 塾 断られた,2,organic,その他,serp,1
https://detail.chiebukuro.yahoo.co.jp/qa/question_detail/q11204206466,detail.chiebukuro.yahoo.co.jp,発達障害の子が通う塾について。 - 私の子供は小学5年生の高 ...,発達障害 塾 断られた,3,organic,FAQ,serp,1
https://www.threads.com/@miyabi.gakuen/post/DYmHNqnEs5O/%E6%82%A9%E3%81%BF%E7%99%BA%E9%81%94%E9%9A%9C%E5%AE%B3%E3%81%A8%E5%91%8A%E3%81%92%E3%81%9F%E7%9E%AC%E9%96%93%E5%A1%BE%E3%81%AB%E6%96%AD%E3%82%89%E3%82%8C%E3%81%9F%E3%81%93%E3%81%AE%E5%AD%90%E3%81%A9%E3%81%93%E3%81%AB%E3%82%82%E8%A1%8C%E3%81%91%E3%81%AA%E3%81%84%E3%81%AE%E3%81%93%E3%81%AE%E7%9B%B8%E8%AB%87%E5%A2%97%E3%81%88%E3%81%A6%E3%81%84%E3%81%BE%E3%81%99%E7%89%B9%E6%80%A7%E3%81%8C%E3%81%82%E3%82%8B%E3%81%A8%E4%BC%9D%E3%81%88%E3%81%9F%E3%82%89%E3%82%84%E3%82%93%E3%82%8F%E3%82%8A%E6%96%AD%E3%82%89%E3%82%8C%E3%81%9F%E5%8F%97%E3%81%91%E5%85%A5%E3%82%8C%E3%81%A6%E3%82%82%E3%82%89%E3%81%88%E3%82%8B%E5%A1%BE%E3%82%92%E6%8E%A2%E3%81%97%E3%81%A6%E3%82%82%E3%81%865%E4%BB%B6%E7%9B%AE%E3%82%82%E3%81%86%E8%AB%A6/,www.threads.com,【悩み】「発達障害」と告げた瞬間、塾に断られた。,発達障害 塾 断られた,4,organic,発達障害向け,serp,1
https://h-navi.jp/column/article/35030774,h-navi.jp,「指導は無理」と言われ塾、習い事を辞めた発達障害息子。絶望 ...,発達障害 塾 断られた,5,organic,コラム,serp,1
"https://www.inter-edu.com/forum/read.php?804,3871145",www.inter-edu.com,発達障害児の通塾(ID:3871145),発達障害 塾 断られた,6,organic,発達障害向け,serp,1
https://www.instagram.com/p/C7WPniCSI1c/,www.instagram.com,小6のとき、塾探しで断られた理由をまとめました！ 中学に向け ...,発達障害 塾 断られた,7,organic,学年向け,serp,1
https://note.com/mochiwaka/n/nec9fadb2b0ab,note.com,【ゆるっと発達育児日記～現在編～】塾に断られて涙した日 ...,発達障害 塾 断られた,8,organic,発達障害向け,serp,1
https://woman.excite.co.jp/article/child/rid_Hnavi_35030774/,woman.excite.co.jp,「指導は無理」と言われ塾、習い事を辞めた発達障害息子。絶望 ...,発達障害 塾 断られた,9,organic,コラム,serp,1
https://jukushiru.com/article/post-34519/,jukushiru.com,発達障害の子に塾は意味ない？効果が出にくい理由と合う ...,発達障害 塾 合わない,1,organic,コラム,serp,1
https://www.kame.co.jp/column/column000450-html,www.kame.co.jp,発達障害で塾についていけない理由と特性に合う学習環境 ...,発達障害 塾 合わない,3,organic,コラム,serp,1
https://h-navi.jp/qa/questions/74414,h-navi.jp,小5 高機能広汎性発達障害の息子の塾の通塾で今悩んでい ...,発達障害 塾 合わない,6,organic,FAQ,serp,1
"https://www.inter-edu.com/forum/read.php?1644,5587355",www.inter-edu.com,発達障害と塾の相性(ID:5587355),発達障害 塾 合わない,7,organic,発達障害向け,serp,1
https://www.juku-coaching01.com/special-needs-exam/2769/,www.juku-coaching01.com,発達障害の子の塾の選び方｜個別・集団・家庭教師・オンライン ...,発達障害 塾 合わない,8,organic,発達障害向け,serp,1
https://komachi.yomiuri.co.jp/topics/id/734619/,komachi.yomiuri.co.jp,発達障害の息子学習が出来ません塾へ入れるべきか？ - 発言小町,発達障害 塾 合わない,9,organic,発達障害向け,serp,1
https://tos-kc1.com/course/,tos-kc1.com,コース・料金のご案内 |完全月謝制｜不登校・発達障がい専門 ...,発達障害 家庭教師 料金,5,organic,料金,serp,1
https://www.tos-kc.com/course,www.tos-kc.com,コース・料金 神奈川県 不登校 発達障がい TOS家庭教師センター,発達障害 家庭教師 料金,6,organic,料金,serp,1
https://www.coaching01.com/price.html,www.coaching01.com,料金システム｜「コーチング」による学習指導を行う中学受験・ ...,発達障害 家庭教師 料金,7,organic,料金,serp,1
https://www.iku-den.co.jp/blog/special-education-tutor/,www.iku-den.co.jp,発達障害の療育は家庭教師がおすすめな理由も紹介,発達障害 家庭教師 料金,8,organic,コラム,serp,1
https://ouchibu-navi.com/developmental-disorder-tutor/,ouchibu-navi.com,【2026年版】発達障害の子どもにおすすめの家庭教師11選,発達障害 家庭教師 料金,9,organic,発達障害向け,serp,1
https://lifedesign-edu.jp/developmental-disorder/,lifedesign-edu.jp,【口コミ】発達障害児の親が安心して相談できる家庭教師 ...,発達障害 家庭教師 おすすめ,7,organic,口コミ・体験談,serp,1
https://k-runner.co.jp/column/developmental-disorder-tutor/,k-runner.co.jp,発達障害の子どもに最適な家庭教師の選び方とおすすめ ...,発達障害 家庭教師 おすすめ,9,organic,コラム,serp,1
https://lifedesign-edu.jp/cram-school-syougai/,lifedesign-edu.jp,現役の父親が選んだ「発達障害の子向けの塾」おすすめ6選！,発達障害 家庭教師 口コミ,2,organic,発達障害向け,serp,1
https://happy-funsite.com/archives/7916,happy-funsite.com,発達障害むけ家庭教師おすすめ6選！口コミ評判・選び方など ...,発達障害 家庭教師 口コミ,4,organic,口コミ・体験談,serp,1
https://up-seiseki.jp/media/tutor-developmental-disorder/,up-seiseki.jp,発達障害向けの口コミが良い家庭教師ランキングおすすめ9選 ...,発達障害 家庭教師 口コミ,6,organic,口コミ・体験談,serp,1
https://kateikyoushi.kuraveil.jp/bbs_2956,kateikyoushi.kuraveil.jp,家庭教師のアルファの口コミ・評判: 発達障害の子でも教え ...,発達障害 家庭教師 口コミ,7,organic,口コミ・体験談,serp,1
https://www.jump-japan.co.jp/comment,www.jump-japan.co.jp,お客さまアンケートジャンプを選んだ理由,発達障害 家庭教師 口コミ,8,organic,その他,serp,1
https://www.alc.co.jp/license/tsushin-kyoiku/katei-first/,www.alc.co.jp,【2026年最新】家庭教師ファーストの評判・口コミは？料金 ...,発達障害 家庭教師 口コミ,9,organic,料金,serp,1
https://www.jump-japan.co.jp/system/try,www.jump-japan.co.jp,体験指導について｜発達障害・学習 ...,発達障害 家庭教師 無料体験,1,organic,無料体験,serp,1
https://www.seisekiup.net/trial/,www.seisekiup.net,体験授業の申し込みはこちら,発達障害 家庭教師 無料体験,2,organic,無料体験,serp,1
http://paskobetsu.net/course/trial.html,paskobetsu.net,無料体験学習 - PAS家庭教師センター・個別塾,発達障害 家庭教師 無料体験,3,organic,無料体験,serp,1
https://www.yaruki-assist.com/up/,www.yaruki-assist.com,ご入会をお考えの方へ,発達障害 家庭教師 無料体験,9,organic,その他,serp,1
https://surala.jp/daysurala/column/after-school-day-service-study-support/,surala.jp,【放課後等デイサービスの学習支援とは？】主な目的や子ども ...,放課後等デイサービス 学習支援,1,organic,コラム,serp,1
https://h-navi.jp/support_facility/tokyo/program/30,h-navi.jp,東京都の学習支援を行う放課後等デイサービス・児童発達 ...,放課後等デイサービス 学習支援,2,organic,発達障害向け,serp,1
https://www.iku-den.co.jp/houday/tokyo/study/,www.iku-den.co.jp,東京都の学習支援の放課後等デイサービス 202件,放課後等デイサービス 学習支援,3,organic,その他,serp,1
https://shuuyale.net/,shuuyale.net,シュウエール | 学習塾が運営の「学習支援も行う」 放課後等 ...,放課後等デイサービス 学習支援,4,organic,トップ,serp,1
https://kumakuma-counselingoffice.com/5589/,kumakuma-counselingoffice.com,放課後等デイサービスでの学習支援とは 塾との違いを解説,放課後等デイサービス 学習支援,5,organic,その他,serp,1
https://ibaraki-hoseikai.jp/archives/608,ibaraki-hoseikai.jp,放課後等デイサービスの学習支援とは？学習塾とはどう違う？,放課後等デイサービス 学習支援,6,organic,その他,serp,1
https://agao.jp/,agao.jp,【学習型療育で実績】放課後等デイサービス｜スクラム,放課後等デイサービス 学習支援,7,organic,口コミ・体験談,serp,1
https://www.emina-base.com/shotokuclub/news/learning-support-therapy-ideas,www.emina-base.com,放課後等デイサービスの学習支援｜現場で実践する7つの療育 ...,放課後等デイサービス 学習支援,8,organic,その他,serp,1
https://h-navi.jp/support_facility/tokyo/cities/424/program/30,h-navi.jp,東京都中央区の学習支援を行う放課後等デイサービス・児童 ...,放課後等デイサービス 学習支援,9,organic,その他,serp,1
https://ann-class.com/,ann-class.com,放課後等デイサービス・発達障害児のための学習支援【あん ...,発達障害 学習支援 サービス,2,organic,発達障害向け,serp,1
https://surala.jp/type/disability,surala.jp,発達障がいのお子さまの学びを支えるオンライン教材「すらら」,発達障害 学習支援 サービス,3,organic,発達障害向け,serp,1
https://junior.litalico.jp/,junior.litalico.jp,LITALICOジュニア｜発達障害・学習障害の子供向け発達支援 ...,発達障害 学習支援 サービス,4,organic,発達障害向け,serp,1
https://www.st-plus.org/,www.st-plus.org,スタジオplus+ | 発達障害 | 学習支援 | 放課後等デイサービス ...,発達障害 学習支援 サービス,5,organic,発達障害向け,serp,1
https://www.kodomoshien-step.com/,www.kodomoshien-step.com,発達障がいのための学習サポート教室 すてっぷ,発達障害 学習支援 サービス,8,organic,発達障害向け,serp,1
https://seoleo.jp/,seoleo.jp,株式会社SEOLEO（セオレオ）｜発達障害（ASD/ADHD/LD/等 ...,発達障害 学習支援 サービス,9,organic,発達障害向け,serp,1
https://studiosora.jp/,studiosora.jp,スタジオそら｜運動・言葉・社会性など発達が気になる子ども ...,発達障害 学習支援 サービス,10,organic,発達障害向け,serp,1
https://www.kobekyo.com/column/developmental-juku-juniorhigh/,www.kobekyo.com,発達障がいのある中学生が安心して通える塾の形式や選び方 ...,療育 勉強 中学生,1,organic,コラム,serp,1
https://jollygoodplus.com/about/schoolage/case/teens/,jollygoodplus.com,中高生（思春期）の支援をメインにする放課後等デイサービス ...,療育 勉強 中学生,3,organic,口コミ・体験談,serp,1
https://h-navi.jp/column/article/35027717/2,h-navi.jp,どう乗り越える？療育の先生と勉強で目を輝かせた様子に,療育 勉強 中学生,4,organic,コラム,serp,1
https://detail.chiebukuro.yahoo.co.jp/qa/question_detail/q12297095097,detail.chiebukuro.yahoo.co.jp,中学生の放課後等デイサービスや療育ってどのような ...,療育 勉強 中学生,5,organic,FAQ,serp,1
https://kizuki.or.jp/blog/dd/dd-grayzone-jhs-student/,kizuki.or.jp,発達障害のある中学生に親ができる対応5選 勉強のため ...,療育 勉強 中学生,6,organic,コラム,serp,1
https://www.taman.or.jp/kokoiro/houkago/,www.taman.or.jp,中学生・高校生向け支援が必要な方（じぶんみらいココイロ）,療育 勉強 中学生,7,organic,学年向け,serp,1
https://www.manatera.com/blog/hattatsu-study-parent-support/,www.manatera.com,発達障害の子どもの勉強、親が教えるとうまくいかないのは ...,発達障害 子供 勉強 教え方 親,1,organic,コラム,serp,1
https://www.with-ac.com/column/perhaps-a-learning-disability-what-parents-can-do-for-their-children/,www.with-ac.com,もしかして学習障害？親がこどものためにできること,発達障害 子供 勉強 教え方 親,4,organic,コラム,serp,1
https://komachi.yomiuri.co.jp/topics/id/666788/,komachi.yomiuri.co.jp,発達障害の子の勉強の教え方 | 妊娠・出産・育児 - 発言小町,発達障害 子供 勉強 教え方 親,5,organic,発達障害向け,serp,1
https://k-runner.co.jp/column/developmental-study-tips-methods/,k-runner.co.jp,発達障害のお子さんへの教え方、勉強方法を解説,発達障害 子供 勉強 教え方 親,6,organic,コラム,serp,1
https://kizuki.or.jp/blog/dd/dd-study-hate/,kizuki.or.jp,発達障害のある勉強嫌いな子どもに親ができる対応6選 ...,発達障害 子供 勉強 教え方 親,7,organic,コラム,serp,1
https://nagomi.support/post-355/,nagomi.support,発達特性・発達障害の子どもにご家庭で勉強を教える際の ...,発達障害 子供 勉強 教え方 親,8,organic,発達障害向け,serp,1
https://detail.chiebukuro.yahoo.co.jp/qa/question_detail/q14297505109,detail.chiebukuro.yahoo.co.jp,境界知能について。中2です。育て辛く全く勉強しない息子が ...,発達障害 勉強しない 中学生,3,organic,FAQ,serp,1
https://h-navi.jp/column/article/35027586,h-navi.jp,受験期なのに勉強しない ADHD息子に、途方にくれていた母。 ...,発達障害 勉強しない 中学生,4,organic,コラム,serp,1
https://www.welbe.co.jp/campus/case/grayzone.html,www.welbe.co.jp,これって発達障害？グレーゾーンの中学生に見られる特徴と ...,発達障害 勉強しない 中学生,6,organic,口コミ・体験談,serp,1
https://kateikyoushi-pro.com/blog/hattatsu-shougai-chuugakusei-benkyou/,kateikyoushi-pro.com,勉強しない中学生は発達障害？サボりとの違い12のサインと,発達障害 勉強しない 中学生,7,organic,コラム,serp,1
https://desc-lab.com/4161/,desc-lab.com,勉強しない中学生は発達障害？苦手なテストを乗り切る勉強法,発達障害 勉強しない 中学生,8,organic,発達障害向け,serp,1
https://k-runner.co.jp/column/special-student-not-studying/,k-runner.co.jp,発達障害の中学生が勉強しない理由とその対策をタイプ別に解説,発達障害 勉強しない 中学生,9,organic,コラム,serp,1
https://detail.chiebukuro.yahoo.co.jp/qa/question_detail/q10176434665,detail.chiebukuro.yahoo.co.jp,授業についていけないだけでは、通級指導教室に通うことが ...,通級 勉強 ついていけない,1,organic,FAQ,serp,1
https://life.litalico.jp/hattatsu/mailmag/090/,life.litalico.jp,通級の勉強遅れ。親のサポート以外に、補う方法はある ...,通級 勉強 ついていけない,2,organic,発達障害向け,serp,1
https://h-navi.jp/qa/questions/200745,h-navi.jp,通級に行かれてる方、 行かせてよかった！ 意味がなかった！ ...,通級 勉強 ついていけない,3,organic,FAQ,serp,1
https://note.com/tzthm127/n/n0cb2d8dd10ab,note.com,通級指導教室へ行くのは馬鹿？小学生との会話。｜チョコレート,通級 勉強 ついていけない,4,organic,学年向け,serp,1
https://h-navi.jp/qa/questions/186335,h-navi.jp,通級指導教室の継続について4年生息子（ADHD）が2年生の頃 ...,通級 勉強 ついていけない,5,organic,FAQ,serp,1
https://komachi.yomiuri.co.jp/topics/id/1249482/,komachi.yomiuri.co.jp,通級に行くことになってしまいました | 心や体の悩み - 発言小町,通級 勉強 ついていけない,7,organic,その他,serp,1
https://stkotori.com/column/tuukyuu2025060501/,stkotori.com,通級指導教室（通級）とは？どんな支援が受けられて,通級 勉強 ついていけない,8,organic,コラム,serp,1
https://ameblo.jp/chipirata03/entry-12875451310.html,ameblo.jp,「通級」相当と連絡があったそうです。「通級」への不安と疑問,通級 勉強 ついていけない,9,organic,その他,serp,1
https://h-navi.jp/column/article/35028228,h-navi.jp,特別支援学級（中学校）卒業後の進路先は？発達障害がある ...,特別支援学級 中学 進路,1,organic,コラム,serp,1
https://www.kyoiku.metro.tokyo.lg.jp/school/document/special_needs_education/20260306,www.kyoiku.metro.tokyo.lg.jp,特別支援学級等卒業後の進路や学び ... - 東京都教育委員会,特別支援学級 中学 進路,2,organic,その他,serp,1
https://detail.chiebukuro.yahoo.co.jp/qa/question_detail/q13304258553,detail.chiebukuro.yahoo.co.jp,支援学級からの進路についてです。 - 中3女子なのですが、知 ...,特別支援学級 中学 進路,3,organic,FAQ,serp,1
https://note.com/witty_phlox725/n/ncbf88baee187,note.com,中学校特別支援学級、卒業したら特別支援学校に行くの？,特別支援学級 中学 進路,4,organic,学年向け,serp,1
https://www.treasure-max.fun/shinro_shien1/,www.treasure-max.fun,中学校 自閉症・情緒障害特別支援学級に在籍する生徒の進路 ...,特別支援学級 中学 進路,5,organic,発達障害向け,serp,1
https://sodachimap.com/,sodachimap.com,そだちのみちマップ｜支援学級からの進路ガイド,特別支援学級 中学 進路,6,organic,トップ,serp,1
https://www.kyoiku.metro.tokyo.lg.jp/documents/d/kyoiku/kekka-tokubetsushien_4,www.kyoiku.metro.tokyo.lg.jp,6 中学校及び義務教育学校特別支援学級卒業者の進路状況,特別支援学級 中学 進路,7,organic,学年向け,serp,1
https://hanatanijuku.com/junior-high-school-entrance-developmental-disabilities/,hanatanijuku.com,【元教員が解説】発達障害・軽度知的障害の中学校進学,特別支援学級 中学 進路,8,organic,発達障害向け,serp,1
https://specialeducationjourney.com/course/,specialeducationjourney.com,情緒・知的特別支援学級の子どもの進路は「6年生の春」から ...,特別支援学級 中学 進路,9,organic,その他,serp,1
https://www.kobekyo.com/column/developmental-math-weak/,www.kobekyo.com,算数が苦手なのは発達障がいの「算数障がい」が原因？特徴や ...,発達障害 算数 苦手,1,organic,コラム,serp,1
https://tokyo-brain.clinic/psychiatric-illness/ld/6183,tokyo-brain.clinic,算数障害（ディスカリキュリア）とは？症状・原因・対処法について,発達障害 算数 苦手,2,organic,発達障害向け,serp,1
https://www.z-kyosai.com/column/7357.html,www.z-kyosai.com,療育がない時代に算数LDだった私,発達障害 算数 苦手,3,organic,コラム,serp,1
https://tokyo-yagaku.jp/column/dd-math/,tokyo-yagaku.jp,算数ができないのは発達障害の特性？算数に困難のある子ども ...,発達障害 算数 苦手,4,organic,コラム,serp,1
https://www.youtube.com/watch?v=s9o4nvh3ZtY,www.youtube.com,【算数の困難の背景の理解と支援】LD･ADHD･高機能自閉症等の ...,発達障害 算数 苦手,5,organic,発達障害向け,serp,1
https://cpedd.nise.go.jp/support/individual/5ac71dea8691bed27d23502560e4bdbc/,cpedd.nise.go.jp,計算が苦手なのですが・・・ - 発達障害教育推進センター,発達障害 算数 苦手,6,organic,発達障害向け,serp,1
https://medical-b.jp/a01-01-021/post021-02/,medical-b.jp,算数障害とは | 病気と治療の検索サイト ...,発達障害 算数 苦手,7,organic,その他,serp,1
https://h-navi.jp/column/article/35028423,h-navi.jp,算数障害じゃないのに…得意教科との差は80点以上、計算が ...,発達障害 算数 苦手,8,organic,コラム,serp,1
https://web.kohatsu.org/25_021-1/,web.kohatsu.org,計算が困難……大人の算数障がいを知っていますか？,発達障害 算数 苦手,9,organic,その他,serp,1
https://note.com/tenjin_edu/n/n0289301fc60c,note.com,発達障害を持つ子の英語学習方法｜特性別サポートまとめ,発達障害 英語 苦手,1,organic,発達障害向け,serp,1
https://desc-lab.com/pasteljump/9062/,desc-lab.com,発達障害で英語が苦手な子の勉強法！英検もサクッと合格 ...,発達障害 英語 苦手,2,organic,発達障害向け,serp,1
https://detail.chiebukuro.yahoo.co.jp/qa/question_detail/q12162982002,detail.chiebukuro.yahoo.co.jp,ADHDの英語の勉強法について私は英語が大嫌いです。中二 ...,発達障害 英語 苦手,3,organic,FAQ,serp,1
https://greenwitch.jp/asd-adhd/3627/,greenwitch.jp,学校の英語が苦手だった私が、発達障害の特性を活かして「耳 ...,発達障害 英語 苦手,4,organic,発達障害向け,serp,1
https://tanzam.net/column/english-vocab-learning-disabilities/,tanzam.net,英単語が覚えられないは病気？発達障害・ADHDの特性を ...,発達障害 英語 苦手,6,organic,コラム,serp,1
https://www.bravekids.info/blog/english-dyslexia/,www.bravekids.info,英語の読み書き困難があるお子様のサポート方法（学習障がい ...,発達障害 英語 苦手,7,organic,コラム,serp,1
https://www.qqeng.com/qqkids/english-column/kids20260503,www.qqeng.com,発達障害と英語学習｜「support needs」に合わせた家庭での ...,発達障害 英語 苦手,8,organic,コラム,serp,1
https://www.u-master.net/column/adhd/12430/,www.u-master.net,発達障害の子は英語が苦手？｜特性に合った学び方と支援の ...,発達障害 英語 苦手,9,organic,コラム,serp,1
https://www.stella-edu.com/column/c_dokkairyoku/,www.stella-edu.com,読解力とは？発達障害の小学生が国語の読解力を鍛えるコツ,発達障害 国語 読解,1,organic,コラム,serp,1
https://www.jump-japan.co.jp/national-language,www.jump-japan.co.jp,国語学習と発達障害-苦手克服（漢字・読解力）から中学受験まで,発達障害 国語 読解,2,organic,発達障害向け,serp,1
https://junior.litalico.jp/case/problem/bunshoudokkai/,junior.litalico.jp,国語や文章問題が苦手・読解力がない子・発達障害(小学生)の ...,発達障害 国語 読解,3,organic,口コミ・体験談,serp,1
https://pro-megajun.com/archives/15509,pro-megajun.com,発達障害の人が読解力を高める方法とは？小学生・中学生 ...,発達障害 国語 読解,4,organic,発達障害向け,serp,1
https://cpedd.nise.go.jp/support/individual/948650eda1398cca44191987bd410155/,cpedd.nise.go.jp,文章やことばの意味理解が困難なのですが・・・ - 発達障害 ...,発達障害 国語 読解,5,organic,発達障害向け,serp,1
https://detail.chiebukuro.yahoo.co.jp/qa/question_detail/q11299905711,detail.chiebukuro.yahoo.co.jp,ASD（自閉症スペクトラム）の子の国語の勉強について小学生 ...,発達障害 国語 読解,6,organic,FAQ,serp,1
https://reba1ance.com/blog/characteristics003/,reba1ance.com,国語の「登場人物の気持ち」がわからない…感情を論理パズル ...,発達障害 国語 読解,7,organic,コラム,serp,1
https://ts-assist.jp/column/difficulty-with-japanese-developmental-disorder/,ts-assist.jp,発達障がいを持つ子どもたちの「国語が苦手」を克服する方法を ...,発達障害 国語 読解,8,organic,コラム,serp,1
https://note.com/tenjin_edu/n/na0fb58203826,note.com,発達障害のある子が読解問題でつまずく理由と読み方のコツ,発達障害 国語 読解,9,organic,発達障害向け,serp,1
https://detail.chiebukuro.yahoo.co.jp/qa/question_detail/q13227559463,detail.chiebukuro.yahoo.co.jp,発達障害をもつ中学生の定期テスト対策やサポートどのよう ...,発達障害 定期テスト 対策,2,organic,FAQ,serp,1
https://studyhop.poka-step.jp/%E3%82%B3%E3%83%A9%E3%83%A0/regular-test-preparation/,studyhop.poka-step.jp,軽度発達障害を抱えるお子さんの、中学校の定期テスト対策 ...,発達障害 定期テスト 対策,3,organic,発達障害向け,serp,1
https://www.teensmoon.com/staffblog/teens1-2/,www.teensmoon.com,こんなときTEENS 第1弾～発達障害児のための定期テスト対策,発達障害 定期テスト 対策,4,organic,コラム,serp,1
https://h-navi.jp/column/article/35030105,h-navi.jp,字が汚い…発達障害中高校生、定期テスト対策は【専門家QA】,発達障害 定期テスト 対策,5,organic,コラム,serp,1
https://www.jump-japan.co.jp/regular-test/264,www.jump-japan.co.jp,定期テスト対策 - 発達障害支援のプロ家庭教師,発達障害 定期テスト 対策,7,organic,発達障害向け,serp,1
https://tokushi-tobira.jp/casestudy/009.html,tokushi-tobira.jp,ケーススタディ | テストに集中できないHさん,発達障害 定期テスト 対策,9,organic,口コミ・体験談,serp,1
https://bestjuku.com/shingaku/s-article/33372/,bestjuku.com,発達障害グレーゾーンの中学生の特徴｜支援や学習面で ...,グレーゾーン 中学生 勉強,3,organic,コラム,serp,1
https://detail.chiebukuro.yahoo.co.jp/qa/question_detail/q13297587433,detail.chiebukuro.yahoo.co.jp,知的障害グレーゾーンって中学生に勉強できますか,グレーゾーン 中学生 勉強,5,organic,FAQ,serp,1
https://seifukan-gakuin.com/ld-features/,seifukan-gakuin.com,中学生の学習障害の特徴3選！症状やグレーゾーンについて ...,グレーゾーン 中学生 勉強,6,organic,発達障害向け,serp,1
https://www.stadia-education.com/2025/05/20/%E4%B8%AD%E5%AD%A6%E7%94%9F%E3%83%86%E3%82%B9%E3%83%88-%E7%99%BA%E9%81%94%E9%9A%9C%E5%AE%B3-%E3%82%B0%E3%83%AC%E3%83%BC%E3%82%BE%E3%83%BC%E3%83%B3%E3%81%AE%E3%81%8A%E3%81%99%E3%81%99%E3%82%81%E5%8B%89%E5%BC%B7%E6%B3%95/,www.stadia-education.com,中学生テスト 特性のある子、発達障害・グレーゾーンの ...,グレーゾーン 中学生 勉強,7,organic,発達障害向け,serp,1
https://www.willschool.net/column/column000191-html,www.willschool.net,「中学生のグレーゾーン」かも？特徴と親ができること,グレーゾーン 中学生 勉強,8,organic,コラム,serp,1
https://k-runner.co.jp/column/gray-zone-middle-school-traits/,k-runner.co.jp,発達障害のグレーゾーン中学生に多い特徴と家庭でできる効果 ...,グレーゾーン 中学生 勉強,9,organic,コラム,serp,1
https://www.try-online.jp/kobetsu/,www.try-online.jp,,,,subpage,その他,下層展開,1
https://www.try-online.jp/kobetsu/shogaku/,www.try-online.jp,,,,subpage,その他,下層展開,1
https://www.try-online.jp/kobetsu/chugaku/,www.try-online.jp,,,,subpage,その他,下層展開,1
https://www.try-online.jp/kobetsu/koukou/,www.try-online.jp,,,,subpage,その他,下層展開,1
https://www.try-online.jp/kobetsu/ao-suisen/,www.try-online.jp,,,,subpage,その他,下層展開,1
https://www.try-online.jp/kobetsu/abroad/,www.try-online.jp,,,,subpage,その他,下層展開,1
https://www.try-online.jp/kobetsu/price/,www.try-online.jp,,,,subpage,料金,下層展開,1
https://www.try-online.jp/kobetsu/experiences/,www.try-online.jp,,,,subpage,その他,下層展開,1
https://www.try-online.jp/kobetsu/faq/,www.try-online.jp,,,,subpage,FAQ,下層展開,1
https://www.try-online.jp/kobetsu/futoukou,www.try-online.jp,,,,subpage,その他,下層展開,1
https://www.try-online.jp/kobetsu/koukou,www.try-online.jp,,,,subpage,その他,下層展開,1
https://www.try-online.jp/kobetsu/chugaku,www.try-online.jp,,,,subpage,その他,下層展開,1
https://picro.jp/pages/faq/index/,picro.jp,,,,subpage,FAQ,下層展開,1
https://picro.jp/pages/faq/index,picro.jp,,,,subpage,FAQ,下層展開,1
https://manalink.jp/teacher/subjects/juniorhighschoolmath,manalink.jp,,,,subpage,学年向け,下層展開,1
https://manalink.jp/teacher/subjects/highschoolmath,manalink.jp,,,,subpage,学年向け,下層展開,1
https://manalink.jp/teacher/grades/elementary-school,manalink.jp,,,,subpage,学年向け,下層展開,1
https://manalink.jp/teacher/grades/junior-high-school,manalink.jp,,,,subpage,学年向け,下層展開,1
https://manalink.jp/teacher/grades/high-school,manalink.jp,,,,subpage,学年向け,下層展開,1
https://manalink.jp/teacher/grades/high-school-ronin,manalink.jp,,,,subpage,学年向け,下層展開,1
https://manalink.jp/teacher/features/1,manalink.jp,,,,subpage,その他,下層展開,1
https://manalink.jp/teacher/features/2,manalink.jp,,,,subpage,その他,下層展開,1
https://manalink.jp/teacher/features/5,manalink.jp,,,,subpage,その他,下層展開,1
https://manalink.jp/teacher/features/66,manalink.jp,,,,subpage,その他,下層展開,1
https://manalink.jp/teacher/coaching/grades/elementary-school,manalink.jp,,,,subpage,学年向け,下層展開,1
https://manalink.jp/teacher/coaching/grades/junior-high-school,manalink.jp,,,,subpage,学年向け,下層展開,1
https://www.manatera.com/blog/,www.manatera.com,,,,subpage,コラム,下層展開,1
https://www.manatera.com/blog/category/method/,www.manatera.com,,,,subpage,コラム,下層展開,1
https://www.manatera.com/blog/category/method/study-method/,www.manatera.com,,,,subpage,コラム,下層展開,1
https://www.manatera.com/blog/category/method/chugaku-juken/,www.manatera.com,,,,subpage,コラム,下層展開,1
https://www.manatera.com/blog/category/method/koukou-juken/,www.manatera.com,,,,subpage,コラム,下層展開,1
https://www.manatera.com/blog/category/method/absent/,www.manatera.com,,,,subpage,コラム,下層展開,1
https://www.manatera.com/blog/category/method/developmental-disability/,www.manatera.com,,,,subpage,コラム,下層展開,1
https://www.manatera.com/blog/category/method/overseas-living/,www.manatera.com,,,,subpage,コラム,下層展開,1
https://www.manatera.com/blog/category/method/season-homework/,www.manatera.com,,,,subpage,コラム,下層展開,1
https://www.manatera.com/blog/category/method/supervisor/,www.manatera.com,,,,subpage,コラム,下層展開,1
https://www.manatera.com/blog/category/method/online/,www.manatera.com,,,,subpage,コラム,下層展開,1
https://www.manatera.com/blog/category/method/soroban/,www.manatera.com,,,,subpage,コラム,下層展開,1
https://www.kobekyo.com/column/,www.kobekyo.com,,,,subpage,コラム,下層展開,1
https://www.kobekyo.com/column/category/exam-info/,www.kobekyo.com,,,,subpage,コラム,下層展開,1
https://www.kobekyo.com/column/category/score-up/,www.kobekyo.com,,,,subpage,コラム,下層展開,1
https://www.kobekyo.com/column/category/juku-select/,www.kobekyo.com,,,,subpage,コラム,下層展開,1
https://www.kobekyo.com/column/list/,www.kobekyo.com,,,,subpage,コラム,下層展開,1
https://www.kobekyo.com/column/grade/shougaku/,www.kobekyo.com,,,,subpage,コラム,下層展開,1
https://www.kobekyo.com/column/grade/chuugaku/,www.kobekyo.com,,,,subpage,コラム,下層展開,1
https://www.kobekyo.com/column/grade/koukou/,www.kobekyo.com,,,,subpage,コラム,下層展開,1
https://www.kobekyo.com/column/category/lecture/,www.kobekyo.com,,,,subpage,コラム,下層展開,1
https://www.kobekyo.com/column/category/school-life/,www.kobekyo.com,,,,subpage,コラム,下層展開,1
https://www.kobekyo.com/column/category/other/,www.kobekyo.com,,,,subpage,コラム,下層展開,1
https://www.kobekyo.com/column/individualjuku/,www.kobekyo.com,,,,subpage,コラム,下層展開,1
https://reba1ance.com/accommodation,reba1ance.com,,,,subpage,その他,下層展開,1
https://reba1ance.com/characteristics/,reba1ance.com,,,,subpage,その他,下層展開,1
https://reba1ance.com/exam/,reba1ance.com,,,,subpage,受験,下層展開,1
https://reba1ance.com/school_refusal/,reba1ance.com,,,,subpage,その他,下層展開,1
https://reba1ance.com/ai_dd/,reba1ance.com,,,,subpage,その他,下層展開,1
https://reba1ance.com/budget/,reba1ance.com,,,,subpage,その他,下層展開,1
https://reba1ance.com/faq/,reba1ance.com,,,,subpage,FAQ,下層展開,1
https://reba1ance.com/blog/category/teacher/,reba1ance.com,,,,subpage,コラム,下層展開,1
https://reba1ance.com/blog/category/voc/,reba1ance.com,,,,subpage,コラム,下層展開,1
https://reba1ance.com/blog/category/attempt/,reba1ance.com,,,,subpage,コラム,下層展開,1
https://reba1ance.com/column/,reba1ance.com,,,,subpage,コラム,下層展開,1
https://reba1ance.com/inquiry/,reba1ance.com,,,,subpage,その他,下層展開,1
https://gips-kateikyosi.com/course/,gips-kateikyosi.com,,,,subpage,その他,下層展開,1
https://gips-kateikyosi.com/price/,gips-kateikyosi.com,,,,subpage,料金,下層展開,1
https://gips-kateikyosi.com/passed/,gips-kateikyosi.com,,,,subpage,その他,下層展開,1
https://gips-kateikyosi.com/students-voice/,gips-kateikyosi.com,,,,subpage,口コミ・体験談,下層展開,1
https://gips-kateikyosi.com/graduates-voice/,gips-kateikyosi.com,,,,subpage,口コミ・体験談,下層展開,1
https://gips-kateikyosi.com/reviews/,gips-kateikyosi.com,,,,subpage,口コミ・体験談,下層展開,1
https://gips-kateikyosi.com/trial/,gips-kateikyosi.com,,,,subpage,無料体験,下層展開,1
https://gips-kateikyosi.com/faq/,gips-kateikyosi.com,,,,subpage,FAQ,下層展開,1
https://gips-kateikyosi.com/teacher/profile-221/?fpc=693.19.365.6a207ea74699042g.1801181092000,gips-kateikyosi.com,,,,subpage,その他,下層展開,1
https://gips-kateikyosi.com/teacher/profile-213/?fpc=693.19.365.6a207ea74699042g.1801181092000,gips-kateikyosi.com,,,,subpage,その他,下層展開,1
https://gips-kateikyosi.com/teacher/profile-264/?fpc=693.19.365.6a207ea74699042g.1801181092000,gips-kateikyosi.com,,,,subpage,その他,下層展開,1
https://gips-kateikyosi.com/teacher/profile-198/?fpc=693.19.365.6a207ea74699042g.1801181092000,gips-kateikyosi.com,,,,subpage,その他,下層展開,1
https://www.kyoushi1.net/service/backup.html,www.kyoushi1.net,,,,subpage,その他,下層展開,1
https://www.kyoushi1.net/schoolchild/index.html,www.kyoushi1.net,,,,subpage,発達障害向け,下層展開,1
https://www.kyoushi1.net/junior/index.html,www.kyoushi1.net,,,,subpage,学年向け,下層展開,1
https://www.kyoushi1.net/high/index.html,www.kyoushi1.net,,,,subpage,学年向け,下層展開,1
https://www.kyoushi1.net/professional/index.html,www.kyoushi1.net,,,,subpage,その他,下層展開,1
https://www.kyoushi1.net/service/certification.html,www.kyoushi1.net,,,,subpage,その他,下層展開,1
https://www.kyoushi1.net/service/sports-plus.html,www.kyoushi1.net,,,,subpage,その他,下層展開,1
https://www.kyoushi1.net/service/premium.html,www.kyoushi1.net,,,,subpage,その他,下層展開,1
https://www.kyoushi1.net/inquiry/question.html,www.kyoushi1.net,,,,subpage,FAQ,下層展開,1
https://www.kyoushi1.net/service/real-experience.html,www.kyoushi1.net,,,,subpage,その他,下層展開,1
https://www.kyoushi1.net/price/index.html,www.kyoushi1.net,,,,subpage,料金,下層展開,1
https://www.kyoushi1.net/price/area1_y.html,www.kyoushi1.net,,,,subpage,料金,下層展開,1
https://h-navi.jp/column,h-navi.jp,,,,subpage,コラム,下層展開,1
https://h-navi.jp/support_facility,h-navi.jp,,,,subpage,その他,下層展開,1
https://h-navi.jp/support_facility/tokyo,h-navi.jp,,,,subpage,その他,下層展開,1
https://h-navi.jp/support_facility/likes,h-navi.jp,,,,subpage,その他,下層展開,1
https://h-navi.jp/support_facility/career?prefecture=13,h-navi.jp,,,,subpage,その他,下層展開,1
https://h-navi.jp/support_facility/facilities/192998,h-navi.jp,,,,subpage,その他,下層展開,1
https://h-navi.jp/support_facility/facilities/192998/inquiries/new,h-navi.jp,,,,subpage,その他,下層展開,1
https://h-navi.jp/support_facility/facilities/194571,h-navi.jp,,,,subpage,その他,下層展開,1
https://h-navi.jp/support_facility/facilities/194571/inquiries/new,h-navi.jp,,,,subpage,その他,下層展開,1
https://h-navi.jp/support_facility/facilities/182101,h-navi.jp,,,,subpage,その他,下層展開,1
https://h-navi.jp/support_facility/facilities/182101/inquiries/new,h-navi.jp,,,,subpage,その他,下層展開,1
https://h-navi.jp/support_facility/facilities/201171,h-navi.jp,,,,subpage,その他,下層展開,1
https://www.jump-japan.co.jp/system/consultation,www.jump-japan.co.jp,,,,subpage,その他,下層展開,1
https://www.jump-japan.co.jp/developmental-disability/case_study,www.jump-japan.co.jp,,,,subpage,口コミ・体験談,下層展開,1
https://www.jump-japan.co.jp/school-refusal-support,www.jump-japan.co.jp,,,,subpage,その他,下層展開,1
https://www.jump-japan.co.jp/developmental-disability,www.jump-japan.co.jp,,,,subpage,その他,下層展開,1
https://www.jump-japan.co.jp/jhs_e_exam,www.jump-japan.co.jp,,,,subpage,受験,下層展開,1
https://www.jump-japan.co.jp/jhs_e_exam/blog,www.jump-japan.co.jp,,,,subpage,コラム,下層展開,1
https://www.jump-japan.co.jp/system/fee,www.jump-japan.co.jp,,,,subpage,料金,下層展開,1
https://www.jump-japan.co.jp/teaching/764,www.jump-japan.co.jp,,,,subpage,その他,下層展開,1
https://www.jump-japan.co.jp/q-a/741,www.jump-japan.co.jp,,,,subpage,その他,下層展開,1
https://www.jump-japan.co.jp/developmental-disability/721,www.jump-japan.co.jp,,,,subpage,その他,下層展開,1
https://www.jump-japan.co.jp/developmental-disability/111,www.jump-japan.co.jp,,,,subpage,その他,下層展開,1
https://www.jump-japan.co.jp/developmental-disability/216,www.jump-japan.co.jp,,,,subpage,その他,下層展開,1
https://www.coaching01.com/type/chuju/index.html,www.coaching01.com,,,,subpage,その他,下層展開,1
https://www.coaching01.com/type/kouju/index.html,www.coaching01.com,,,,subpage,その他,下層展開,1
https://www.coaching01.com/type/truancy.html,www.coaching01.com,,,,subpage,その他,下層展開,1
https://www.coaching01.com/type/exam.html,www.coaching01.com,,,,subpage,受験,下層展開,1
https://www.coaching01.com/voice.html,www.coaching01.com,,,,subpage,口コミ・体験談,下層展開,1
https://www.coaching01.com/others/faq.html,www.coaching01.com,,,,subpage,FAQ,下層展開,1
https://www.coaching01.com/index.html,www.coaching01.com,,,,subpage,その他,下層展開,1
https://www.coaching01.com/type/chuju/kakomon.html,www.coaching01.com,,,,subpage,その他,下層展開,1
https://www.coaching01.com/type/chuju/value_school.html,www.coaching01.com,,,,subpage,その他,下層展開,1
https://kateikyoushi-pro.com/blog/,kateikyoushi-pro.com,,,,subpage,コラム,下層展開,1
https://kateikyoushi-pro.com/faq/,kateikyoushi-pro.com,,,,subpage,FAQ,下層展開,1
https://kateikyoushi-pro.com/course/junior/,kateikyoushi-pro.com,,,,subpage,学年向け,下層展開,1
https://kateikyoushi-pro.com/trial/contact.php,kateikyoushi-pro.com,,,,subpage,無料体験,下層展開,1
https://kateikyoushi-pro.com/estimate/contact.php,kateikyoushi-pro.com,,,,subpage,その他,下層展開,1
https://kateikyoushi-pro.com/blog/benkyou-shinai-chugakusei-hottoku/,kateikyoushi-pro.com,,,,subpage,コラム,下層展開,1
https://kateikyoushi-pro.com/blog/chuugakusei-yaruki-dashikata/,kateikyoushi-pro.com,,,,subpage,コラム,下層展開,1
https://kateikyoushi-pro.com/blog/hankouki-benkyou-shinai/,kateikyoushi-pro.com,,,,subpage,コラム,下層展開,1
https://kateikyoushi-pro.com/blog/category/%e5%8b%89%e5%bc%b7%e6%b3%95/,kateikyoushi-pro.com,,,,subpage,コラム,下層展開,1
https://kateikyoushi-pro.com/blog/feed/,kateikyoushi-pro.com,,,,subpage,料金,下層展開,1
https://kateikyoushi-pro.com/blog/author/yokoo-yukizumi/,kateikyoushi-pro.com,,,,subpage,コラム,下層展開,1
https://kateikyoushi-pro.com/blog/koukou-akaten-ryuunen/,kateikyoushi-pro.com,,,,subpage,コラム,下層展開,1
https://www.asunaro-kk.com/trial/form/,www.asunaro-kk.com,,,,subpage,無料体験,下層展開,1
https://www.asunaro-kk.com/price/,www.asunaro-kk.com,,,,subpage,料金,下層展開,1
https://www.asunaro-kk.com/trial/,www.asunaro-kk.com,,,,subpage,無料体験,下層展開,1
https://www.asunaro-kk.com/about/asunaro-10-support/,www.asunaro-kk.com,,,,subpage,その他,下層展開,1
https://www.asunaro-kk.com/member-voice/,www.asunaro-kk.com,,,,subpage,口コミ・体験談,下層展開,1
https://www.asunaro-kk.com/blog/,www.asunaro-kk.com,,,,subpage,コラム,下層展開,1
https://www.asunaro-kk.com/howto/elementary/,www.asunaro-kk.com,,,,subpage,学年向け,下層展開,1
https://www.asunaro-kk.com/howto/junior-high-school/,www.asunaro-kk.com,,,,subpage,学年向け,下層展開,1
https://www.asunaro-kk.com/howto/high-school/,www.asunaro-kk.com,,,,subpage,学年向け,下層展開,1
https://www.asunaro-kk.com/about/school-refusal-children/,www.asunaro-kk.com,,,,subpage,発達障害向け,下層展開,1
https://www.asunaro-kk.com/about/school-refusal-children/online-free-school/,www.asunaro-kk.com,,,,subpage,発達障害向け,下層展開,1
https://www.asunaro-kk.com/howto/programming/,www.asunaro-kk.com,,,,subpage,その他,下層展開,1
https://www.benkyo.co.jp/request_taiken/,www.benkyo.co.jp,,,,subpage,無料体験,下層展開,1
https://www.benkyo.co.jp/trial/,www.benkyo.co.jp,,,,subpage,無料体験,下層展開,1
https://www.benkyo.co.jp/course/,www.benkyo.co.jp,,,,subpage,その他,下層展開,1
https://www.benkyo.co.jp/course/shougakusei/,www.benkyo.co.jp,,,,subpage,その他,下層展開,1
https://www.benkyo.co.jp/course/shougakusei/chuugaku-juken/,www.benkyo.co.jp,,,,subpage,その他,下層展開,1
https://www.benkyo.co.jp/course/shougakusei/hosyuu/,www.benkyo.co.jp,,,,subpage,その他,下層展開,1
https://www.benkyo.co.jp/course/chuugakusei/,www.benkyo.co.jp,,,,subpage,その他,下層展開,1
https://www.benkyo.co.jp/course/chuugakusei/koukou-juken/,www.benkyo.co.jp,,,,subpage,その他,下層展開,1
https://www.benkyo.co.jp/course/chuugakusei/hosyuu/,www.benkyo.co.jp,,,,subpage,その他,下層展開,1
https://www.benkyo.co.jp/course/chuugakusei/chuukou-ikkan/,www.benkyo.co.jp,,,,subpage,その他,下層展開,1
https://www.benkyo.co.jp/course/koukousei/,www.benkyo.co.jp,,,,subpage,その他,下層展開,1
https://www.benkyo.co.jp/course/koukousei/daigaku-juken/,www.benkyo.co.jp,,,,subpage,その他,下層展開,1
https://k-runner.co.jp/trial-apply/,k-runner.co.jp,,,,subpage,無料体験,下層展開,1
https://k-runner.co.jp/course/,k-runner.co.jp,,,,subpage,その他,下層展開,1
https://k-runner.co.jp/course/elementary,k-runner.co.jp,,,,subpage,学年向け,下層展開,1
https://k-runner.co.jp/course/junior-high-school/,k-runner.co.jp,,,,subpage,学年向け,下層展開,1
https://k-runner.co.jp/course/high-school/,k-runner.co.jp,,,,subpage,学年向け,下層展開,1
https://k-runner.co.jp/course/refusal/,k-runner.co.jp,,,,subpage,その他,下層展開,1
https://k-runner.co.jp/course/online/,k-runner.co.jp,,,,subpage,その他,下層展開,1
https://k-runner.co.jp/voice/,k-runner.co.jp,,,,subpage,口コミ・体験談,下層展開,1
https://k-runner.co.jp/column/,k-runner.co.jp,,,,subpage,コラム,下層展開,1
https://k-runner.co.jp/support/,k-runner.co.jp,,,,subpage,その他,下層展開,1
https://k-runner.co.jp/faq/,k-runner.co.jp,,,,subpage,FAQ,下層展開,1
https://k-runner.co.jp/column/developmental-disabilities/,k-runner.co.jp,,,,subpage,コラム,下層展開,1
https://jukushiru.com/article/category/how-to-choose/,jukushiru.com,,,,subpage,コラム,下層展開,1
https://jukushiru.com/article/category/exam-knowledge/,jukushiru.com,,,,subpage,コラム,下層展開,1
https://jukushiru.com/article/category/study-method/,jukushiru.com,,,,subpage,コラム,下層展開,1
https://jukushiru.com/article/category/research/,jukushiru.com,,,,subpage,コラム,下層展開,1
https://jukushiru.com/schools/search/grade/elementary,jukushiru.com,,,,subpage,学年向け,下層展開,1
https://jukushiru.com/schools/search/grade/middle,jukushiru.com,,,,subpage,その他,下層展開,1
https://jukushiru.com/schools/search/grade/high,jukushiru.com,,,,subpage,学年向け,下層展開,1
https://jukushiru.com/schools/search/type/elementary_school_entrance_exam,jukushiru.com,,,,subpage,学年向け,下層展開,1
https://jukushiru.com/schools/search/type/middle_school_entrance_exam,jukushiru.com,,,,subpage,受験,下層展開,1
https://jukushiru.com/schools/search/type/high_school_entrance_exam,jukushiru.com,,,,subpage,学年向け,下層展開,1
https://jukushiru.com/schools/search/type/university_entrance_exam,jukushiru.com,,,,subpage,受験,下層展開,1
https://jukushiru.com/schools/search/type/medical_faculty_entrance_exam,jukushiru.com,,,,subpage,受験,下層展開,1
https://www.seisekiup.net/faq/,www.seisekiup.net,,,,subpage,FAQ,下層展開,1
https://www.seisekiup.net/course/,www.seisekiup.net,,,,subpage,その他,下層展開,1
https://www.seisekiup.net/voice/,www.seisekiup.net,,,,subpage,口コミ・体験談,下層展開,1
https://www.seisekiup.net/support/trio/,www.seisekiup.net,,,,subpage,その他,下層展開,1
https://www.seisekiup.net/support/,www.seisekiup.net,,,,subpage,その他,下層展開,1
https://www.seisekiup.net/course/elementary/,www.seisekiup.net,,,,subpage,学年向け,下層展開,1
https://www.seisekiup.net/course/junior/,www.seisekiup.net,,,,subpage,学年向け,下層展開,1
https://www.seisekiup.net/course/high/,www.seisekiup.net,,,,subpage,学年向け,下層展開,1
https://www.seisekiup.net/course/refusal/,www.seisekiup.net,,,,subpage,その他,下層展開,1
https://www.seisekiup.net/course/online/,www.seisekiup.net,,,,subpage,その他,下層展開,1
https://www.seisekiup.net/price/,www.seisekiup.net,,,,subpage,料金,下層展開,1
https://www.seisekiup.net/price/multi/,www.seisekiup.net,,,,subpage,料金,下層展開,1
https://www.nohvas.com/trial/,www.nohvas.com,,,,subpage,無料体験,下層展開,1
https://www.nohvas.com/about/price/,www.nohvas.com,,,,subpage,料金,下層展開,1
https://www.nohvas.com/courses/,www.nohvas.com,,,,subpage,その他,下層展開,1
https://www.nohvas.com/course/elementary/,www.nohvas.com,,,,subpage,学年向け,下層展開,1
https://www.nohvas.com/course/elementary-juniorhigh/,www.nohvas.com,,,,subpage,学年向け,下層展開,1
https://www.nohvas.com/course/elementary-juniorhigh-exam/,www.nohvas.com,,,,subpage,学年向け,下層展開,1
https://www.nohvas.com/course/combined-juniorhigh-high/,www.nohvas.com,,,,subpage,学年向け,下層展開,1
https://www.nohvas.com/course/juniorhigh/,www.nohvas.com,,,,subpage,学年向け,下層展開,1
https://www.nohvas.com/course/juniorhigh-high-exam/,www.nohvas.com,,,,subpage,学年向け,下層展開,1
https://www.nohvas.com/course/high/,www.nohvas.com,,,,subpage,学年向け,下層展開,1
https://www.nohvas.com/course/high-univ-exam/,www.nohvas.com,,,,subpage,学年向け,下層展開,1
https://www.nohvas.com/course/tsushinsei-koukou/,www.nohvas.com,,,,subpage,その他,下層展開,1
https://bestjuku.com/shingaku/s-article/,bestjuku.com,,,,subpage,コラム,下層展開,1
https://bestjuku.com/shingaku/s-article/category/university-exam/,bestjuku.com,,,,subpage,コラム,下層展開,1
https://bestjuku.com/shingaku/s-article/category/high-exam/,bestjuku.com,,,,subpage,コラム,下層展開,1
https://bestjuku.com/shingaku/s-article/category/junior-exam/,bestjuku.com,,,,subpage,コラム,下層展開,1
https://bestjuku.com/shingaku/s-article/specials/133/,bestjuku.com,,,,subpage,コラム,下層展開,1
https://bestjuku.com/shingaku/s-article/specials/100/,bestjuku.com,,,,subpage,コラム,下層展開,1
https://bestjuku.com/shingaku/s-article/specials/67/,bestjuku.com,,,,subpage,コラム,下層展開,1
https://bestjuku.com/shingaku/s-article/specials/200/,bestjuku.com,,,,subpage,コラム,下層展開,1
https://bestjuku.com/shingaku/s-article/specials/167/,bestjuku.com,,,,subpage,コラム,下層展開,1
https://bestjuku.com/shingaku/s-article/specials/134/,bestjuku.com,,,,subpage,コラム,下層展開,1
https://bestjuku.com/shingaku/s-article/specials/233/,bestjuku.com,,,,subpage,コラム,下層展開,1
https://bestjuku.com/shingaku/s-article/specials/266/,bestjuku.com,,,,subpage,コラム,下層展開,1
https://ouchibu-navi.com/category/futoko/,ouchibu-navi.com,,,,subpage,不登校向け,下層展開,1
https://ouchibu-navi.com/category/chutai/,ouchibu-navi.com,,,,subpage,その他,下層展開,1
https://ouchibu-navi.com/category/university-entrance-exam/,ouchibu-navi.com,,,,subpage,受験,下層展開,1
https://ouchibu-navi.com/feed/,ouchibu-navi.com,,,,subpage,料金,下層展開,1
https://ouchibu-navi.com/surala-hyoban/,ouchibu-navi.com,,,,subpage,その他,下層展開,1
https://ouchibu-navi.com/futoko-highschool/,ouchibu-navi.com,,,,subpage,不登校向け,下層展開,1
https://ouchibu-navi.com/futoko-amae/,ouchibu-navi.com,,,,subpage,不登校向け,下層展開,1
https://ouchibu-navi.com/futoko-ikuikusagi/,ouchibu-navi.com,,,,subpage,不登校向け,下層展開,1
https://ouchibu-navi.com/konin-hikaku/,ouchibu-navi.com,,,,subpage,その他,下層展開,1
https://ouchibu-navi.com/futoko-trust/,ouchibu-navi.com,,,,subpage,不登校向け,下層展開,1
https://ouchibu-navi.com/futoko-acceptance/,ouchibu-navi.com,,,,subpage,不登校向け,下層展開,1
https://ouchibu-navi.com/taikendan4/,ouchibu-navi.com,,,,subpage,無料体験,下層展開,1
https://agao.jp/information/faq/,agao.jp,,,,subpage,FAQ,下層展開,1
https://agao.jp/guidance/flow/,agao.jp,,,,subpage,その他,下層展開,1
https://agao.jp/scrum_1to1,agao.jp,,,,subpage,その他,下層展開,1
https://agao.jp/scrum_zero/,agao.jp,,,,subpage,その他,下層展開,1
https://agao.jp,agao.jp,,,,subpage,トップ,下層展開,1
https://www.stadia-education.com/料金-東京の勉強が苦手-勉強が嫌いな子のための塾-発達障害-グレーゾーンのための塾-少人数制-個別指導塾-学習支援塾すたでぃあ-asd-adhd-ld-東京-杉並-世田谷-目黒-渋谷-中野-三鷹-渋谷-神泉-駒場東大前-池ノ上-下北沢-新代田-東松原-明大前-永福町-西永福-浜田山-高井戸-富士見ケ丘-久我山-三鷹台-井の頭公園-吉祥寺/,www.stadia-education.com,,,,subpage,料金,下層展開,1
https://www.stadia-education.com/塾設立の想い-東京の発達障害-グレーゾーン-勉強が嫌い-勉強が苦手な子のための塾-少人数制-個別指導-学習支援塾すたでぃあ/,www.stadia-education.com,,,,subpage,発達障害向け,下層展開,1
https://www.stadia-education.com/ブログ-東京の勉強が苦手-勉強が嫌いな子のための塾-発達障害-グレーゾーンのための塾-少人数制-個別指導塾-学習支援塾すたでぃあ-asd-adhd-ld-東京-杉並-世田谷-目黒-渋谷-中野-三鷹-渋谷-神泉-駒場東大前-池ノ上-下北沢-新代田-東松原-明大前-永福町-西永福-浜田山-高井戸-富士見ケ丘-久我山-三鷹台-井の頭公園-吉祥寺/,www.stadia-education.com,,,,subpage,発達障害向け,下層展開,1
https://www.stadia-education.com/保護者様の声-東京の勉強が苦手-勉強が嫌いな子のための塾-発達障害-グレーゾーンのための塾-少人数制-個別指導塾-学習支援塾すたでぃあ-asd-adhd-ld-東京-杉並-世田谷-目黒-渋谷-中野-三鷹-渋谷-神泉-駒場東大前-池ノ上-下北沢-新代田-東松原-明大前-永福町-西永福-浜田山-高井戸-富士見ケ丘-久我山-三鷹台-井の頭公園-吉祥寺/,www.stadia-education.com,,,,subpage,発達障害向け,下層展開,1
https://www.stadia-education.com/生徒の成長-東京の勉強が苦手-勉強が嫌いな子のための塾-発達障害-グレーゾーンのための塾-少人数制-個別指導塾-学習支援塾すたでぃあ-asd-adhd-ld-東京-杉並-世田谷-目黒-渋谷-中野-三鷹-渋谷-神泉-駒場東大前-池ノ上-下北沢-新代田-東松原-明大前-永福町-西永福-浜田山-高井戸-富士見ケ丘-久我山-三鷹台-井の頭公園-吉祥寺/,www.stadia-education.com,,,,subpage,発達障害向け,下層展開,1
https://www.stadia-education.com/小学生指導-東京の勉強が苦手-勉強が嫌いな子のための塾-発達障害-グレーゾーンのための塾-少人数制-個別指導塾-学習支援塾すたでぃあ-asd-adhd-ld-東京-杉並-世田谷-目黒-渋谷-中野-三鷹-渋谷-神泉-駒場東大前-池ノ上-下北沢-新代田-東松原-明大前-永福町-西永福-浜田山-高井戸-富士見ケ丘-久我山-三鷹台-井の頭公園-吉祥寺/,www.stadia-education.com,,,,subpage,発達障害向け,下層展開,1
https://www.stadia-education.com/小学生指導-東京の勉強が苦手-勉強が嫌いな子のための塾-発達障害-グレーゾーンのための塾-少人数制-個別指導塾-学習支援塾すたでぃあ-asd-adhd-ld-東京-杉並-世田谷-目黒-渋谷-中野-三鷹-渋谷-神泉-駒場東大前-池ノ上-下北沢-新代田-東松原-明大前-永福町-西永福-浜田山-高井戸-富士見ケ丘-久我山-三鷹台-井の頭公園-吉祥寺/指導方法/,www.stadia-education.com,,,,subpage,発達障害向け,下層展開,1
https://www.stadia-education.com/教材紹介-東京の発達障害-グレーゾーン-勉強が嫌い-勉強が苦手な子のための塾-少人数制-個別指導-学習支援塾すたでぃあ/,www.stadia-education.com,,,,subpage,発達障害向け,下層展開,1
https://www.stadia-education.com/中学生指導-東京の勉強が苦手-勉強が嫌いな子のための塾-発達障害-グレーゾーンのための塾-少人数制-個別指導塾-学習支援塾すたでぃあ-asd-adhd-ld-東京-杉並-世田谷-目黒-渋谷-中野-三鷹-渋谷-神泉-駒場東大前-池ノ上-下北沢-新代田-東松原-明大前-永福町-西永福-浜田山-高井戸-富士見ケ丘-久我山-三鷹台-井の頭公園-吉祥寺/,www.stadia-education.com,,,,subpage,発達障害向け,下層展開,1
https://www.stadia-education.com/指導方法-東京の発達障害-グレーゾーン-勉強が嫌い-勉強が苦手な子のための塾-少人数制-個別指導-学習支援塾すたでぃあ/,www.stadia-education.com,,,,subpage,発達障害向け,下層展開,1
https://www.stadia-education.com/ブログ-東京の勉強が苦手-勉強が嫌いな子のための塾-発達障害-グレーゾーンのための塾-少人数制-個別指導塾-学習支援塾すたでぃあ-asd-adhd-ld-東京-杉並-世田谷-目黒-渋谷-中野-三鷹-渋谷-神泉-駒場東大前-池ノ上-下北沢-新代田-東松原-明大前-永福町-西永福-浜田山-高井戸-富士見ケ丘-久我山-三鷹台-井の頭公園-吉祥寺/?tag=tagPlaceholder,www.stadia-education.com,,,,subpage,発達障害向け,下層展開,1
https://www.stadia-education.com/about東京の勉強が苦手-勉強が嫌いな子のための塾-発達障害-グレーゾーンのための塾-少人数制-個別指導塾-学習支援塾すたでぃあ-asd-adhd-ld-東京-杉並-世田谷-目黒-渋谷-中野-三鷹-渋谷-神泉-駒場東大前-池ノ上-下北沢-新代田-東松原-明大前-永福町-西永福-浜田山-高井戸-富士見ケ丘-久我山-三鷹台-井の頭公園-吉祥寺/,www.stadia-education.com,,,,subpage,発達障害向け,下層展開,1
https://life.litalico.jp/hattatsu/,life.litalico.jp,,,,subpage,発達障害向け,下層展開,1
https://life.litalico.jp/hattatsu/seminar_age/,life.litalico.jp,,,,subpage,発達障害向け,下層展開,1
https://life.litalico.jp/hattatsu/seminar_area/,life.litalico.jp,,,,subpage,発達障害向け,下層展開,1
https://life.litalico.jp/hattatsu/seminar_theme/,life.litalico.jp,,,,subpage,発達障害向け,下層展開,1
https://life.litalico.jp/hattatsu/qa/,life.litalico.jp,,,,subpage,発達障害向け,下層展開,1
https://life.litalico.jp/hattatsu/about/,life.litalico.jp,,,,subpage,発達障害向け,下層展開,1
https://life.litalico.jp/hattatsu/developmental_disorder/,life.litalico.jp,,,,subpage,発達障害向け,下層展開,1
https://life.litalico.jp/hattatsu/adhd/,life.litalico.jp,,,,subpage,発達障害向け,下層展開,1
https://life.litalico.jp/hattatsu/asd/,life.litalico.jp,,,,subpage,発達障害向け,下層展開,1
https://life.litalico.jp/hattatsu/greyzone/,life.litalico.jp,,,,subpage,発達障害向け,下層展開,1
https://life.litalico.jp/hattatsu/chiteki/,life.litalico.jp,,,,subpage,発達障害向け,下層展開,1
https://life.litalico.jp/hattatsu/mailmag/,life.litalico.jp,,,,subpage,発達障害向け,下層展開,1
https://www.welbe.co.jp/campus/case/,www.welbe.co.jp,,,,subpage,口コミ・体験談,下層展開,1
https://www.welbe.co.jp/campus/case/genetic.html,www.welbe.co.jp,,,,subpage,口コミ・体験談,下層展開,1
https://www.welbe.co.jp/campus/case/maybe.html,www.welbe.co.jp,,,,subpage,口コミ・体験談,下層展開,1
https://www.welbe.co.jp/campus/case/highschool.html,www.welbe.co.jp,,,,subpage,口コミ・体験談,下層展開,1
https://www.welbe.co.jp/campus/case/college.html,www.welbe.co.jp,,,,subpage,口コミ・体験談,下層展開,1
https://www.welbe.co.jp/campus/case/puberty.html,www.welbe.co.jp,,,,subpage,口コミ・体験談,下層展開,1
https://www.welbe.co.jp/campus/case/similar.html,www.welbe.co.jp,,,,subpage,口コミ・体験談,下層展開,1
https://www.welbe.co.jp/campus/case/intellectual_disability.html,www.welbe.co.jp,,,,subpage,口コミ・体験談,下層展開,1
https://www.welbe.co.jp/campus/selfcheck/,www.welbe.co.jp,,,,subpage,その他,下層展開,1
https://www.welbe.co.jp/campus/selfcheck/page_asd.html,www.welbe.co.jp,,,,subpage,発達障害向け,下層展開,1
https://www.welbe.co.jp/campus/worries/,www.welbe.co.jp,,,,subpage,その他,下層展開,1
https://www.welbe.co.jp/campus/worries/how_to_interact.html,www.welbe.co.jp,,,,subpage,その他,下層展開,1
https://kizuki.or.jp/voice/,kizuki.or.jp,,,,subpage,口コミ・体験談,下層展開,1
https://kizuki.or.jp/courses/,kizuki.or.jp,,,,subpage,その他,下層展開,1
https://kizuki.or.jp/courses/tutor/,kizuki.or.jp,,,,subpage,その他,下層展開,1
https://kizuki.or.jp/questions/,kizuki.or.jp,,,,subpage,FAQ,下層展開,1
https://kizuki.or.jp/blog/,kizuki.or.jp,,,,subpage,コラム,下層展開,1
https://kizuki.or.jp/kizuki-koto-gakuin/,kizuki.or.jp,,,,subpage,その他,下層展開,1
https://kizuki.or.jp/pamphletform/,kizuki.or.jp,,,,subpage,その他,下層展開,1
https://kizuki.or.jp/blog/others/school-counselor/,kizuki.or.jp,,,,subpage,コラム,下層展開,1
https://kizuki.or.jp/blog/corres-school/chs/,kizuki.or.jp,,,,subpage,コラム,下層展開,1
https://kizuki.or.jp/blog/teijisei/nhs-06/,kizuki.or.jp,,,,subpage,コラム,下層展開,1
https://kizuki.or.jp/blog/dd/dd-jhs-entrance-exam/,kizuki.or.jp,,,,subpage,コラム,下層展開,1
https://kizuki.or.jp/blog/dd/dd-hospitable-university/,kizuki.or.jp,,,,subpage,コラム,下層展開,1
https://surala.jp/daysurala/case/,surala.jp,,,,subpage,口コミ・体験談,下層展開,1
https://surala.jp/daysurala/column/,surala.jp,,,,subpage,コラム,下層展開,1
https://surala.jp/daysurala/faq/,surala.jp,,,,subpage,FAQ,下層展開,1
https://surala.jp/column,surala.jp,,,,subpage,コラム,下層展開,1
https://surala.jp/daysurala/column/%e3%80%90%e7%9f%a5%e7%9a%84%e9%9a%9c%e3%81%8c%e3%81%84%e8%80%85%e3%81%8c%e5%a2%97%e5%8a%a0%e3%81%97%e3%81%a6%e3%81%84%e3%82%8b4%e3%81%a4%e3%81%ae%e5%8e%9f%e5%9b%a0%e3%80%91%e9%9a%9c%e3%81%8c%e3%81%84/,surala.jp,,,,subpage,コラム,下層展開,1
https://surala.jp/daysurala/column/after-school-day-service-contact-book/,surala.jp,,,,subpage,コラム,下層展開,1
https://surala.jp/daysurala/column/after-school-day-service-indoor-play/,surala.jp,,,,subpage,コラム,下層展開,1
https://surala.jp/form/student_test/trialentry.php,surala.jp,,,,subpage,無料体験,下層展開,1
https://surala.jp/type/truancy/,surala.jp,,,,subpage,その他,下層展開,1
https://surala.jp/grade/es/,surala.jp,,,,subpage,その他,下層展開,1
https://surala.jp/grade/junior/,surala.jp,,,,subpage,学年向け,下層展開,1
https://surala.jp/grade/high/,surala.jp,,,,subpage,学年向け,下層展開,1
https://www.chamomile.jp/expert-list?category=developmental-disorder,www.chamomile.jp,,,,subpage,その他,下層展開,1
https://hachiojisakura.com/integrated/,hachiojisakura.com,,,,subpage,その他,下層展開,1
https://hachiojisakura.com/jh-exam-course/,hachiojisakura.com,,,,subpage,受験,下層展開,1
https://hachiojisakura.com/h-exam-course/,hachiojisakura.com,,,,subpage,受験,下層展開,1
https://hachiojisakura.com/u-exam-course/,hachiojisakura.com,,,,subpage,受験,下層展開,1
https://hachiojisakura.com/eigojuku/,hachiojisakura.com,,,,subpage,その他,下層展開,1
https://hachiojisakura.com/returnee/,hachiojisakura.com,,,,subpage,その他,下層展開,1
https://hachiojisakura.com/kango/,hachiojisakura.com,,,,subpage,その他,下層展開,1
https://hachiojisakura.com/price/,hachiojisakura.com,,,,subpage,料金,下層展開,1
https://hachiojisakura.com/contact/,hachiojisakura.com,,,,subpage,その他,下層展開,1
https://hachiojisakura.com/support/,hachiojisakura.com,,,,subpage,その他,下層展開,1
https://hachiojisakura.com/faq/,hachiojisakura.com,,,,subpage,FAQ,下層展開,1
https://hachiojisakura.com/english-course-hub/,hachiojisakura.com,,,,subpage,その他,下層展開,1
https://www.with-ac.com/fee/,www.with-ac.com,,,,subpage,料金,下層展開,1
https://www.with-ac.com/faq/,www.with-ac.com,,,,subpage,FAQ,下層展開,1
https://www.with-ac.com/column/,www.with-ac.com,,,,subpage,コラム,下層展開,1
https://www.with-ac.com/column_category/developmental-disorders/,www.with-ac.com,,,,subpage,コラム,下層展開,1
https://www.with-ac.com/column/developmental-disorders-panic-disorder-relationships-children-secondary-disorders-prevention-what-parents-can-do/,www.with-ac.com,,,,subpage,コラム,下層展開,1
https://www.with-ac.com/column/developmental-disorder-cant-stop-solutions/,www.with-ac.com,,,,subpage,コラム,下層展開,1
https://www.with-ac.com/column/autism-what-is-the-crane-phenomenon-differences-from-neurotypical-development-how-to-recognize-it-and-coping-strategies-you-can-try-at-home-an-explanation/,www.with-ac.com,,,,subpage,コラム,下層展開,1
https://www.with-ac.com/column/developmental-disabilities-walking-can-be-changed-child-supporting-walking-methods-points-explanation/,www.with-ac.com,,,,subpage,コラム,下層展開,1
https://www.with-ac.com/column_category/attachment-disorders/,www.with-ac.com,,,,subpage,コラム,下層展開,1
https://www.with-ac.com/column_category/adhd/,www.with-ac.com,,,,subpage,コラム,下層展開,1
https://www.with-ac.com/column_category/asd/,www.with-ac.com,,,,subpage,コラム,下層展開,1
https://www.with-ac.com/column_category/support/,www.with-ac.com,,,,subpage,コラム,下層展開,1
https://tokyo-yagaku.jp/contactus/,tokyo-yagaku.jp,,,,subpage,その他,下層展開,1
https://tokyo-yagaku.jp/achievements/,tokyo-yagaku.jp,,,,subpage,その他,下層展開,1
https://tokyo-yagaku.jp/faq/,tokyo-yagaku.jp,,,,subpage,FAQ,下層展開,1
https://tokyo-yagaku.jp/column/,tokyo-yagaku.jp,,,,subpage,コラム,下層展開,1
https://tokyo-yagaku.jp/column/dd-child-kinds/,tokyo-yagaku.jp,,,,subpage,コラム,下層展開,1
https://tokyo-yagaku.jp/column/dd-students-panic/,tokyo-yagaku.jp,,,,subpage,コラム,下層展開,1
https://tokyo-yagaku.jp/column/futoko-tokureiko/,tokyo-yagaku.jp,,,,subpage,コラム,下層展開,1
https://tokyo-yagaku.jp/column/dd-grayzone-ps/,tokyo-yagaku.jp,,,,subpage,コラム,下層展開,1
https://tokyo-yagaku.jp/introduce/child/,tokyo-yagaku.jp,,,,subpage,発達障害向け,下層展開,1
https://tokyo-yagaku.jp/blog/news/,tokyo-yagaku.jp,,,,subpage,コラム,下層展開,1
https://tokyo-yagaku.jp/futoukou/,tokyo-yagaku.jp,,,,subpage,その他,下層展開,1
https://tokyo-yagaku.jp/pamphletform/,tokyo-yagaku.jp,,,,subpage,その他,下層展開,1
https://yotsuyagakuin-ryoiku.com/hattatsushienshi/,yotsuyagakuin-ryoiku.com,,,,subpage,発達障害向け,下層展開,1
https://yotsuyagakuin-ryoiku.com/lifeskills-trainer/,yotsuyagakuin-ryoiku.com,,,,subpage,その他,下層展開,1
https://kasuga-mental.jp/診断書料金・作成日数/,kasuga-mental.jp,,,,subpage,料金,下層展開,1
https://kasuga-mental.jp/blog/find/,kasuga-mental.jp,,,,subpage,コラム,下層展開,1
https://kasuga-mental.jp/よくあるご質問/,kasuga-mental.jp,,,,subpage,FAQ,下層展開,1
https://kasuga-mental.jp/ADHD（注意欠如・多動症）/,kasuga-mental.jp,,,,subpage,発達障害向け,下層展開,1
https://kasuga-mental.jp/ASD（自閉スペクトラム症）/,kasuga-mental.jp,,,,subpage,発達障害向け,下層展開,1
https://kasuga-mental.jp/blog/062-adult-adhd-vs-asd/,kasuga-mental.jp,,,,subpage,コラム,下層展開,1
https://kasuga-mental.jp/blog/hyperventilation-coping/,kasuga-mental.jp,,,,subpage,コラム,下層展開,1
https://kasuga-mental.jp/blog/when-told-i-want-to-die/,kasuga-mental.jp,,,,subpage,コラム,下層展開,1
https://kasuga-mental.jp/blog/101311/,kasuga-mental.jp,,,,subpage,コラム,下層展開,1
https://kasuga-mental.jp/blog/pmdd-pms-chigai-jusin-guide/,kasuga-mental.jp,,,,subpage,コラム,下層展開,1
https://kasuga-mental.jp/blog/037-ocd-harm-obsession/,kasuga-mental.jp,,,,subpage,コラム,下層展開,1
https://kasuga-mental.jp/blog/,kasuga-mental.jp,,,,subpage,コラム,下層展開,1
https://k-good.net/freetrial,k-good.net,,,,subpage,無料体験,下層展開,1
https://k-good.net/money,k-good.net,,,,subpage,その他,下層展開,1
https://k-good.net/qa,k-good.net,,,,subpage,その他,下層展開,1
https://k-good.net/elementaryteach,k-good.net,,,,subpage,学年向け,下層展開,1
https://k-good.net/middleschoolteach,k-good.net,,,,subpage,その他,下層展開,1
https://k-good.net/highschoolteach,k-good.net,,,,subpage,学年向け,下層展開,1
https://k-good.net/school-refusal,k-good.net,,,,subpage,その他,下層展開,1
https://k-good.net/grade-course-list/course-eslowergrades,k-good.net,,,,subpage,その他,下層展開,1
https://k-good.net/grade-course-list/course-esuppergrades,k-good.net,,,,subpage,その他,下層展開,1
https://k-good.net/grade-course-list/course-jhs1grade,k-good.net,,,,subpage,その他,下層展開,1
https://k-good.net/grade-course-list/course-jhs2grade,k-good.net,,,,subpage,その他,下層展開,1
https://k-good.net/grade-course-list/course-jhs3grade,k-good.net,,,,subpage,その他,下層展開,1
https://pro-megajun.com/shido_total,pro-megajun.com,,,,subpage,その他,下層展開,1
https://pro-megajun.com/courseh,pro-megajun.com,,,,subpage,その他,下層展開,1
https://pro-megajun.com/coursef,pro-megajun.com,,,,subpage,その他,下層展開,1
https://pro-megajun.com/tushin,pro-megajun.com,,,,subpage,その他,下層展開,1
https://pro-megajun.com/plans,pro-megajun.com,,,,subpage,その他,下層展開,1
https://pro-megajun.com/price,pro-megajun.com,,,,subpage,料金,下層展開,1
https://pro-megajun.com/faq,pro-megajun.com,,,,subpage,FAQ,下層展開,1
https://pro-megajun.com/archives/category/topics/topics_hattatsu,pro-megajun.com,,,,subpage,発達障害向け,下層展開,1
https://pro-megajun.com/archives/category/topics/topics_hutoukou,pro-megajun.com,,,,subpage,その他,下層展開,1
https://pro-megajun.com/archives/category/topics/topics_huntouki,pro-megajun.com,,,,subpage,その他,下層展開,1
https://pro-megajun.com/archives/faqs,pro-megajun.com,,,,subpage,FAQ,下層展開,1
https://pro-megajun.com/contact,pro-megajun.com,,,,subpage,その他,下層展開,1
https://www.ypec.ed.jp/feed,www.ypec.ed.jp,,,,subpage,料金,下層展開,1
https://www.dinf.ne.jp/japanese/world/,www.dinf.ne.jp,,,,subpage,発達障害向け,下層展開,1
https://www.dinf.ne.jp/doc/japanese/world/2015dp/2015dp.html,www.dinf.ne.jp,,,,subpage,発達障害向け,下層展開,1
https://www.dinf.ne.jp/japanese/world/escap_decade/,www.dinf.ne.jp,,,,subpage,発達障害向け,下層展開,1
https://www.dinf.ne.jp/japanese/world/cbr/,www.dinf.ne.jp,,,,subpage,発達障害向け,下層展開,1
https://www.dinf.ne.jp/doc/japanese/prompt/wsis.html,www.dinf.ne.jp,,,,subpage,その他,下層展開,1
https://www.dinf.ne.jp/japanese/world/un/,www.dinf.ne.jp,,,,subpage,発達障害向け,下層展開,1
https://www.dinf.ne.jp/japanese/world/topics/,www.dinf.ne.jp,,,,subpage,発達障害向け,下層展開,1
https://www.dinf.ne.jp/japanese/world/country-information/,www.dinf.ne.jp,,,,subpage,発達障害向け,下層展開,1
https://www.dinf.ne.jp/japanese/world/ri/,www.dinf.ne.jp,,,,subpage,発達障害向け,下層展開,1
https://www.dinf.ne.jp/japanese/world/asia/,www.dinf.ne.jp,,,,subpage,発達障害向け,下層展開,1
https://www.dinf.ne.jp/doc/japanese/access/yuniko.html,www.dinf.ne.jp,,,,subpage,その他,下層展開,1
https://www.dinf.ne.jp/japanese/resource/mental/,www.dinf.ne.jp,,,,subpage,その他,下層展開,1
https://sapporo.wako-psy-clinic.com/blog,sapporo.wako-psy-clinic.com,,,,subpage,コラム,下層展開,1
https://tokushi-tobira.jp/casestudy.html,tokushi-tobira.jp,,,,subpage,口コミ・体験談,下層展開,1
https://tokushi-tobira.jp/casestudy/008.html,tokushi-tobira.jp,,,,subpage,口コミ・体験談,下層展開,1
https://tokushi-tobira.jp/casestudy/010.html,tokushi-tobira.jp,,,,subpage,口コミ・体験談,下層展開,1
https://tokushi-tobira.jp/casestudy/001.html,tokushi-tobira.jp,,,,subpage,口コミ・体験談,下層展開,1
https://tokushi-tobira.jp/casestudy/002.html,tokushi-tobira.jp,,,,subpage,口コミ・体験談,下層展開,1
https://tokushi-tobira.jp/casestudy/003.html,tokushi-tobira.jp,,,,subpage,口コミ・体験談,下層展開,1
https://tokushi-tobira.jp/casestudy/004.html,tokushi-tobira.jp,,,,subpage,口コミ・体験談,下層展開,1
https://tokushi-tobira.jp/casestudy/005.html,tokushi-tobira.jp,,,,subpage,口コミ・体験談,下層展開,1
https://tokushi-tobira.jp/casestudy/006.html,tokushi-tobira.jp,,,,subpage,口コミ・体験談,下層展開,1
https://tokushi-tobira.jp/casestudy/007.html,tokushi-tobira.jp,,,,subpage,口コミ・体験談,下層展開,1
https://tokushi-tobira.jp/special.html,tokushi-tobira.jp,,,,subpage,その他,下層展開,1
https://studiosora.jp/column/,studiosora.jp,,,,subpage,コラム,下層展開,1
https://studiosora.jp/column/3506/,studiosora.jp,,,,subpage,コラム,下層展開,1
https://studiosora.jp/column/1904/,studiosora.jp,,,,subpage,コラム,下層展開,1
https://studiosora.jp/columns/special/,studiosora.jp,,,,subpage,コラム,下層展開,1
https://studiosora.jp/column/category/care/,studiosora.jp,,,,subpage,コラム,下層展開,1
https://studiosora.jp/column/4092/,studiosora.jp,,,,subpage,コラム,下層展開,1
https://studiosora.jp/column/category/studio/,studiosora.jp,,,,subpage,コラム,下層展開,1
https://studiosora.jp/column/4126/,studiosora.jp,,,,subpage,コラム,下層展開,1
https://studiosora.jp/column/4098/,studiosora.jp,,,,subpage,コラム,下層展開,1
https://studiosora.jp/column/4110/,studiosora.jp,,,,subpage,コラム,下層展開,1
https://studiosora.jp/column/4048/,studiosora.jp,,,,subpage,コラム,下層展開,1
https://studiosora.jp/column/4079/,studiosora.jp,,,,subpage,コラム,下層展開,1
https://seigakusha.net/course-fee/,seigakusha.net,,,,subpage,料金,下層展開,1
https://seigakusha.net/elementary/,seigakusha.net,,,,subpage,学年向け,下層展開,1
https://seigakusha.net/jr-high/,seigakusha.net,,,,subpage,学年向け,下層展開,1
https://seigakusha.net/high/,seigakusha.net,,,,subpage,学年向け,下層展開,1
https://seigakusha.net/pass/,seigakusha.net,,,,subpage,その他,下層展開,1
https://seigakusha.net/%e9%ab%98%e6%a0%a1%e7%94%9f%e3%81%ae%e8%8b%b1%e6%a4%9c%e5%8f%97%e9%a8%93142%e4%b8%87%e4%ba%ba%e3%80%82%e5%a1%be%e9%95%b7%e3%81%8c%e3%80%8c2%e7%b4%9a%e3%81%af%e6%97%a9%e3%81%8f%e5%8f%96%e3%81%a3/,seigakusha.net,,,,subpage,その他,下層展開,1
https://seigakusha.net/voice/,seigakusha.net,,,,subpage,口コミ・体験談,下層展開,1
https://seigakusha.net/category/daigaku/,seigakusha.net,,,,subpage,その他,下層展開,1
https://seigakusha.net/category/parents-info/,seigakusha.net,,,,subpage,その他,下層展開,1
https://seigakusha.net/category/koukou/,seigakusha.net,,,,subpage,その他,下層展開,1
https://seigakusha.net/mail/,seigakusha.net,,,,subpage,その他,下層展開,1
https://j-shinrikensa.jp/menu-child/,j-shinrikensa.jp,,,,subpage,発達障害向け,下層展開,1
https://j-shinrikensa.jp/childmenu/,j-shinrikensa.jp,,,,subpage,発達障害向け,下層展開,1
https://j-shinrikensa.jp/menu-child/ninchi-gakushu/,j-shinrikensa.jp,,,,subpage,発達障害向け,下層展開,1
https://j-shinrikensa.jp/menu-adult/hattatsu/,j-shinrikensa.jp,,,,subpage,発達障害向け,下層展開,1
https://j-shinrikensa.jp/menu-child/child-hattatsu/,j-shinrikensa.jp,,,,subpage,発達障害向け,下層展開,1
https://j-shinrikensa.jp/menu-child/shinsoushinri/,j-shinrikensa.jp,,,,subpage,発達障害向け,下層展開,1
https://j-shinrikensa.jp/menu-child/wisc5/,j-shinrikensa.jp,,,,subpage,発達障害向け,下層展開,1
https://j-shinrikensa.jp/menu-child/yomikaki/,j-shinrikensa.jp,,,,subpage,発達障害向け,下層展開,1
https://j-shinrikensa.jp/menu-adult/,j-shinrikensa.jp,,,,subpage,その他,下層展開,1
https://npo-edge.jp/support/,npo-edge.jp,,,,subpage,その他,下層展開,1
https://npo-edge.jp/support/hattatsu/,npo-edge.jp,,,,subpage,発達障害向け,下層展開,1
https://npo-edge.jp/support0/j-aware/,npo-edge.jp,,,,subpage,その他,下層展開,1
https://npo-edge.jp/support/lsa/,npo-edge.jp,,,,subpage,その他,下層展開,1
https://npo-edge.jp//support-us/,npo-edge.jp,,,,subpage,その他,下層展開,1
https://npo-edge.jp/support0/lsa0/lsa-community/,npo-edge.jp,,,,subpage,その他,下層展開,1
https://npo-edge.jp/category/blog/,npo-edge.jp,,,,subpage,コラム,下層展開,1
https://npo-edge.jp/2025/10/31/edge-support-handbook/,npo-edge.jp,,,,subpage,その他,下層展開,1
https://npo-edge.jp/2026/09/07/hattatsu202603/,npo-edge.jp,,,,subpage,発達障害向け,下層展開,1
https://npo-edge.jp/2026/09/07/%e3%80%9010%e6%9c%883%e6%97%a5%e3%80%91%e8%aa%ad%e3%81%bf%e6%9b%b8%e3%81%8d%e3%81%ae%e6%82%a9%e3%81%bf%e7%84%a1%e6%96%99%e3%82%aa%e3%83%b3%e3%83%a9%e3%82%a4%e3%83%b3%e7%9b%b8%e8%ab%87%e4%bc%9a/,npo-edge.jp,,,,subpage,その他,下層展開,1
https://npo-edge.jp//support/hattatsu/,npo-edge.jp,,,,subpage,発達障害向け,下層展開,1
https://npo-edge.jp//support/yomikaki/,npo-edge.jp,,,,subpage,その他,下層展開,1
https://desc-lab.com/hatsukomyu/,desc-lab.com,,,,subpage,その他,下層展開,1
https://desc-lab.com/development/,desc-lab.com,,,,subpage,その他,下層展開,1
https://desc-lab.com/category/normal/shogaku/,desc-lab.com,,,,subpage,その他,下層展開,1
https://desc-lab.com/category/normal/chugaku/,desc-lab.com,,,,subpage,その他,下層展開,1
https://desc-lab.com/category/normal/futoko/,desc-lab.com,,,,subpage,不登校向け,下層展開,1
https://desc-lab.com/category/hatukomyu/,desc-lab.com,,,,subpage,その他,下層展開,1
https://desc-lab.com/category/normal/grayzone/,desc-lab.com,,,,subpage,その他,下層展開,1
https://desc-lab.com/47907/,desc-lab.com,,,,subpage,その他,下層展開,1
https://desc-lab.com/3831/,desc-lab.com,,,,subpage,その他,下層展開,1
https://desc-lab.com/48715/,desc-lab.com,,,,subpage,その他,下層展開,1
https://desc-lab.com/152283/?kizisita,desc-lab.com,,,,subpage,その他,下層展開,1
https://desc-lab.com/category/feature/real-junior-high-life/,desc-lab.com,,,,subpage,学年向け,下層展開,1
https://www.10000nen.com/media/68446/,www.10000nen.com,,,,subpage,コラム,下層展開,1
https://www.10000nen.com/media/categories/child-care/,www.10000nen.com,,,,subpage,コラム,下層展開,1
https://mizuhara-cl.jp/menu/supports.html,mizuhara-cl.jp,,,,subpage,その他,下層展開,1
https://komachi.yomiuri.co.jp/topics/genre/child/ranking/,komachi.yomiuri.co.jp,,,,subpage,発達障害向け,下層展開,1
https://komachi.yomiuri.co.jp/articles/,komachi.yomiuri.co.jp,,,,subpage,コラム,下層展開,1
https://komachi.yomiuri.co.jp/articles/categories/news/,komachi.yomiuri.co.jp,,,,subpage,コラム,下層展開,1
https://komachi.yomiuri.co.jp/articles/categories/vote/,komachi.yomiuri.co.jp,,,,subpage,コラム,下層展開,1
https://komachi.yomiuri.co.jp/articles/categories/history/,komachi.yomiuri.co.jp,,,,subpage,コラム,下層展開,1
https://komachi.yomiuri.co.jp/articles/categories/awards/,komachi.yomiuri.co.jp,,,,subpage,コラム,下層展開,1
https://komachi.yomiuri.co.jp/articles/categories/info/,komachi.yomiuri.co.jp,,,,subpage,コラム,下層展開,1
https://komachi.yomiuri.co.jp/help/faq/,komachi.yomiuri.co.jp,,,,subpage,FAQ,下層展開,1
https://komachi.yomiuri.co.jp/topics/genre/child/,komachi.yomiuri.co.jp,,,,subpage,発達障害向け,下層展開,1
https://komachi.yomiuri.co.jp/topics/id/883498/,komachi.yomiuri.co.jp,,,,subpage,その他,下層展開,1
https://komachi.yomiuri.co.jp/topics/id/558880/,komachi.yomiuri.co.jp,,,,subpage,その他,下層展開,1
https://komachi.yomiuri.co.jp/topics/id/1251555/,komachi.yomiuri.co.jp,,,,subpage,その他,下層展開,1
https://kidsinfost.net/support-groups/,kidsinfost.net,,,,subpage,その他,下層展開,1
https://kidsinfost.net/schoolchildren/,kidsinfost.net,,,,subpage,発達障害向け,下層展開,1
https://kidsinfost.net/category/column/,kidsinfost.net,,,,subpage,コラム,下層展開,1
https://kidsinfost.net/2026/08/12/support_plan-5/,kidsinfost.net,,,,subpage,その他,下層展開,1
https://kidsinfost.net/2025/05/21/support_plan/,kidsinfost.net,,,,subpage,その他,下層展開,1
https://www.reviewsumtsu-shinhs.com/hsc/,www.reviewsumtsu-shinhs.com,,,,subpage,口コミ・体験談,下層展開,1
https://www.reviewsumtsu-shinhs.com/hsc/hsc-school.html,www.reviewsumtsu-shinhs.com,,,,subpage,口コミ・体験談,下層展開,1
https://www.reviewsumtsu-shinhs.com/protector/,www.reviewsumtsu-shinhs.com,,,,subpage,口コミ・体験談,下層展開,1
https://www.reviewsumtsu-shinhs.com/student/,www.reviewsumtsu-shinhs.com,,,,subpage,口コミ・体験談,下層展開,1
https://www.reviewsumtsu-shinhs.com/teacher/,www.reviewsumtsu-shinhs.com,,,,subpage,口コミ・体験談,下層展開,1
https://www.reviewsumtsu-shinhs.com/guide/course.html,www.reviewsumtsu-shinhs.com,,,,subpage,口コミ・体験談,下層展開,1
https://www.reviewsumtsu-shinhs.com/guide/tsushin_sst.html,www.reviewsumtsu-shinhs.com,,,,subpage,口コミ・体験談,下層展開,1
https://www.reviewsumtsu-shinhs.com/dd-exam/independence.html,www.reviewsumtsu-shinhs.com,,,,subpage,口コミ・体験談,下層展開,1
https://www.reviewsumtsu-shinhs.com/dd-exam/developmental-disorder-interact.html,www.reviewsumtsu-shinhs.com,,,,subpage,口コミ・体験談,下層展開,1
https://www.reviewsumtsu-shinhs.com/dd-exam/school-refusal.html,www.reviewsumtsu-shinhs.com,,,,subpage,口コミ・体験談,下層展開,1
https://www.reviewsumtsu-shinhs.com/dd-exam/dd-kinds.html,www.reviewsumtsu-shinhs.com,,,,subpage,口コミ・体験談,下層展開,1
https://www.reviewsumtsu-shinhs.com/dd-exam/choose-highschool.html,www.reviewsumtsu-shinhs.com,,,,subpage,口コミ・体験談,下層展開,1
https://re-gakuin.com/school_refusal/,re-gakuin.com,,,,subpage,その他,下層展開,1
https://re-gakuin.com/service/,re-gakuin.com,,,,subpage,その他,下層展開,1
https://re-gakuin.com/rebalance/,re-gakuin.com,,,,subpage,その他,下層展開,1
https://re-gakuin.com/ai_test/,re-gakuin.com,,,,subpage,その他,下層展開,1
https://re-gakuin.com/fee/,re-gakuin.com,,,,subpage,料金,下層展開,1
https://re-gakuin.com/faq/,re-gakuin.com,,,,subpage,FAQ,下層展開,1
https://re-gakuin.com/achievements/,re-gakuin.com,,,,subpage,その他,下層展開,1
https://re-gakuin.com/column/,re-gakuin.com,,,,subpage,コラム,下層展開,1
https://re-gakuin.com/inquiry/,re-gakuin.com,,,,subpage,その他,下層展開,1
https://www.teensmoon.com/faq/,www.teensmoon.com,,,,subpage,FAQ,下層展開,1
https://www.teensmoon.com/about/primary-program/,www.teensmoon.com,,,,subpage,その他,下層展開,1
https://www.teensmoon.com/about/junior-program/,www.teensmoon.com,,,,subpage,学年向け,下層展開,1
https://www.teensmoon.com/about/high-program/,www.teensmoon.com,,,,subpage,学年向け,下層展開,1
https://www.teensmoon.com/flow/formi/,www.teensmoon.com,,,,subpage,その他,下層展開,1
https://www.teensmoon.com/category/reasonable-accommodation/,www.teensmoon.com,,,,subpage,その他,下層展開,1
https://www.teensmoon.com/category/chart/,www.teensmoon.com,,,,subpage,その他,下層展開,1
https://www.teensmoon.com/category/staffblog/,www.teensmoon.com,,,,subpage,コラム,下層展開,1
https://www.teensmoon.com/tag/teenscase,www.teensmoon.com,,,,subpage,口コミ・体験談,下層展開,1
https://www.teensmoon.com/studysupport/student/,www.teensmoon.com,,,,subpage,その他,下層展開,1
https://www.teensmoon.com/staffblog/teens2/,www.teensmoon.com,,,,subpage,コラム,下層展開,1
https://www.teensmoon.com/staffblog/1/,www.teensmoon.com,,,,subpage,コラム,下層展開,1
https://seifukan-gakuin.com/online-course/,seifukan-gakuin.com,,,,subpage,その他,下層展開,1
https://seifukan-gakuin.com/category/voices/,seifukan-gakuin.com,,,,subpage,口コミ・体験談,下層展開,1
https://seifukan-gakuin.com/results/,seifukan-gakuin.com,,,,subpage,その他,下層展開,1
https://seifukan-gakuin.com/contact/,seifukan-gakuin.com,,,,subpage,その他,下層展開,1
https://seifukan-gakuin.com/open-school/program/brochure/,seifukan-gakuin.com,,,,subpage,その他,下層展開,1
https://seifukan-gakuin.com/category/tsushinsei-koko/ld/,seifukan-gakuin.com,,,,subpage,発達障害向け,下層展開,1
https://seifukan-gakuin.com/ld-shindan/,seifukan-gakuin.com,,,,subpage,発達障害向け,下層展開,1
https://seifukan-gakuin.com/ld-work/,seifukan-gakuin.com,,,,subpage,発達障害向け,下層展開,1
https://seifukan-gakuin.com/ld-how/,seifukan-gakuin.com,,,,subpage,発達障害向け,下層展開,1
https://seifukan-gakuin.com/ld-study/,seifukan-gakuin.com,,,,subpage,発達障害向け,下層展開,1
https://seifukan-gakuin.com/ld-joshi/,seifukan-gakuin.com,,,,subpage,発達障害向け,下層展開,1
https://seifukan-gakuin.com/hyogo-tsushinsei-high-school/,seifukan-gakuin.com,,,,subpage,学年向け,下層展開,1
https://hanatanijuku.com/blog/,hanatanijuku.com,,,,subpage,コラム,下層展開,1
https://hanatanijuku.com/contact/,hanatanijuku.com,,,,subpage,その他,下層展開,1
https://hanatanijuku.com/category/%e4%b8%ad%e5%ad%a6%e6%a0%a1/,hanatanijuku.com,,,,subpage,その他,下層展開,1
https://hanatanijuku.com/category/%e7%99%ba%e9%81%94%e9%9a%9c%e5%ae%b3/,hanatanijuku.com,,,,subpage,その他,下層展開,1
https://hanatanijuku.com/intellectual-disability-and-coexistence-promotion-classroom/,hanatanijuku.com,,,,subpage,その他,下層展開,1
https://hanatanijuku.com/osaka-prefectura-high-school-empowerment-school-and-step-school/,hanatanijuku.com,,,,subpage,学年向け,下層展開,1
https://hanatanijuku.com/special-needs-education/,hanatanijuku.com,,,,subpage,その他,下層展開,1
https://hanatanijuku.com/reasonable-accommodation/,hanatanijuku.com,,,,subpage,その他,下層展開,1
https://hanatanijuku.com/tag/%e7%99%ba%e9%81%94%e9%9a%9c%e5%ae%b3/,hanatanijuku.com,,,,subpage,その他,下層展開,1
https://hanatanijuku.com/what-is-a-learning-disability-find-support/,hanatanijuku.com,,,,subpage,その他,下層展開,1
https://hanatanijuku.com/resource-based-instruction-in-high-schools-in-osaka-prefecture/,hanatanijuku.com,,,,subpage,学年向け,下層展開,1
https://hanatanijuku.com/how-to-choose-a-middle-school/,hanatanijuku.com,,,,subpage,その他,下層展開,1
https://highschool.kohgakusha.com/about/convey1/,highschool.kohgakusha.com,,,,subpage,学年向け,下層展開,1
https://highschool.kohgakusha.com/about/column/,highschool.kohgakusha.com,,,,subpage,コラム,下層展開,1
https://highschool.kohgakusha.com/about/clm3/,highschool.kohgakusha.com,,,,subpage,学年向け,下層展開,1
https://highschool.kohgakusha.com/category/blog/,highschool.kohgakusha.com,,,,subpage,コラム,下層展開,1
https://highschool.kohgakusha.com/truancy/,highschool.kohgakusha.com,,,,subpage,学年向け,下層展開,1
https://highschool.kohgakusha.com/faq/,highschool.kohgakusha.com,,,,subpage,FAQ,下層展開,1
https://highschool.kohgakusha.com/faq,highschool.kohgakusha.com,,,,subpage,FAQ,下層展開,1
https://highschool.kohgakusha.com/about/convey1,highschool.kohgakusha.com,,,,subpage,学年向け,下層展開,1
https://highschool.kohgakusha.com/2026/08/14/%e3%81%be%e3%82%82%e3%81%aa%e3%81%8f%e5%8f%97%e4%bb%98%e7%b5%82%e4%ba%86%ef%bc%9a%e3%82%aa%e3%83%bc%e3%83%97%e3%83%b3%e3%82%ad%e3%83%a3%e3%83%b3%e3%83%91%e3%82%b98-15%e5%9c%9f%e8%ac%8e%e8%a7%a3/,highschool.kohgakusha.com,,,,subpage,学年向け,下層展開,1
https://highschool.kohgakusha.com/2026/09/25/high-school-want-to-quit-parent/,highschool.kohgakusha.com,,,,subpage,学年向け,下層展開,1
https://highschool.kohgakusha.com/2026/09/25/high-school-leave-of-absence/,highschool.kohgakusha.com,,,,subpage,学年向け,下層展開,1
https://highschool.kohgakusha.com/category/blog,highschool.kohgakusha.com,,,,subpage,コラム,下層展開,1
https://branchkids.jp/articles,branchkids.jp,,,,subpage,コラム,下層展開,1
https://branchkids.jp/voice,branchkids.jp,,,,subpage,口コミ・体験談,下層展開,1
https://branchkids.jp/faq,branchkids.jp,,,,subpage,FAQ,下層展開,1
https://branchkids.jp/lp/community,branchkids.jp,,,,subpage,その他,下層展開,1
https://branchkids.jp/articles/b254,branchkids.jp,,,,subpage,コラム,下層展開,1
https://branchkids.jp/services/community-for-children,branchkids.jp,,,,subpage,発達障害向け,下層展開,1
https://branchkids.jp/services/support,branchkids.jp,,,,subpage,その他,下層展開,1
https://branchkids.jp/articles/podcast-ohayou01,branchkids.jp,,,,subpage,コラム,下層展開,1
https://branchkids.jp/articles/podcast-ohayou02,branchkids.jp,,,,subpage,コラム,下層展開,1
https://branchkids.jp/articles/podcast-ohayou03,branchkids.jp,,,,subpage,コラム,下層展開,1
https://branchkids.jp/articles/podcast53,branchkids.jp,,,,subpage,コラム,下層展開,1
https://branchkids.jp/articles/podcast52,branchkids.jp,,,,subpage,コラム,下層展開,1
https://katekyo.jp/question.php,katekyo.jp,,,,subpage,FAQ,下層展開,1
https://katekyo.jp/article/,katekyo.jp,,,,subpage,コラム,下層展開,1
https://katekyo.jp/special/for-adults.php,katekyo.jp,,,,subpage,その他,下層展開,1
https://katekyo.jp/diagnose.php,katekyo.jp,,,,subpage,その他,下層展開,1
https://katekyo.jp/50094/,katekyo.jp,,,,subpage,その他,下層展開,1
https://katekyo.jp/search.php?mr=10&sc[e_ary_tag_group][]=1,katekyo.jp,,,,subpage,その他,下層展開,1
https://katekyo.jp/search.php?mr=10&sc[e_ary_tag_group][]=4,katekyo.jp,,,,subpage,その他,下層展開,1
https://katekyo.jp/special/special02.php,katekyo.jp,,,,subpage,その他,下層展開,1
https://katekyo.jp/special/special04.php,katekyo.jp,,,,subpage,その他,下層展開,1
https://katekyo.jp/50009/,katekyo.jp,,,,subpage,その他,下層展開,1
https://katekyo.jp/article/article01.php,katekyo.jp,,,,subpage,コラム,下層展開,1
https://katekyo.jp/article/article02.php,katekyo.jp,,,,subpage,コラム,下層展開,1
https://ninkyou.jp/faq/,ninkyou.jp,,,,subpage,FAQ,下層展開,1
https://ninkyou.jp/results-treatment/,ninkyou.jp,,,,subpage,その他,下層展開,1
https://ninkyou.jp/results-school/,ninkyou.jp,,,,subpage,その他,下層展開,1
https://ninkyou.jp/wp/512/,ninkyou.jp,,,,subpage,その他,下層展開,1
https://ninkyou.jp/wp/483/,ninkyou.jp,,,,subpage,その他,下層展開,1
https://ninkyou.jp/wp/476/,ninkyou.jp,,,,subpage,その他,下層展開,1
https://ninkyou.jp/wp/445/,ninkyou.jp,,,,subpage,その他,下層展開,1
https://juku.ameba.jp/article/,juku.ameba.jp,,,,subpage,コラム,下層展開,1
https://juku.ameba.jp/yobiko/article/,juku.ameba.jp,,,,subpage,コラム,下層展開,1
https://juku.ameba.jp/kateikyoushi/article/,juku.ameba.jp,,,,subpage,コラム,下層展開,1
https://juku.ameba.jp/onlinejuku/article/,juku.ameba.jp,,,,subpage,コラム,下層展開,1
https://juku.ameba.jp/lessons/article/,juku.ameba.jp,,,,subpage,コラム,下層展開,1
https://juku.ameba.jp/study/article/,juku.ameba.jp,,,,subpage,コラム,下層展開,1
https://juku.ameba.jp/interviews-surveys/article/,juku.ameba.jp,,,,subpage,コラム,下層展開,1
https://juku.ameba.jp/review/,juku.ameba.jp,,,,subpage,口コミ・体験談,下層展開,1
https://juku.ameba.jp/yobiko/review/,juku.ameba.jp,,,,subpage,口コミ・体験談,下層展開,1
https://juku.ameba.jp/kateikyoushi/review/,juku.ameba.jp,,,,subpage,口コミ・体験談,下層展開,1
https://juku.ameba.jp/onlinejuku/review/,juku.ameba.jp,,,,subpage,口コミ・体験談,下層展開,1
https://juku.ameba.jp/tsushinkyoiku/review/,juku.ameba.jp,,,,subpage,口コミ・体験談,下層展開,1
https://www.shingaku-fs.jp/briefings/new_abtest_contents_insert,www.shingaku-fs.jp,,,,subpage,その他,下層展開,1
https://www.shingaku-fs.jp/pamphlet/new_abtest_contents_insert,www.shingaku-fs.jp,,,,subpage,その他,下層展開,1
https://www.shingaku-fs.jp/price,www.shingaku-fs.jp,,,,subpage,料金,下層展開,1
https://www.shingaku-fs.jp/faq,www.shingaku-fs.jp,,,,subpage,FAQ,下層展開,1
https://www.shingaku-fs.jp/graduate/8,www.shingaku-fs.jp,,,,subpage,その他,下層展開,1
https://www.shingaku-fs.jp/graduate/7,www.shingaku-fs.jp,,,,subpage,その他,下層展開,1
https://www.shingaku-fs.jp/graduate/6,www.shingaku-fs.jp,,,,subpage,その他,下層展開,1
https://www.shingaku-fs.jp/graduate/5,www.shingaku-fs.jp,,,,subpage,その他,下層展開,1
https://www.shingaku-fs.jp/graduate/3,www.shingaku-fs.jp,,,,subpage,その他,下層展開,1
https://www.shingaku-fs.jp/graduate/2,www.shingaku-fs.jp,,,,subpage,その他,下層展開,1
https://www.shingaku-fs.jp/graduate/1,www.shingaku-fs.jp,,,,subpage,その他,下層展開,1
https://www.shingaku-fs.jp/news/1,www.shingaku-fs.jp,,,,subpage,その他,下層展開,1
https://www.willschool.net/course/class_introduction/,www.willschool.net,,,,subpage,その他,下層展開,1
https://www.willschool.net/about/results/,www.willschool.net,,,,subpage,その他,下層展開,1
https://www.willschool.net/about/results/next_stage/,www.willschool.net,,,,subpage,その他,下層展開,1
https://www.willschool.net/school/middle/attendance/,www.willschool.net,,,,subpage,その他,下層展開,1
https://www.willschool.net/school/elementary/,www.willschool.net,,,,subpage,学年向け,下層展開,1
https://www.willschool.net/school/high/,www.willschool.net,,,,subpage,学年向け,下層展開,1
https://www.willschool.net/course/,www.willschool.net,,,,subpage,その他,下層展開,1
https://www.willschool.net/course/comprehensive/,www.willschool.net,,,,subpage,その他,下層展開,1
https://www.willschool.net/course/elective/,www.willschool.net,,,,subpage,その他,下層展開,1
https://www.willschool.net/course/special_selection/,www.willschool.net,,,,subpage,その他,下層展開,1
https://www.willschool.net/course/home/,www.willschool.net,,,,subpage,その他,下層展開,1
https://www.willschool.net/course/elementaryschool/,www.willschool.net,,,,subpage,学年向け,下層展開,1
https://hattatsu-kids.com/?page_id=1567,hattatsu-kids.com,,,,subpage,発達障害向け,下層展開,1
https://hattatsu-kids.com/?p=7059,hattatsu-kids.com,,,,subpage,発達障害向け,下層展開,1
https://hattatsu-kids.com/?p=7040,hattatsu-kids.com,,,,subpage,発達障害向け,下層展開,1
https://hattatsu-kids.com/?p=7032,hattatsu-kids.com,,,,subpage,発達障害向け,下層展開,1
https://hattatsu-kids.com/?p=7021,hattatsu-kids.com,,,,subpage,発達障害向け,下層展開,1
https://hattatsu-kids.com/?p=7007,hattatsu-kids.com,,,,subpage,発達障害向け,下層展開,1
https://hattatsu-kids.com/?p=6998,hattatsu-kids.com,,,,subpage,発達障害向け,下層展開,1
https://hattatsu-kids.com/?p=6987,hattatsu-kids.com,,,,subpage,発達障害向け,下層展開,1
https://hattatsu-kids.com/?p=6977,hattatsu-kids.com,,,,subpage,発達障害向け,下層展開,1
https://hattatsu-kids.com/?p=6969,hattatsu-kids.com,,,,subpage,発達障害向け,下層展開,1
https://hattatsu-kids.com/?cat=10,hattatsu-kids.com,,,,subpage,発達障害向け,下層展開,1
https://hattatsu-kids.com/?cat=7,hattatsu-kids.com,,,,subpage,発達障害向け,下層展開,1
https://woman.excite.co.jp/child/,woman.excite.co.jp,,,,subpage,発達障害向け,下層展開,1
https://woman.excite.co.jp/article/lifestyle/rid_E1754030673167/,woman.excite.co.jp,,,,subpage,コラム,下層展開,1
https://woman.excite.co.jp/article/lifestyle/rid_E178953728873306/,woman.excite.co.jp,,,,subpage,コラム,下層展開,1
https://woman.excite.co.jp/article/lifestyle/sum_E178943945073303/,woman.excite.co.jp,,,,subpage,コラム,下層展開,1
https://woman.excite.co.jp/article/lifestyle/,woman.excite.co.jp,,,,subpage,コラム,下層展開,1
https://woman.excite.co.jp/article/lifestyle/sum_E1788846566461/,woman.excite.co.jp,,,,subpage,コラム,下層展開,1
https://woman.excite.co.jp/article/lifestyle/sum_E178970103823212/,woman.excite.co.jp,,,,subpage,コラム,下層展開,1
https://woman.excite.co.jp/article/lifestyle/sum_E178477629217298/,woman.excite.co.jp,,,,subpage,コラム,下層展開,1
https://woman.excite.co.jp/article/lifestyle/sum_E178746240999849/,woman.excite.co.jp,,,,subpage,コラム,下層展開,1
https://woman.excite.co.jp/article/lifestyle/sum_E1787822167461/,woman.excite.co.jp,,,,subpage,コラム,下層展開,1
https://woman.excite.co.jp/article/lifestyle/sum_E178953728873310/,woman.excite.co.jp,,,,subpage,コラム,下層展開,1
https://woman.excite.co.jp/article/lifestyle/sum_E178754486573359/,woman.excite.co.jp,,,,subpage,コラム,下層展開,1
https://www.inter-edu.com/schools,www.inter-edu.com,,,,subpage,その他,下層展開,1
https://www.inter-edu.com/special/,www.inter-edu.com,,,,subpage,その他,下層展開,1
https://www.inter-edu.com/campaign/join/,www.inter-edu.com,,,,subpage,その他,下層展開,1
https://www.inter-edu.com/edunavi/juken/,www.inter-edu.com,,,,subpage,その他,下層展開,1
"https://www.inter-edu.com/forum/read.php?2,7825568",www.inter-edu.com,,,,subpage,その他,下層展開,1
"https://www.inter-edu.com/forum/read.php?104,7423346",www.inter-edu.com,,,,subpage,その他,下層展開,1
"https://www.inter-edu.com/forum/read.php?104,6688443",www.inter-edu.com,,,,subpage,その他,下層展開,1
"https://www.inter-edu.com/forum/read.php?1630,2812725",www.inter-edu.com,,,,subpage,その他,下層展開,1
"https://www.inter-edu.com/forum/read.php?211,7659584",www.inter-edu.com,,,,subpage,その他,下層展開,1
"https://www.inter-edu.com/forum/read.php?211,5370145",www.inter-edu.com,,,,subpage,その他,下層展開,1
"https://www.inter-edu.com/forum/read.php?221,7708478",www.inter-edu.com,,,,subpage,その他,下層展開,1
"https://www.inter-edu.com/forum/read.php?4,7493539",www.inter-edu.com,,,,subpage,その他,下層展開,1
https://www.kame.co.jp/course/truancy/,www.kame.co.jp,,,,subpage,その他,下層展開,1
https://www.kame.co.jp/course/pro/,www.kame.co.jp,,,,subpage,その他,下層展開,1
https://www.kame.co.jp/course/infant/infant.html,www.kame.co.jp,,,,subpage,その他,下層展開,1
https://www.kame.co.jp/course/elementary/elementary.html,www.kame.co.jp,,,,subpage,学年向け,下層展開,1
https://www.kame.co.jp/course/private/,www.kame.co.jp,,,,subpage,その他,下層展開,1
https://www.kame.co.jp/course/middle/middle.html,www.kame.co.jp,,,,subpage,その他,下層展開,1
https://www.kame.co.jp/course/high/high.html,www.kame.co.jp,,,,subpage,学年向け,下層展開,1
https://www.kame.co.jp/course/graduate/,www.kame.co.jp,,,,subpage,その他,下層展開,1
https://www.kame.co.jp/online-service/,www.kame.co.jp,,,,subpage,その他,下層展開,1
https://www.kame.co.jp/price/,www.kame.co.jp,,,,subpage,料金,下層展開,1
https://www.kame.co.jp/experiences/,www.kame.co.jp,,,,subpage,その他,下層展開,1
https://www.kame.co.jp/feature/result.html,www.kame.co.jp,,,,subpage,その他,下層展開,1
https://www.tos-kc.com/contact,www.tos-kc.com,,,,subpage,その他,下層展開,1
https://www.tos-kc.com,www.tos-kc.com,,,,subpage,トップ,下層展開,1
https://www.tos-kc.com/question,www.tos-kc.com,,,,subpage,FAQ,下層展開,1
https://www.tos-kc.com/guidance,www.tos-kc.com,,,,subpage,その他,下層展開,1
https://lifedesign-edu.jp/category/about-tyuugakujuken/,lifedesign-edu.jp,,,,subpage,その他,下層展開,1
https://lifedesign-edu.jp/home-teacher-4-selection/,lifedesign-edu.jp,,,,subpage,その他,下層展開,1
https://lifedesign-edu.jp/juken-syougaku-online-tutor/,lifedesign-edu.jp,,,,subpage,その他,下層展開,1
https://lifedesign-edu.jp/chugakujuken-kobetsu/,lifedesign-edu.jp,,,,subpage,その他,下層展開,1
https://lifedesign-edu.jp/6nen-juku-yameru/,lifedesign-edu.jp,,,,subpage,その他,下層展開,1
https://lifedesign-edu.jp/kobetsu-ss-1-hyouban/,lifedesign-edu.jp,,,,subpage,その他,下層展開,1
https://lifedesign-edu.jp/lower-grades/,lifedesign-edu.jp,,,,subpage,その他,下層展開,1
https://lifedesign-edu.jp/kansai-school-hensachiranking/,lifedesign-edu.jp,,,,subpage,その他,下層展開,1
https://lifedesign-edu.jp/kansai-school-hensachi-2026/,lifedesign-edu.jp,,,,subpage,その他,下層展開,1
https://lifedesign-edu.jp/chiba-school-hensachi/,lifedesign-edu.jp,,,,subpage,その他,下層展開,1
https://lifedesign-edu.jp/chiba-hensachi-2026/,lifedesign-edu.jp,,,,subpage,その他,下層展開,1
https://lifedesign-edu.jp/tokyo-school-hensachiranking/,lifedesign-edu.jp,,,,subpage,その他,下層展開,1
https://www.iku-den.co.jp/blog/,www.iku-den.co.jp,,,,subpage,コラム,下層展開,1
https://www.iku-den.co.jp/details/16250/,www.iku-den.co.jp,,,,subpage,その他,下層展開,1
https://www.iku-den.co.jp/details/16046/,www.iku-den.co.jp,,,,subpage,その他,下層展開,1
https://www.iku-den.co.jp/blog/vision/,www.iku-den.co.jp,,,,subpage,コラム,下層展開,1
https://www.iku-den.co.jp/jihatsu/tokyo/,www.iku-den.co.jp,,,,subpage,その他,下層展開,1
https://www.iku-den.co.jp/support/tokyo/,www.iku-den.co.jp,,,,subpage,その他,下層展開,1
https://www.iku-den.co.jp/blog/individual/,www.iku-den.co.jp,,,,subpage,コラム,下層展開,1
https://www.iku-den.co.jp/blog/group/,www.iku-den.co.jp,,,,subpage,コラム,下層展開,1
https://www.iku-den.co.jp/jihatsu/,www.iku-den.co.jp,,,,subpage,その他,下層展開,1
https://www.iku-den.co.jp/support/,www.iku-den.co.jp,,,,subpage,その他,下層展開,1
https://www.iku-den.co.jp/support/hokkaido/,www.iku-den.co.jp,,,,subpage,その他,下層展開,1
https://www.iku-den.co.jp/support/aomori/,www.iku-den.co.jp,,,,subpage,その他,下層展開,1
https://www.alc.co.jp/2026/07/30/1930,www.alc.co.jp,,,,subpage,その他,下層展開,1
https://www.alc.co.jp/2026/07/08/1886,www.alc.co.jp,,,,subpage,その他,下層展開,1
https://kateikyoushi.kuraveil.jp/bbs,kateikyoushi.kuraveil.jp,,,,subpage,その他,下層展開,1
https://kateikyoushi.kuraveil.jp/column_882,kateikyoushi.kuraveil.jp,,,,subpage,コラム,下層展開,1
https://kateikyoushi.kuraveil.jp/column_813,kateikyoushi.kuraveil.jp,,,,subpage,コラム,下層展開,1
https://kateikyoushi.kuraveil.jp/common/faq,kateikyoushi.kuraveil.jp,,,,subpage,FAQ,下層展開,1
https://kateikyoushi.kuraveil.jp/column_830,kateikyoushi.kuraveil.jp,,,,subpage,コラム,下層展開,1
https://kateikyoushi.kuraveil.jp/column_754,kateikyoushi.kuraveil.jp,,,,subpage,コラム,下層展開,1
https://kateikyoushi.kuraveil.jp/column_756,kateikyoushi.kuraveil.jp,,,,subpage,コラム,下層展開,1
https://kateikyoushi.kuraveil.jp/column_814,kateikyoushi.kuraveil.jp,,,,subpage,コラム,下層展開,1
https://kateikyoushi.kuraveil.jp/column_766,kateikyoushi.kuraveil.jp,,,,subpage,コラム,下層展開,1
https://kateikyoushi.kuraveil.jp/column_817,kateikyoushi.kuraveil.jp,,,,subpage,コラム,下層展開,1
https://kateikyoushi.kuraveil.jp/column_819,kateikyoushi.kuraveil.jp,,,,subpage,コラム,下層展開,1
https://kateikyoushi.kuraveil.jp/center_26,kateikyoushi.kuraveil.jp,,,,subpage,その他,下層展開,1
https://up-seiseki.jp/media/tutor/,up-seiseki.jp,,,,subpage,コラム,下層展開,1
https://up-seiseki.jp/media/cramschool-online-cost/,up-seiseki.jp,,,,subpage,料金,下層展開,1
https://happy-funsite.com/%e7%99%ba%e9%81%94%e9%9a%9c%e5%ae%b3%e3%81%ab%e3%81%a4%e3%81%84%e3%81%a6%e7%9f%a5%e3%82%8d%e3%81%86,happy-funsite.com,,,,subpage,その他,下層展開,1
https://happy-funsite.com/adhd%e3%81%ae%e5%ad%90%e3%81%a9%e3%82%82,happy-funsite.com,,,,subpage,発達障害向け,下層展開,1
https://happy-funsite.com/%e5%ad%a6%e7%bf%92%e9%9a%9c%e5%ae%b3-ld-%e3%81%ae%e5%ad%90%e3%81%a9%e3%82%82,happy-funsite.com,,,,subpage,発達障害向け,下層展開,1
https://happy-funsite.com/%e8%87%aa%e9%96%89%e7%97%87%e3%82%b9%e3%83%9a%e3%82%af%e3%83%88%e3%83%a9%e3%83%a0%e9%9a%9c%e5%ae%b3%e3%81%ae%e5%ad%90%e3%81%a9%e3%82%82,happy-funsite.com,,,,subpage,その他,下層展開,1
https://happy-funsite.com/archives/631,happy-funsite.com,,,,subpage,その他,下層展開,1
https://happy-funsite.com/archives/9961,happy-funsite.com,,,,subpage,その他,下層展開,1
https://happy-funsite.com/archives/9948,happy-funsite.com,,,,subpage,その他,下層展開,1
https://happy-funsite.com/archives/9781,happy-funsite.com,,,,subpage,その他,下層展開,1
https://happy-funsite.com/archives/9817,happy-funsite.com,,,,subpage,その他,下層展開,1
https://happy-funsite.com/archives/9753,happy-funsite.com,,,,subpage,その他,下層展開,1
https://happy-funsite.com/archives/9677,happy-funsite.com,,,,subpage,その他,下層展開,1
https://happy-funsite.com/archives/8882,happy-funsite.com,,,,subpage,その他,下層展開,1
http://paskobetsu.net/pas/futoko.html,paskobetsu.net,,,,subpage,不登校向け,下層展開,1
http://paskobetsu.net/pas/pdd.html,paskobetsu.net,,,,subpage,その他,下層展開,1
http://paskobetsu.net/course/index.html,paskobetsu.net,,,,subpage,その他,下層展開,1
http://paskobetsu.net/faq/index.html,paskobetsu.net,,,,subpage,FAQ,下層展開,1
http://paskobetsu.net/trialform/form.php,paskobetsu.net,,,,subpage,無料体験,下層展開,1
http://paskobetsu.net/about/pddtype.html,paskobetsu.net,,,,subpage,その他,下層展開,1
http://paskobetsu.net/about/f_examination.html,paskobetsu.net,,,,subpage,受験,下層展開,1
https://shuuyale.net/developmental-disorder/,shuuyale.net,,,,subpage,その他,下層展開,1
https://shuuyale.net/articles/,shuuyale.net,,,,subpage,コラム,下層展開,1
https://shuuyale.net/day-price/,shuuyale.net,,,,subpage,料金,下層展開,1
https://shuuyale.net/faq/,shuuyale.net,,,,subpage,FAQ,下層展開,1
https://ibaraki-hoseikai.jp/hinuma/kids,ibaraki-hoseikai.jp,,,,subpage,その他,下層展開,1
https://ibaraki-hoseikai.jp/fillsupport,ibaraki-hoseikai.jp,,,,subpage,その他,下層展開,1
https://ibaraki-hoseikai.jp/hinuma/day,ibaraki-hoseikai.jp,,,,subpage,その他,下層展開,1
https://ibaraki-hoseikai.jp/hinuma,ibaraki-hoseikai.jp,,,,subpage,その他,下層展開,1
https://junior.litalico.jp/course/,junior.litalico.jp,,,,subpage,学年向け,下層展開,1
https://junior.litalico.jp/course/age0-2/,junior.litalico.jp,,,,subpage,学年向け,下層展開,1
https://junior.litalico.jp/course/age3-6/,junior.litalico.jp,,,,subpage,学年向け,下層展開,1
https://junior.litalico.jp/course/lower-grades/,junior.litalico.jp,,,,subpage,学年向け,下層展開,1
https://junior.litalico.jp/course/upper-grades/,junior.litalico.jp,,,,subpage,学年向け,下層展開,1
https://junior.litalico.jp/course/junior-highschool/,junior.litalico.jp,,,,subpage,学年向け,下層展開,1
https://junior.litalico.jp/course/homon-kango/,junior.litalico.jp,,,,subpage,学年向け,下層展開,1
https://junior.litalico.jp/case/,junior.litalico.jp,,,,subpage,口コミ・体験談,下層展開,1
https://junior.litalico.jp/column/,junior.litalico.jp,,,,subpage,コラム,下層展開,1
https://junior.litalico.jp/qa/,junior.litalico.jp,,,,subpage,学年向け,下層展開,1
https://junior.litalico.jp/about/hattatsu/,junior.litalico.jp,,,,subpage,発達障害向け,下層展開,1
https://junior.litalico.jp/about/personal/,junior.litalico.jp,,,,subpage,学年向け,下層展開,1
https://ann-class.com/voice/,ann-class.com,,,,subpage,口コミ・体験談,下層展開,1
https://www.emina-base.com/shotokuclub,www.emina-base.com,,,,subpage,その他,下層展開,1
https://www.emina-base.com/shotokuclub/pricing,www.emina-base.com,,,,subpage,その他,下層展開,1
https://www.emina-base.com/shotokuclub/contact,www.emina-base.com,,,,subpage,その他,下層展開,1
https://www.emina-base.com/shotokuclub/what-is-jidou-hattatsu,www.emina-base.com,,,,subpage,発達障害向け,下層展開,1
https://www.emina-base.com/shotokuclub/faq,www.emina-base.com,,,,subpage,FAQ,下層展開,1
https://www.emina-base.com/shotokuclub/cases,www.emina-base.com,,,,subpage,口コミ・体験談,下層展開,1
https://www.emina-base.com/shotokuclub/voices,www.emina-base.com,,,,subpage,口コミ・体験談,下層展開,1
https://www.emina-base.com/shotokuclub/news/preventing-secondary-disorders,www.emina-base.com,,,,subpage,その他,下層展開,1
https://www.emina-base.com/shotokuclub/news/sibling-support,www.emina-base.com,,,,subpage,その他,下層展開,1
https://www.emina-base.com/shotokuclub/news/school-refusal-support,www.emina-base.com,,,,subpage,その他,下層展開,1
https://www.emina-base.com/shotokuclub/area/obihiro,www.emina-base.com,,,,subpage,その他,下層展開,1
https://www.yaruki-assist.com/about-trial/,www.yaruki-assist.com,,,,subpage,無料体験,下層展開,1
https://www.yaruki-assist.com/elementary-school/,www.yaruki-assist.com,,,,subpage,学年向け,下層展開,1
https://www.yaruki-assist.com/junior-high-school/,www.yaruki-assist.com,,,,subpage,学年向け,下層展開,1
https://www.yaruki-assist.com/high-school/,www.yaruki-assist.com,,,,subpage,学年向け,下層展開,1
https://www.yaruki-assist.com/futoko/,www.yaruki-assist.com,,,,subpage,不登校向け,下層展開,1
https://www.yaruki-assist.com/developmental-disabilities/,www.yaruki-assist.com,,,,subpage,その他,下層展開,1
https://www.yaruki-assist.com/price/,www.yaruki-assist.com,,,,subpage,料金,下層展開,1
https://www.yaruki-assist.com/support/,www.yaruki-assist.com,,,,subpage,その他,下層展開,1
https://www.yaruki-assist.com/pleasure/pass/,www.yaruki-assist.com,,,,subpage,その他,下層展開,1
https://www.yaruki-assist.com/pleasure/review/,www.yaruki-assist.com,,,,subpage,口コミ・体験談,下層展開,1
https://www.yaruki-assist.com/faq/,www.yaruki-assist.com,,,,subpage,FAQ,下層展開,1
https://www.yaruki-assist.com/form-trial/,www.yaruki-assist.com,,,,subpage,無料体験,下層展開,1
https://www.st-plus.org,www.st-plus.org,,,,subpage,トップ,下層展開,1
https://www.st-plus.org/about-hattatsu,www.st-plus.org,,,,subpage,発達障害向け,下層展開,1
https://www.st-plus.org/program,www.st-plus.org,,,,subpage,その他,下層展開,1
https://www.st-plus.org/child-development,www.st-plus.org,,,,subpage,発達障害向け,下層展開,1
https://www.st-plus.org/support-program,www.st-plus.org,,,,subpage,その他,下層展開,1
https://www.st-plus.org/qa,www.st-plus.org,,,,subpage,その他,下層展開,1
https://www.st-plus.org/blog,www.st-plus.org,,,,subpage,コラム,下層展開,1
https://www.st-plus.org/post/児童発達支援事業を開始します（スタジオplus-）,www.st-plus.org,,,,subpage,発達障害向け,下層展開,1
https://www.kodomoshien-step.com/contact,www.kodomoshien-step.com,,,,subpage,その他,下層展開,1
https://jollygoodplus.com/about/schoolage/case/recovery/,jollygoodplus.com,,,,subpage,口コミ・体験談,下層展開,1
https://jollygoodplus.com/about/schoolage/case/visst/,jollygoodplus.com,,,,subpage,口コミ・体験談,下層展開,1
https://jollygoodplus.com/about/schoolage/case/rinocare/,jollygoodplus.com,,,,subpage,口コミ・体験談,下層展開,1
https://jollygoodplus.com/360app/,jollygoodplus.com,,,,subpage,その他,下層展開,1
https://jollygoodplus.com/dl/,jollygoodplus.com,,,,subpage,その他,下層展開,1
https://jollygoodplus.com/360app/courses/,jollygoodplus.com,,,,subpage,その他,下層展開,1
https://jollygoodplus.com/highschool/,jollygoodplus.com,,,,subpage,学年向け,下層展開,1
https://jollygoodplus.com/price/,jollygoodplus.com,,,,subpage,料金,下層展開,1
https://jollygoodplus.com/about/contact/,jollygoodplus.com,,,,subpage,その他,下層展開,1
https://jollygoodplus.com/about/usecase/,jollygoodplus.com,,,,subpage,口コミ・体験談,下層展開,1
https://kumakuma-counselingoffice.com/blog/,kumakuma-counselingoffice.com,,,,subpage,コラム,下層展開,1
https://kumakuma-counselingoffice.com/サービス一覧/,kumakuma-counselingoffice.com,,,,subpage,その他,下層展開,1
https://kumakuma-counselingoffice.com/5582/,kumakuma-counselingoffice.com,,,,subpage,その他,下層展開,1
https://kumakuma-counselingoffice.com/サービス：初回相談無料/,kumakuma-counselingoffice.com,,,,subpage,無料体験,下層展開,1
https://www.taman.or.jp/kokoiku/,www.taman.or.jp,,,,subpage,その他,下層展開,1
https://www.taman.or.jp/kokoiku/hattatsu/,www.taman.or.jp,,,,subpage,発達障害向け,下層展開,1
https://www.taman.or.jp/kokoiku/houkago/,www.taman.or.jp,,,,subpage,その他,下層展開,1
https://www.taman.or.jp/blog/,www.taman.or.jp,,,,subpage,コラム,下層展開,1
https://www.taman.or.jp/blog/%e7%b3%b8%e6%ba%80%e5%a4%a7%e7%b6%b1%e5%bc%95%e3%81%8d%ef%bc%88%e9%81%93%e3%82%b8%e3%83%a5%e3%83%8d%e3%83%bc%e8%a6%8b%e5%ad%a6%ef%bc%89/,www.taman.or.jp,,,,subpage,コラム,下層展開,1
https://www.taman.or.jp/blog/%e3%82%b3%e3%83%88%e3%83%90%e9%81%8a%e3%81%b3%ef%bc%88%e8%81%9e%e3%81%8d%e5%8f%96%e3%82%8a%e3%81%97%e3%81%a6%e3%83%a1%e3%83%a2%e3%82%92%e3%81%a8%e3%82%8b%ef%bc%89/,www.taman.or.jp,,,,subpage,コラム,下層展開,1
https://www.taman.or.jp/blog/%e4%bd%99%e6%9a%87%e6%b4%bb%e5%8b%95%ef%bc%88%e3%82%ab%e3%83%a9%e3%82%aa%e3%82%b1%ef%bc%86%e6%98%bc%e9%a3%9f%e4%bc%9a%ef%bc%89/,www.taman.or.jp,,,,subpage,コラム,下層展開,1
https://www.taman.or.jp/blog/%e3%81%8a%e9%87%91%e3%81%ae%e5%ad%a6%e7%bf%92/,www.taman.or.jp,,,,subpage,コラム,下層展開,1
https://www.taman.or.jp/blog/%e6%99%82%e8%a8%88%e3%81%ae%e5%ad%a6%e7%bf%92%ef%bc%88%e6%99%82%e9%96%93%e3%81%ae%e7%b5%8c%e9%81%8e%ef%bd%9e%e5%8b%95%e7%89%a9%e5%9c%92%e3%81%ab%e8%a1%8c%e3%81%93%e3%81%86%e7%b7%a8/,www.taman.or.jp,,,,subpage,コラム,下層展開,1
https://www.taman.or.jp/blog/%e9%81%bf%e9%9b%a3%e8%a8%93%e7%b7%b4/,www.taman.or.jp,,,,subpage,コラム,下層展開,1
https://www.taman.or.jp/blog/%e3%82%b3%e3%82%b3%e3%82%a4%e3%83%ad%e5%a4%8f%e7%a5%ad%ef%bc%88%e3%81%8a%e3%81%be%e3%81%91%ef%bc%89/,www.taman.or.jp,,,,subpage,コラム,下層展開,1
https://www.taman.or.jp/blog/%e3%82%b3%e3%82%b3%e3%82%a4%e3%83%ad%e5%a4%8f%e7%a5%ad3%e6%97%a5%e7%9b%ae/,www.taman.or.jp,,,,subpage,コラム,下層展開,1
https://stkotori.com/faq/,stkotori.com,,,,subpage,FAQ,下層展開,1
https://stkotori.com/column/,stkotori.com,,,,subpage,コラム,下層展開,1
https://stkotori.com/price/,stkotori.com,,,,subpage,料金,下層展開,1
https://stkotori.com/cost-of-testing/,stkotori.com,,,,subpage,料金,下層展開,1
https://stkotori.com/column/intelligencetesutlanguagetest2025053003/,stkotori.com,,,,subpage,コラム,下層展開,1
https://stkotori.com/column/bilingualmultilingual2025053103/,stkotori.com,,,,subpage,コラム,下層展開,1
https://stkotori.com/column_category/online-counseling/,stkotori.com,,,,subpage,コラム,下層展開,1
https://stkotori.com/column_category/kumamotosakuramachi/,stkotori.com,,,,subpage,コラム,下層展開,1
https://stkotori.com/column_category/language/,stkotori.com,,,,subpage,コラム,下層展開,1
https://stkotori.com/column_category/parenting-training/,stkotori.com,,,,subpage,コラム,下層展開,1
https://stkotori.com/column_category/stuttering/,stkotori.com,,,,subpage,コラム,下層展開,1
https://stkotori.com/column_category/assesment/,stkotori.com,,,,subpage,コラム,下層展開,1
https://www.treasure-max.fun/category/siritai/syougaisyu/hattatu/,www.treasure-max.fun,,,,subpage,その他,下層展開,1
https://www.treasure-max.fun/tag/%e4%b8%ad%e5%ad%a6%e6%a0%a1/,www.treasure-max.fun,,,,subpage,その他,下層展開,1
https://www.treasure-max.fun/tag/%e8%87%aa%e9%96%89%e7%97%87/,www.treasure-max.fun,,,,subpage,その他,下層展開,1
https://www.treasure-max.fun/feed/,www.treasure-max.fun,,,,subpage,料金,下層展開,1
https://www.treasure-max.fun/kaeru/,www.treasure-max.fun,,,,subpage,その他,下層展開,1
https://www.treasure-max.fun/chatbot-low-cost-sustainability/,www.treasure-max.fun,,,,subpage,料金,下層展開,1
https://www.treasure-max.fun/bot1/,www.treasure-max.fun,,,,subpage,その他,下層展開,1
https://www.treasure-max.fun/sansu_hoshi2-1_apps/,www.treasure-max.fun,,,,subpage,その他,下層展開,1
https://www.treasure-max.fun/sansu_hoshi1_apps/,www.treasure-max.fun,,,,subpage,その他,下層展開,1
https://www.treasure-max.fun/aikirokuapp/,www.treasure-max.fun,,,,subpage,その他,下層展開,1
https://www.treasure-max.fun/kazasu/,www.treasure-max.fun,,,,subpage,その他,下層展開,1
https://www.treasure-max.fun/rika-simulation-37/,www.treasure-max.fun,,,,subpage,その他,下層展開,1
https://sodachimap.com/highschool.html,sodachimap.com,,,,subpage,学年向け,下層展開,1
https://sodachimap.com/support.html,sodachimap.com,,,,subpage,その他,下層展開,1
https://nagomi.support/blog/,nagomi.support,,,,subpage,コラム,下層展開,1
https://nagomi.support/category/developmental-disorder/,nagomi.support,,,,subpage,その他,下層展開,1
https://nagomi.support/post-168/,nagomi.support,,,,subpage,その他,下層展開,1
https://nagomi.support/post-183/,nagomi.support,,,,subpage,その他,下層展開,1
https://nagomi.support/post-349/,nagomi.support,,,,subpage,その他,下層展開,1
https://nagomi.support/post-358/,nagomi.support,,,,subpage,その他,下層展開,1
https://nagomi.support/post-746/,nagomi.support,,,,subpage,その他,下層展開,1
https://nagomi.support/post-626/,nagomi.support,,,,subpage,その他,下層展開,1
https://nagomi.support/category/fefusal/,nagomi.support,,,,subpage,その他,下層展開,1
https://nagomi.support/category/developmental-disorder/preschoolers/,nagomi.support,,,,subpage,その他,下層展開,1
https://nagomi.support/post-1249/,nagomi.support,,,,subpage,その他,下層展開,1
https://nagomi.support/post-1210/,nagomi.support,,,,subpage,その他,下層展開,1
https://specialeducationjourney.com/download-materials-section/,specialeducationjourney.com,,,,subpage,その他,下層展開,1
https://specialeducationjourney.com/category/special-education-foundation/,specialeducationjourney.com,,,,subpage,その他,下層展開,1
https://specialeducationjourney.com/special-needs-class-homeroom-teacher-assignment/,specialeducationjourney.com,,,,subpage,その他,下層展開,1
https://specialeducationjourney.com/developmental-disorders-and-favorite-colors/,specialeducationjourney.com,,,,subpage,その他,下層展開,1
https://specialeducationjourney.com/what-is-the-difference-between-asd-and-adhd/,specialeducationjourney.com,,,,subpage,発達障害向け,下層展開,1
https://specialeducationjourney.com/how-to-teach-children-with-developmental-disabilities-to-tell-time/,specialeducationjourney.com,,,,subpage,発達障害向け,下層展開,1
https://specialeducationjourney.com/parent-teacher-conference-for-special-needs-classes/,specialeducationjourney.com,,,,subpage,その他,下層展開,1
https://specialeducationjourney.com/katakana-practice-worksheet/,specialeducationjourney.com,,,,subpage,その他,下層展開,1
https://specialeducationjourney.com/feed/,specialeducationjourney.com,,,,subpage,料金,下層展開,1
https://specialeducationjourney.com/10-social-skills/,specialeducationjourney.com,,,,subpage,その他,下層展開,1
https://specialeducationjourney.com/my-torisetsu-worksheet/,specialeducationjourney.com,,,,subpage,その他,下層展開,1
https://specialeducationjourney.com/what-to-do-in-this-situation/,specialeducationjourney.com,,,,subpage,その他,下層展開,1
https://tokyo-brain.clinic/psychiatry/developmental,tokyo-brain.clinic,,,,subpage,その他,下層展開,1
https://tokyo-brain.clinic/others/tms/1258,tokyo-brain.clinic,,,,subpage,その他,下層展開,1
https://tokyo-brain.clinic/self-check/asd,tokyo-brain.clinic,,,,subpage,発達障害向け,下層展開,1
https://tokyo-brain.clinic/examination/child,tokyo-brain.clinic,,,,subpage,発達障害向け,下層展開,1
https://tokyo-brain.clinic/column_archive,tokyo-brain.clinic,,,,subpage,コラム,下層展開,1
https://tokyo-brain.clinic/psychiatry/developmental/ld,tokyo-brain.clinic,,,,subpage,発達障害向け,下層展開,1
https://tokyo-brain.clinic/category/psychiatric-illness/ld,tokyo-brain.clinic,,,,subpage,発達障害向け,下層展開,1
https://tokyo-brain.clinic/psychiatric-illness/ld/1255,tokyo-brain.clinic,,,,subpage,発達障害向け,下層展開,1
https://tokyo-brain.clinic/psychiatric-illness/ld/1353,tokyo-brain.clinic,,,,subpage,発達障害向け,下層展開,1
https://tokyo-brain.clinic/psychiatric-illness/ld/1252,tokyo-brain.clinic,,,,subpage,発達障害向け,下層展開,1
https://tokyo-brain.clinic/category/ld,tokyo-brain.clinic,,,,subpage,発達障害向け,下層展開,1
https://tokyo-brain.clinic/category/psychiatric-illness/exam-depression,tokyo-brain.clinic,,,,subpage,受験,下層展開,1
https://medical-b.jp/category/childbirth/childbirth.html,medical-b.jp,,,,subpage,発達障害向け,下層展開,1
https://medical-b.jp/d00-f8190-00,medical-b.jp,,,,subpage,その他,下層展開,1
https://medical-b.jp/articleslist/?list_hospital=a01-01-026,medical-b.jp,,,,subpage,コラム,下層展開,1
https://medical-b.jp/articleslist/?list_hospital=c01-01-030,medical-b.jp,,,,subpage,コラム,下層展開,1
https://medical-b.jp/articleslist/?list_hospital=c01-01-031,medical-b.jp,,,,subpage,コラム,下層展開,1
https://medical-b.jp/articleslist/?list_hospital=c02-03-023,medical-b.jp,,,,subpage,コラム,下層展開,1
https://medical-b.jp/articleslist/?list_hospital=f01-01-041,medical-b.jp,,,,subpage,コラム,下層展開,1
https://medical-b.jp/articleslist/?list_hospital=e01-01-027,medical-b.jp,,,,subpage,コラム,下層展開,1
https://medical-b.jp/articleslist/?list_hospital=a01-01-037,medical-b.jp,,,,subpage,コラム,下層展開,1
https://medical-b.jp/articleslist/?list_hospital=f01-01-040,medical-b.jp,,,,subpage,コラム,下層展開,1
https://medical-b.jp/articleslist/?list_hospital=c01-01-036,medical-b.jp,,,,subpage,コラム,下層展開,1
https://medical-b.jp/articleslist/?list_hospital=b01-02-028,medical-b.jp,,,,subpage,コラム,下層展開,1
https://www.z-kyosai.com/faq,www.z-kyosai.com,,,,subpage,FAQ,下層展開,1
https://www.z-kyosai.com/column,www.z-kyosai.com,,,,subpage,コラム,下層展開,1
https://www.z-kyosai.com/column/haxtutatusyogai,www.z-kyosai.com,,,,subpage,コラム,下層展開,1
https://www.z-kyosai.com/column/8518.html,www.z-kyosai.com,,,,subpage,コラム,下層展開,1
https://www.z-kyosai.com/column/daily,www.z-kyosai.com,,,,subpage,コラム,下層展開,1
https://www.z-kyosai.com/column/8509.html,www.z-kyosai.com,,,,subpage,コラム,下層展開,1
https://www.z-kyosai.com/column/8495.html,www.z-kyosai.com,,,,subpage,コラム,下層展開,1
https://www.z-kyosai.com/column/8475.html,www.z-kyosai.com,,,,subpage,コラム,下層展開,1
https://www.z-kyosai.com/oshiharai,www.z-kyosai.com,,,,subpage,その他,下層展開,1
https://www.z-kyosai.com/online_seminar-3,www.z-kyosai.com,,,,subpage,その他,下層展開,1
https://www.z-kyosai.com/column/8336.html,www.z-kyosai.com,,,,subpage,コラム,下層展開,1
https://www.z-kyosai.com/column/8256.html,www.z-kyosai.com,,,,subpage,コラム,下層展開,1
https://tanzam.net/column/,tanzam.net,,,,subpage,コラム,下層展開,1
https://tanzam.net/column/category/%e8%8b%b1%e5%8d%98%e8%aa%9e%e3%81%ae%e8%a6%9a%e3%81%88%e6%96%b9/,tanzam.net,,,,subpage,コラム,下層展開,1
https://tanzam.net/column/english-word-memory/,tanzam.net,,,,subpage,コラム,下層展開,1
https://tanzam.net/column/word-visual-method/,tanzam.net,,,,subpage,コラム,下層展開,1
https://tanzam.net/column/english-vocabulary-apps/,tanzam.net,,,,subpage,コラム,下層展開,1
https://tanzam.net/column/english-word-etymology/,tanzam.net,,,,subpage,コラム,下層展開,1
https://tanzam.net/column/english-word-memorization/,tanzam.net,,,,subpage,コラム,下層展開,1
https://tanzam.net/column/english-spelling-memorization/,tanzam.net,,,,subpage,コラム,下層展開,1
https://tanzam.net/column/phonics-for-kids/,tanzam.net,,,,subpage,コラム,下層展開,1
https://tanzam.net/column/toeic-vocabulary-books/,tanzam.net,,,,subpage,コラム,下層展開,1
https://tanzam.net/column/toeic-vocabulary-study/,tanzam.net,,,,subpage,コラム,下層展開,1
https://tanzam.net/column/eiken-vocabulary-study/,tanzam.net,,,,subpage,コラム,下層展開,1
https://www.bravekids.info/trial/,www.bravekids.info,,,,subpage,無料体験,下層展開,1
https://www.bravekids.info/voices/,www.bravekids.info,,,,subpage,口コミ・体験談,下層展開,1
https://www.bravekids.info/blog/,www.bravekids.info,,,,subpage,コラム,下層展開,1
https://www.bravekids.info/event/,www.bravekids.info,,,,subpage,その他,下層展開,1
https://www.bravekids.info/question/,www.bravekids.info,,,,subpage,FAQ,下層展開,1
https://www.bravekids.info/blog/category/study-method/,www.bravekids.info,,,,subpage,コラム,下層展開,1
https://www.bravekids.info/consul/,www.bravekids.info,,,,subpage,その他,下層展開,1
https://www.bravekids.info/blog/be-verb-general-verb-wall/,www.bravekids.info,,,,subpage,コラム,下層展開,1
https://www.bravekids.info/blog/blog-1531/,www.bravekids.info,,,,subpage,コラム,下層展開,1
https://www.bravekids.info/blog/blog-1485/,www.bravekids.info,,,,subpage,コラム,下層展開,1
https://www.bravekids.info/blog/blog-1465/,www.bravekids.info,,,,subpage,コラム,下層展開,1
https://www.bravekids.info/blog/blog-1424/,www.bravekids.info,,,,subpage,コラム,下層展開,1
https://greenwitch.jp/blog/,greenwitch.jp,,,,subpage,コラム,下層展開,1
https://greenwitch.jp/category/asd-adhd/,greenwitch.jp,,,,subpage,発達障害向け,下層展開,1
https://greenwitch.jp/asd-adhd/3583/,greenwitch.jp,,,,subpage,発達障害向け,下層展開,1
https://www.qqeng.com/qqkids/pricelist,www.qqeng.com,,,,subpage,料金,下層展開,1
https://www.qqeng.com/qqkids/voice,www.qqeng.com,,,,subpage,口コミ・体験談,下層展開,1
https://www.qqeng.com/qqkids/blog,www.qqeng.com,,,,subpage,コラム,下層展開,1
https://www.qqeng.com/qqkids/faq,www.qqeng.com,,,,subpage,FAQ,下層展開,1
https://www.qqeng.com/lp/qqjunior/,www.qqeng.com,,,,subpage,学年向け,下層展開,1
https://www.qqeng.com/q/register/,www.qqeng.com,,,,subpage,その他,下層展開,1
https://www.qqeng.com/qqkids/category/english-column,www.qqeng.com,,,,subpage,コラム,下層展開,1
https://www.qqeng.com/qqkids/english-column/kids20260502,www.qqeng.com,,,,subpage,コラム,下層展開,1
https://www.qqeng.com/qqkids/english-column/kids20240313,www.qqeng.com,,,,subpage,コラム,下層展開,1
https://www.qqeng.com/qqkids/english-column/kids20240819,www.qqeng.com,,,,subpage,コラム,下層展開,1
https://www.qqeng.com/qqkids/english-column/kids20250702,www.qqeng.com,,,,subpage,コラム,下層展開,1
https://www.qqeng.com/qqkids/english-column/kids20250327-3,www.qqeng.com,,,,subpage,コラム,下層展開,1
https://www.u-master.net/assets/form/trial/form.html,www.u-master.net,,,,subpage,無料体験,下層展開,1
https://www.u-master.net/pri/,www.u-master.net,,,,subpage,その他,下層展開,1
https://www.u-master.net/exp/,www.u-master.net,,,,subpage,その他,下層展開,1
https://www.u-master.net/faq/,www.u-master.net,,,,subpage,FAQ,下層展開,1
https://www.u-master.net/course/junior_high_school/,www.u-master.net,,,,subpage,学年向け,下層展開,1
https://www.u-master.net/course/elementary_school/,www.u-master.net,,,,subpage,学年向け,下層展開,1
https://www.u-master.net/course/high_school/,www.u-master.net,,,,subpage,学年向け,下層展開,1
https://www.u-master.net/course/refusal/,www.u-master.net,,,,subpage,その他,下層展開,1
https://www.u-master.net/course/adhd/,www.u-master.net,,,,subpage,発達障害向け,下層展開,1
https://www.u-master.net/course/private_school/,www.u-master.net,,,,subpage,その他,下層展開,1
https://www.u-master.net/course/entrance_exam_02/,www.u-master.net,,,,subpage,受験,下層展開,1
https://www.u-master.net/course/entrance_exam_01/,www.u-master.net,,,,subpage,受験,下層展開,1
https://www.stella-edu.com/kids/,www.stella-edu.com,,,,subpage,その他,下層展開,1
https://www.stella-edu.com/students/courses/,www.stella-edu.com,,,,subpage,その他,下層展開,1
https://www.stella-edu.com/students/,www.stella-edu.com,,,,subpage,その他,下層展開,1
https://www.stella-edu.com/schools_place/nagoya_school_kids/,www.stella-edu.com,,,,subpage,その他,下層展開,1
https://www.stella-edu.com/schools/aratamabashi/,www.stella-edu.com,,,,subpage,その他,下層展開,1
https://www.stella-edu.com/schools/kamiiida/,www.stella-edu.com,,,,subpage,その他,下層展開,1
https://www.stella-edu.com/schools/meiekihigashi/,www.stella-edu.com,,,,subpage,その他,下層展開,1
https://www.stella-edu.com/schools/takabata/,www.stella-edu.com,,,,subpage,その他,下層展開,1
https://www.stella-edu.com/schools/minato/,www.stella-edu.com,,,,subpage,その他,下層展開,1
https://www.stella-edu.com/schools/gokiso/,www.stella-edu.com,,,,subpage,その他,下層展開,1
https://www.stella-edu.com/schools/issha/,www.stella-edu.com,,,,subpage,その他,下層展開,1
https://www.stella-edu.com/schools_place/osaka_school_kids/,www.stella-edu.com,,,,subpage,その他,下層展開,1
https://studyhop.poka-step.jp/course/,studyhop.poka-step.jp,,,,subpage,その他,下層展開,1
https://studyhop.poka-step.jp/flow/,studyhop.poka-step.jp,,,,subpage,その他,下層展開,1
https://studyhop.poka-step.jp/explanation/,studyhop.poka-step.jp,,,,subpage,その他,下層展開,1
https://studyhop.poka-step.jp/case/,studyhop.poka-step.jp,,,,subpage,口コミ・体験談,下層展開,1
https://studyhop.poka-step.jp/voice/,studyhop.poka-step.jp,,,,subpage,口コミ・体験談,下層展開,1
https://studyhop.poka-step.jp/times/,studyhop.poka-step.jp,,,,subpage,その他,下層展開,1
https://studyhop.poka-step.jp/%e3%82%b3%e3%83%a9%e3%83%a0/,studyhop.poka-step.jp,,,,subpage,その他,下層展開,1
https://studyhop.poka-step.jp/%e3%82%b3%e3%83%a9%e3%83%a0/special-support-school/,studyhop.poka-step.jp,,,,subpage,その他,下層展開,1
https://studyhop.poka-step.jp/blog/carry-up/,studyhop.poka-step.jp,,,,subpage,コラム,下層展開,1
https://studyhop.poka-step.jp/news/post-432/,studyhop.poka-step.jp,,,,subpage,その他,下層展開,1
https://studyhop.poka-step.jp/news/winter-course/,studyhop.poka-step.jp,,,,subpage,その他,下層展開,1
https://studyhop.poka-step.jp/blog/,studyhop.poka-step.jp,,,,subpage,コラム,下層展開,1
https://web.kohatsu.org/25_119-1/,web.kohatsu.org,,,,subpage,その他,下層展開,1
https://web.kohatsu.org/news/,web.kohatsu.org,,,,subpage,その他,下層展開,1
https://web.kohatsu.org/info20260929/,web.kohatsu.org,,,,subpage,その他,下層展開,1
https://web.kohatsu.org/info20260916/,web.kohatsu.org,,,,subpage,その他,下層展開,1
https://web.kohatsu.org/info20260909/,web.kohatsu.org,,,,subpage,その他,下層展開,1
https://web.kohatsu.org/25_114-1/,web.kohatsu.org,,,,subpage,その他,下層展開,1
https://web.kohatsu.org/25_113-1/,web.kohatsu.org,,,,subpage,その他,下層展開,1
https://web.kohatsu.org/25_117-1/,web.kohatsu.org,,,,subpage,その他,下層展開,1
https://ts-assist.jp/consulting/,ts-assist.jp,,,,subpage,その他,下層展開,1
https://ts-assist.jp/column/,ts-assist.jp,,,,subpage,コラム,下層展開,1
https://ts-assist.jp/column/support-for-visits-to-child-care-centers-etc-disadvantages/,ts-assist.jp,,,,subpage,コラム,下層展開,1
https://ts-assist.jp/column/one-by-one-each-action-is-slow/,ts-assist.jp,,,,subpage,コラム,下層展開,1
https://ts-assist.jp/column/r9-hoshu-kaitei-hoikusho-houmon/,ts-assist.jp,,,,subpage,コラム,下層展開,1
https://ts-assist.jp/column/r9-hoshu-kaitei-jihatsu-sonae/,ts-assist.jp,,,,subpage,コラム,下層展開,1
https://ts-assist.jp/column/r9-hoshu-kaitei-houday-sonae/,ts-assist.jp,,,,subpage,コラム,下層展開,1
https://ts-assist.jp/column/r9-hoshu-kaitei-shogaiji-ronten/,ts-assist.jp,,,,subpage,コラム,下層展開,1
