sheet_row,keyword,判定,投入,cluster_id,cluster_size,代表KW,検索意図,検索者推定,LP,理由,確信度,portfolio,brand,average_monthly_searches,low_top_of_page_bid,high_top_of_page_bid,competition,intent_category,discovery_source
30927,学 宝 社 トライ & トライ 口コミ,CORE,代表,C00004,1,学 宝 社 トライ & トライ 口コミ,競合の比較検討（評判・料金）,保護者,B,カテゴリ競合×比較/評判/料金/乗換え/特性,中,③B カテゴリ競合,家庭教師のトライ,30,,,LOW,比較検討・料金・申込 | ブランド・指名検索,KWP_CompetitorKeywordSeed
30885,トライ & トライ 評判,CORE,代表,C00005,1,トライ & トライ 評判,競合の比較検討（評判・料金）,保護者,B,カテゴリ競合×比較/評判/料金/乗換え/特性,中,③B カテゴリ競合,家庭教師のトライ,10,,,UNSPECIFIED,比較検討・料金・申込 | ブランド・指名検索,KWP_CompetitorKeywordSeed
48830,家庭教師の銀河(東京) 品川区 レビュー,CORE,代表,C00009,1,家庭教師の銀河(東京) 品川区 レビュー,競合の比較検討（評判・料金）,保護者,B,カテゴリ競合×比較/評判/料金/乗換え/特性,中,③B カテゴリ競合,家庭教師の銀河,,,,UNSPECIFIED,サービス探し（家庭教師・塾・支援） | 比較検討・料金・申込 | ブランド・指名検索 | 地域・近くで探す,Google_competitor_suggest
39603,atama+ ビザビ 料金,CORE,代表,C00015,1,atama+ ビザビ 料金,競合の比較検討（評判・料金）,保護者,B,カテゴリ競合×比較/評判/料金/乗換え/特性,中,③B カテゴリ競合,栄光の個別ビザビ,10,,,UNSPECIFIED,比較検討・料金・申込 | 教材・通信教育 | ブランド・指名検索,KWP_CompetitorKeywordSeed || Google_competitor_suggest
34234,家庭 教師 の コーチング 1 adhd,CORE,代表,C00050,1,家庭 教師 の コーチング 1 adhd,競合×特性/不登校対応の確認,保護者,B,特性/不登校×家庭教師・塾・個別,高,③A 直接競合,家庭教師のコーチング1,,,,UNSPECIFIED,サービス探し（家庭教師・塾・支援） | ブランド・指名検索 | 習い事・トレーニング,KWP_CompetitorKeywordSeed
34163,コーチング 1 asd,CORE,代表,C00052,1,コーチング 1 asd,競合×特性/不登校対応の確認,保護者,B,直接競合（特性/不登校×1対1学習支援）,高,③A 直接競合,家庭教師のコーチング1,,,,UNSPECIFIED,ブランド・指名検索 | 習い事・トレーニング,KWP_CompetitorKeywordSeed
34175,コーチング 1 asd 口コミ,CORE,代表,C00053,1,コーチング 1 asd 口コミ,競合の比較検討（評判・料金）,保護者,B,直接競合（特性/不登校×1対1学習支援）,高,③A 直接競合,家庭教師のコーチング1,,,,UNSPECIFIED,比較検討・料金・申込 | ブランド・指名検索 | 習い事・トレーニング,KWP_CompetitorKeywordSeed
34235,家庭 教師 の コーチング 1 asd,CORE,代表,C00054,1,家庭 教師 の コーチング 1 asd,競合×特性/不登校対応の確認,保護者,B,特性/不登校×家庭教師・塾・個別,高,③A 直接競合,家庭教師のコーチング1,,,,UNSPECIFIED,サービス探し（家庭教師・塾・支援） | ブランド・指名検索 | 習い事・トレーニング,KWP_CompetitorKeywordSeed
34187,コーチング 1 asd 料金,CORE,代表,C00055,1,コーチング 1 asd 料金,競合の比較検討（評判・料金）,保護者,B,直接競合（特性/不登校×1対1学習支援）,高,③A 直接競合,家庭教師のコーチング1,,,,UNSPECIFIED,比較検討・料金・申込 | ブランド・指名検索 | 習い事・トレーニング,KWP_CompetitorKeywordSeed
34181,コーチング 1 asd 評判,CORE,代表,C00056,1,コーチング 1 asd 評判,競合の比較検討（評判・料金）,保護者,B,直接競合（特性/不登校×1対1学習支援）,高,③A 直接競合,家庭教師のコーチング1,,,,UNSPECIFIED,比較検討・料金・申込 | ブランド・指名検索 | 習い事・トレーニング,KWP_CompetitorKeywordSeed
47950,スクールie 料金 週1,CORE,代表,C00059,1,スクールie 料金 週1,競合の比較検討（評判・料金）,保護者,B,カテゴリ競合×比較/評判/料金/乗換え/特性,中,③B カテゴリ競合,スクールIE,90,108.0,458.0,MEDIUM,比較検討・料金・申込 | ブランド・指名検索,Google_competitor_suggest
47681,コーチング1on1,CORE,代表,C00060,1,コーチング1on1,競合指名・周辺,保護者,B,直接競合（特性/不登校×1対1学習支援）,高,③A 直接競合,家庭教師のコーチング1,70,128.0,622.0,LOW,ブランド・指名検索 | 習い事・トレーニング,Google_competitor_suggest
34140,コーチング 1 おすすめ,CORE,代表,C00068,2,コーチング 1 おすすめ,競合の比較検討（評判・料金）,保護者,B,直接競合（特性/不登校×1対1学習支援）,高,③A 直接競合,家庭教師のコーチング1,,,,UNSPECIFIED,比較検討・料金・申込 | ブランド・指名検索 | 習い事・トレーニング,KWP_CompetitorKeywordSeed
34209,家庭 教師 の コーチング 1 おすすめ,CORE,代表,C00069,2,家庭 教師 の コーチング 1 おすすめ,競合の比較検討（評判・料金）,保護者,B,直接競合（特性/不登校×1対1学習支援）,高,③A 直接競合,家庭教師のコーチング1,,,,UNSPECIFIED,サービス探し（家庭教師・塾・支援） | 比較検討・料金・申込 | ブランド・指名検索 | 習い事・トレーニング,KWP_CompetitorKeywordSeed
34151,コーチング 1 やめたい,CORE,代表,C00099,1,コーチング 1 やめたい,競合の不満・乗り換え,保護者,B,直接競合（特性/不登校×1対1学習支援）,高,③A 直接競合,家庭教師のコーチング1,,,,UNSPECIFIED,合わない・断られた・乗り換え | ブランド・指名検索 | 習い事・トレーニング,KWP_CompetitorKeywordSeed
34220,家庭 教師 の コーチング 1 やめたい,CORE,代表,C00100,1,家庭 教師 の コーチング 1 やめたい,競合の不満・乗り換え,保護者,B,直接競合（特性/不登校×1対1学習支援）,高,③A 直接競合,家庭教師のコーチング1,,,,UNSPECIFIED,サービス探し（家庭教師・塾・支援） | 合わない・断られた・乗り換え | ブランド・指名検索 | 習い事・トレーニング,KWP_CompetitorKeywordSeed
34221,家庭 教師 の コーチング 1 辞め たい,CORE,代表,C00101,1,家庭 教師 の コーチング 1 辞め たい,競合の不満・乗り換え,保護者,B,直接競合（特性/不登校×1対1学習支援）,高,③A 直接競合,家庭教師のコーチング1,,,,UNSPECIFIED,サービス探し（家庭教師・塾・支援） | 比較検討・料金・申込 | 合わない・断られた・乗り換え | ブランド・指名検索 | 習い事・トレーニング,KWP_CompetitorKeywordSeed
34152,コーチング 1 辞め たい,CORE,代表,C00102,1,コーチング 1 辞め たい,競合の不満・乗り換え,保護者,B,直接競合（特性/不登校×1対1学習支援）,高,③A 直接競合,家庭教師のコーチング1,,,,UNSPECIFIED,比較検討・料金・申込 | 合わない・断られた・乗り換え | ブランド・指名検索 | 習い事・トレーニング,KWP_CompetitorKeywordSeed
34150,コーチング 1 向い て ない,CORE,代表,C00107,1,コーチング 1 向い て ない,競合の不満・乗り換え,保護者,B,直接競合（特性/不登校×1対1学習支援）,高,③A 直接競合,家庭教師のコーチング1,,,,UNSPECIFIED,比較検討・料金・申込 | ブランド・指名検索 | 習い事・トレーニング,KWP_CompetitorKeywordSeed
34219,家庭 教師 の コーチング 1 向い て ない,CORE,代表,C00108,1,家庭 教師 の コーチング 1 向い て ない,競合の不満・乗り換え,保護者,B,直接競合（特性/不登校×1対1学習支援）,高,③A 直接競合,家庭教師のコーチング1,,,,UNSPECIFIED,サービス探し（家庭教師・塾・支援） | 比較検討・料金・申込 | ブランド・指名検索 | 習い事・トレーニング,KWP_CompetitorKeywordSeed
34139,コーチング 1 どっち,CORE,代表,C00112,1,コーチング 1 どっち,競合の比較検討（評判・料金）,保護者,B,直接競合（特性/不登校×1対1学習支援）,高,③A 直接競合,家庭教師のコーチング1,,,,UNSPECIFIED,比較検討・料金・申込 | ブランド・指名検索 | 習い事・トレーニング,KWP_CompetitorKeywordSeed
34208,家庭 教師 の コーチング 1 どっち,CORE,代表,C00113,1,家庭 教師 の コーチング 1 どっち,競合の比較検討（評判・料金）,保護者,B,直接競合（特性/不登校×1対1学習支援）,高,③A 直接競合,家庭教師のコーチング1,,,,UNSPECIFIED,サービス探し（家庭教師・塾・支援） | 比較検討・料金・申込 | ブランド・指名検索 | 習い事・トレーニング,KWP_CompetitorKeywordSeed
34149,コーチング 1 合わ ない,CORE,代表,C00120,1,コーチング 1 合わ ない,競合の不満・乗り換え,保護者,B,直接競合（特性/不登校×1対1学習支援）,高,③A 直接競合,家庭教師のコーチング1,,,,UNSPECIFIED,合わない・断られた・乗り換え | ブランド・指名検索 | 習い事・トレーニング,KWP_CompetitorKeywordSeed
34218,家庭 教師 の コーチング 1 合わ ない,CORE,代表,C00121,1,家庭 教師 の コーチング 1 合わ ない,競合の不満・乗り換え,保護者,B,直接競合（特性/不登校×1対1学習支援）,高,③A 直接競合,家庭教師のコーチング1,,,,UNSPECIFIED,サービス探し（家庭教師・塾・支援） | 合わない・断られた・乗り換え | ブランド・指名検索 | 習い事・トレーニング,KWP_CompetitorKeywordSeed
14986,コーチング 1 グループ,CORE,代表,C00128,2,コーチング 1 グループ,競合指名・周辺,保護者,B,直接競合（特性/不登校×1対1学習支援）,高,③A 直接競合,家庭教師のコーチング1,10,,,HIGH,ブランド・指名検索 | 習い事・トレーニング,KWP_UrlSeed || KWP_CompetitorKeywordSeed
34162,コーチング 1 グレー ゾーン,CORE,代表,C00129,1,コーチング 1 グレー ゾーン,競合×特性/不登校対応の確認,保護者,B,直接競合（特性/不登校×1対1学習支援）,高,③A 直接競合,家庭教師のコーチング1,,,,UNSPECIFIED,ブランド・指名検索 | 習い事・トレーニング,KWP_CompetitorKeywordSeed
34174,コーチング 1 グレー ゾーン 口コミ,CORE,代表,C00130,1,コーチング 1 グレー ゾーン 口コミ,競合の比較検討（評判・料金）,保護者,B,直接競合（特性/不登校×1対1学習支援）,高,③A 直接競合,家庭教師のコーチング1,,,,UNSPECIFIED,比較検討・料金・申込 | ブランド・指名検索 | 習い事・トレーニング,KWP_CompetitorKeywordSeed
34233,家庭 教師 の コーチング 1 グレー ゾーン,CORE,代表,C00131,1,家庭 教師 の コーチング 1 グレー ゾーン,競合×特性/不登校対応の確認,保護者,B,特性/不登校×家庭教師・塾・個別,高,③A 直接競合,家庭教師のコーチング1,,,,UNSPECIFIED,サービス探し（家庭教師・塾・支援） | ブランド・指名検索 | 習い事・トレーニング,KWP_CompetitorKeywordSeed
34186,コーチング 1 グレー ゾーン 料金,CORE,代表,C00132,1,コーチング 1 グレー ゾーン 料金,競合の比較検討（評判・料金）,保護者,B,直接競合（特性/不登校×1対1学習支援）,高,③A 直接競合,家庭教師のコーチング1,,,,UNSPECIFIED,比較検討・料金・申込 | ブランド・指名検索 | 習い事・トレーニング,KWP_CompetitorKeywordSeed
34180,コーチング 1 グレー ゾーン 評判,CORE,代表,C00133,1,コーチング 1 グレー ゾーン 評判,競合の比較検討（評判・料金）,保護者,B,直接競合（特性/不登校×1対1学習支援）,高,③A 直接競合,家庭教師のコーチング1,,,,UNSPECIFIED,比較検討・料金・申込 | ブランド・指名検索 | 習い事・トレーニング,KWP_CompetitorKeywordSeed
3130,東京 個別 指導 学院 1 コマ 料金,CORE,代表,C00136,1,東京 個別 指導 学院 1 コマ 料金,競合の比較検討（評判・料金）,保護者,B,カテゴリ競合×比較/評判/料金/乗換え/特性,中,③B カテゴリ競合,東京個別指導学院,20,,,LOW,サービス探し（家庭教師・塾・支援） | 比較検討・料金・申込 | ブランド・指名検索 | 地域・近くで探す,KWP_KeywordSeed || KWP_CompetitorKeywordSeed
3614,明光 義塾 1 コマ 料金,CORE,代表,C00138,1,明光 義塾 1 コマ 料金,競合の比較検討（評判・料金）,保護者,B,カテゴリ競合×比較/評判/料金/乗換え/特性,中,③B カテゴリ競合,個別指導の明光義塾,20,,,LOW,サービス探し（家庭教師・塾・支援） | 比較検討・料金・申込 | ブランド・指名検索,KWP_KeywordSeed || KWP_CompetitorKeywordSeed
41417,武田 塾 料金 高 1 生 コース,CORE,代表,C00140,1,武田 塾 料金 高 1 生 コース,競合の比較検討（評判・料金）,保護者,B,カテゴリ競合×比較/評判/料金/乗換え/特性,中,③B カテゴリ競合,武田塾,0,,,UNSPECIFIED,サービス探し（家庭教師・塾・支援） | 比較検討・料金・申込 | ブランド・指名検索,KWP_CompetitorKeywordSeed
14956,コーチング 1,CORE,代表,C00141,2,コーチング 1,競合指名・周辺,保護者,B,直接競合（特性/不登校×1対1学習支援）,高,③A 直接競合,家庭教師のコーチング1,170,199.0,945.0,MEDIUM,ブランド・指名検索 | 習い事・トレーニング,KWP_UrlSeed || KWP_CompetitorKeywordSeed
34143,コーチング 1 デメリット,CORE,代表,C00142,1,コーチング 1 デメリット,競合指名・周辺,保護者,B,直接競合（特性/不登校×1対1学習支援）,高,③A 直接競合,家庭教師のコーチング1,,,,UNSPECIFIED,比較検討・料金・申込 | ブランド・指名検索 | 習い事・トレーニング,KWP_CompetitorKeywordSeed
34212,家庭 教師 の コーチング 1 デメリット,CORE,代表,C00143,1,家庭 教師 の コーチング 1 デメリット,競合指名・周辺,保護者,B,直接競合（特性/不登校×1対1学習支援）,高,③A 直接競合,家庭教師のコーチング1,,,,UNSPECIFIED,サービス探し（家庭教師・塾・支援） | 比較検討・料金・申込 | ブランド・指名検索 | 習い事・トレーニング,KWP_CompetitorKeywordSeed
34144,コーチング 1 メリット,CORE,代表,C00144,1,コーチング 1 メリット,競合指名・周辺,保護者,B,直接競合（特性/不登校×1対1学習支援）,高,③A 直接競合,家庭教師のコーチング1,,,,UNSPECIFIED,ブランド・指名検索 | 習い事・トレーニング,KWP_CompetitorKeywordSeed
34213,家庭 教師 の コーチング 1 メリット,CORE,代表,C00145,1,家庭 教師 の コーチング 1 メリット,競合指名・周辺,保護者,B,直接競合（特性/不登校×1対1学習支援）,高,③A 直接競合,家庭教師のコーチング1,,,,UNSPECIFIED,サービス探し（家庭教師・塾・支援） | ブランド・指名検索 | 習い事・トレーニング,KWP_CompetitorKeywordSeed
34124,コーチング 1 レビュー,CORE,代表,C00146,1,コーチング 1 レビュー,競合の比較検討（評判・料金）,保護者,B,直接競合（特性/不登校×1対1学習支援）,高,③A 直接競合,家庭教師のコーチング1,,,,UNSPECIFIED,比較検討・料金・申込 | ブランド・指名検索 | 習い事・トレーニング,KWP_CompetitorKeywordSeed
34193,家庭 教師 の コーチング 1 レビュー,CORE,代表,C00147,1,家庭 教師 の コーチング 1 レビュー,競合の比較検討（評判・料金）,保護者,B,直接競合（特性/不登校×1対1学習支援）,高,③A 直接競合,家庭教師のコーチング1,,,,UNSPECIFIED,サービス探し（家庭教師・塾・支援） | 比較検討・料金・申込 | ブランド・指名検索 | 習い事・トレーニング,KWP_CompetitorKeywordSeed
34179,コーチング 1 不 登校 口コミ,CORE,代表,C00148,1,コーチング 1 不 登校 口コミ,競合の比較検討（評判・料金）,保護者,B,直接競合（特性/不登校×1対1学習支援）,高,③A 直接競合,家庭教師のコーチング1,,,,UNSPECIFIED,比較検討・料金・申込 | 学校生活・不登校・学校種別 | ブランド・指名検索 | 習い事・トレーニング,KWP_CompetitorKeywordSeed
34240,家庭 教師 の コーチング 1 不 登校,CORE,代表,C00149,1,家庭 教師 の コーチング 1 不 登校,競合×特性/不登校対応の確認,保護者,B,特性/不登校×家庭教師・塾・個別,高,③A 直接競合,家庭教師のコーチング1,,,,UNSPECIFIED,サービス探し（家庭教師・塾・支援） | 学校生活・不登校・学校種別 | ブランド・指名検索 | 習い事・トレーニング,KWP_CompetitorKeywordSeed
34191,コーチング 1 不 登校 料金,CORE,代表,C00150,1,コーチング 1 不 登校 料金,競合の比較検討（評判・料金）,保護者,B,直接競合（特性/不登校×1対1学習支援）,高,③A 直接競合,家庭教師のコーチング1,,,,UNSPECIFIED,比較検討・料金・申込 | 学校生活・不登校・学校種別 | ブランド・指名検索 | 習い事・トレーニング,KWP_CompetitorKeywordSeed
34167,コーチング 1 不 登校,CORE,代表,C00151,1,コーチング 1 不 登校,競合×特性/不登校対応の確認,保護者,B,直接競合（特性/不登校×1対1学習支援）,高,③A 直接競合,家庭教師のコーチング1,,,,UNSPECIFIED,学校生活・不登校・学校種別 | ブランド・指名検索 | 習い事・トレーニング,KWP_CompetitorKeywordSeed
34185,コーチング 1 不 登校 評判,CORE,代表,C00152,1,コーチング 1 不 登校 評判,競合の比較検討（評判・料金）,保護者,B,直接競合（特性/不登校×1対1学習支援）,高,③A 直接競合,家庭教師のコーチング1,,,,UNSPECIFIED,比較検討・料金・申込 | 学校生活・不登校・学校種別 | ブランド・指名検索 | 習い事・トレーニング,KWP_CompetitorKeywordSeed
34172,コーチング 1 中学 受験,CORE,代表,C00153,1,コーチング 1 中学 受験,競合指名・周辺,保護者,B,直接競合（特性/不登校×1対1学習支援）,高,③A 直接競合,家庭教師のコーチング1,,,,UNSPECIFIED,受験・進路 | ブランド・指名検索 | 習い事・トレーニング,KWP_CompetitorKeywordSeed
34245,家庭 教師 の コーチング 1 中学 受験,CORE,代表,C00154,1,家庭 教師 の コーチング 1 中学 受験,競合指名・周辺,保護者,B,直接競合（特性/不登校×1対1学習支援）,高,③A 直接競合,家庭教師のコーチング1,,,,UNSPECIFIED,サービス探し（家庭教師・塾・支援） | 受験・進路 | ブランド・指名検索 | 習い事・トレーニング,KWP_CompetitorKeywordSeed
34169,コーチング 1 中学生,CORE,代表,C00155,1,コーチング 1 中学生,競合指名・周辺,保護者,B,直接競合（特性/不登校×1対1学習支援）,高,③A 直接競合,家庭教師のコーチング1,,,,UNSPECIFIED,ブランド・指名検索 | 習い事・トレーニング,KWP_CompetitorKeywordSeed
34242,家庭 教師 の コーチング 1 中学生,CORE,代表,C00156,1,家庭 教師 の コーチング 1 中学生,競合指名・周辺,保護者,B,直接競合（特性/不登校×1対1学習支援）,高,③A 直接競合,家庭教師のコーチング1,,,,UNSPECIFIED,サービス探し（家庭教師・塾・支援） | ブランド・指名検索 | 習い事・トレーニング,KWP_CompetitorKeywordSeed
34141,コーチング 1 他社,CORE,代表,C00157,1,コーチング 1 他社,競合指名・周辺,保護者,B,直接競合（特性/不登校×1対1学習支援）,高,③A 直接競合,家庭教師のコーチング1,,,,UNSPECIFIED,比較検討・料金・申込 | ブランド・指名検索 | 習い事・トレーニング,KWP_CompetitorKeywordSeed
34210,家庭 教師 の コーチング 1 他社,CORE,代表,C00158,1,家庭 教師 の コーチング 1 他社,競合指名・周辺,保護者,B,直接競合（特性/不登校×1対1学習支援）,高,③A 直接競合,家庭教師のコーチング1,,,,UNSPECIFIED,サービス探し（家庭教師・塾・支援） | 比較検討・料金・申込 | ブランド・指名検索 | 習い事・トレーニング,KWP_CompetitorKeywordSeed
34156,コーチング 1 体験,CORE,代表,C00159,1,コーチング 1 体験,競合の比較検討（評判・料金）,保護者,B,直接競合（特性/不登校×1対1学習支援）,高,③A 直接競合,家庭教師のコーチング1,,,,UNSPECIFIED,比較検討・料金・申込 | ブランド・指名検索 | 習い事・トレーニング,KWP_CompetitorKeywordSeed
34226,家庭 教師 の コーチング 1 体験 授業,CORE,代表,C00160,1,家庭 教師 の コーチング 1 体験 授業,競合の比較検討（評判・料金）,保護者,B,直接競合（特性/不登校×1対1学習支援）,高,③A 直接競合,家庭教師のコーチング1,,,,UNSPECIFIED,サービス探し（家庭教師・塾・支援） | 比較検討・料金・申込 | 学習のやり方・学習課題 | ブランド・指名検索 | 習い事・トレーニング,KWP_CompetitorKeywordSeed
34225,家庭 教師 の コーチング 1 体験,CORE,代表,C00161,1,家庭 教師 の コーチング 1 体験,競合の比較検討（評判・料金）,保護者,B,直接競合（特性/不登校×1対1学習支援）,高,③A 直接競合,家庭教師のコーチング1,,,,UNSPECIFIED,サービス探し（家庭教師・塾・支援） | 比較検討・料金・申込 | ブランド・指名検索 | 習い事・トレーニング,KWP_CompetitorKeywordSeed
34224,家庭 教師 の コーチング 1 無料 体験,CORE,代表,C00162,1,家庭 教師 の コーチング 1 無料 体験,競合の比較検討（評判・料金）,保護者,B,直接競合（特性/不登校×1対1学習支援）,高,③A 直接競合,家庭教師のコーチング1,,,,UNSPECIFIED,サービス探し（家庭教師・塾・支援） | 比較検討・料金・申込 | ブランド・指名検索 | 習い事・トレーニング,KWP_CompetitorKeywordSeed
34194,家庭 教師 の コーチング 1 体験 談,CORE,代表,C00163,1,家庭 教師 の コーチング 1 体験 談,競合の比較検討（評判・料金）,保護者,B,直接競合（特性/不登校×1対1学習支援）,高,③A 直接競合,家庭教師のコーチング1,,,,UNSPECIFIED,サービス探し（家庭教師・塾・支援） | 比較検討・料金・申込 | ブランド・指名検索 | 習い事・トレーニング,KWP_CompetitorKeywordSeed
34157,コーチング 1 体験 授業,CORE,代表,C00164,1,コーチング 1 体験 授業,競合の比較検討（評判・料金）,保護者,B,直接競合（特性/不登校×1対1学習支援）,高,③A 直接競合,家庭教師のコーチング1,,,,UNSPECIFIED,比較検討・料金・申込 | 学習のやり方・学習課題 | ブランド・指名検索 | 習い事・トレーニング,KWP_CompetitorKeywordSeed
34155,コーチング 1 無料 体験,CORE,代表,C00165,1,コーチング 1 無料 体験,競合の比較検討（評判・料金）,保護者,B,直接競合（特性/不登校×1対1学習支援）,高,③A 直接競合,家庭教師のコーチング1,,,,UNSPECIFIED,比較検討・料金・申込 | ブランド・指名検索 | 習い事・トレーニング,KWP_CompetitorKeywordSeed
34125,コーチング 1 体験 談,CORE,代表,C00166,1,コーチング 1 体験 談,競合の比較検討（評判・料金）,保護者,B,直接競合（特性/不登校×1対1学習支援）,高,③A 直接競合,家庭教師のコーチング1,,,,UNSPECIFIED,比較検討・料金・申込 | ブランド・指名検索 | 習い事・トレーニング,KWP_CompetitorKeywordSeed
34117,個別 指導 の コーチング 1 口コミ,CORE,代表,C00167,1,個別 指導 の コーチング 1 口コミ,競合の比較検討（評判・料金）,保護者,B,直接競合（特性/不登校×1対1学習支援）,高,③A 直接競合,家庭教師のコーチング1,10,,,LOW,サービス探し（家庭教師・塾・支援） | 比較検討・料金・申込 | ブランド・指名検索 | 習い事・トレーニング,KWP_CompetitorKeywordSeed
7418,個別 指導 の コーチング 1,CORE,代表,C00168,2,個別 指導 の コーチング 1,競合指名・周辺,保護者,B,直接競合（特性/不登校×1対1学習支援）,高,③A 直接競合,家庭教師のコーチング1,50,203.0,743.0,MEDIUM,サービス探し（家庭教師・塾・支援） | ブランド・指名検索 | 習い事・トレーニング,KWP_KeywordSeed || KWP_UrlSeed || KWP_CompetitorKeywordSeed
2893,個別 指導 の コーチング 1 料金,CORE,代表,C00169,1,個別 指導 の コーチング 1 料金,競合の比較検討（評判・料金）,保護者,B,直接競合（特性/不登校×1対1学習支援）,高,③A 直接競合,家庭教師のコーチング1,10,,,MEDIUM,サービス探し（家庭教師・塾・支援） | 比較検討・料金・申込 | ブランド・指名検索 | 習い事・トレーニング,KWP_KeywordSeed || KWP_CompetitorKeywordSeed
14981,個別 指導 コーチング 1 評判,CORE,代表,C00170,2,個別 指導 コーチング 1 評判,競合の比較検討（評判・料金）,保護者,B,直接競合（特性/不登校×1対1学習支援）,高,③A 直接競合,家庭教師のコーチング1,30,298.0,1087.0,MEDIUM,サービス探し（家庭教師・塾・支援） | 比較検討・料金・申込 | ブランド・指名検索 | 習い事・トレーニング,KWP_UrlSeed || KWP_CompetitorKeywordSeed
34161,コーチング 1 入会,CORE,代表,C00171,1,コーチング 1 入会,競合の比較検討（評判・料金）,保護者,B,直接競合（特性/不登校×1対1学習支援）,高,③A 直接競合,家庭教師のコーチング1,,,,UNSPECIFIED,比較検討・料金・申込 | ブランド・指名検索 | 習い事・トレーニング,KWP_CompetitorKeywordSeed
34230,家庭 教師 の コーチング 1 入会,CORE,代表,C00172,1,家庭 教師 の コーチング 1 入会,競合の比較検討（評判・料金）,保護者,B,直接競合（特性/不登校×1対1学習支援）,高,③A 直接競合,家庭教師のコーチング1,,,,UNSPECIFIED,サービス探し（家庭教師・塾・支援） | 比較検討・料金・申込 | ブランド・指名検索 | 習い事・トレーニング,KWP_CompetitorKeywordSeed
34202,家庭 教師 の コーチング 1 入会 金,CORE,代表,C00173,1,家庭 教師 の コーチング 1 入会 金,競合の比較検討（評判・料金）,保護者,B,直接競合（特性/不登校×1対1学習支援）,高,③A 直接競合,家庭教師のコーチング1,,,,UNSPECIFIED,サービス探し（家庭教師・塾・支援） | 比較検討・料金・申込 | ブランド・指名検索 | 習い事・トレーニング,KWP_CompetitorKeywordSeed
34133,コーチング 1 入会 金,CORE,代表,C00174,1,コーチング 1 入会 金,競合の比較検討（評判・料金）,保護者,B,直接競合（特性/不登校×1対1学習支援）,高,③A 直接競合,家庭教師のコーチング1,,,,UNSPECIFIED,比較検討・料金・申込 | ブランド・指名検索 | 習い事・トレーニング,KWP_CompetitorKeywordSeed
34173,コーチング 1 大学 受験,CORE,代表,C00175,1,コーチング 1 大学 受験,競合指名・周辺,保護者,B,直接競合（特性/不登校×1対1学習支援）,高,③A 直接競合,家庭教師のコーチング1,,,,UNSPECIFIED,受験・進路 | ブランド・指名検索 | 習い事・トレーニング,KWP_CompetitorKeywordSeed
34246,家庭 教師 の コーチング 1 大学 受験,CORE,代表,C00176,1,家庭 教師 の コーチング 1 大学 受験,競合指名・周辺,保護者,B,直接競合（特性/不登校×1対1学習支援）,高,③A 直接競合,家庭教師のコーチング1,,,,UNSPECIFIED,サービス探し（家庭教師・塾・支援） | 受験・進路 | ブランド・指名検索 | 習い事・トレーニング,KWP_CompetitorKeywordSeed
34244,家庭 教師 の コーチング 1 高校 受験,CORE,代表,C00177,1,家庭 教師 の コーチング 1 高校 受験,競合指名・周辺,保護者,B,直接競合（特性/不登校×1対1学習支援）,高,③A 直接競合,家庭教師のコーチング1,,,,UNSPECIFIED,サービス探し（家庭教師・塾・支援） | 受験・進路 | ブランド・指名検索 | 習い事・トレーニング,KWP_CompetitorKeywordSeed
34171,コーチング 1 高校 受験,CORE,代表,C00178,1,コーチング 1 高校 受験,競合指名・周辺,保護者,B,直接競合（特性/不登校×1対1学習支援）,高,③A 直接競合,家庭教師のコーチング1,,,,UNSPECIFIED,受験・進路 | ブランド・指名検索 | 習い事・トレーニング,KWP_CompetitorKeywordSeed
34115,コーチング 1 口コミ,CORE,代表,C00179,2,コーチング 1 口コミ,競合の比較検討（評判・料金）,保護者,B,直接競合（特性/不登校×1対1学習支援）,高,③A 直接競合,家庭教師のコーチング1,30,266.0,1651.0,MEDIUM,比較検討・料金・申込 | ブランド・指名検索 | 習い事・トレーニング,KWP_CompetitorKeywordSeed
34178,コーチング 1 境界 知能 口コミ,CORE,代表,C00180,1,コーチング 1 境界 知能 口コミ,競合の比較検討（評判・料金）,保護者,B,直接競合（特性/不登校×1対1学習支援）,高,③A 直接競合,家庭教師のコーチング1,,,,UNSPECIFIED,比較検討・料金・申込 | ブランド・指名検索 | 習い事・トレーニング,KWP_CompetitorKeywordSeed
34176,コーチング 1 ld 口コミ,CORE,代表,C00181,2,コーチング 1 ld 口コミ,競合の比較検討（評判・料金）,保護者,B,直接競合（特性/不登校×1対1学習支援）,高,③A 直接競合,家庭教師のコーチング1,,,,UNSPECIFIED,比較検討・料金・申込 | ブランド・指名検索 | 習い事・トレーニング,KWP_CompetitorKeywordSeed
34192,家庭 教師 の コーチング 1 口コミ,CORE,代表,C00182,1,家庭 教師 の コーチング 1 口コミ,競合の比較検討（評判・料金）,保護者,B,直接競合（特性/不登校×1対1学習支援）,高,③A 直接競合,家庭教師のコーチング1,,,,UNSPECIFIED,サービス探し（家庭教師・塾・支援） | 比較検討・料金・申込 | ブランド・指名検索 | 習い事・トレーニング,KWP_CompetitorKeywordSeed
47682,コーチング1 品川,CORE,代表,C00183,1,コーチング1 品川,競合指名・周辺,保護者,B,直接競合（特性/不登校×1対1学習支援）,高,③A 直接競合,家庭教師のコーチング1,,,,UNSPECIFIED,ブランド・指名検索 | 習い事・トレーニング,Google_competitor_suggest
34239,家庭 教師 の コーチング 1 境界 知能,CORE,代表,C00184,1,家庭 教師 の コーチング 1 境界 知能,競合×特性/不登校対応の確認,保護者,B,特性/不登校×家庭教師・塾・個別,高,③A 直接競合,家庭教師のコーチング1,,,,UNSPECIFIED,サービス探し（家庭教師・塾・支援） | ブランド・指名検索 | 習い事・トレーニング,KWP_CompetitorKeywordSeed
34190,コーチング 1 境界 知能 料金,CORE,代表,C00185,1,コーチング 1 境界 知能 料金,競合の比較検討（評判・料金）,保護者,B,直接競合（特性/不登校×1対1学習支援）,高,③A 直接競合,家庭教師のコーチング1,,,,UNSPECIFIED,比較検討・料金・申込 | ブランド・指名検索 | 習い事・トレーニング,KWP_CompetitorKeywordSeed
34166,コーチング 1 境界 知能,CORE,代表,C00186,1,コーチング 1 境界 知能,競合×特性/不登校対応の確認,保護者,B,直接競合（特性/不登校×1対1学習支援）,高,③A 直接競合,家庭教師のコーチング1,,,,UNSPECIFIED,ブランド・指名検索 | 習い事・トレーニング,KWP_CompetitorKeywordSeed
34184,コーチング 1 境界 知能 評判,CORE,代表,C00187,1,コーチング 1 境界 知能 評判,競合の比較検討（評判・料金）,保護者,B,直接競合（特性/不登校×1対1学習支援）,高,③A 直接競合,家庭教師のコーチング1,,,,UNSPECIFIED,比較検討・料金・申込 | ブランド・指名検索 | 習い事・トレーニング,KWP_CompetitorKeywordSeed
14983,コーチング 1 大阪,CORE,代表,C00188,2,コーチング 1 大阪,競合指名・周辺,保護者,B,直接競合（特性/不登校×1対1学習支援）,高,③A 直接競合,家庭教師のコーチング1,10,,,MEDIUM,ブランド・指名検索 | 地域・近くで探す | 習い事・トレーニング,KWP_UrlSeed
34147,コーチング 1 失敗,CORE,代表,C00189,1,コーチング 1 失敗,競合の不満・乗り換え,保護者,B,直接競合（特性/不登校×1対1学習支援）,高,③A 直接競合,家庭教師のコーチング1,,,,UNSPECIFIED,比較検討・料金・申込 | ブランド・指名検索 | 習い事・トレーニング,KWP_CompetitorKeywordSeed
34216,家庭 教師 の コーチング 1 失敗,CORE,代表,C00190,1,家庭 教師 の コーチング 1 失敗,競合の不満・乗り換え,保護者,B,直接競合（特性/不登校×1対1学習支援）,高,③A 直接競合,家庭教師のコーチング1,,,,UNSPECIFIED,サービス探し（家庭教師・塾・支援） | 比較検討・料金・申込 | ブランド・指名検索 | 習い事・トレーニング,KWP_CompetitorKeywordSeed
34237,家庭 教師 の コーチング 1 ld,CORE,代表,C00191,2,家庭 教師 の コーチング 1 ld,競合×特性/不登校対応の確認,保護者,B,特性/不登校×家庭教師・塾・個別,高,③A 直接競合,家庭教師のコーチング1,,,,UNSPECIFIED,サービス探し（家庭教師・塾・支援） | ブランド・指名検索 | 習い事・トレーニング,KWP_CompetitorKeywordSeed
34188,コーチング 1 ld 料金,CORE,代表,C00192,2,コーチング 1 ld 料金,競合の比較検討（評判・料金）,保護者,B,直接競合（特性/不登校×1対1学習支援）,高,③A 直接競合,家庭教師のコーチング1,,,,UNSPECIFIED,比較検討・料金・申込 | ブランド・指名検索 | 習い事・トレーニング,KWP_CompetitorKeywordSeed
34182,コーチング 1 ld 評判,CORE,代表,C00193,2,コーチング 1 ld 評判,競合の比較検討（評判・料金）,保護者,B,直接競合（特性/不登校×1対1学習支援）,高,③A 直接競合,家庭教師のコーチング1,,,,UNSPECIFIED,比較検討・料金・申込 | ブランド・指名検索 | 習い事・トレーニング,KWP_CompetitorKeywordSeed
34164,コーチング 1 ld,CORE,代表,C00194,2,コーチング 1 ld,競合×特性/不登校対応の確認,保護者,B,直接競合（特性/不登校×1対1学習支援）,高,③A 直接競合,家庭教師のコーチング1,,,,UNSPECIFIED,ブランド・指名検索 | 習い事・トレーニング,KWP_CompetitorKeywordSeed
34136,コーチング 1 安い,CORE,代表,C00195,1,コーチング 1 安い,競合の比較検討（評判・料金）,保護者,B,直接競合（特性/不登校×1対1学習支援）,高,③A 直接競合,家庭教師のコーチング1,,,,UNSPECIFIED,比較検討・料金・申込 | ブランド・指名検索 | 習い事・トレーニング,KWP_CompetitorKeywordSeed
34205,家庭 教師 の コーチング 1 安い,CORE,代表,C00196,1,家庭 教師 の コーチング 1 安い,競合の比較検討（評判・料金）,保護者,B,直接競合（特性/不登校×1対1学習支援）,高,③A 直接競合,家庭教師のコーチング1,,,,UNSPECIFIED,サービス探し（家庭教師・塾・支援） | 比較検討・料金・申込 | ブランド・指名検索 | 習い事・トレーニング,KWP_CompetitorKeywordSeed
34241,家庭 教師 の コーチング 1 小学生,CORE,代表,C00197,1,家庭 教師 の コーチング 1 小学生,競合指名・周辺,保護者,B,直接競合（特性/不登校×1対1学習支援）,高,③A 直接競合,家庭教師のコーチング1,,,,UNSPECIFIED,サービス探し（家庭教師・塾・支援） | ブランド・指名検索 | 習い事・トレーニング,KWP_CompetitorKeywordSeed
34217,家庭 教師 の コーチング 1 後悔,CORE,代表,C00198,1,家庭 教師 の コーチング 1 後悔,競合の不満・乗り換え,保護者,B,直接競合（特性/不登校×1対1学習支援）,高,③A 直接競合,家庭教師のコーチング1,,,,UNSPECIFIED,サービス探し（家庭教師・塾・支援） | 比較検討・料金・申込 | ブランド・指名検索 | 習い事・トレーニング,KWP_CompetitorKeywordSeed
34214,家庭 教師 の コーチング 1 怪しい,CORE,代表,C00199,1,家庭 教師 の コーチング 1 怪しい,競合の不満・乗り換え,保護者,B,直接競合（特性/不登校×1対1学習支援）,高,③A 直接競合,家庭教師のコーチング1,,,,UNSPECIFIED,サービス探し（家庭教師・塾・支援） | 比較検討・料金・申込 | ブランド・指名検索 | 習い事・トレーニング,KWP_CompetitorKeywordSeed
34195,家庭 教師 の コーチング 1 感想,CORE,代表,C00200,1,家庭 教師 の コーチング 1 感想,競合の比較検討（評判・料金）,保護者,B,直接競合（特性/不登校×1対1学習支援）,高,③A 直接競合,家庭教師のコーチング1,,,,UNSPECIFIED,サービス探し（家庭教師・塾・支援） | 比較検討・料金・申込 | ブランド・指名検索 | 習い事・トレーニング,KWP_CompetitorKeywordSeed
34113,家庭 教師 の コーチング 1 教務 部,CORE,代表,C00201,1,家庭 教師 の コーチング 1 教務 部,競合指名・周辺,保護者,B,直接競合（特性/不登校×1対1学習支援）,高,③A 直接競合,家庭教師のコーチング1,10,,,UNSPECIFIED,サービス探し（家庭教師・塾・支援） | ブランド・指名検索 | 習い事・トレーニング,KWP_CompetitorKeywordSeed
34114,家庭 教師 コーチング 1,CORE,代表,C00202,3,家庭 教師 コーチング 1,競合指名・周辺,保護者,B,直接競合（特性/不登校×1対1学習支援）,高,③A 直接競合,家庭教師のコーチング1,10,,,MEDIUM,サービス探し（家庭教師・塾・支援） | ブランド・指名検索 | 習い事・トレーニング,KWP_CompetitorKeywordSeed
34203,家庭 教師 の コーチング 1 教材 費,CORE,代表,C00203,1,家庭 教師 の コーチング 1 教材 費,競合指名・周辺,保護者,B,直接競合（特性/不登校×1対1学習支援）,高,③A 直接競合,家庭教師のコーチング1,,,,UNSPECIFIED,サービス探し（家庭教師・塾・支援） | 比較検討・料金・申込 | 教材・通信教育 | ブランド・指名検索 | 習い事・トレーニング,KWP_CompetitorKeywordSeed
34198,家庭 教師 の コーチング 1 料金,CORE,代表,C00204,4,家庭 教師 の コーチング 1 料金,競合の比較検討（評判・料金）,保護者,B,直接競合（特性/不登校×1対1学習支援）,高,③A 直接競合,家庭教師のコーチング1,,,,UNSPECIFIED,サービス探し（家庭教師・塾・支援） | 比較検討・料金・申込 | ブランド・指名検索 | 習い事・トレーニング,KWP_CompetitorKeywordSeed
34215,家庭 教師 の コーチング 1 最悪,CORE,代表,C00205,1,家庭 教師 の コーチング 1 最悪,競合の不満・乗り換え,保護者,B,直接競合（特性/不登校×1対1学習支援）,高,③A 直接競合,家庭教師のコーチング1,,,,UNSPECIFIED,サービス探し（家庭教師・塾・支援） | 比較検討・料金・申込 | ブランド・指名検索 | 習い事・トレーニング,KWP_CompetitorKeywordSeed
34206,家庭 教師 の コーチング 1 比較,CORE,代表,C00206,1,家庭 教師 の コーチング 1 比較,競合の比較検討（評判・料金）,保護者,B,直接競合（特性/不登校×1対1学習支援）,高,③A 直接競合,家庭教師のコーチング1,,,,UNSPECIFIED,サービス探し（家庭教師・塾・支援） | 比較検討・料金・申込 | ブランド・指名検索 | 習い事・トレーニング,KWP_CompetitorKeywordSeed
34227,家庭 教師 の コーチング 1 無料 相談,CORE,代表,C00207,1,家庭 教師 の コーチング 1 無料 相談,競合指名・周辺,保護者,B,直接競合（特性/不登校×1対1学習支援）,高,③A 直接競合,家庭教師のコーチング1,,,,UNSPECIFIED,サービス探し（家庭教師・塾・支援） | 比較検討・料金・申込 | ブランド・指名検索 | 習い事・トレーニング,KWP_CompetitorKeywordSeed
34229,家庭 教師 の コーチング 1 申し込み,CORE,代表,C00208,1,家庭 教師 の コーチング 1 申し込み,競合の比較検討（評判・料金）,保護者,B,直接競合（特性/不登校×1対1学習支援）,高,③A 直接競合,家庭教師のコーチング1,,,,UNSPECIFIED,サービス探し（家庭教師・塾・支援） | 比較検討・料金・申込 | ブランド・指名検索 | 習い事・トレーニング,KWP_CompetitorKeywordSeed
34231,家庭 教師 の コーチング 1 発達 障害,CORE,代表,C00209,2,家庭 教師 の コーチング 1 発達 障害,競合×特性/不登校対応の確認,保護者,B,特性/不登校×家庭教師・塾・個別,高,③A 直接競合,家庭教師のコーチング1,,,,UNSPECIFIED,サービス探し（家庭教師・塾・支援） | ブランド・指名検索 | 習い事・トレーニング,KWP_CompetitorKeywordSeed
34236,家庭 教師 の コーチング 1 自 閉 症,CORE,代表,C00210,1,家庭 教師 の コーチング 1 自 閉 症,競合×特性/不登校対応の確認,保護者,B,特性/不登校×家庭教師・塾・個別,高,③A 直接競合,家庭教師のコーチング1,,,,UNSPECIFIED,サービス探し（家庭教師・塾・支援） | ブランド・指名検索 | 習い事・トレーニング,KWP_CompetitorKeywordSeed
34223,家庭 教師 の コーチング 1 解約,CORE,代表,C00211,1,家庭 教師 の コーチング 1 解約,競合の不満・乗り換え,保護者,B,直接競合（特性/不登校×1対1学習支援）,高,③A 直接競合,家庭教師のコーチング1,,,,UNSPECIFIED,サービス探し（家庭教師・塾・支援） | 比較検討・料金・申込 | ブランド・指名検索 | 習い事・トレーニング,KWP_CompetitorKeywordSeed
34196,家庭 教師 の コーチング 1 評価,CORE,代表,C00212,1,家庭 教師 の コーチング 1 評価,競合の比較検討（評判・料金）,保護者,B,直接競合（特性/不登校×1対1学習支援）,高,③A 直接競合,家庭教師のコーチング1,,,,UNSPECIFIED,サービス探し（家庭教師・塾・支援） | 比較検討・料金・申込 | ブランド・指名検索 | 習い事・トレーニング,KWP_CompetitorKeywordSeed
34121,家庭 教師 コーチング 1 評判,CORE,代表,C00213,3,家庭 教師 コーチング 1 評判,競合の比較検討（評判・料金）,保護者,B,直接競合（特性/不登校×1対1学習支援）,高,③A 直接競合,家庭教師のコーチング1,10,,,UNSPECIFIED,サービス探し（家庭教師・塾・支援） | 比較検討・料金・申込 | ブランド・指名検索 | 習い事・トレーニング,KWP_CompetitorKeywordSeed
34228,家庭 教師 の コーチング 1 資料 請求,CORE,代表,C00214,1,家庭 教師 の コーチング 1 資料 請求,競合の比較検討（評判・料金）,保護者,B,直接競合（特性/不登校×1対1学習支援）,高,③A 直接競合,家庭教師のコーチング1,,,,UNSPECIFIED,サービス探し（家庭教師・塾・支援） | 比較検討・料金・申込 | ブランド・指名検索 | 習い事・トレーニング,KWP_CompetitorKeywordSeed
34197,家庭 教師 の コーチング 1 費用,CORE,代表,C00215,1,家庭 教師 の コーチング 1 費用,競合の比較検討（評判・料金）,保護者,B,直接競合（特性/不登校×1対1学習支援）,高,③A 直接競合,家庭教師のコーチング1,,,,UNSPECIFIED,サービス探し（家庭教師・塾・支援） | 比較検討・料金・申込 | ブランド・指名検索 | 習い事・トレーニング,KWP_CompetitorKeywordSeed
34222,家庭 教師 の コーチング 1 退会,CORE,代表,C00216,1,家庭 教師 の コーチング 1 退会,競合の不満・乗り換え,保護者,B,直接競合（特性/不登校×1対1学習支援）,高,③A 直接競合,家庭教師のコーチング1,,,,UNSPECIFIED,サービス探し（家庭教師・塾・支援） | 合わない・断られた・乗り換え | ブランド・指名検索 | 習い事・トレーニング,KWP_CompetitorKeywordSeed
34207,家庭 教師 の コーチング 1 違い,CORE,代表,C00217,1,家庭 教師 の コーチング 1 違い,競合指名・周辺,保護者,B,直接競合（特性/不登校×1対1学習支援）,高,③A 直接競合,家庭教師のコーチング1,,,,UNSPECIFIED,サービス探し（家庭教師・塾・支援） | 比較検討・料金・申込 | ブランド・指名検索 | 習い事・トレーニング | 特性そのものを調べる（とは・特徴・チェック）,KWP_CompetitorKeywordSeed
34204,家庭 教師 の コーチング 1 高い,CORE,代表,C00218,1,家庭 教師 の コーチング 1 高い,競合の比較検討（評判・料金）,保護者,B,直接競合（特性/不登校×1対1学習支援）,高,③A 直接競合,家庭教師のコーチング1,,,,UNSPECIFIED,サービス探し（家庭教師・塾・支援） | 比較検討・料金・申込 | ブランド・指名検索 | 習い事・トレーニング,KWP_CompetitorKeywordSeed
34243,家庭 教師 の コーチング 1 高校生,CORE,代表,C00219,1,家庭 教師 の コーチング 1 高校生,競合指名・周辺,保護者,B,直接競合（特性/不登校×1対1学習支援）,高,③A 直接競合,家庭教師のコーチング1,,,,UNSPECIFIED,サービス探し（家庭教師・塾・支援） | ブランド・指名検索 | 習い事・トレーニング,KWP_CompetitorKeywordSeed
34168,コーチング 1 小学生,CORE,代表,C00220,1,コーチング 1 小学生,競合指名・周辺,保護者,B,直接競合（特性/不登校×1対1学習支援）,高,③A 直接競合,家庭教師のコーチング1,,,,UNSPECIFIED,ブランド・指名検索 | 習い事・トレーニング,KWP_CompetitorKeywordSeed
34148,コーチング 1 後悔,CORE,代表,C00221,1,コーチング 1 後悔,競合の不満・乗り換え,保護者,B,直接競合（特性/不登校×1対1学習支援）,高,③A 直接競合,家庭教師のコーチング1,,,,UNSPECIFIED,比較検討・料金・申込 | ブランド・指名検索 | 習い事・トレーニング,KWP_CompetitorKeywordSeed
34145,コーチング 1 怪しい,CORE,代表,C00222,1,コーチング 1 怪しい,競合の不満・乗り換え,保護者,B,直接競合（特性/不登校×1対1学習支援）,高,③A 直接競合,家庭教師のコーチング1,,,,UNSPECIFIED,比較検討・料金・申込 | ブランド・指名検索 | 習い事・トレーニング,KWP_CompetitorKeywordSeed
34126,コーチング 1 感想,CORE,代表,C00223,1,コーチング 1 感想,競合の比較検討（評判・料金）,保護者,B,直接競合（特性/不登校×1対1学習支援）,高,③A 直接競合,家庭教師のコーチング1,,,,UNSPECIFIED,比較検討・料金・申込 | ブランド・指名検索 | 習い事・トレーニング,KWP_CompetitorKeywordSeed
47683,コーチング1 戸越,CORE,代表,C00224,1,コーチング1 戸越,競合指名・周辺,保護者,B,直接競合（特性/不登校×1対1学習支援）,高,③A 直接競合,家庭教師のコーチング1,,,,UNSPECIFIED,ブランド・指名検索 | 習い事・トレーニング,Google_competitor_suggest
14987,コーチング 1 飯田橋 教室,CORE,代表,C00225,2,コーチング 1 飯田橋 教室,競合指名・周辺,保護者,B,直接競合（特性/不登校×1対1学習支援）,高,③A 直接競合,家庭教師のコーチング1,170,,,LOW,ブランド・指名検索 | 習い事・トレーニング,KWP_UrlSeed
34134,コーチング 1 教材 費,CORE,代表,C00226,1,コーチング 1 教材 費,競合指名・周辺,保護者,B,直接競合（特性/不登校×1対1学習支援）,高,③A 直接競合,家庭教師のコーチング1,,,,UNSPECIFIED,比較検討・料金・申込 | 教材・通信教育 | ブランド・指名検索 | 習い事・トレーニング,KWP_CompetitorKeywordSeed
34128,コーチング 1 料金,CORE,代表,C00227,5,コーチング 1 料金,競合の比較検討（評判・料金）,保護者,B,直接競合（特性/不登校×1対1学習支援）,高,③A 直接競合,家庭教師のコーチング1,,,,UNSPECIFIED,比較検討・料金・申込 | ブランド・指名検索 | 習い事・トレーニング,KWP_CompetitorKeywordSeed
34146,コーチング 1 最悪,CORE,代表,C00228,1,コーチング 1 最悪,競合の不満・乗り換え,保護者,B,直接競合（特性/不登校×1対1学習支援）,高,③A 直接競合,家庭教師のコーチング1,,,,UNSPECIFIED,比較検討・料金・申込 | ブランド・指名検索 | 習い事・トレーニング,KWP_CompetitorKeywordSeed
34137,コーチング 1 比較,CORE,代表,C00229,1,コーチング 1 比較,競合の比較検討（評判・料金）,保護者,B,直接競合（特性/不登校×1対1学習支援）,高,③A 直接競合,家庭教師のコーチング1,,,,UNSPECIFIED,比較検討・料金・申込 | ブランド・指名検索 | 習い事・トレーニング,KWP_CompetitorKeywordSeed
34158,コーチング 1 無料 相談,CORE,代表,C00230,1,コーチング 1 無料 相談,競合指名・周辺,保護者,B,直接競合（特性/不登校×1対1学習支援）,高,③A 直接競合,家庭教師のコーチング1,,,,UNSPECIFIED,比較検討・料金・申込 | ブランド・指名検索 | 習い事・トレーニング,KWP_CompetitorKeywordSeed
34160,コーチング 1 申し込み,CORE,代表,C00231,1,コーチング 1 申し込み,競合の比較検討（評判・料金）,保護者,B,直接競合（特性/不登校×1対1学習支援）,高,③A 直接競合,家庭教師のコーチング1,,,,UNSPECIFIED,比較検討・料金・申込 | ブランド・指名検索 | 習い事・トレーニング,KWP_CompetitorKeywordSeed
47686,コーチング1級,CORE,代表,C00232,1,コーチング1級,競合指名・周辺,保護者,B,直接競合（特性/不登校×1対1学習支援）,高,③A 直接競合,家庭教師のコーチング1,10,,,LOW,ブランド・指名検索 | 習い事・トレーニング,Google_competitor_suggest
34154,コーチング 1 解約,CORE,代表,C00233,1,コーチング 1 解約,競合の不満・乗り換え,保護者,B,直接競合（特性/不登校×1対1学習支援）,高,③A 直接競合,家庭教師のコーチング1,,,,UNSPECIFIED,比較検討・料金・申込 | ブランド・指名検索 | 習い事・トレーニング,KWP_CompetitorKeywordSeed
34127,コーチング 1 評価,CORE,代表,C00234,1,コーチング 1 評価,競合の比較検討（評判・料金）,保護者,B,直接競合（特性/不登校×1対1学習支援）,高,③A 直接競合,家庭教師のコーチング1,,,,UNSPECIFIED,比較検討・料金・申込 | ブランド・指名検索 | 習い事・トレーニング,KWP_CompetitorKeywordSeed
34116,コーチング 1 評判,CORE,代表,C00235,2,コーチング 1 評判,競合の比較検討（評判・料金）,保護者,B,直接競合（特性/不登校×1対1学習支援）,高,③A 直接競合,家庭教師のコーチング1,10,,,LOW,比較検討・料金・申込 | ブランド・指名検索 | 習い事・トレーニング,KWP_CompetitorKeywordSeed
34159,コーチング 1 資料 請求,CORE,代表,C00236,1,コーチング 1 資料 請求,競合の比較検討（評判・料金）,保護者,B,直接競合（特性/不登校×1対1学習支援）,高,③A 直接競合,家庭教師のコーチング1,,,,UNSPECIFIED,比較検討・料金・申込 | ブランド・指名検索 | 習い事・トレーニング,KWP_CompetitorKeywordSeed
34129,コーチング 1 費用,CORE,代表,C00237,1,コーチング 1 費用,競合の比較検討（評判・料金）,保護者,B,直接競合（特性/不登校×1対1学習支援）,高,③A 直接競合,家庭教師のコーチング1,,,,UNSPECIFIED,比較検討・料金・申込 | ブランド・指名検索 | 習い事・トレーニング,KWP_CompetitorKeywordSeed
34153,コーチング 1 退会,CORE,代表,C00238,2,コーチング 1 退会,競合の不満・乗り換え,保護者,B,直接競合（特性/不登校×1対1学習支援）,高,③A 直接競合,家庭教師のコーチング1,,,,UNSPECIFIED,合わない・断られた・乗り換え | ブランド・指名検索 | 習い事・トレーニング,KWP_CompetitorKeywordSeed
34138,コーチング 1 違い,CORE,代表,C00239,1,コーチング 1 違い,競合指名・周辺,保護者,B,直接競合（特性/不登校×1対1学習支援）,高,③A 直接競合,家庭教師のコーチング1,,,,UNSPECIFIED,比較検討・料金・申込 | ブランド・指名検索 | 習い事・トレーニング | 特性そのものを調べる（とは・特徴・チェック）,KWP_CompetitorKeywordSeed
14978,コーチング 1 飯田橋,CORE,代表,C00240,2,コーチング 1 飯田橋,競合指名・周辺,保護者,B,直接競合（特性/不登校×1対1学習支援）,高,③A 直接競合,家庭教師のコーチング1,30,186.0,789.0,MEDIUM,ブランド・指名検索 | 習い事・トレーニング,KWP_UrlSeed
34135,コーチング 1 高い,CORE,代表,C00241,1,コーチング 1 高い,競合の比較検討（評判・料金）,保護者,B,直接競合（特性/不登校×1対1学習支援）,高,③A 直接競合,家庭教師のコーチング1,,,,UNSPECIFIED,比較検討・料金・申込 | ブランド・指名検索 | 習い事・トレーニング,KWP_CompetitorKeywordSeed
34170,コーチング 1 高校生,CORE,代表,C00242,1,コーチング 1 高校生,競合指名・周辺,保護者,B,直接競合（特性/不登校×1対1学習支援）,高,③A 直接競合,家庭教師のコーチング1,,,,UNSPECIFIED,ブランド・指名検索 | 習い事・トレーニング,KWP_CompetitorKeywordSeed
2480,東京 個別 指導 学院 週 1 料金,CORE,代表,C00350,1,東京 個別 指導 学院 週 1 料金,競合の比較検討（評判・料金）,保護者,B,カテゴリ競合×比較/評判/料金/乗換え/特性,中,③B カテゴリ競合,東京個別指導学院,320,100.0,252.0,LOW,サービス探し（家庭教師・塾・支援） | 比較検討・料金・申込 | ブランド・指名検索 | 地域・近くで探す,KWP_KeywordSeed || KWP_CompetitorKeywordSeed
3317,明光 義塾 1 教科 料金,CORE,代表,C00376,1,明光 義塾 1 教科 料金,競合の比較検討（評判・料金）,保護者,B,カテゴリ競合×比較/評判/料金/乗換え/特性,中,③B カテゴリ競合,個別指導の明光義塾,40,152.0,5788.0,LOW,サービス探し（家庭教師・塾・支援） | 比較検討・料金・申込 | ブランド・指名検索,KWP_KeywordSeed || KWP_CompetitorKeywordSeed
38479,スクール ie 2ch,CORE,代表,C00483,2,スクール ie 2ch,競合の比較検討（評判・料金）,保護者,B,カテゴリ競合×比較/評判/料金/乗換え/特性,中,③B カテゴリ競合,スクールIE,10,,,UNSPECIFIED,ブランド・指名検索,KWP_CompetitorKeywordSeed
38949,スクール ie 評判 2ch,CORE,代表,C00484,2,スクール ie 評判 2ch,競合の比較検討（評判・料金）,保護者,B,カテゴリ競合×比較/評判/料金/乗換え/特性,中,③B カテゴリ競合,スクールIE,40,,,LOW,比較検討・料金・申込 | ブランド・指名検索,KWP_CompetitorKeywordSeed
37944,itto 評判 2ch,CORE,代表,C00486,1,itto 評判 2ch,競合の比較検討（評判・料金）,保護者,B,カテゴリ競合×比較/評判/料金/乗換え/特性,中,③B カテゴリ競合,ITTO個別指導学院,0,,,UNSPECIFIED,比較検討・料金・申込 | ブランド・指名検索,KWP_CompetitorKeywordSeed
67891,tomas 2ch,CORE,代表,C00487,1,tomas 2ch,競合の比較検討（評判・料金）,保護者,B,カテゴリ競合×比較/評判/料金/乗換え/特性,中,③B カテゴリ競合,TOMAS,10,,,LOW,ブランド・指名検索,CompetitorMatrix
42378,キズキ 共 育 塾 2ch,CORE,代表,C00492,2,キズキ 共 育 塾 2ch,競合の比較検討（評判・料金）,保護者,B,直接競合（特性/不登校×1対1学習支援）,高,③A 直接競合,キズキ共育塾,10,,,LOW,サービス探し（家庭教師・塾・支援） | 比較検討・料金・申込 | ブランド・指名検索,KWP_CompetitorKeywordSeed
6983,キズキ 教育 塾 2ch,CORE,代表,C00493,1,キズキ 教育 塾 2ch,競合の比較検討（評判・料金）,保護者,B,直接競合（特性/不登校×1対1学習支援）,高,③A 直接競合,キズキ共育塾,140,,,LOW,サービス探し（家庭教師・塾・支援） | 比較検討・料金・申込 | ブランド・指名検索,KWP_KeywordSeed || KWP_UrlSeed || KWP_CompetitorKeywordSeed || Google_competitor_SERP
6271,家庭 教師 サクシード 2ch,CORE,代表,C00497,1,家庭 教師 サクシード 2ch,競合の比較検討（評判・料金）,保護者,B,カテゴリ競合×比較/評判/料金/乗換え/特性,中,③B カテゴリ競合,家庭教師のサクシード,10,,,UNSPECIFIED,サービス探し（家庭教師・塾・支援） | 比較検討・料金・申込 | ブランド・指名検索,KWP_KeywordSeed || KWP_CompetitorKeywordSeed
67906,フリーステップ 2ch,CORE,代表,C00500,1,フリーステップ 2ch,競合の比較検討（評判・料金）,保護者,B,カテゴリ競合×比較/評判/料金/乗換え/特性,中,③B カテゴリ競合,フリーステップ,10,,,LOW,比較検討・料金・申込 | ブランド・指名検索,CompetitorMatrix
68110,トライプラス 2ch,CORE,代表,C00504,1,トライプラス 2ch,競合の比較検討（評判・料金）,保護者,B,カテゴリ競合×比較/評判/料金/乗換え/特性,中,③B カテゴリ競合,個別指導塾トライプラス,10,,,UNSPECIFIED,比較検討・料金・申込 | ブランド・指名検索,CompetitorMatrix
8060,個別 教室 の トライ 2ch,CORE,代表,C00505,2,個別 教室 の トライ 2ch,競合の比較検討（評判・料金）,保護者,B,カテゴリ競合×比較/評判/料金/乗換え/特性,中,③B カテゴリ競合,個別教室のトライ,10,,,LOW,比較検討・料金・申込 | ブランド・指名検索,KWP_KeywordSeed || KWP_CompetitorKeywordSeed
31290,家庭 教師 の トライ 2ch,CORE,代表,C00507,2,家庭 教師 の トライ 2ch,競合の比較検討（評判・料金）,保護者,B,カテゴリ競合×比較/評判/料金/乗換え/特性,中,③B カテゴリ競合,家庭教師のトライ,10,,,UNSPECIFIED,サービス探し（家庭教師・塾・支援） | 比較検討・料金・申込 | ブランド・指名検索,KWP_CompetitorKeywordSeed
67886,トーマス 塾 2ch,CORE,代表,C00508,1,トーマス 塾 2ch,競合の比較検討（評判・料金）,保護者,B,カテゴリ競合×比較/評判/料金/乗換え/特性,中,③B カテゴリ競合,TOMAS,10,,,UNSPECIFIED,サービス探し（家庭教師・塾・支援） | 比較検討・料金・申込 | ブランド・指名検索,CompetitorMatrix
67866,ナビ個別 2ch,CORE,代表,C00509,1,ナビ個別 2ch,競合の比較検討（評判・料金）,保護者,B,カテゴリ競合×比較/評判/料金/乗換え/特性,中,③B カテゴリ競合,ナビ個別指導学院,10,,,UNSPECIFIED,比較検討・料金・申込 | ブランド・指名検索,CompetitorMatrix
67862,ナビ個別指導学院 2ch,CORE,代表,C00510,1,ナビ個別指導学院 2ch,競合の比較検討（評判・料金）,保護者,B,カテゴリ競合×比較/評判/料金/乗換え/特性,中,③B カテゴリ競合,ナビ個別指導学院,10,,,LOW,サービス探し（家庭教師・塾・支援） | 比較検討・料金・申込 | ブランド・指名検索,CompetitorMatrix
801,家庭 教師 不 登校 2ch,CORE,代表,C00512,1,家庭 教師 不 登校 2ch,サービス探し（特性/不登校×学習支援）,保護者,A,特性/不登校×家庭教師・塾・個別,高,②顕在,,10,,,UNSPECIFIED,サービス探し（家庭教師・塾・支援） | 比較検討・料金・申込 | 学校生活・不登校・学校種別,KWP_KeywordSeed
7909,東京 個別 指導 学院 2ch,CORE,代表,C00513,2,東京 個別 指導 学院 2ch,競合の比較検討（評判・料金）,保護者,B,カテゴリ競合×比較/評判/料金/乗換え/特性,中,③B カテゴリ競合,東京個別指導学院,10,,,UNSPECIFIED,サービス探し（家庭教師・塾・支援） | 比較検討・料金・申込 | ブランド・指名検索 | 地域・近くで探す,KWP_KeywordSeed || KWP_CompetitorKeywordSeed
67839,東京個別 2ch,CORE,代表,C00514,1,東京個別 2ch,競合の比較検討（評判・料金）,保護者,B,カテゴリ競合×比較/評判/料金/乗換え/特性,中,③B カテゴリ競合,東京個別指導学院,10,,,UNSPECIFIED,比較検討・料金・申込 | ブランド・指名検索 | 地域・近くで探す,CompetitorMatrix
36187,明光 義塾 2ch,CORE,代表,C00517,2,明光 義塾 2ch,競合の比較検討（評判・料金）,保護者,B,カテゴリ競合×比較/評判/料金/乗換え/特性,中,③B カテゴリ競合,個別指導の明光義塾,10,,,UNSPECIFIED,サービス探し（家庭教師・塾・支援） | 比較検討・料金・申込 | ブランド・指名検索,KWP_CompetitorKeywordSeed
36892,明光 義塾 評判 2ch,CORE,代表,C00518,2,明光 義塾 評判 2ch,競合の比較検討（評判・料金）,保護者,B,カテゴリ競合×比較/評判/料金/乗換え/特性,中,③B カテゴリ競合,個別指導の明光義塾,50,,,LOW,サービス探し（家庭教師・塾・支援） | 比較検討・料金・申込 | ブランド・指名検索,KWP_CompetitorKeywordSeed
40326,森 塾 2ch,CORE,代表,C00519,2,森 塾 2ch,競合の比較検討（評判・料金）,保護者,B,カテゴリ競合×比較/評判/料金/乗換え/特性,中,③B カテゴリ競合,森塾,10,,,UNSPECIFIED,サービス探し（家庭教師・塾・支援） | 比較検討・料金・申込 | ブランド・指名検索,KWP_CompetitorKeywordSeed
40962,2ch 武田 塾,CORE,代表,C00520,3,2ch 武田 塾,競合の比較検討（評判・料金）,保護者,B,カテゴリ競合×比較/評判/料金/乗換え/特性,中,③B カテゴリ競合,武田塾,10,,,LOW,サービス探し（家庭教師・塾・支援） | 比較検討・料金・申込 | ブランド・指名検索,KWP_CompetitorKeywordSeed
41298,武田 塾 評判 2ch,CORE,代表,C00521,2,武田 塾 評判 2ch,競合の比較検討（評判・料金）,保護者,B,カテゴリ競合×比較/評判/料金/乗換え/特性,中,③B カテゴリ競合,武田塾,70,,,LOW,サービス探し（家庭教師・塾・支援） | 比較検討・料金・申込 | ブランド・指名検索,KWP_CompetitorKeywordSeed
2556,スクール ie 料金 週 2,CORE,代表,C00540,2,スクール ie 料金 週 2,競合の比較検討（評判・料金）,保護者,B,カテゴリ競合×比較/評判/料金/乗換え/特性,中,③B カテゴリ競合,スクールIE,260,92.0,323.0,LOW,比較検討・料金・申込 | ブランド・指名検索,KWP_KeywordSeed || KWP_CompetitorKeywordSeed
2506,東京 個別 指導 学院 週 2 料金,CORE,代表,C00607,1,東京 個別 指導 学院 週 2 料金,競合の比較検討（評判・料金）,保護者,B,カテゴリ競合×比較/評判/料金/乗換え/特性,中,③B カテゴリ競合,東京個別指導学院,170,98.0,304.0,LOW,サービス探し（家庭教師・塾・支援） | 比較検討・料金・申込 | ブランド・指名検索 | 地域・近くで探す,KWP_KeywordSeed || KWP_CompetitorKeywordSeed
36378,明光 義塾 合格 実績 2020,CORE,代表,C00651,1,明光 義塾 合格 実績 2020,競合の比較検討（評判・料金）,保護者,B,カテゴリ競合×比較/評判/料金/乗換え/特性,中,③B カテゴリ競合,個別指導の明光義塾,0,,,UNSPECIFIED,サービス探し（家庭教師・塾・支援） | 比較検討・料金・申込 | 受験・進路 | ブランド・指名検索,KWP_CompetitorKeywordSeed
36379,明光 義塾 合格 実績 2021,CORE,代表,C00656,1,明光 義塾 合格 実績 2021,競合の比較検討（評判・料金）,保護者,B,カテゴリ競合×比較/評判/料金/乗換え/特性,中,③B カテゴリ競合,個別指導の明光義塾,10,,,UNSPECIFIED,サービス探し（家庭教師・塾・支援） | 比較検討・料金・申込 | 受験・進路 | ブランド・指名検索,KWP_CompetitorKeywordSeed
38297,スクール ie 合格 実績 2022,CORE,代表,C00658,1,スクール ie 合格 実績 2022,競合の比較検討（評判・料金）,保護者,B,カテゴリ競合×比較/評判/料金/乗換え/特性,中,③B カテゴリ競合,スクールIE,0,,,UNSPECIFIED,比較検討・料金・申込 | 受験・進路 | ブランド・指名検索,KWP_CompetitorKeywordSeed
36903,明光 義塾 入会 金 無料 キャンペーン 2022,CORE,代表,C00661,1,明光 義塾 入会 金 無料 キャンペーン 2022,競合の比較検討（評判・料金）,保護者,B,カテゴリ競合×比較/評判/料金/乗換え/特性,中,③B カテゴリ競合,個別指導の明光義塾,10,,,UNSPECIFIED,サービス探し（家庭教師・塾・支援） | 比較検討・料金・申込 | ブランド・指名検索,KWP_CompetitorKeywordSeed
31006,トライ 勉強 合宿 2022 料金,CORE,代表,C00666,1,トライ 勉強 合宿 2022 料金,競合の比較検討（評判・料金）,保護者,B,カテゴリ競合×比較/評判/料金/乗換え/特性,中,③B カテゴリ競合,家庭教師のトライ,0,,,UNSPECIFIED,比較検討・料金・申込 | 学習のやり方・学習課題 | ブランド・指名検索,KWP_CompetitorKeywordSeed
36105,明光 義塾 合格 実績 2022,CORE,代表,C00700,1,明光 義塾 合格 実績 2022,競合の比較検討（評判・料金）,保護者,B,カテゴリ競合×比較/評判/料金/乗換え/特性,中,③B カテゴリ競合,個別指導の明光義塾,10,,,UNSPECIFIED,サービス探し（家庭教師・塾・支援） | 比較検討・料金・申込 | 受験・進路 | ブランド・指名検索,KWP_CompetitorKeywordSeed
47955,スクールie 料金 中3,CORE,代表,C00778,1,スクールie 料金 中3,競合の比較検討（評判・料金）,保護者,B,カテゴリ競合×比較/評判/料金/乗換え/特性,中,③B カテゴリ競合,スクールIE,,,,UNSPECIFIED,比較検討・料金・申込 | ブランド・指名検索,Google_competitor_suggest
47871,東京個別指導学院 料金 中3,CORE,代表,C00845,1,東京個別指導学院 料金 中3,競合の比較検討（評判・料金）,保護者,B,カテゴリ競合×比較/評判/料金/乗換え/特性,中,③B カテゴリ競合,東京個別指導学院,,,,UNSPECIFIED,サービス探し（家庭教師・塾・支援） | 比較検討・料金・申込 | ブランド・指名検索 | 地域・近くで探す,Google_competitor_suggest
3620,明光 義塾 冬期 講習 中 3 料金,CORE,代表,C00848,1,明光 義塾 冬期 講習 中 3 料金,競合の比較検討（評判・料金）,保護者,B,カテゴリ競合×比較/評判/料金/乗換え/特性,中,③B カテゴリ競合,個別指導の明光義塾,40,,,LOW,サービス探し（家庭教師・塾・支援） | 比較検討・料金・申込 | 学習のやり方・学習課題 | ブランド・指名検索,KWP_KeywordSeed || KWP_CompetitorKeywordSeed
2687,明光 義塾 夏期 講習 中 3 料金,CORE,代表,C00855,1,明光 義塾 夏期 講習 中 3 料金,競合の比較検討（評判・料金）,保護者,B,カテゴリ競合×比較/評判/料金/乗換え/特性,中,③B カテゴリ競合,個別指導の明光義塾,70,449.0,1538.0,LOW,サービス探し（家庭教師・塾・支援） | 比較検討・料金・申込 | 学習のやり方・学習課題 | ブランド・指名検索,KWP_KeywordSeed || KWP_CompetitorKeywordSeed
48038,森塾 料金 中3,CORE,代表,C00857,1,森塾 料金 中3,競合の比較検討（評判・料金）,保護者,B,カテゴリ競合×比較/評判/料金/乗換え/特性,中,③B カテゴリ競合,森塾,,,,UNSPECIFIED,サービス探し（家庭教師・塾・支援） | 比較検討・料金・申込 | ブランド・指名検索,Google_competitor_suggest
41369,武田 塾 3 科目 料金,CORE,代表,C00879,1,武田 塾 3 科目 料金,競合の比較検討（評判・料金）,保護者,B,カテゴリ競合×比較/評判/料金/乗換え/特性,中,③B カテゴリ競合,武田塾,30,169.0,439.0,HIGH,サービス探し（家庭教師・塾・支援） | 比較検討・料金・申込 | ブランド・指名検索 | 一般の学校・学習情報（特性語なし）,KWP_CompetitorKeywordSeed
48090,武田塾 料金 高3,CORE,代表,C00880,1,武田塾 料金 高3,競合の比較検討（評判・料金）,保護者,B,カテゴリ競合×比較/評判/料金/乗換え/特性,中,③B カテゴリ競合,武田塾,10,213.0,612.0,HIGH,サービス探し（家庭教師・塾・支援） | 比較検討・料金・申込 | ブランド・指名検索,Google_competitor_suggest
31626,個別 教室 の トライ 5ch,CORE,代表,C01003,1,個別 教室 の トライ 5ch,競合の比較検討（評判・料金）,保護者,B,カテゴリ競合×比較/評判/料金/乗換え/特性,中,③B カテゴリ競合,個別教室のトライ,10,,,LOW,比較検討・料金・申込 | ブランド・指名検索,KWP_CompetitorKeywordSeed
37359,東京 個別 指導 学院 5ch,CORE,代表,C01005,1,東京 個別 指導 学院 5ch,競合の比較検討（評判・料金）,保護者,B,カテゴリ競合×比較/評判/料金/乗換え/特性,中,③B カテゴリ競合,東京個別指導学院,10,,,LOW,サービス探し（家庭教師・塾・支援） | 比較検討・料金・申込 | ブランド・指名検索 | 地域・近くで探す,KWP_CompetitorKeywordSeed
40327,森 塾 5ch,CORE,代表,C01006,1,森 塾 5ch,競合の比較検討（評判・料金）,保護者,B,カテゴリ競合×比較/評判/料金/乗換え/特性,中,③B カテゴリ競合,森塾,10,,,LOW,サービス探し（家庭教師・塾・支援） | 比較検討・料金・申込 | ブランド・指名検索,KWP_CompetitorKeywordSeed
41062,武田 塾 5ch,CORE,代表,C01007,1,武田 塾 5ch,競合の比較検討（評判・料金）,保護者,B,カテゴリ競合×比較/評判/料金/乗換え/特性,中,③B カテゴリ競合,武田塾,10,,,LOW,サービス探し（家庭教師・塾・支援） | 比較検討・料金・申込 | ブランド・指名検索,KWP_CompetitorKeywordSeed
2685,京 進 スクール ワン 5 科 パック 料金,CORE,代表,C01038,1,京 進 スクール ワン 5 科 パック 料金,競合の比較検討（評判・料金）,保護者,B,カテゴリ競合×比較/評判/料金/乗換え/特性,中,③B カテゴリ競合,京進スクール・ワン,110,105.0,321.0,LOW,比較検討・料金・申込 | ブランド・指名検索,KWP_KeywordSeed || KWP_CompetitorKeywordSeed
3615,明光 義塾 5 教科 料金,CORE,代表,C01064,1,明光 義塾 5 教科 料金,競合の比較検討（評判・料金）,保護者,B,カテゴリ競合×比較/評判/料金/乗換え/特性,中,③B カテゴリ競合,個別指導の明光義塾,50,106.0,1302.0,LOW,サービス探し（家庭教師・塾・支援） | 比較検討・料金・申込 | ブランド・指名検索,KWP_KeywordSeed || KWP_CompetitorKeywordSeed
45970,家庭教師ファーストは発達障害に対応していますか？,CORE,代表,C01223,1,家庭教師ファーストは発達障害に対応していますか？,競合×特性/不登校対応の確認,保護者,B,特性/不登校×家庭教師・塾・個別,高,③B カテゴリ競合,家庭教師ファースト,,,,UNSPECIFIED,サービス探し（家庭教師・塾・支援） | ブランド・指名検索,Google_competitor_SERP
46016,キズキ共育塾の月謝はいくらですか？,CORE,代表,C01234,1,キズキ共育塾の月謝はいくらですか？,競合の比較検討（評判・料金）,保護者,B,直接競合（特性/不登校×1対1学習支援）,高,③A 直接競合,キズキ共育塾,,,,UNSPECIFIED,サービス探し（家庭教師・塾・支援） | 比較検討・料金・申込 | ブランド・指名検索,Google_competitor_SERP
45981,ノーバスの費用はいくらですか？,CORE,代表,C01235,1,ノーバスの費用はいくらですか？,競合の比較検討（評判・料金）,保護者,B,カテゴリ競合×比較/評判/料金/乗換え/特性,中,③B カテゴリ競合,家庭教師のノーバス,,,,UNSPECIFIED,比較検討・料金・申込 | ブランド・指名検索,Google_competitor_SERP
45995,家庭教師ファーストの月謝はいくらですか？,CORE,代表,C01236,1,家庭教師ファーストの月謝はいくらですか？,競合の比較検討（評判・料金）,保護者,B,カテゴリ競合×比較/評判/料金/乗換え/特性,中,③B カテゴリ競合,家庭教師ファースト,,,,UNSPECIFIED,サービス探し（家庭教師・塾・支援） | 比較検討・料金・申込 | ブランド・指名検索,Google_competitor_SERP
45944,マナリンクの月額料金はいくらですか？,CORE,代表,C01237,1,マナリンクの月額料金はいくらですか？,競合の比較検討（評判・料金）,保護者,B,カテゴリ競合×比較/評判/料金/乗換え/特性,中,③B カテゴリ競合,マナリンク,,,,UNSPECIFIED,比較検討・料金・申込 | ブランド・指名検索,Google_competitor_SERP
45928,メガスタの料金はいくらですか？,CORE,代表,C01238,1,メガスタの料金はいくらですか？,競合の比較検討（評判・料金）,保護者,B,終了競合の乗換え需要,高,③X 終了サービス/乗換え,オンラインプロ教師のメガスタ,,,,UNSPECIFIED,比較検討・料金・申込 | ブランド・指名検索,Google_competitor_SERP
45007,発達障害児におすすめの家庭教師は？,CORE,代表,C01249,1,発達障害児におすすめの家庭教師は？,サービス探し（特性/不登校×学習支援）,保護者,A,特性/不登校×家庭教師・塾・個別,高,①王道,,,,,UNSPECIFIED,サービス探し（家庭教師・塾・支援） | 比較検討・料金・申込,Google_PAA
45927,メガスタはどうなったの？,CORE,代表,C01259,1,メガスタはどうなったの？,競合指名・周辺,保護者,B,終了競合の乗換え需要,高,③X 終了サービス/乗換え,オンラインプロ教師のメガスタ,,,,UNSPECIFIED,ブランド・指名検索,Google_competitor_SERP
46071,家庭教師アカデミーの口コミはどうですか？,CORE,代表,C01274,1,家庭教師アカデミーの口コミはどうですか？,競合の比較検討（評判・料金）,保護者,B,カテゴリ競合×比較/評判/料金/乗換え/特性,中,③B カテゴリ競合,家庭教師アカデミー,,,,UNSPECIFIED,サービス探し（家庭教師・塾・支援） | 比較検討・料金・申込 | ブランド・指名検索,Google_competitor_SERP
46087,家庭教師の銀河の家庭教師の口コミはどうですか？,CORE,代表,C01275,1,家庭教師の銀河の家庭教師の口コミはどうですか？,競合の比較検討（評判・料金）,保護者,B,カテゴリ競合×比較/評判/料金/乗換え/特性,中,③B カテゴリ競合,家庭教師の銀河,,,,UNSPECIFIED,サービス探し（家庭教師・塾・支援） | 比較検討・料金・申込 | ブランド・指名検索,Google_competitor_SERP
45929,家庭教師のトライはやばいって本当ですか？,CORE,代表,C01280,1,家庭教師のトライはやばいって本当ですか？,競合の不満・乗り換え,保護者,B,カテゴリ競合×比較/評判/料金/乗換え/特性,中,③B カテゴリ競合,家庭教師のトライ,,,,UNSPECIFIED,サービス探し（家庭教師・塾・支援） | 比較検討・料金・申込 | ブランド・指名検索,Google_competitor_SERP
46070,家庭教師の銀河はやばいですか？,CORE,代表,C01281,1,家庭教師の銀河はやばいですか？,競合の不満・乗り換え,保護者,B,カテゴリ競合×比較/評判/料金/乗換え/特性,中,③B カテゴリ競合,家庭教師の銀河,,,,UNSPECIFIED,サービス探し（家庭教師・塾・支援） | 比較検討・料金・申込 | ブランド・指名検索,Google_competitor_SERP
45946,マナリンクは高いですか？,CORE,代表,C01283,1,マナリンクは高いですか？,競合の比較検討（評判・料金）,保護者,B,カテゴリ競合×比較/評判/料金/乗換え/特性,中,③B カテゴリ競合,マナリンク,,,,UNSPECIFIED,比較検討・料金・申込 | ブランド・指名検索,Google_competitor_SERP
45383,明光義塾はやばいって本当？,CORE,代表,C01304,1,明光義塾はやばいって本当？,競合の不満・乗り換え,保護者,B,カテゴリ競合×比較/評判/料金/乗換え/特性,中,③B カテゴリ競合,個別指導の明光義塾,,,,UNSPECIFIED,サービス探し（家庭教師・塾・支援） | 比較検討・料金・申込 | ブランド・指名検索,Google_PAA
46014,キズキの家庭教師の評判は？,CORE,代表,C01306,1,キズキの家庭教師の評判は？,競合の比較検討（評判・料金）,保護者,B,直接競合（特性/不登校×1対1学習支援）,高,③A 直接競合,キズキ共育塾,,,,UNSPECIFIED,サービス探し（家庭教師・塾・支援） | 比較検討・料金・申込 | ブランド・指名検索,Google_competitor_SERP
45915,トライの不登校サポートの料金は？,CORE,代表,C01317,1,トライの不登校サポートの料金は？,競合の比較検討（評判・料金）,保護者,B,カテゴリ競合×比較/評判/料金/乗換え/特性,中,③B カテゴリ競合,家庭教師のトライ,,,,UNSPECIFIED,比較検討・料金・申込 | 学校生活・不登校・学校種別 | ブランド・指名検索,Google_competitor_SERP
45010,家庭教師のトライの発達障害の料金は？,CORE,代表,C01322,1,家庭教師のトライの発達障害の料金は？,競合の比較検討（評判・料金）,保護者,B,特性/不登校×家庭教師・塾・個別,高,③B カテゴリ競合,家庭教師のトライ,,,,UNSPECIFIED,サービス探し（家庭教師・塾・支援） | 比較検討・料金・申込 | ブランド・指名検索,Google_PAA
45375,発達障害の家庭教師のトライの評判は？,CORE,代表,C01323,1,発達障害の家庭教師のトライの評判は？,競合の比較検討（評判・料金）,保護者,B,特性/不登校×家庭教師・塾・個別,高,③B カテゴリ競合,家庭教師のトライ,,,,UNSPECIFIED,サービス探し（家庭教師・塾・支援） | 比較検討・料金・申込 | ブランド・指名検索,Google_PAA
45913,発達障害のトライの評判は？,CORE,代表,C01324,1,発達障害のトライの評判は？,競合の比較検討（評判・料金）,保護者,B,カテゴリ競合×比較/評判/料金/乗換え/特性,中,③B カテゴリ競合,家庭教師のトライ,,,,UNSPECIFIED,比較検討・料金・申込 | ブランド・指名検索,Google_competitor_SERP
45009,発達障害のプロ家庭教師は？,CORE,代表,C01326,1,発達障害のプロ家庭教師は？,サービス探し（特性/不登校×学習支援）,保護者,A,特性/不登校×家庭教師・塾・個別,高,②顕在,,,,,UNSPECIFIED,サービス探し（家庭教師・塾・支援）,Google_PAA
45370,家庭教師のランナーの料金は？,CORE,代表,C01328,1,家庭教師のランナーの料金は？,競合の比較検討（評判・料金）,保護者,B,カテゴリ競合×比較/評判/料金/乗換え/特性,中,③B カテゴリ競合,家庭教師のランナー,,,,UNSPECIFIED,サービス探し（家庭教師・塾・支援） | 比較検討・料金・申込 | ブランド・指名検索,Google_PAA
45058,発達障害の塾の値段は？,CORE,代表,C01341,1,発達障害の塾の値段は？,サービス探し（特性/不登校×学習支援）,保護者,A,特性/不登校×家庭教師・塾・個別,高,②顕在,,,,,UNSPECIFIED,サービス探し（家庭教師・塾・支援） | 比較検討・料金・申込,Google_PAA
40039,axis 個別 指導 adhd,CORE,代表,C01381,1,axis 個別 指導 adhd,競合×特性/不登校対応の確認,保護者,B,特性/不登校×家庭教師・塾・個別,高,③B カテゴリ競合,個別指導Axis,,,,UNSPECIFIED,サービス探し（家庭教師・塾・支援） | ブランド・指名検索,KWP_CompetitorKeywordSeed
42358,ecc ベスト ワン adhd,CORE,代表,C01382,1,ecc ベスト ワン adhd,競合×特性/不登校対応の確認,保護者,B,カテゴリ競合×比較/評判/料金/乗換え/特性,中,③B カテゴリ競合,ECCベストワン,,,,UNSPECIFIED,ブランド・指名検索,KWP_CompetitorKeywordSeed
42768,さくら one 個別 指導 塾 adhd,CORE,代表,C01386,1,さくら one 個別 指導 塾 adhd,競合×特性/不登校対応の確認,保護者,B,特性/不登校×家庭教師・塾・個別,高,③B カテゴリ競合,さくらOne個別指導塾,,,,UNSPECIFIED,サービス探し（家庭教師・塾・支援） | ブランド・指名検索,KWP_CompetitorKeywordSeed
34099,tos 家庭 教師 センター adhd,CORE,代表,C01387,1,tos 家庭 教師 センター adhd,競合×特性/不登校対応の確認,保護者,B,特性/不登校×家庭教師・塾・個別,高,③A 直接競合,TOS家庭教師センター,,,,UNSPECIFIED,サービス探し（家庭教師・塾・支援） | ブランド・指名検索,KWP_CompetitorKeywordSeed
34036,tos 家庭 教師 adhd 口コミ,CORE,代表,C01388,1,tos 家庭 教師 adhd 口コミ,競合の比較検討（評判・料金）,保護者,B,特性/不登校×家庭教師・塾・個別,高,③A 直接競合,TOS家庭教師センター,,,,UNSPECIFIED,サービス探し（家庭教師・塾・支援） | 比較検討・料金・申込 | ブランド・指名検索,KWP_CompetitorKeywordSeed
34021,tos 家庭 教師 adhd,CORE,代表,C01389,1,tos 家庭 教師 adhd,競合×特性/不登校対応の確認,保護者,B,特性/不登校×家庭教師・塾・個別,高,③A 直接競合,TOS家庭教師センター,,,,UNSPECIFIED,サービス探し（家庭教師・塾・支援） | ブランド・指名検索,KWP_CompetitorKeywordSeed
34053,tos 家庭 教師 adhd 料金,CORE,代表,C01390,1,tos 家庭 教師 adhd 料金,競合の比較検討（評判・料金）,保護者,B,特性/不登校×家庭教師・塾・個別,高,③A 直接競合,TOS家庭教師センター,,,,UNSPECIFIED,サービス探し（家庭教師・塾・支援） | 比較検討・料金・申込 | ブランド・指名検索,KWP_CompetitorKeywordSeed
34045,tos 家庭 教師 adhd 評判,CORE,代表,C01391,1,tos 家庭 教師 adhd 評判,競合の比較検討（評判・料金）,保護者,B,特性/不登校×家庭教師・塾・個別,高,③A 直接競合,TOS家庭教師センター,,,,UNSPECIFIED,サービス探し（家庭教師・塾・支援） | 比較検討・料金・申込 | ブランド・指名検索,KWP_CompetitorKeywordSeed
32434,家庭 教師 の あすなろ adhd,CORE,代表,C01396,1,家庭 教師 の あすなろ adhd,競合×特性/不登校対応の確認,保護者,B,特性/不登校×家庭教師・塾・個別,高,③A 直接競合,家庭教師のあすなろ,,,,UNSPECIFIED,サービス探し（家庭教師・塾・支援） | ブランド・指名検索,KWP_CompetitorKeywordSeed
42844,は な た に 塾 adhd 口コミ,CORE,代表,C01536,1,は な た に 塾 adhd 口コミ,競合の比較検討（評判・料金）,保護者,B,特性/不登校×家庭教師・塾・個別,高,③B カテゴリ競合,はなたに塾,,,,UNSPECIFIED,サービス探し（家庭教師・塾・支援） | 比較検討・料金・申込 | ブランド・指名検索,KWP_CompetitorKeywordSeed
42830,は な た に 塾 adhd,CORE,代表,C01537,1,は な た に 塾 adhd,競合×特性/不登校対応の確認,保護者,B,特性/不登校×家庭教師・塾・個別,高,③B カテゴリ競合,はなたに塾,,,,UNSPECIFIED,サービス探し（家庭教師・塾・支援） | ブランド・指名検索,KWP_CompetitorKeywordSeed
42859,は な た に 塾 adhd 料金,CORE,代表,C01538,1,は な た に 塾 adhd 料金,競合の比較検討（評判・料金）,保護者,B,特性/不登校×家庭教師・塾・個別,高,③B カテゴリ競合,はなたに塾,,,,UNSPECIFIED,サービス探し（家庭教師・塾・支援） | 比較検討・料金・申込 | ブランド・指名検索,KWP_CompetitorKeywordSeed
42851,は な た に 塾 adhd 評判,CORE,代表,C01539,1,は な た に 塾 adhd 評判,競合の比較検討（評判・料金）,保護者,B,特性/不登校×家庭教師・塾・個別,高,③B カテゴリ競合,はなたに塾,,,,UNSPECIFIED,サービス探し（家庭教師・塾・支援） | 比較検討・料金・申込 | ブランド・指名検索,KWP_CompetitorKeywordSeed
33641,家庭 教師 の やる気 アシスト adhd,CORE,代表,C01548,1,家庭 教師 の やる気 アシスト adhd,競合×特性/不登校対応の確認,保護者,B,特性/不登校×家庭教師・塾・個別,高,③B カテゴリ競合,家庭教師のやる気アシスト,,,,UNSPECIFIED,サービス探し（家庭教師・塾・支援） | 学習のやり方・学習課題 | ブランド・指名検索,KWP_CompetitorKeywordSeed
31952,トライ オンライン adhd,CORE,代表,C01581,1,トライ オンライン adhd,競合×特性/不登校対応の確認,保護者,B,カテゴリ競合×比較/評判/料金/乗換え/特性,中,③B カテゴリ競合,トライのオンライン個別指導塾,,,,UNSPECIFIED,サービス探し（家庭教師・塾・支援） | ブランド・指名検索,KWP_CompetitorKeywordSeed
32021,トライ の オンライン 個別 指導 塾 adhd,CORE,代表,C01582,1,トライ の オンライン 個別 指導 塾 adhd,競合×特性/不登校対応の確認,保護者,B,特性/不登校×家庭教師・塾・個別,高,③B カテゴリ競合,トライのオンライン個別指導塾,,,,UNSPECIFIED,サービス探し（家庭教師・塾・支援） | ブランド・指名検索,KWP_CompetitorKeywordSeed
27826,adhd 中学生 オンライン 家庭 教師,CORE,代表,C01583,1,adhd 中学生 オンライン 家庭 教師,サービス探し（特性/不登校×学習支援）,保護者,A,特性/不登校×家庭教師・塾・個別,高,②顕在,,,,,UNSPECIFIED,サービス探し（家庭教師・塾・支援）,KWP_KeywordSeed
27831,adhd 受験 オンライン 家庭 教師,CORE,代表,C01584,1,adhd 受験 オンライン 家庭 教師,サービス探し（特性/不登校×学習支援）,保護者,A,特性/不登校×家庭教師・塾・個別,高,②顕在,,,,,UNSPECIFIED,サービス探し（家庭教師・塾・支援） | 受験・進路,KWP_KeywordSeed
30,adhd オンライン 家庭 教師,CORE,代表,C01585,3,adhd オンライン 家庭 教師,サービス探し（特性/不登校×学習支援）,保護者,A,特性/不登校×家庭教師・塾・個別,高,②顕在,,10,337.0,1230.0,HIGH,サービス探し（家庭教師・塾・支援）,KWP_KeywordSeed
27828,adhd 高校生 オンライン 家庭 教師,CORE,代表,C01586,1,adhd 高校生 オンライン 家庭 教師,サービス探し（特性/不登校×学習支援）,保護者,A,特性/不登校×家庭教師・塾・個別,高,②顕在,,,,,UNSPECIFIED,サービス探し（家庭教師・塾・支援）,KWP_KeywordSeed
33442,家庭 教師 の ガンバ adhd 口コミ,CORE,代表,C01596,1,家庭 教師 の ガンバ adhd 口コミ,競合の比較検討（評判・料金）,保護者,B,特性/不登校×家庭教師・塾・個別,高,③B カテゴリ競合,家庭教師のガンバ,,,,UNSPECIFIED,サービス探し（家庭教師・塾・支援） | 比較検討・料金・申込 | ブランド・指名検索,KWP_CompetitorKeywordSeed
33511,ガンバ 家庭 教師 adhd,CORE,代表,C01597,2,ガンバ 家庭 教師 adhd,競合×特性/不登校対応の確認,保護者,B,特性/不登校×家庭教師・塾・個別,高,③B カテゴリ競合,家庭教師のガンバ,,,,UNSPECIFIED,サービス探し（家庭教師・塾・支援） | ブランド・指名検索,KWP_CompetitorKeywordSeed
33462,家庭 教師 の ガンバ adhd 料金,CORE,代表,C01598,1,家庭 教師 の ガンバ adhd 料金,競合の比較検討（評判・料金）,保護者,B,特性/不登校×家庭教師・塾・個別,高,③B カテゴリ競合,家庭教師のガンバ,,,,UNSPECIFIED,サービス探し（家庭教師・塾・支援） | 比較検討・料金・申込 | ブランド・指名検索,KWP_CompetitorKeywordSeed
33452,家庭 教師 の ガンバ adhd 評判,CORE,代表,C01599,1,家庭 教師 の ガンバ adhd 評判,競合の比較検討（評判・料金）,保護者,B,特性/不登校×家庭教師・塾・個別,高,③B カテゴリ競合,家庭教師のガンバ,,,,UNSPECIFIED,サービス探し（家庭教師・塾・支援） | 比較検討・料金・申込 | ブランド・指名検索,KWP_CompetitorKeywordSeed
34557,キズキ 家庭 教師 adhd,CORE,代表,C01600,1,キズキ 家庭 教師 adhd,競合×特性/不登校対応の確認,保護者,B,特性/不登校×家庭教師・塾・個別,高,③A 直接競合,キズキプロ家庭教師,,,,UNSPECIFIED,サービス探し（家庭教師・塾・支援） | ブランド・指名検索,KWP_CompetitorKeywordSeed
34486,キズキプロ 家庭 教師 adhd 口コミ,CORE,代表,C01601,1,キズキプロ 家庭 教師 adhd 口コミ,競合の比較検討（評判・料金）,保護者,B,特性/不登校×家庭教師・塾・個別,高,③A 直接競合,キズキプロ家庭教師,,,,UNSPECIFIED,サービス探し（家庭教師・塾・支援） | 比較検討・料金・申込 | ブランド・指名検索,KWP_CompetitorKeywordSeed
34470,キズキプロ 家庭 教師 adhd,CORE,代表,C01602,1,キズキプロ 家庭 教師 adhd,競合×特性/不登校対応の確認,保護者,B,特性/不登校×家庭教師・塾・個別,高,③A 直接競合,キズキプロ家庭教師,,,,UNSPECIFIED,サービス探し（家庭教師・塾・支援） | ブランド・指名検索,KWP_CompetitorKeywordSeed
34506,キズキプロ 家庭 教師 adhd 料金,CORE,代表,C01603,1,キズキプロ 家庭 教師 adhd 料金,競合の比較検討（評判・料金）,保護者,B,特性/不登校×家庭教師・塾・個別,高,③A 直接競合,キズキプロ家庭教師,,,,UNSPECIFIED,サービス探し（家庭教師・塾・支援） | 比較検討・料金・申込 | ブランド・指名検索,KWP_CompetitorKeywordSeed
34496,キズキプロ 家庭 教師 adhd 評判,CORE,代表,C01604,1,キズキプロ 家庭 教師 adhd 評判,競合の比較検討（評判・料金）,保護者,B,特性/不登校×家庭教師・塾・個別,高,③A 直接競合,キズキプロ家庭教師,,,,UNSPECIFIED,サービス探し（家庭教師・塾・支援） | 比較検討・料金・申込 | ブランド・指名検索,KWP_CompetitorKeywordSeed
33127,サクシード adhd 口コミ,CORE,代表,C01642,1,サクシード adhd 口コミ,競合の比較検討（評判・料金）,保護者,B,カテゴリ競合×比較/評判/料金/乗換え/特性,中,③B カテゴリ競合,家庭教師のサクシード,,,,UNSPECIFIED,比較検討・料金・申込 | ブランド・指名検索,KWP_CompetitorKeywordSeed
33195,家庭 教師 の サクシード adhd,CORE,代表,C01643,1,家庭 教師 の サクシード adhd,競合×特性/不登校対応の確認,保護者,B,特性/不登校×家庭教師・塾・個別,高,③B カテゴリ競合,家庭教師のサクシード,,,,UNSPECIFIED,サービス探し（家庭教師・塾・支援） | ブランド・指名検索,KWP_CompetitorKeywordSeed
35257,ジップス 家庭 教師 adhd,CORE,代表,C01650,1,ジップス 家庭 教師 adhd,競合×特性/不登校対応の確認,保護者,B,特性/不登校×家庭教師・塾・個別,高,③B カテゴリ競合,オンライン家庭教師GIPS,,,,UNSPECIFIED,サービス探し（家庭教師・塾・支援） | ブランド・指名検索,KWP_CompetitorKeywordSeed
34311,家庭 教師 の ジャンプ adhd 口コミ,CORE,代表,C01653,1,家庭 教師 の ジャンプ adhd 口コミ,競合の比較検討（評判・料金）,保護者,B,特性/不登校×家庭教師・塾・個別,高,③A 直接競合,プロ家庭教師のジャンプ,,,,UNSPECIFIED,サービス探し（家庭教師・塾・支援） | 比較検討・料金・申込 | ブランド・指名検索,KWP_CompetitorKeywordSeed
34380,ジャンプ 家庭 教師 adhd,CORE,代表,C01654,2,ジャンプ 家庭 教師 adhd,競合×特性/不登校対応の確認,保護者,B,特性/不登校×家庭教師・塾・個別,高,③A 直接競合,プロ家庭教師のジャンプ,,,,UNSPECIFIED,サービス探し（家庭教師・塾・支援） | ブランド・指名検索,KWP_CompetitorKeywordSeed
34331,家庭 教師 の ジャンプ adhd 料金,CORE,代表,C01655,1,家庭 教師 の ジャンプ adhd 料金,競合の比較検討（評判・料金）,保護者,B,特性/不登校×家庭教師・塾・個別,高,③A 直接競合,プロ家庭教師のジャンプ,,,,UNSPECIFIED,サービス探し（家庭教師・塾・支援） | 比較検討・料金・申込 | ブランド・指名検索,KWP_CompetitorKeywordSeed
34321,家庭 教師 の ジャンプ adhd 評判,CORE,代表,C01656,1,家庭 教師 の ジャンプ adhd 評判,競合の比較検討（評判・料金）,保護者,B,特性/不登校×家庭教師・塾・個別,高,③A 直接競合,プロ家庭教師のジャンプ,,,,UNSPECIFIED,サービス探し（家庭教師・塾・支援） | 比較検討・料金・申込 | ブランド・指名検索,KWP_CompetitorKeywordSeed
41873,スクール ワン adhd,CORE,代表,C01659,1,スクール ワン adhd,競合×特性/不登校対応の確認,保護者,B,カテゴリ競合×比較/評判/料金/乗換え/特性,中,③B カテゴリ競合,京進スクール・ワン,,,,UNSPECIFIED,ブランド・指名検索,KWP_CompetitorKeywordSeed
42145,京 進 スクール ワン adhd,CORE,代表,C01660,1,京 進 スクール ワン adhd,競合×特性/不登校対応の確認,保護者,B,カテゴリ競合×比較/評判/料金/乗換え/特性,中,③B カテゴリ競合,京進スクール・ワン,,,,UNSPECIFIED,ブランド・指名検索,KWP_CompetitorKeywordSeed
41890,スクール ワン adhd 口コミ,CORE,代表,C01661,1,スクール ワン adhd 口コミ,競合の比較検討（評判・料金）,保護者,B,カテゴリ競合×比較/評判/料金/乗換え/特性,中,③B カテゴリ競合,京進スクール・ワン,,,,UNSPECIFIED,比較検討・料金・申込 | ブランド・指名検索,KWP_CompetitorKeywordSeed
41909,スクール ワン adhd 料金,CORE,代表,C01662,1,スクール ワン adhd 料金,競合の比較検討（評判・料金）,保護者,B,カテゴリ競合×比較/評判/料金/乗換え/特性,中,③B カテゴリ競合,京進スクール・ワン,,,,UNSPECIFIED,比較検討・料金・申込 | ブランド・指名検索,KWP_CompetitorKeywordSeed
41899,スクール ワン adhd 評判,CORE,代表,C01663,1,スクール ワン adhd 評判,競合の比較検討（評判・料金）,保護者,B,カテゴリ競合×比較/評判/料金/乗換え/特性,中,③B カテゴリ競合,京進スクール・ワン,,,,UNSPECIFIED,比較検討・料金・申込 | ブランド・指名検索,KWP_CompetitorKeywordSeed
46492,ダーク トライアド adhd,CORE,代表,C01678,1,ダーク トライアド adhd,競合×特性/不登校対応の確認,保護者,B,カテゴリ競合×比較/評判/料金/乗換え/特性,中,③B カテゴリ競合,家庭教師のトライ,,,,UNSPECIFIED,ブランド・指名検索,Google_suggest
46490,adhd トライ,CORE,代表,C01700,1,adhd トライ,競合×特性/不登校対応の確認,保護者,B,カテゴリ競合×比較/評判/料金/乗換え/特性,中,③B カテゴリ競合,家庭教師のトライ,,,,UNSPECIFIED,ブランド・指名検索,Google_suggest
31773,個別 教室 の トライ adhd 口コミ,CORE,代表,C01701,1,個別 教室 の トライ adhd 口コミ,競合の比較検討（評判・料金）,保護者,B,特性/不登校×家庭教師・塾・個別,高,③B カテゴリ競合,個別教室のトライ,,,,UNSPECIFIED,比較検討・料金・申込 | ブランド・指名検索,KWP_CompetitorKeywordSeed
31764,個別 教室 の トライ adhd,CORE,代表,C01702,1,個別 教室 の トライ adhd,競合×特性/不登校対応の確認,保護者,B,特性/不登校×家庭教師・塾・個別,高,③B カテゴリ競合,個別教室のトライ,,,,UNSPECIFIED,ブランド・指名検索,KWP_CompetitorKeywordSeed
31793,個別 教室 の トライ adhd 料金,CORE,代表,C01703,1,個別 教室 の トライ adhd 料金,競合の比較検討（評判・料金）,保護者,B,特性/不登校×家庭教師・塾・個別,高,③B カテゴリ競合,個別教室のトライ,,,,UNSPECIFIED,比較検討・料金・申込 | ブランド・指名検索,KWP_CompetitorKeywordSeed
31783,個別 教室 の トライ adhd 評判,CORE,代表,C01704,1,個別 教室 の トライ adhd 評判,競合の比較検討（評判・料金）,保護者,B,特性/不登校×家庭教師・塾・個別,高,③B カテゴリ競合,個別教室のトライ,,,,UNSPECIFIED,比較検討・料金・申込 | ブランド・指名検索,KWP_CompetitorKeywordSeed
31476,家庭 教師 の トライ adhd,CORE,代表,C01705,3,家庭 教師 の トライ adhd,競合×特性/不登校対応の確認,保護者,B,特性/不登校×家庭教師・塾・個別,高,③B カテゴリ競合,家庭教師のトライ,,,,UNSPECIFIED,サービス探し（家庭教師・塾・支援） | ブランド・指名検索,KWP_CompetitorKeywordSeed
46491,adhd トライアスロン,CORE,代表,C01706,1,adhd トライアスロン,競合×特性/不登校対応の確認,保護者,B,カテゴリ競合×比較/評判/料金/乗換え/特性,中,③B カテゴリ競合,家庭教師のトライ,,,,UNSPECIFIED,ブランド・指名検索,Google_suggest
39437,ナビ 個別 指導 学院 adhd 口コミ,CORE,代表,C01715,1,ナビ 個別 指導 学院 adhd 口コミ,競合の比較検討（評判・料金）,保護者,B,特性/不登校×家庭教師・塾・個別,高,③B カテゴリ競合,ナビ個別指導学院,,,,UNSPECIFIED,サービス探し（家庭教師・塾・支援） | 比較検討・料金・申込 | ブランド・指名検索,KWP_CompetitorKeywordSeed
39427,ナビ 個別 指導 学院 adhd,CORE,代表,C01716,1,ナビ 個別 指導 学院 adhd,競合×特性/不登校対応の確認,保護者,B,特性/不登校×家庭教師・塾・個別,高,③B カテゴリ競合,ナビ個別指導学院,,,,UNSPECIFIED,サービス探し（家庭教師・塾・支援） | ブランド・指名検索,KWP_CompetitorKeywordSeed
39457,ナビ 個別 指導 学院 adhd 料金,CORE,代表,C01717,1,ナビ 個別 指導 学院 adhd 料金,競合の比較検討（評判・料金）,保護者,B,特性/不登校×家庭教師・塾・個別,高,③B カテゴリ競合,ナビ個別指導学院,,,,UNSPECIFIED,サービス探し（家庭教師・塾・支援） | 比較検討・料金・申込 | ブランド・指名検索,KWP_CompetitorKeywordSeed
39447,ナビ 個別 指導 学院 adhd 評判,CORE,代表,C01718,1,ナビ 個別 指導 学院 adhd 評判,競合の比較検討（評判・料金）,保護者,B,特性/不登校×家庭教師・塾・個別,高,③B カテゴリ競合,ナビ個別指導学院,,,,UNSPECIFIED,サービス探し（家庭教師・塾・支援） | 比較検討・料金・申込 | ブランド・指名検索,KWP_CompetitorKeywordSeed
32612,家庭 教師 の ノーバス adhd,CORE,代表,C01725,1,家庭 教師 の ノーバス adhd,競合×特性/不登校対応の確認,保護者,B,特性/不登校×家庭教師・塾・個別,高,③B カテゴリ競合,家庭教師のノーバス,,,,UNSPECIFIED,サービス探し（家庭教師・塾・支援） | ブランド・指名検索,KWP_CompetitorKeywordSeed
32881,家庭 教師 ファースト adhd 口コミ,CORE,代表,C01733,1,家庭 教師 ファースト adhd 口コミ,競合の比較検討（評判・料金）,保護者,B,特性/不登校×家庭教師・塾・個別,高,③B カテゴリ競合,家庭教師ファースト,,,,UNSPECIFIED,サービス探し（家庭教師・塾・支援） | 比較検討・料金・申込 | ブランド・指名検索,KWP_CompetitorKeywordSeed
32867,家庭 教師 ファースト adhd,CORE,代表,C01734,2,家庭 教師 ファースト adhd,競合×特性/不登校対応の確認,保護者,B,特性/不登校×家庭教師・塾・個別,高,③B カテゴリ競合,家庭教師ファースト,,,,UNSPECIFIED,サービス探し（家庭教師・塾・支援） | ブランド・指名検索,KWP_CompetitorKeywordSeed
32898,家庭 教師 ファースト adhd 料金,CORE,代表,C01735,1,家庭 教師 ファースト adhd 料金,競合の比較検討（評判・料金）,保護者,B,特性/不登校×家庭教師・塾・個別,高,③B カテゴリ競合,家庭教師ファースト,,,,UNSPECIFIED,サービス探し（家庭教師・塾・支援） | 比較検討・料金・申込 | ブランド・指名検索,KWP_CompetitorKeywordSeed
32890,家庭 教師 ファースト adhd 評判,CORE,代表,C01736,1,家庭 教師 ファースト adhd 評判,競合の比較検討（評判・料金）,保護者,B,特性/不登校×家庭教師・塾・個別,高,③B カテゴリ競合,家庭教師ファースト,,,,UNSPECIFIED,サービス探し（家庭教師・塾・支援） | 比較検討・料金・申込 | ブランド・指名検索,KWP_CompetitorKeywordSeed
33738,家庭 教師 の マスター adhd 口コミ,CORE,代表,C01753,1,家庭 教師 の マスター adhd 口コミ,競合の比較検討（評判・料金）,保護者,B,特性/不登校×家庭教師・塾・個別,高,③B カテゴリ競合,家庭教師のマスター,,,,UNSPECIFIED,サービス探し（家庭教師・塾・支援） | 比較検討・料金・申込 | ブランド・指名検索,KWP_CompetitorKeywordSeed
33808,マスター 家庭 教師 adhd,CORE,代表,C01754,2,マスター 家庭 教師 adhd,競合×特性/不登校対応の確認,保護者,B,特性/不登校×家庭教師・塾・個別,高,③B カテゴリ競合,家庭教師のマスター,,,,UNSPECIFIED,サービス探し（家庭教師・塾・支援） | ブランド・指名検索,KWP_CompetitorKeywordSeed
33758,家庭 教師 の マスター adhd 料金,CORE,代表,C01755,1,家庭 教師 の マスター adhd 料金,競合の比較検討（評判・料金）,保護者,B,特性/不登校×家庭教師・塾・個別,高,③B カテゴリ競合,家庭教師のマスター,,,,UNSPECIFIED,サービス探し（家庭教師・塾・支援） | 比較検討・料金・申込 | ブランド・指名検索,KWP_CompetitorKeywordSeed
33748,家庭 教師 の マスター adhd 評判,CORE,代表,C01756,1,家庭 教師 の マスター adhd 評判,競合の比較検討（評判・料金）,保護者,B,特性/不登校×家庭教師・塾・個別,高,③B カテゴリ競合,家庭教師のマスター,,,,UNSPECIFIED,サービス探し（家庭教師・塾・支援） | 比較検討・料金・申込 | ブランド・指名検索,KWP_CompetitorKeywordSeed
32721,家庭 教師 の ランナー adhd 口コミ,CORE,代表,C01769,1,家庭 教師 の ランナー adhd 口コミ,競合の比較検討（評判・料金）,保護者,B,特性/不登校×家庭教師・塾・個別,高,③B カテゴリ競合,家庭教師のランナー,,,,UNSPECIFIED,サービス探し（家庭教師・塾・支援） | 比較検討・料金・申込 | ブランド・指名検索,KWP_CompetitorKeywordSeed
32792,ランナー 家庭 教師 adhd,CORE,代表,C01770,2,ランナー 家庭 教師 adhd,競合×特性/不登校対応の確認,保護者,B,特性/不登校×家庭教師・塾・個別,高,③B カテゴリ競合,家庭教師のランナー,,,,UNSPECIFIED,サービス探し（家庭教師・塾・支援） | ブランド・指名検索,KWP_CompetitorKeywordSeed
32741,家庭 教師 の ランナー adhd 料金,CORE,代表,C01771,1,家庭 教師 の ランナー adhd 料金,競合の比較検討（評判・料金）,保護者,B,特性/不登校×家庭教師・塾・個別,高,③B カテゴリ競合,家庭教師のランナー,,,,UNSPECIFIED,サービス探し（家庭教師・塾・支援） | 比較検討・料金・申込 | ブランド・指名検索,KWP_CompetitorKeywordSeed
32731,家庭 教師 の ランナー adhd 評判,CORE,代表,C01772,1,家庭 教師 の ランナー adhd 評判,競合の比較検討（評判・料金）,保護者,B,特性/不登校×家庭教師・塾・個別,高,③B カテゴリ競合,家庭教師のランナー,,,,UNSPECIFIED,サービス探し（家庭教師・塾・支援） | 比較検討・料金・申込 | ブランド・指名検索,KWP_CompetitorKeywordSeed
51,adhd 中学 受験 塾,CORE,代表,C01803,1,adhd 中学 受験 塾,サービス探し（特性/不登校×学習支援）,保護者,A,特性/不登校×家庭教師・塾・個別,高,②顕在,,20,201.0,583.0,MEDIUM,サービス探し（家庭教師・塾・支援） | 受験・進路,KWP_KeywordSeed || KWP_UrlSeed || Google_suggest
45637,ADHD 中学受験塾選び,CORE,代表,C01804,4,ADHD 中学受験塾選び,サービス探し（特性/不登校×学習支援）,保護者,A,特性/不登校×家庭教師・塾・個別,高,②顕在,,,,,UNSPECIFIED,サービス探し（家庭教師・塾・支援） | 受験・進路,Google_related_search
46111,adhd 中学受験 家庭教師,CORE,代表,C01806,1,adhd 中学受験 家庭教師,サービス探し（特性/不登校×学習支援）,保護者,A,特性/不登校×家庭教師・塾・個別,高,②顕在,,,,,UNSPECIFIED,サービス探し（家庭教師・塾・支援） | 受験・進路,Google_suggest
50,adhd 中学生 塾,CORE,代表,C01813,2,adhd 中学生 塾,サービス探し（特性/不登校×学習支援）,保護者,A,特性/不登校×家庭教師・塾・個別,高,②顕在,,20,192.0,695.0,HIGH,サービス探し（家庭教師・塾・支援）,KWP_KeywordSeed || KWP_UrlSeed || Google_suggest
27825,adhd 中学生 家庭 教師,CORE,代表,C01817,1,adhd 中学生 家庭 教師,サービス探し（特性/不登校×学習支援）,保護者,A,特性/不登校×家庭教師・塾・個別,高,②顕在,,,,,UNSPECIFIED,サービス探し（家庭教師・塾・支援）,KWP_KeywordSeed
55,adhd 予備校,CORE,代表,C01828,1,adhd 予備校,サービス探し（特性/不登校×学習支援）,保護者（推定）,A,特性/不登校×家庭教師・塾・個別,高,②顕在,,10,,,LOW,受験・進路,KWP_KeywordSeed || KWP_UrlSeed
37471,東京 個別 指導 学院 adhd 口コミ,CORE,代表,C01886,1,東京 個別 指導 学院 adhd 口コミ,競合の比較検討（評判・料金）,保護者,B,特性/不登校×家庭教師・塾・個別,高,③B カテゴリ競合,東京個別指導学院,,,,UNSPECIFIED,サービス探し（家庭教師・塾・支援） | 比較検討・料金・申込 | ブランド・指名検索 | 地域・近くで探す,KWP_CompetitorKeywordSeed
37491,東京 個別 指導 学院 adhd 料金,CORE,代表,C01887,1,東京 個別 指導 学院 adhd 料金,競合の比較検討（評判・料金）,保護者,B,特性/不登校×家庭教師・塾・個別,高,③B カテゴリ競合,東京個別指導学院,,,,UNSPECIFIED,サービス探し（家庭教師・塾・支援） | 比較検討・料金・申込 | ブランド・指名検索 | 地域・近くで探す,KWP_CompetitorKeywordSeed
37460,東京 個別 指導 学院 adhd,CORE,代表,C01888,1,東京 個別 指導 学院 adhd,競合×特性/不登校対応の確認,保護者,B,特性/不登校×家庭教師・塾・個別,高,③B カテゴリ競合,東京個別指導学院,,,,UNSPECIFIED,サービス探し（家庭教師・塾・支援） | ブランド・指名検索 | 地域・近くで探す,KWP_CompetitorKeywordSeed
37481,東京 個別 指導 学院 adhd 評判,CORE,代表,C01889,1,東京 個別 指導 学院 adhd 評判,競合の比較検討（評判・料金）,保護者,B,特性/不登校×家庭教師・塾・個別,高,③B カテゴリ競合,東京個別指導学院,,,,UNSPECIFIED,サービス探し（家庭教師・塾・支援） | 比較検討・料金・申込 | ブランド・指名検索 | 地域・近くで探す,KWP_CompetitorKeywordSeed
47,adhd 個別 指導,CORE,代表,C01890,1,adhd 個別 指導,サービス探し（特性/不登校×学習支援）,保護者,A,特性/不登校×家庭教師・塾・個別,高,②顕在,,20,147.0,2098.0,HIGH,サービス探し（家庭教師・塾・支援）,KWP_KeywordSeed || KWP_UrlSeed
33879,全国 家庭 教師 協会 adhd 口コミ,CORE,代表,C01905,1,全国 家庭 教師 協会 adhd 口コミ,競合の比較検討（評判・料金）,保護者,B,特性/不登校×家庭教師・塾・個別,高,③B カテゴリ競合,全国家庭教師協会,,,,UNSPECIFIED,サービス探し（家庭教師・塾・支援） | 比較検討・料金・申込 | ブランド・指名検索 | 地域・近くで探す,KWP_CompetitorKeywordSeed
33864,全国 家庭 教師 協会 adhd,CORE,代表,C01906,1,全国 家庭 教師 協会 adhd,競合×特性/不登校対応の確認,保護者,B,特性/不登校×家庭教師・塾・個別,高,③B カテゴリ競合,全国家庭教師協会,,,,UNSPECIFIED,サービス探し（家庭教師・塾・支援） | ブランド・指名検索 | 地域・近くで探す,KWP_CompetitorKeywordSeed
33897,全国 家庭 教師 協会 adhd 料金,CORE,代表,C01907,1,全国 家庭 教師 協会 adhd 料金,競合の比較検討（評判・料金）,保護者,B,特性/不登校×家庭教師・塾・個別,高,③B カテゴリ競合,全国家庭教師協会,,,,UNSPECIFIED,サービス探し（家庭教師・塾・支援） | 比較検討・料金・申込 | ブランド・指名検索 | 地域・近くで探す,KWP_CompetitorKeywordSeed
33888,全国 家庭 教師 協会 adhd 評判,CORE,代表,C01908,1,全国 家庭 教師 協会 adhd 評判,競合の比較検討（評判・料金）,保護者,B,特性/不登校×家庭教師・塾・個別,高,③B カテゴリ競合,全国家庭教師協会,,,,UNSPECIFIED,サービス探し（家庭教師・塾・支援） | 比較検討・料金・申込 | ブランド・指名検索 | 地域・近くで探す,KWP_CompetitorKeywordSeed
33960,家庭 教師 協会 adhd,CORE,代表,C01960,1,家庭 教師 協会 adhd,競合×特性/不登校対応の確認,保護者,B,特性/不登校×家庭教師・塾・個別,高,③B カテゴリ競合,全国家庭教師協会,,,,UNSPECIFIED,サービス探し（家庭教師・塾・支援） | ブランド・指名検索,KWP_CompetitorKeywordSeed
53,adhd 大学 受験 塾,CORE,代表,C01972,1,adhd 大学 受験 塾,サービス探し（特性/不登校×学習支援）,保護者,A,特性/不登校×家庭教師・塾・個別,高,②顕在,,10,287.0,835.0,HIGH,サービス探し（家庭教師・塾・支援） | 受験・進路,KWP_KeywordSeed || KWP_UrlSeed || Google_suggest
47390,adhd 高校 受験 塾,CORE,代表,C01973,1,adhd 高校 受験 塾,サービス探し（特性/不登校×学習支援）,保護者,A,特性/不登校×家庭教師・塾・個別,高,②顕在,,,,,UNSPECIFIED,サービス探し（家庭教師・塾・支援） | 受験・進路,Google_suggest
27830,adhd 受験 家庭 教師,CORE,代表,C01975,1,adhd 受験 家庭 教師,サービス探し（特性/不登校×学習支援）,保護者,A,特性/不登校×家庭教師・塾・個別,高,②顕在,,,,,UNSPECIFIED,サービス探し（家庭教師・塾・支援） | 受験・進路,KWP_KeywordSeed
33284,学研 の 家庭 教師 adhd 口コミ,CORE,代表,C01981,1,学研 の 家庭 教師 adhd 口コミ,競合の比較検討（評判・料金）,保護者,B,特性/不登校×家庭教師・塾・個別,高,③B カテゴリ競合,学研の家庭教師,,,,UNSPECIFIED,サービス探し（家庭教師・塾・支援） | 比較検討・料金・申込 | ブランド・指名検索,KWP_CompetitorKeywordSeed
46,adhd 塾,CORE,代表,C02011,2,adhd 塾,サービス探し（特性/不登校×学習支援）,保護者,A,特性/不登校×家庭教師・塾・個別,高,②顕在,,210,205.0,778.0,HIGH,サービス探し（家庭教師・塾・支援）,KWP_KeywordSeed || KWP_UrlSeed || KWP_SiteSeed || Google_suggest
49,adhd 学習 塾,CORE,代表,C02012,1,adhd 学習 塾,サービス探し（特性/不登校×学習支援）,保護者,A,特性/不登校×家庭教師・塾・個別,高,②顕在,,20,232.0,751.0,HIGH,サービス探し（家庭教師・塾・支援）,KWP_KeywordSeed || KWP_UrlSeed
52,adhd 塾 家庭 教師,CORE,代表,C02013,2,adhd 塾 家庭 教師,サービス探し（特性/不登校×学習支援）,保護者,A,特性/不登校×家庭教師・塾・個別,高,②顕在,,10,,,UNSPECIFIED,サービス探し（家庭教師・塾・支援）,KWP_KeywordSeed || KWP_UrlSeed || Google_suggest
46368,adhd 塾 小学生,CORE,代表,C02014,2,adhd 塾 小学生,サービス探し（特性/不登校×学習支援）,保護者,A,特性/不登校×家庭教師・塾・個別,高,②顕在,,,,,UNSPECIFIED,サービス探し（家庭教師・塾・支援）,Google_suggest
46373,adhd 塾 東京,CORE,代表,C02015,1,adhd 塾 東京,サービス探し（特性/不登校×学習支援）,保護者,A,特性/不登校×家庭教師・塾・個別,高,②顕在,,10,,,HIGH,サービス探し（家庭教師・塾・支援） | 地域・近くで探す,Google_suggest
67309,武田塾 ADHD,CORE,代表,C02016,1,武田塾 ADHD,競合×特性/不登校対応の確認,保護者,B,特性/不登校×家庭教師・塾・個別,高,③B カテゴリ競合,武田塾,10,125.0,321.0,MEDIUM,サービス探し（家庭教師・塾・支援） | ブランド・指名検索,CompetitorMatrix
46370,adhd 塾 生徒,CORE,代表,C02017,1,adhd 塾 生徒,サービス探し（特性/不登校×学習支援）,保護者,A,特性/不登校×家庭教師・塾・個別,高,②顕在,,,,,UNSPECIFIED,サービス探し（家庭教師・塾・支援）,Google_suggest
45635,ADHD 塾 迷惑,CORE,代表,C02018,2,ADHD 塾 迷惑,サービス探し（特性/不登校×学習支援）,保護者,A,特性/不登校×家庭教師・塾・個別,高,②顕在,,30,232.0,581.0,LOW,サービス探し（家庭教師・塾・支援）,Google_related_search
14793,adhd 塾 選び,CORE,代表,C02019,3,adhd 塾 選び,サービス探し（特性/不登校×学習支援）,保護者,A,特性/不登校×家庭教師・塾・個別,高,②顕在,,50,237.0,701.0,HIGH,サービス探し（家庭教師・塾・支援）,KWP_UrlSeed || Google_suggest
27829,adhd 高校生 塾,CORE,代表,C02020,1,adhd 高校生 塾,サービス探し（特性/不登校×学習支援）,保護者,A,特性/不登校×家庭教師・塾・個別,高,②顕在,,,,,UNSPECIFIED,サービス探し（家庭教師・塾・支援）,KWP_KeywordSeed || Google_suggest
33349,学研 家庭 教師 adhd,CORE,代表,C02067,2,学研 家庭 教師 adhd,競合×特性/不登校対応の確認,保護者,B,特性/不登校×家庭教師・塾・個別,高,③B カテゴリ競合,学研の家庭教師,,,,UNSPECIFIED,サービス探し（家庭教師・塾・支援） | ブランド・指名検索,KWP_CompetitorKeywordSeed
33304,学研 の 家庭 教師 adhd 料金,CORE,代表,C02068,1,学研 の 家庭 教師 adhd 料金,競合の比較検討（評判・料金）,保護者,B,特性/不登校×家庭教師・塾・個別,高,③B カテゴリ競合,学研の家庭教師,,,,UNSPECIFIED,サービス探し（家庭教師・塾・支援） | 比較検討・料金・申込 | ブランド・指名検索,KWP_CompetitorKeywordSeed
33294,学研 の 家庭 教師 adhd 評判,CORE,代表,C02069,1,学研 の 家庭 教師 adhd 評判,競合の比較検討（評判・料金）,保護者,B,特性/不登校×家庭教師・塾・個別,高,③B カテゴリ競合,学研の家庭教師,,,,UNSPECIFIED,サービス探し（家庭教師・塾・支援） | 比較検討・料金・申込 | ブランド・指名検索,KWP_CompetitorKeywordSeed
27824,adhd 小学生 家庭 教師,CORE,代表,C02094,1,adhd 小学生 家庭 教師,サービス探し（特性/不登校×学習支援）,保護者,A,特性/不登校×家庭教師・塾・個別,高,②顕在,,,,,UNSPECIFIED,サービス探し（家庭教師・塾・支援）,KWP_KeywordSeed
45,adhd 家庭 教師,CORE,代表,C02095,4,adhd 家庭 教師,サービス探し（特性/不登校×学習支援）,保護者,A,特性/不登校×家庭教師・塾・個別,高,②顕在,,90,455.0,1712.0,HIGH,サービス探し（家庭教師・塾・支援）,KWP_KeywordSeed || KWP_UrlSeed
27827,adhd 高校生 家庭 教師,CORE,代表,C02096,1,adhd 高校生 家庭 教師,サービス探し（特性/不登校×学習支援）,保護者,A,特性/不登校×家庭教師・塾・個別,高,②顕在,,,,,UNSPECIFIED,サービス探し（家庭教師・塾・支援）,KWP_KeywordSeed
19433,トライ ai タブレット 料金,CORE,代表,C02583,1,トライ ai タブレット 料金,競合の比較検討（評判・料金）,保護者,B,カテゴリ競合×比較/評判/料金/乗換え/特性,中,③B カテゴリ競合,家庭教師のトライ,10,,,LOW,比較検討・料金・申込 | 教材・通信教育 | ブランド・指名検索,KWP_UrlSeed || KWP_CompetitorKeywordSeed
30839,トライ ai タブレット 評判,CORE,代表,C02584,1,トライ ai タブレット 評判,競合の比較検討（評判・料金）,保護者,B,カテゴリ競合×比較/評判/料金/乗換え/特性,中,③B カテゴリ競合,家庭教師のトライ,10,,,LOW,比較検討・料金・申込 | 教材・通信教育 | ブランド・指名検索,KWP_CompetitorKeywordSeed
30852,トライ 式 ai 学習 診断 口コミ,CORE,代表,C02588,1,トライ 式 ai 学習 診断 口コミ,競合の比較検討（評判・料金）,保護者,B,カテゴリ競合×比較/評判/料金/乗換え/特性,中,③B カテゴリ競合,家庭教師のトライ,10,,,LOW,比較検討・料金・申込 | 特性理解・診断・医療 | 教材・通信教育 | ブランド・指名検索,KWP_CompetitorKeywordSeed
30996,トライ ai 料金,CORE,代表,C02590,1,トライ ai 料金,競合の比較検討（評判・料金）,保護者,B,カテゴリ競合×比較/評判/料金/乗換え/特性,中,③B カテゴリ競合,家庭教師のトライ,10,,,LOW,比較検討・料金・申込 | 教材・通信教育 | ブランド・指名検索,KWP_CompetitorKeywordSeed
30868,トライ ai 評判,CORE,代表,C02591,1,トライ ai 評判,競合の比較検討（評判・料金）,保護者,B,カテゴリ競合×比較/評判/料金/乗換え/特性,中,③B カテゴリ競合,家庭教師のトライ,10,,,UNSPECIFIED,比較検討・料金・申込 | 教材・通信教育 | ブランド・指名検索,KWP_CompetitorKeywordSeed
32049,メガスタ ai,CORE,代表,C02592,1,メガスタ ai,競合指名・周辺,保護者,B,終了競合の乗換え需要,高,③X 終了サービス/乗換え,オンラインプロ教師のメガスタ,10,,,LOW,教材・通信教育 | ブランド・指名検索,KWP_CompetitorKeywordSeed
40040,axis 個別 指導 asd,CORE,代表,C02626,1,axis 個別 指導 asd,競合×特性/不登校対応の確認,保護者,B,特性/不登校×家庭教師・塾・個別,高,③B カテゴリ競合,個別指導Axis,,,,UNSPECIFIED,サービス探し（家庭教師・塾・支援） | ブランド・指名検索,KWP_CompetitorKeywordSeed
42359,ecc ベスト ワン asd,CORE,代表,C02627,1,ecc ベスト ワン asd,競合×特性/不登校対応の確認,保護者,B,カテゴリ競合×比較/評判/料金/乗換え/特性,中,③B カテゴリ競合,ECCベストワン,,,,UNSPECIFIED,ブランド・指名検索,KWP_CompetitorKeywordSeed
42769,さくら one 個別 指導 塾 asd,CORE,代表,C02629,1,さくら one 個別 指導 塾 asd,競合×特性/不登校対応の確認,保護者,B,特性/不登校×家庭教師・塾・個別,高,③B カテゴリ競合,さくらOne個別指導塾,,,,UNSPECIFIED,サービス探し（家庭教師・塾・支援） | ブランド・指名検索,KWP_CompetitorKeywordSeed
35547,pre ステップ asd,CORE,代表,C02630,1,pre ステップ asd,競合×特性/不登校対応の確認,保護者,B,直接競合（特性/不登校×1対1学習支援）,高,③A 直接競合,Preステップオンライン,,,,UNSPECIFIED,ブランド・指名検索,KWP_CompetitorKeywordSeed
35559,pre ステップ asd 口コミ,CORE,代表,C02631,1,pre ステップ asd 口コミ,競合の比較検討（評判・料金）,保護者,B,直接競合（特性/不登校×1対1学習支援）,高,③A 直接競合,Preステップオンライン,,,,UNSPECIFIED,比較検討・料金・申込 | ブランド・指名検索,KWP_CompetitorKeywordSeed
35570,pre ステップ asd 料金,CORE,代表,C02632,1,pre ステップ asd 料金,競合の比較検討（評判・料金）,保護者,B,直接競合（特性/不登校×1対1学習支援）,高,③A 直接競合,Preステップオンライン,,,,UNSPECIFIED,比較検討・料金・申込 | ブランド・指名検索,KWP_CompetitorKeywordSeed
35564,pre ステップ asd 評判,CORE,代表,C02633,1,pre ステップ asd 評判,競合の比較検討（評判・料金）,保護者,B,直接競合（特性/不登校×1対1学習支援）,高,③A 直接競合,Preステップオンライン,,,,UNSPECIFIED,比較検討・料金・申込 | ブランド・指名検索,KWP_CompetitorKeywordSeed
34100,tos 家庭 教師 センター asd,CORE,代表,C02634,1,tos 家庭 教師 センター asd,競合×特性/不登校対応の確認,保護者,B,特性/不登校×家庭教師・塾・個別,高,③A 直接競合,TOS家庭教師センター,,,,UNSPECIFIED,サービス探し（家庭教師・塾・支援） | ブランド・指名検索,KWP_CompetitorKeywordSeed
34037,tos 家庭 教師 asd 口コミ,CORE,代表,C02635,1,tos 家庭 教師 asd 口コミ,競合の比較検討（評判・料金）,保護者,B,特性/不登校×家庭教師・塾・個別,高,③A 直接競合,TOS家庭教師センター,,,,UNSPECIFIED,サービス探し（家庭教師・塾・支援） | 比較検討・料金・申込 | ブランド・指名検索,KWP_CompetitorKeywordSeed
34022,tos 家庭 教師 asd,CORE,代表,C02636,1,tos 家庭 教師 asd,競合×特性/不登校対応の確認,保護者,B,特性/不登校×家庭教師・塾・個別,高,③A 直接競合,TOS家庭教師センター,,,,UNSPECIFIED,サービス探し（家庭教師・塾・支援） | ブランド・指名検索,KWP_CompetitorKeywordSeed
34054,tos 家庭 教師 asd 料金,CORE,代表,C02637,1,tos 家庭 教師 asd 料金,競合の比較検討（評判・料金）,保護者,B,特性/不登校×家庭教師・塾・個別,高,③A 直接競合,TOS家庭教師センター,,,,UNSPECIFIED,サービス探し（家庭教師・塾・支援） | 比較検討・料金・申込 | ブランド・指名検索,KWP_CompetitorKeywordSeed
34046,tos 家庭 教師 asd 評判,CORE,代表,C02638,1,tos 家庭 教師 asd 評判,競合の比較検討（評判・料金）,保護者,B,特性/不登校×家庭教師・塾・個別,高,③A 直接競合,TOS家庭教師センター,,,,UNSPECIFIED,サービス探し（家庭教師・塾・支援） | 比較検討・料金・申込 | ブランド・指名検索,KWP_CompetitorKeywordSeed
32323,あすなろ asd,CORE,代表,C02644,1,あすなろ asd,競合×特性/不登校対応の確認,保護者,B,直接競合（特性/不登校×1対1学習支援）,高,③A 直接競合,家庭教師のあすなろ,,,,UNSPECIFIED,ブランド・指名検索,KWP_CompetitorKeywordSeed
32336,あすなろ asd 口コミ,CORE,代表,C02645,1,あすなろ asd 口コミ,競合の比較検討（評判・料金）,保護者,B,直接競合（特性/不登校×1対1学習支援）,高,③A 直接競合,家庭教師のあすなろ,,,,UNSPECIFIED,比較検討・料金・申込 | ブランド・指名検索,KWP_CompetitorKeywordSeed
32435,家庭 教師 の あすなろ asd,CORE,代表,C02646,1,家庭 教師 の あすなろ asd,競合×特性/不登校対応の確認,保護者,B,特性/不登校×家庭教師・塾・個別,高,③A 直接競合,家庭教師のあすなろ,,,,UNSPECIFIED,サービス探し（家庭教師・塾・支援） | ブランド・指名検索,KWP_CompetitorKeywordSeed
32348,あすなろ asd 料金,CORE,代表,C02647,1,あすなろ asd 料金,競合の比較検討（評判・料金）,保護者,B,直接競合（特性/不登校×1対1学習支援）,高,③A 直接競合,家庭教師のあすなろ,,,,UNSPECIFIED,比較検討・料金・申込 | ブランド・指名検索,KWP_CompetitorKeywordSeed
32342,あすなろ asd 評判,CORE,代表,C02648,1,あすなろ asd 評判,競合の比較検討（評判・料金）,保護者,B,直接競合（特性/不登校×1対1学習支援）,高,③A 直接競合,家庭教師のあすなろ,,,,UNSPECIFIED,比較検討・料金・申込 | ブランド・指名検索,KWP_CompetitorKeywordSeed
34861,まなぶ てらす asd,CORE,代表,C02668,1,まなぶ てらす asd,競合×特性/不登校対応の確認,保護者,B,カテゴリ競合×比較/評判/料金/乗換え/特性,中,③B カテゴリ競合,まなぶてらす,,,,UNSPECIFIED,ブランド・指名検索,KWP_CompetitorKeywordSeed
34872,まなぶ てらす asd 口コミ,CORE,代表,C02669,1,まなぶ てらす asd 口コミ,競合の比較検討（評判・料金）,保護者,B,カテゴリ競合×比較/評判/料金/乗換え/特性,中,③B カテゴリ競合,まなぶてらす,,,,UNSPECIFIED,比較検討・料金・申込 | ブランド・指名検索,KWP_CompetitorKeywordSeed
34884,まなぶ てらす asd 料金,CORE,代表,C02670,1,まなぶ てらす asd 料金,競合の比較検討（評判・料金）,保護者,B,カテゴリ競合×比較/評判/料金/乗換え/特性,中,③B カテゴリ競合,まなぶてらす,,,,UNSPECIFIED,比較検討・料金・申込 | ブランド・指名検索,KWP_CompetitorKeywordSeed
34878,まなぶ てらす asd 評判,CORE,代表,C02671,1,まなぶ てらす asd 評判,競合の比較検討（評判・料金）,保護者,B,カテゴリ競合×比較/評判/料金/乗換え/特性,中,③B カテゴリ競合,まなぶてらす,,,,UNSPECIFIED,比較検討・料金・申込 | ブランド・指名検索,KWP_CompetitorKeywordSeed
42845,は な た に 塾 asd 口コミ,CORE,代表,C02688,1,は な た に 塾 asd 口コミ,競合の比較検討（評判・料金）,保護者,B,特性/不登校×家庭教師・塾・個別,高,③B カテゴリ競合,はなたに塾,,,,UNSPECIFIED,サービス探し（家庭教師・塾・支援） | 比較検討・料金・申込 | ブランド・指名検索,KWP_CompetitorKeywordSeed
42831,は な た に 塾 asd,CORE,代表,C02689,1,は な た に 塾 asd,競合×特性/不登校対応の確認,保護者,B,特性/不登校×家庭教師・塾・個別,高,③B カテゴリ競合,はなたに塾,,,,UNSPECIFIED,サービス探し（家庭教師・塾・支援） | ブランド・指名検索,KWP_CompetitorKeywordSeed
42860,は な た に 塾 asd 料金,CORE,代表,C02690,1,は な た に 塾 asd 料金,競合の比較検討（評判・料金）,保護者,B,特性/不登校×家庭教師・塾・個別,高,③B カテゴリ競合,はなたに塾,,,,UNSPECIFIED,サービス探し（家庭教師・塾・支援） | 比較検討・料金・申込 | ブランド・指名検索,KWP_CompetitorKeywordSeed
42852,は な た に 塾 asd 評判,CORE,代表,C02691,1,は な た に 塾 asd 評判,競合の比較検討（評判・料金）,保護者,B,特性/不登校×家庭教師・塾・個別,高,③B カテゴリ競合,はなたに塾,,,,UNSPECIFIED,サービス探し（家庭教師・塾・支援） | 比較検討・料金・申込 | ブランド・指名検索,KWP_CompetitorKeywordSeed
33570,やる気 アシスト asd,CORE,代表,C02695,1,やる気 アシスト asd,競合×特性/不登校対応の確認,保護者,B,カテゴリ競合×比較/評判/料金/乗換え/特性,中,③B カテゴリ競合,家庭教師のやる気アシスト,,,,UNSPECIFIED,学習のやり方・学習課題 | ブランド・指名検索,KWP_CompetitorKeywordSeed
33582,やる気 アシスト asd 口コミ,CORE,代表,C02696,1,やる気 アシスト asd 口コミ,競合の比較検討（評判・料金）,保護者,B,カテゴリ競合×比較/評判/料金/乗換え/特性,中,③B カテゴリ競合,家庭教師のやる気アシスト,,,,UNSPECIFIED,比較検討・料金・申込 | 学習のやり方・学習課題 | ブランド・指名検索,KWP_CompetitorKeywordSeed
33642,家庭 教師 の やる気 アシスト asd,CORE,代表,C02697,1,家庭 教師 の やる気 アシスト asd,競合×特性/不登校対応の確認,保護者,B,特性/不登校×家庭教師・塾・個別,高,③B カテゴリ競合,家庭教師のやる気アシスト,,,,UNSPECIFIED,サービス探し（家庭教師・塾・支援） | 学習のやり方・学習課題 | ブランド・指名検索,KWP_CompetitorKeywordSeed
33594,やる気 アシスト asd 料金,CORE,代表,C02698,1,やる気 アシスト asd 料金,競合の比較検討（評判・料金）,保護者,B,カテゴリ競合×比較/評判/料金/乗換え/特性,中,③B カテゴリ競合,家庭教師のやる気アシスト,,,,UNSPECIFIED,比較検討・料金・申込 | 学習のやり方・学習課題 | ブランド・指名検索,KWP_CompetitorKeywordSeed
33588,やる気 アシスト asd 評判,CORE,代表,C02699,1,やる気 アシスト asd 評判,競合の比較検討（評判・料金）,保護者,B,カテゴリ競合×比較/評判/料金/乗換え/特性,中,③B カテゴリ競合,家庭教師のやる気アシスト,,,,UNSPECIFIED,比較検討・料金・申込 | 学習のやり方・学習課題 | ブランド・指名検索,KWP_CompetitorKeywordSeed
39918,アクシス 塾 asd 口コミ,CORE,代表,C02700,1,アクシス 塾 asd 口コミ,競合の比較検討（評判・料金）,保護者,B,特性/不登校×家庭教師・塾・個別,高,③B カテゴリ競合,個別指導Axis,,,,UNSPECIFIED,サービス探し（家庭教師・塾・支援） | 比較検討・料金・申込 | ブランド・指名検索,KWP_CompetitorKeywordSeed
39907,アクシス 塾 asd,CORE,代表,C02701,1,アクシス 塾 asd,競合×特性/不登校対応の確認,保護者,B,特性/不登校×家庭教師・塾・個別,高,③B カテゴリ競合,個別指導Axis,,,,UNSPECIFIED,サービス探し（家庭教師・塾・支援） | ブランド・指名検索,KWP_CompetitorKeywordSeed
39929,アクシス 塾 asd 料金,CORE,代表,C02702,1,アクシス 塾 asd 料金,競合の比較検討（評判・料金）,保護者,B,特性/不登校×家庭教師・塾・個別,高,③B カテゴリ競合,個別指導Axis,,,,UNSPECIFIED,サービス探し（家庭教師・塾・支援） | 比較検討・料金・申込 | ブランド・指名検索,KWP_CompetitorKeywordSeed
39923,アクシス 塾 asd 評判,CORE,代表,C02703,1,アクシス 塾 asd 評判,競合の比較検討（評判・料金）,保護者,B,特性/不登校×家庭教師・塾・個別,高,③B カテゴリ競合,個別指導Axis,,,,UNSPECIFIED,サービス探し（家庭教師・塾・支援） | 比較検討・料金・申込 | ブランド・指名検索,KWP_CompetitorKeywordSeed
38101,イットー asd,CORE,代表,C02705,1,イットー asd,競合×特性/不登校対応の確認,保護者,B,カテゴリ競合×比較/評判/料金/乗換え/特性,中,③B カテゴリ競合,ITTO個別指導学院,,,,UNSPECIFIED,ブランド・指名検索,KWP_CompetitorKeywordSeed
31953,トライ オンライン asd,CORE,代表,C02716,1,トライ オンライン asd,競合×特性/不登校対応の確認,保護者,B,カテゴリ競合×比較/評判/料金/乗換え/特性,中,③B カテゴリ競合,トライのオンライン個別指導塾,,,,UNSPECIFIED,サービス探し（家庭教師・塾・支援） | ブランド・指名検索,KWP_CompetitorKeywordSeed
32022,トライ の オンライン 個別 指導 塾 asd,CORE,代表,C02717,1,トライ の オンライン 個別 指導 塾 asd,競合×特性/不登校対応の確認,保護者,B,特性/不登校×家庭教師・塾・個別,高,③B カテゴリ競合,トライのオンライン個別指導塾,,,,UNSPECIFIED,サービス探し（家庭教師・塾・支援） | ブランド・指名検索,KWP_CompetitorKeywordSeed
31964,トライ オンライン asd 口コミ,CORE,代表,C02718,1,トライ オンライン asd 口コミ,競合の比較検討（評判・料金）,保護者,B,カテゴリ競合×比較/評判/料金/乗換え/特性,中,③B カテゴリ競合,トライのオンライン個別指導塾,,,,UNSPECIFIED,サービス探し（家庭教師・塾・支援） | 比較検討・料金・申込 | ブランド・指名検索,KWP_CompetitorKeywordSeed
31974,トライ オンライン asd 料金,CORE,代表,C02719,1,トライ オンライン asd 料金,競合の比較検討（評判・料金）,保護者,B,カテゴリ競合×比較/評判/料金/乗換え/特性,中,③B カテゴリ競合,トライのオンライン個別指導塾,,,,UNSPECIFIED,サービス探し（家庭教師・塾・支援） | 比較検討・料金・申込 | ブランド・指名検索,KWP_CompetitorKeywordSeed
31969,トライ オンライン asd 評判,CORE,代表,C02720,1,トライ オンライン asd 評判,競合の比較検討（評判・料金）,保護者,B,カテゴリ競合×比較/評判/料金/乗換え/特性,中,③B カテゴリ競合,トライのオンライン個別指導塾,,,,UNSPECIFIED,サービス探し（家庭教師・塾・支援） | 比較検討・料金・申込 | ブランド・指名検索,KWP_CompetitorKeywordSeed
33443,家庭 教師 の ガンバ asd 口コミ,CORE,代表,C02723,1,家庭 教師 の ガンバ asd 口コミ,競合の比較検討（評判・料金）,保護者,B,特性/不登校×家庭教師・塾・個別,高,③B カテゴリ競合,家庭教師のガンバ,,,,UNSPECIFIED,サービス探し（家庭教師・塾・支援） | 比較検討・料金・申込 | ブランド・指名検索,KWP_CompetitorKeywordSeed
33512,ガンバ 家庭 教師 asd,CORE,代表,C02724,2,ガンバ 家庭 教師 asd,競合×特性/不登校対応の確認,保護者,B,特性/不登校×家庭教師・塾・個別,高,③B カテゴリ競合,家庭教師のガンバ,,,,UNSPECIFIED,サービス探し（家庭教師・塾・支援） | ブランド・指名検索,KWP_CompetitorKeywordSeed
33463,家庭 教師 の ガンバ asd 料金,CORE,代表,C02725,1,家庭 教師 の ガンバ asd 料金,競合の比較検討（評判・料金）,保護者,B,特性/不登校×家庭教師・塾・個別,高,③B カテゴリ競合,家庭教師のガンバ,,,,UNSPECIFIED,サービス探し（家庭教師・塾・支援） | 比較検討・料金・申込 | ブランド・指名検索,KWP_CompetitorKeywordSeed
33453,家庭 教師 の ガンバ asd 評判,CORE,代表,C02726,1,家庭 教師 の ガンバ asd 評判,競合の比較検討（評判・料金）,保護者,B,特性/不登校×家庭教師・塾・個別,高,③B カテゴリ競合,家庭教師のガンバ,,,,UNSPECIFIED,サービス探し（家庭教師・塾・支援） | 比較検討・料金・申込 | ブランド・指名検索,KWP_CompetitorKeywordSeed
42517,キズキ asd,CORE,代表,C02727,1,キズキ asd,競合×特性/不登校対応の確認,保護者,B,直接競合（特性/不登校×1対1学習支援）,高,③A 直接競合,キズキ共育塾,,,,UNSPECIFIED,ブランド・指名検索,KWP_CompetitorKeywordSeed
42436,キズキ 共 育 塾 asd 口コミ,CORE,代表,C02728,1,キズキ 共 育 塾 asd 口コミ,競合の比較検討（評判・料金）,保護者,B,特性/不登校×家庭教師・塾・個別,高,③A 直接競合,キズキ共育塾,,,,UNSPECIFIED,サービス探し（家庭教師・塾・支援） | 比較検討・料金・申込 | ブランド・指名検索,KWP_CompetitorKeywordSeed
42448,キズキ 共 育 塾 asd 料金,CORE,代表,C02729,1,キズキ 共 育 塾 asd 料金,競合の比較検討（評判・料金）,保護者,B,特性/不登校×家庭教師・塾・個別,高,③A 直接競合,キズキ共育塾,,,,UNSPECIFIED,サービス探し（家庭教師・塾・支援） | 比較検討・料金・申込 | ブランド・指名検索,KWP_CompetitorKeywordSeed
42424,キズキ 共 育 塾 asd,CORE,代表,C02730,1,キズキ 共 育 塾 asd,競合×特性/不登校対応の確認,保護者,B,特性/不登校×家庭教師・塾・個別,高,③A 直接競合,キズキ共育塾,,,,UNSPECIFIED,サービス探し（家庭教師・塾・支援） | ブランド・指名検索,KWP_CompetitorKeywordSeed
42442,キズキ 共 育 塾 asd 評判,CORE,代表,C02731,1,キズキ 共 育 塾 asd 評判,競合の比較検討（評判・料金）,保護者,B,特性/不登校×家庭教師・塾・個別,高,③A 直接競合,キズキ共育塾,,,,UNSPECIFIED,サービス探し（家庭教師・塾・支援） | 比較検討・料金・申込 | ブランド・指名検索,KWP_CompetitorKeywordSeed
34558,キズキ 家庭 教師 asd,CORE,代表,C02732,1,キズキ 家庭 教師 asd,競合×特性/不登校対応の確認,保護者,B,特性/不登校×家庭教師・塾・個別,高,③A 直接競合,キズキプロ家庭教師,,,,UNSPECIFIED,サービス探し（家庭教師・塾・支援） | ブランド・指名検索,KWP_CompetitorKeywordSeed
34487,キズキプロ 家庭 教師 asd 口コミ,CORE,代表,C02733,1,キズキプロ 家庭 教師 asd 口コミ,競合の比較検討（評判・料金）,保護者,B,特性/不登校×家庭教師・塾・個別,高,③A 直接競合,キズキプロ家庭教師,,,,UNSPECIFIED,サービス探し（家庭教師・塾・支援） | 比較検討・料金・申込 | ブランド・指名検索,KWP_CompetitorKeywordSeed
34471,キズキプロ 家庭 教師 asd,CORE,代表,C02734,1,キズキプロ 家庭 教師 asd,競合×特性/不登校対応の確認,保護者,B,特性/不登校×家庭教師・塾・個別,高,③A 直接競合,キズキプロ家庭教師,,,,UNSPECIFIED,サービス探し（家庭教師・塾・支援） | ブランド・指名検索,KWP_CompetitorKeywordSeed
34507,キズキプロ 家庭 教師 asd 料金,CORE,代表,C02735,1,キズキプロ 家庭 教師 asd 料金,競合の比較検討（評判・料金）,保護者,B,特性/不登校×家庭教師・塾・個別,高,③A 直接競合,キズキプロ家庭教師,,,,UNSPECIFIED,サービス探し（家庭教師・塾・支援） | 比較検討・料金・申込 | ブランド・指名検索,KWP_CompetitorKeywordSeed
34497,キズキプロ 家庭 教師 asd 評判,CORE,代表,C02736,1,キズキプロ 家庭 教師 asd 評判,競合の比較検討（評判・料金）,保護者,B,特性/不登校×家庭教師・塾・個別,高,③A 直接競合,キズキプロ家庭教師,,,,UNSPECIFIED,サービス探し（家庭教師・塾・支援） | 比較検討・料金・申込 | ブランド・指名検索,KWP_CompetitorKeywordSeed
33115,サクシード asd,CORE,代表,C02756,1,サクシード asd,競合×特性/不登校対応の確認,保護者,B,カテゴリ競合×比較/評判/料金/乗換え/特性,中,③B カテゴリ競合,家庭教師のサクシード,,,,UNSPECIFIED,ブランド・指名検索,KWP_CompetitorKeywordSeed
33128,サクシード asd 口コミ,CORE,代表,C02757,1,サクシード asd 口コミ,競合の比較検討（評判・料金）,保護者,B,カテゴリ競合×比較/評判/料金/乗換え/特性,中,③B カテゴリ競合,家庭教師のサクシード,,,,UNSPECIFIED,比較検討・料金・申込 | ブランド・指名検索,KWP_CompetitorKeywordSeed
33196,家庭 教師 の サクシード asd,CORE,代表,C02758,1,家庭 教師 の サクシード asd,競合×特性/不登校対応の確認,保護者,B,特性/不登校×家庭教師・塾・個別,高,③B カテゴリ競合,家庭教師のサクシード,,,,UNSPECIFIED,サービス探し（家庭教師・塾・支援） | ブランド・指名検索,KWP_CompetitorKeywordSeed
33140,サクシード asd 料金,CORE,代表,C02759,1,サクシード asd 料金,競合の比較検討（評判・料金）,保護者,B,カテゴリ競合×比較/評判/料金/乗換え/特性,中,③B カテゴリ競合,家庭教師のサクシード,,,,UNSPECIFIED,比較検討・料金・申込 | ブランド・指名検索,KWP_CompetitorKeywordSeed
33134,サクシード asd 評判,CORE,代表,C02760,1,サクシード asd 評判,競合の比較検討（評判・料金）,保護者,B,カテゴリ競合×比較/評判/料金/乗換え/特性,中,③B カテゴリ競合,家庭教師のサクシード,,,,UNSPECIFIED,比較検討・料金・申込 | ブランド・指名検索,KWP_CompetitorKeywordSeed
35258,ジップス 家庭 教師 asd,CORE,代表,C02766,1,ジップス 家庭 教師 asd,競合×特性/不登校対応の確認,保護者,B,特性/不登校×家庭教師・塾・個別,高,③B カテゴリ競合,オンライン家庭教師GIPS,,,,UNSPECIFIED,サービス探し（家庭教師・塾・支援） | ブランド・指名検索,KWP_CompetitorKeywordSeed
34312,家庭 教師 の ジャンプ asd 口コミ,CORE,代表,C02767,1,家庭 教師 の ジャンプ asd 口コミ,競合の比較検討（評判・料金）,保護者,B,特性/不登校×家庭教師・塾・個別,高,③A 直接競合,プロ家庭教師のジャンプ,,,,UNSPECIFIED,サービス探し（家庭教師・塾・支援） | 比較検討・料金・申込 | ブランド・指名検索,KWP_CompetitorKeywordSeed
34381,ジャンプ 家庭 教師 asd,CORE,代表,C02768,2,ジャンプ 家庭 教師 asd,競合×特性/不登校対応の確認,保護者,B,特性/不登校×家庭教師・塾・個別,高,③A 直接競合,プロ家庭教師のジャンプ,,,,UNSPECIFIED,サービス探し（家庭教師・塾・支援） | ブランド・指名検索,KWP_CompetitorKeywordSeed
34332,家庭 教師 の ジャンプ asd 料金,CORE,代表,C02769,1,家庭 教師 の ジャンプ asd 料金,競合の比較検討（評判・料金）,保護者,B,特性/不登校×家庭教師・塾・個別,高,③A 直接競合,プロ家庭教師のジャンプ,,,,UNSPECIFIED,サービス探し（家庭教師・塾・支援） | 比較検討・料金・申込 | ブランド・指名検索,KWP_CompetitorKeywordSeed
34322,家庭 教師 の ジャンプ asd 評判,CORE,代表,C02770,1,家庭 教師 の ジャンプ asd 評判,競合の比較検討（評判・料金）,保護者,B,特性/不登校×家庭教師・塾・個別,高,③A 直接競合,プロ家庭教師のジャンプ,,,,UNSPECIFIED,サービス探し（家庭教師・塾・支援） | 比較検討・料金・申込 | ブランド・指名検索,KWP_CompetitorKeywordSeed
41874,スクール ワン asd,CORE,代表,C02771,1,スクール ワン asd,競合×特性/不登校対応の確認,保護者,B,カテゴリ競合×比較/評判/料金/乗換え/特性,中,③B カテゴリ競合,京進スクール・ワン,,,,UNSPECIFIED,ブランド・指名検索,KWP_CompetitorKeywordSeed
42146,京 進 スクール ワン asd,CORE,代表,C02772,1,京 進 スクール ワン asd,競合×特性/不登校対応の確認,保護者,B,カテゴリ競合×比較/評判/料金/乗換え/特性,中,③B カテゴリ競合,京進スクール・ワン,,,,UNSPECIFIED,ブランド・指名検索,KWP_CompetitorKeywordSeed
41891,スクール ワン asd 口コミ,CORE,代表,C02773,1,スクール ワン asd 口コミ,競合の比較検討（評判・料金）,保護者,B,カテゴリ競合×比較/評判/料金/乗換え/特性,中,③B カテゴリ競合,京進スクール・ワン,,,,UNSPECIFIED,比較検討・料金・申込 | ブランド・指名検索,KWP_CompetitorKeywordSeed
41910,スクール ワン asd 料金,CORE,代表,C02774,1,スクール ワン asd 料金,競合の比較検討（評判・料金）,保護者,B,カテゴリ競合×比較/評判/料金/乗換え/特性,中,③B カテゴリ競合,京進スクール・ワン,,,,UNSPECIFIED,比較検討・料金・申込 | ブランド・指名検索,KWP_CompetitorKeywordSeed
41900,スクール ワン asd 評判,CORE,代表,C02775,1,スクール ワン asd 評判,競合の比較検討（評判・料金）,保護者,B,カテゴリ競合×比較/評判/料金/乗換え/特性,中,③B カテゴリ競合,京進スクール・ワン,,,,UNSPECIFIED,比較検討・料金・申込 | ブランド・指名検索,KWP_CompetitorKeywordSeed
42569,スタディ ホップ asd,CORE,代表,C02781,1,スタディ ホップ asd,競合×特性/不登校対応の確認,保護者,B,直接競合（特性/不登校×1対1学習支援）,高,③A 直接競合,個別指導塾スタディホップ,,,,UNSPECIFIED,ブランド・指名検索,KWP_CompetitorKeywordSeed
42581,スタディ ホップ asd 口コミ,CORE,代表,C02782,1,スタディ ホップ asd 口コミ,競合の比較検討（評判・料金）,保護者,B,直接競合（特性/不登校×1対1学習支援）,高,③A 直接競合,個別指導塾スタディホップ,,,,UNSPECIFIED,比較検討・料金・申込 | ブランド・指名検索,KWP_CompetitorKeywordSeed
42593,スタディ ホップ asd 料金,CORE,代表,C02783,1,スタディ ホップ asd 料金,競合の比較検討（評判・料金）,保護者,B,直接競合（特性/不登校×1対1学習支援）,高,③A 直接競合,個別指導塾スタディホップ,,,,UNSPECIFIED,比較検討・料金・申込 | ブランド・指名検索,KWP_CompetitorKeywordSeed
42587,スタディ ホップ asd 評判,CORE,代表,C02784,1,スタディ ホップ asd 評判,競合の比較検討（評判・料金）,保護者,B,直接競合（特性/不登校×1対1学習支援）,高,③A 直接競合,個別指導塾スタディホップ,,,,UNSPECIFIED,比較検討・料金・申込 | ブランド・指名検索,KWP_CompetitorKeywordSeed
41677,フリー ステップ asd,CORE,代表,C02785,1,フリー ステップ asd,競合×特性/不登校対応の確認,保護者,B,カテゴリ競合×比較/評判/料金/乗換え/特性,中,③B カテゴリ競合,フリーステップ,,,,UNSPECIFIED,ブランド・指名検索,KWP_CompetitorKeywordSeed
41685,フリー ステップ asd 口コミ,CORE,代表,C02786,1,フリー ステップ asd 口コミ,競合の比較検討（評判・料金）,保護者,B,カテゴリ競合×比較/評判/料金/乗換え/特性,中,③B カテゴリ競合,フリーステップ,,,,UNSPECIFIED,比較検討・料金・申込 | ブランド・指名検索,KWP_CompetitorKeywordSeed
41697,フリー ステップ asd 料金,CORE,代表,C02787,1,フリー ステップ asd 料金,競合の比較検討（評判・料金）,保護者,B,カテゴリ競合×比較/評判/料金/乗換え/特性,中,③B カテゴリ競合,フリーステップ,,,,UNSPECIFIED,比較検討・料金・申込 | ブランド・指名検索,KWP_CompetitorKeywordSeed
41691,フリー ステップ asd 評判,CORE,代表,C02788,1,フリー ステップ asd 評判,競合の比較検討（評判・料金）,保護者,B,カテゴリ競合×比較/評判/料金/乗換え/特性,中,③B カテゴリ競合,フリーステップ,,,,UNSPECIFIED,比較検討・料金・申込 | ブランド・指名検索,KWP_CompetitorKeywordSeed
34612,ティントル asd,CORE,代表,C02791,1,ティントル asd,競合×特性/不登校対応の確認,保護者,B,直接競合（特性/不登校×1対1学習支援）,高,③A 直接競合,ティントル,,,,UNSPECIFIED,ブランド・指名検索,KWP_CompetitorKeywordSeed
34624,ティントル asd 口コミ,CORE,代表,C02792,1,ティントル asd 口コミ,競合の比較検討（評判・料金）,保護者,B,直接競合（特性/不登校×1対1学習支援）,高,③A 直接競合,ティントル,,,,UNSPECIFIED,比較検討・料金・申込 | ブランド・指名検索,KWP_CompetitorKeywordSeed
34636,ティントル asd 料金,CORE,代表,C02793,1,ティントル asd 料金,競合の比較検討（評判・料金）,保護者,B,直接競合（特性/不登校×1対1学習支援）,高,③A 直接競合,ティントル,,,,UNSPECIFIED,比較検討・料金・申込 | ブランド・指名検索,KWP_CompetitorKeywordSeed
34630,ティントル asd 評判,CORE,代表,C02794,1,ティントル asd 評判,競合の比較検討（評判・料金）,保護者,B,直接競合（特性/不登校×1対1学習支援）,高,③A 直接競合,ティントル,,,,UNSPECIFIED,比較検討・料金・申込 | ブランド・指名検索,KWP_CompetitorKeywordSeed
44728,トウコベ asd,CORE,代表,C02800,1,トウコベ asd,競合×特性/不登校対応の確認,保護者,B,カテゴリ競合×比較/評判/料金/乗換え/特性,中,③B カテゴリ競合,トウコベ,,,,UNSPECIFIED,ブランド・指名検索,KWP_CompetitorKeywordSeed
44739,トウコベ asd 口コミ,CORE,代表,C02801,1,トウコベ asd 口コミ,競合の比較検討（評判・料金）,保護者,B,カテゴリ競合×比較/評判/料金/乗換え/特性,中,③B カテゴリ競合,トウコベ,,,,UNSPECIFIED,比較検討・料金・申込 | ブランド・指名検索,KWP_CompetitorKeywordSeed
44750,トウコベ asd 料金,CORE,代表,C02802,1,トウコベ asd 料金,競合の比較検討（評判・料金）,保護者,B,カテゴリ競合×比較/評判/料金/乗換え/特性,中,③B カテゴリ競合,トウコベ,,,,UNSPECIFIED,比較検討・料金・申込 | ブランド・指名検索,KWP_CompetitorKeywordSeed
44744,トウコベ asd 評判,CORE,代表,C02803,1,トウコベ asd 評判,競合の比較検討（評判・料金）,保護者,B,カテゴリ競合×比較/評判/料金/乗換え/特性,中,③B カテゴリ競合,トウコベ,,,,UNSPECIFIED,比較検討・料金・申込 | ブランド・指名検索,KWP_CompetitorKeywordSeed
31099,トライ asd,CORE,代表,C02804,1,トライ asd,競合×特性/不登校対応の確認,保護者,B,カテゴリ競合×比較/評判/料金/乗換え/特性,中,③B カテゴリ競合,家庭教師のトライ,,,,UNSPECIFIED,ブランド・指名検索,KWP_CompetitorKeywordSeed
31894,トライ 個別 asd,CORE,代表,C02805,1,トライ 個別 asd,競合×特性/不登校対応の確認,保護者,B,カテゴリ競合×比較/評判/料金/乗換え/特性,中,③B カテゴリ競合,個別教室のトライ,,,,UNSPECIFIED,ブランド・指名検索,KWP_CompetitorKeywordSeed
31774,個別 教室 の トライ asd 口コミ,CORE,代表,C02806,1,個別 教室 の トライ asd 口コミ,競合の比較検討（評判・料金）,保護者,B,特性/不登校×家庭教師・塾・個別,高,③B カテゴリ競合,個別教室のトライ,,,,UNSPECIFIED,比較検討・料金・申込 | ブランド・指名検索,KWP_CompetitorKeywordSeed
31765,個別 教室 の トライ asd,CORE,代表,C02807,1,個別 教室 の トライ asd,競合×特性/不登校対応の確認,保護者,B,特性/不登校×家庭教師・塾・個別,高,③B カテゴリ競合,個別教室のトライ,,,,UNSPECIFIED,ブランド・指名検索,KWP_CompetitorKeywordSeed
31794,個別 教室 の トライ asd 料金,CORE,代表,C02808,1,個別 教室 の トライ asd 料金,競合の比較検討（評判・料金）,保護者,B,特性/不登校×家庭教師・塾・個別,高,③B カテゴリ競合,個別教室のトライ,,,,UNSPECIFIED,比較検討・料金・申込 | ブランド・指名検索,KWP_CompetitorKeywordSeed
31784,個別 教室 の トライ asd 評判,CORE,代表,C02809,1,個別 教室 の トライ asd 評判,競合の比較検討（評判・料金）,保護者,B,特性/不登校×家庭教師・塾・個別,高,③B カテゴリ競合,個別教室のトライ,,,,UNSPECIFIED,比較検討・料金・申込 | ブランド・指名検索,KWP_CompetitorKeywordSeed
31163,トライ asd 口コミ,CORE,代表,C02810,1,トライ asd 口コミ,競合の比較検討（評判・料金）,保護者,B,カテゴリ競合×比較/評判/料金/乗換え/特性,中,③B カテゴリ競合,家庭教師のトライ,,,,UNSPECIFIED,比較検討・料金・申込 | ブランド・指名検索,KWP_CompetitorKeywordSeed
31477,家庭 教師 の トライ asd,CORE,代表,C02811,1,家庭 教師 の トライ asd,競合×特性/不登校対応の確認,保護者,B,特性/不登校×家庭教師・塾・個別,高,③B カテゴリ競合,家庭教師のトライ,,,,UNSPECIFIED,サービス探し（家庭教師・塾・支援） | ブランド・指名検索,KWP_CompetitorKeywordSeed
31175,トライ asd 料金,CORE,代表,C02812,1,トライ asd 料金,競合の比較検討（評判・料金）,保護者,B,カテゴリ競合×比較/評判/料金/乗換え/特性,中,③B カテゴリ競合,家庭教師のトライ,,,,UNSPECIFIED,比較検討・料金・申込 | ブランド・指名検索,KWP_CompetitorKeywordSeed
31169,トライ asd 評判,CORE,代表,C02813,1,トライ asd 評判,競合の比較検討（評判・料金）,保護者,B,カテゴリ競合×比較/評判/料金/乗換え/特性,中,③B カテゴリ競合,家庭教師のトライ,,,,UNSPECIFIED,比較検討・料金・申込 | ブランド・指名検索,KWP_CompetitorKeywordSeed
40641,トーマス 塾 asd 口コミ,CORE,代表,C02814,1,トーマス 塾 asd 口コミ,競合の比較検討（評判・料金）,保護者,B,特性/不登校×家庭教師・塾・個別,高,③B カテゴリ競合,TOMAS,,,,UNSPECIFIED,サービス探し（家庭教師・塾・支援） | 比較検討・料金・申込 | ブランド・指名検索,KWP_CompetitorKeywordSeed
40625,トーマス 塾 asd,CORE,代表,C02815,1,トーマス 塾 asd,競合×特性/不登校対応の確認,保護者,B,特性/不登校×家庭教師・塾・個別,高,③B カテゴリ競合,TOMAS,,,,UNSPECIFIED,サービス探し（家庭教師・塾・支援） | ブランド・指名検索,KWP_CompetitorKeywordSeed
40653,トーマス 塾 asd 料金,CORE,代表,C02816,1,トーマス 塾 asd 料金,競合の比較検討（評判・料金）,保護者,B,特性/不登校×家庭教師・塾・個別,高,③B カテゴリ競合,TOMAS,,,,UNSPECIFIED,サービス探し（家庭教師・塾・支援） | 比較検討・料金・申込 | ブランド・指名検索,KWP_CompetitorKeywordSeed
40647,トーマス 塾 asd 評判,CORE,代表,C02817,1,トーマス 塾 asd 評判,競合の比較検討（評判・料金）,保護者,B,特性/不登校×家庭教師・塾・個別,高,③B カテゴリ競合,TOMAS,,,,UNSPECIFIED,サービス探し（家庭教師・塾・支援） | 比較検討・料金・申込 | ブランド・指名検索,KWP_CompetitorKeywordSeed
39531,ナビ 個別 asd,CORE,代表,C02819,1,ナビ 個別 asd,競合×特性/不登校対応の確認,保護者,B,カテゴリ競合×比較/評判/料金/乗換え/特性,中,③B カテゴリ競合,ナビ個別指導学院,,,,UNSPECIFIED,ブランド・指名検索,KWP_CompetitorKeywordSeed
39438,ナビ 個別 指導 学院 asd 口コミ,CORE,代表,C02820,1,ナビ 個別 指導 学院 asd 口コミ,競合の比較検討（評判・料金）,保護者,B,特性/不登校×家庭教師・塾・個別,高,③B カテゴリ競合,ナビ個別指導学院,,,,UNSPECIFIED,サービス探し（家庭教師・塾・支援） | 比較検討・料金・申込 | ブランド・指名検索,KWP_CompetitorKeywordSeed
39428,ナビ 個別 指導 学院 asd,CORE,代表,C02821,1,ナビ 個別 指導 学院 asd,競合×特性/不登校対応の確認,保護者,B,特性/不登校×家庭教師・塾・個別,高,③B カテゴリ競合,ナビ個別指導学院,,,,UNSPECIFIED,サービス探し（家庭教師・塾・支援） | ブランド・指名検索,KWP_CompetitorKeywordSeed
39458,ナビ 個別 指導 学院 asd 料金,CORE,代表,C02822,1,ナビ 個別 指導 学院 asd 料金,競合の比較検討（評判・料金）,保護者,B,特性/不登校×家庭教師・塾・個別,高,③B カテゴリ競合,ナビ個別指導学院,,,,UNSPECIFIED,サービス探し（家庭教師・塾・支援） | 比較検討・料金・申込 | ブランド・指名検索,KWP_CompetitorKeywordSeed
39448,ナビ 個別 指導 学院 asd 評判,CORE,代表,C02823,1,ナビ 個別 指導 学院 asd 評判,競合の比較検討（評判・料金）,保護者,B,特性/不登校×家庭教師・塾・個別,高,③B カテゴリ競合,ナビ個別指導学院,,,,UNSPECIFIED,サービス探し（家庭教師・塾・支援） | 比較検討・料金・申込 | ブランド・指名検索,KWP_CompetitorKeywordSeed
32536,ノーバス asd,CORE,代表,C02829,1,ノーバス asd,競合×特性/不登校対応の確認,保護者,B,カテゴリ競合×比較/評判/料金/乗換え/特性,中,③B カテゴリ競合,家庭教師のノーバス,,,,UNSPECIFIED,ブランド・指名検索,KWP_CompetitorKeywordSeed
32548,ノーバス asd 口コミ,CORE,代表,C02830,1,ノーバス asd 口コミ,競合の比較検討（評判・料金）,保護者,B,カテゴリ競合×比較/評判/料金/乗換え/特性,中,③B カテゴリ競合,家庭教師のノーバス,,,,UNSPECIFIED,比較検討・料金・申込 | ブランド・指名検索,KWP_CompetitorKeywordSeed
32613,家庭 教師 の ノーバス asd,CORE,代表,C02831,1,家庭 教師 の ノーバス asd,競合×特性/不登校対応の確認,保護者,B,特性/不登校×家庭教師・塾・個別,高,③B カテゴリ競合,家庭教師のノーバス,,,,UNSPECIFIED,サービス探し（家庭教師・塾・支援） | ブランド・指名検索,KWP_CompetitorKeywordSeed
32559,ノーバス asd 料金,CORE,代表,C02832,1,ノーバス asd 料金,競合の比較検討（評判・料金）,保護者,B,カテゴリ競合×比較/評判/料金/乗換え/特性,中,③B カテゴリ競合,家庭教師のノーバス,,,,UNSPECIFIED,比較検討・料金・申込 | ブランド・指名検索,KWP_CompetitorKeywordSeed
32553,ノーバス asd 評判,CORE,代表,C02833,1,ノーバス asd 評判,競合の比較検討（評判・料金）,保護者,B,カテゴリ競合×比較/評判/料金/乗換え/特性,中,③B カテゴリ競合,家庭教師のノーバス,,,,UNSPECIFIED,比較検討・料金・申込 | ブランド・指名検索,KWP_CompetitorKeywordSeed
39639,ビザビ asd,CORE,代表,C02834,1,ビザビ asd,競合×特性/不登校対応の確認,保護者,B,カテゴリ競合×比較/評判/料金/乗換え/特性,中,③B カテゴリ競合,栄光の個別ビザビ,,,,UNSPECIFIED,ブランド・指名検索,KWP_CompetitorKeywordSeed
39655,ビザビ asd 口コミ,CORE,代表,C02835,1,ビザビ asd 口コミ,競合の比較検討（評判・料金）,保護者,B,カテゴリ競合×比較/評判/料金/乗換え/特性,中,③B カテゴリ競合,栄光の個別ビザビ,,,,UNSPECIFIED,比較検討・料金・申込 | ブランド・指名検索,KWP_CompetitorKeywordSeed
39667,ビザビ asd 料金,CORE,代表,C02836,1,ビザビ asd 料金,競合の比較検討（評判・料金）,保護者,B,カテゴリ競合×比較/評判/料金/乗換え/特性,中,③B カテゴリ競合,栄光の個別ビザビ,,,,UNSPECIFIED,比較検討・料金・申込 | ブランド・指名検索,KWP_CompetitorKeywordSeed
39753,栄光 ビザビ asd,CORE,代表,C02837,1,栄光 ビザビ asd,競合×特性/不登校対応の確認,保護者,B,カテゴリ競合×比較/評判/料金/乗換え/特性,中,③B カテゴリ競合,栄光の個別ビザビ,,,,UNSPECIFIED,ブランド・指名検索,KWP_CompetitorKeywordSeed
39661,ビザビ asd 評判,CORE,代表,C02838,1,ビザビ asd 評判,競合の比較検討（評判・料金）,保護者,B,カテゴリ競合×比較/評判/料金/乗換え/特性,中,③B カテゴリ競合,栄光の個別ビザビ,,,,UNSPECIFIED,比較検討・料金・申込 | ブランド・指名検索,KWP_CompetitorKeywordSeed
32882,家庭 教師 ファースト asd 口コミ,CORE,代表,C02840,1,家庭 教師 ファースト asd 口コミ,競合の比較検討（評判・料金）,保護者,B,特性/不登校×家庭教師・塾・個別,高,③B カテゴリ競合,家庭教師ファースト,,,,UNSPECIFIED,サービス探し（家庭教師・塾・支援） | 比較検討・料金・申込 | ブランド・指名検索,KWP_CompetitorKeywordSeed
32868,家庭 教師 ファースト asd,CORE,代表,C02841,2,家庭 教師 ファースト asd,競合×特性/不登校対応の確認,保護者,B,特性/不登校×家庭教師・塾・個別,高,③B カテゴリ競合,家庭教師ファースト,,,,UNSPECIFIED,サービス探し（家庭教師・塾・支援） | ブランド・指名検索,KWP_CompetitorKeywordSeed
32899,家庭 教師 ファースト asd 料金,CORE,代表,C02842,1,家庭 教師 ファースト asd 料金,競合の比較検討（評判・料金）,保護者,B,特性/不登校×家庭教師・塾・個別,高,③B カテゴリ競合,家庭教師ファースト,,,,UNSPECIFIED,サービス探し（家庭教師・塾・支援） | 比較検討・料金・申込 | ブランド・指名検索,KWP_CompetitorKeywordSeed
32891,家庭 教師 ファースト asd 評判,CORE,代表,C02843,1,家庭 教師 ファースト asd 評判,競合の比較検討（評判・料金）,保護者,B,特性/不登校×家庭教師・塾・個別,高,③B カテゴリ競合,家庭教師ファースト,,,,UNSPECIFIED,サービス探し（家庭教師・塾・支援） | 比較検討・料金・申込 | ブランド・指名検索,KWP_CompetitorKeywordSeed
35617,プレ ステップ オンライン asd,CORE,代表,C02846,1,プレ ステップ オンライン asd,競合×特性/不登校対応の確認,保護者,B,直接競合（特性/不登校×1対1学習支援）,高,③A 直接競合,Preステップオンライン,,,,UNSPECIFIED,サービス探し（家庭教師・塾・支援） | ブランド・指名検索,KWP_CompetitorKeywordSeed
42234,ベスト ワン asd,CORE,代表,C02850,1,ベスト ワン asd,競合×特性/不登校対応の確認,保護者,B,カテゴリ競合×比較/評判/料金/乗換え/特性,中,③B カテゴリ競合,ECCベストワン,,,,UNSPECIFIED,ブランド・指名検索,KWP_CompetitorKeywordSeed
42246,ベスト ワン asd 口コミ,CORE,代表,C02851,1,ベスト ワン asd 口コミ,競合の比較検討（評判・料金）,保護者,B,カテゴリ競合×比較/評判/料金/乗換え/特性,中,③B カテゴリ競合,ECCベストワン,,,,UNSPECIFIED,比較検討・料金・申込 | ブランド・指名検索,KWP_CompetitorKeywordSeed
42258,ベスト ワン asd 料金,CORE,代表,C02852,1,ベスト ワン asd 料金,競合の比較検討（評判・料金）,保護者,B,カテゴリ競合×比較/評判/料金/乗換え/特性,中,③B カテゴリ競合,ECCベストワン,,,,UNSPECIFIED,比較検討・料金・申込 | ブランド・指名検索,KWP_CompetitorKeywordSeed
42252,ベスト ワン asd 評判,CORE,代表,C02853,1,ベスト ワン asd 評判,競合の比較検討（評判・料金）,保護者,B,カテゴリ競合×比較/評判/料金/乗換え/特性,中,③B カテゴリ競合,ECCベストワン,,,,UNSPECIFIED,比較検討・料金・申込 | ブランド・指名検索,KWP_CompetitorKeywordSeed
33739,家庭 教師 の マスター asd 口コミ,CORE,代表,C02854,1,家庭 教師 の マスター asd 口コミ,競合の比較検討（評判・料金）,保護者,B,特性/不登校×家庭教師・塾・個別,高,③B カテゴリ競合,家庭教師のマスター,,,,UNSPECIFIED,サービス探し（家庭教師・塾・支援） | 比較検討・料金・申込 | ブランド・指名検索,KWP_CompetitorKeywordSeed
33809,マスター 家庭 教師 asd,CORE,代表,C02855,2,マスター 家庭 教師 asd,競合×特性/不登校対応の確認,保護者,B,特性/不登校×家庭教師・塾・個別,高,③B カテゴリ競合,家庭教師のマスター,,,,UNSPECIFIED,サービス探し（家庭教師・塾・支援） | ブランド・指名検索,KWP_CompetitorKeywordSeed
33759,家庭 教師 の マスター asd 料金,CORE,代表,C02856,1,家庭 教師 の マスター asd 料金,競合の比較検討（評判・料金）,保護者,B,特性/不登校×家庭教師・塾・個別,高,③B カテゴリ競合,家庭教師のマスター,,,,UNSPECIFIED,サービス探し（家庭教師・塾・支援） | 比較検討・料金・申込 | ブランド・指名検索,KWP_CompetitorKeywordSeed
33749,家庭 教師 の マスター asd 評判,CORE,代表,C02857,1,家庭 教師 の マスター asd 評判,競合の比較検討（評判・料金）,保護者,B,特性/不登校×家庭教師・塾・個別,高,③B カテゴリ競合,家庭教師のマスター,,,,UNSPECIFIED,サービス探し（家庭教師・塾・支援） | 比較検討・料金・申込 | ブランド・指名検索,KWP_CompetitorKeywordSeed
34931,マナブ テラス asd,CORE,代表,C02858,1,マナブ テラス asd,競合×特性/不登校対応の確認,保護者,B,カテゴリ競合×比較/評判/料金/乗換え/特性,中,③B カテゴリ競合,まなぶてらす,,,,UNSPECIFIED,ブランド・指名検索,KWP_CompetitorKeywordSeed
34990,マナ リンク asd,CORE,代表,C02859,1,マナ リンク asd,競合×特性/不登校対応の確認,保護者,B,カテゴリ競合×比較/評判/料金/乗換え/特性,中,③B カテゴリ競合,マナリンク,,,,UNSPECIFIED,ブランド・指名検索,KWP_CompetitorKeywordSeed
35002,マナ リンク asd 口コミ,CORE,代表,C02860,1,マナ リンク asd 口コミ,競合の比較検討（評判・料金）,保護者,B,カテゴリ競合×比較/評判/料金/乗換え/特性,中,③B カテゴリ競合,マナリンク,,,,UNSPECIFIED,比較検討・料金・申込 | ブランド・指名検索,KWP_CompetitorKeywordSeed
35014,マナ リンク asd 料金,CORE,代表,C02861,1,マナ リンク asd 料金,競合の比較検討（評判・料金）,保護者,B,カテゴリ競合×比較/評判/料金/乗換え/特性,中,③B カテゴリ競合,マナリンク,,,,UNSPECIFIED,比較検討・料金・申込 | ブランド・指名検索,KWP_CompetitorKeywordSeed
35008,マナ リンク asd 評判,CORE,代表,C02862,1,マナ リンク asd 評判,競合の比較検討（評判・料金）,保護者,B,カテゴリ競合×比較/評判/料金/乗換え/特性,中,③B カテゴリ競合,マナリンク,,,,UNSPECIFIED,比較検討・料金・申込 | ブランド・指名検索,KWP_CompetitorKeywordSeed
32103,メガスタ asd,CORE,代表,C02863,1,メガスタ asd,競合×特性/不登校対応の確認,保護者,B,終了競合の乗換え需要,高,③X 終了サービス/乗換え,オンラインプロ教師のメガスタ,,,,UNSPECIFIED,ブランド・指名検索,KWP_CompetitorKeywordSeed
32111,メガスタ asd 口コミ,CORE,代表,C02864,1,メガスタ asd 口コミ,競合の比較検討（評判・料金）,保護者,B,終了競合の乗換え需要,高,③X 終了サービス/乗換え,オンラインプロ教師のメガスタ,,,,UNSPECIFIED,比較検討・料金・申込 | ブランド・指名検索,KWP_CompetitorKeywordSeed
32123,メガスタ asd 料金,CORE,代表,C02865,1,メガスタ asd 料金,競合の比較検討（評判・料金）,保護者,B,終了競合の乗換え需要,高,③X 終了サービス/乗換え,オンラインプロ教師のメガスタ,,,,UNSPECIFIED,比較検討・料金・申込 | ブランド・指名検索,KWP_CompetitorKeywordSeed
32117,メガスタ asd 評判,CORE,代表,C02866,1,メガスタ asd 評判,競合の比較検討（評判・料金）,保護者,B,終了競合の乗換え需要,高,③X 終了サービス/乗換え,オンラインプロ教師のメガスタ,,,,UNSPECIFIED,比較検討・料金・申込 | ブランド・指名検索,KWP_CompetitorKeywordSeed
32170,メガスタ オンライン asd,CORE,代表,C02867,1,メガスタ オンライン asd,競合×特性/不登校対応の確認,保護者,B,終了競合の乗換え需要,高,③X 終了サービス/乗換え,オンラインプロ教師のメガスタ,,,,UNSPECIFIED,サービス探し（家庭教師・塾・支援） | ブランド・指名検索,KWP_CompetitorKeywordSeed
32722,家庭 教師 の ランナー asd 口コミ,CORE,代表,C02871,1,家庭 教師 の ランナー asd 口コミ,競合の比較検討（評判・料金）,保護者,B,特性/不登校×家庭教師・塾・個別,高,③B カテゴリ競合,家庭教師のランナー,,,,UNSPECIFIED,サービス探し（家庭教師・塾・支援） | 比較検討・料金・申込 | ブランド・指名検索,KWP_CompetitorKeywordSeed
32793,ランナー 家庭 教師 asd,CORE,代表,C02872,2,ランナー 家庭 教師 asd,競合×特性/不登校対応の確認,保護者,B,特性/不登校×家庭教師・塾・個別,高,③B カテゴリ競合,家庭教師のランナー,,,,UNSPECIFIED,サービス探し（家庭教師・塾・支援） | ブランド・指名検索,KWP_CompetitorKeywordSeed
32742,家庭 教師 の ランナー asd 料金,CORE,代表,C02873,1,家庭 教師 の ランナー asd 料金,競合の比較検討（評判・料金）,保護者,B,特性/不登校×家庭教師・塾・個別,高,③B カテゴリ競合,家庭教師のランナー,,,,UNSPECIFIED,サービス探し（家庭教師・塾・支援） | 比較検討・料金・申込 | ブランド・指名検索,KWP_CompetitorKeywordSeed
32732,家庭 教師 の ランナー asd 評判,CORE,代表,C02874,1,家庭 教師 の ランナー asd 評判,競合の比較検討（評判・料金）,保護者,B,特性/不登校×家庭教師・塾・個別,高,③B カテゴリ競合,家庭教師のランナー,,,,UNSPECIFIED,サービス探し（家庭教師・塾・支援） | 比較検討・料金・申込 | ブランド・指名検索,KWP_CompetitorKeywordSeed
35421,リ バランス asd,CORE,代表,C02879,1,リ バランス asd,競合×特性/不登校対応の確認,保護者,B,直接競合（特性/不登校×1対1学習支援）,高,③A 直接競合,オンライン個別指導塾リバランス,,,,UNSPECIFIED,ブランド・指名検索,KWP_CompetitorKeywordSeed
35433,リ バランス asd 口コミ,CORE,代表,C02880,1,リ バランス asd 口コミ,競合の比較検討（評判・料金）,保護者,B,直接競合（特性/不登校×1対1学習支援）,高,③A 直接競合,オンライン個別指導塾リバランス,,,,UNSPECIFIED,比較検討・料金・申込 | ブランド・指名検索,KWP_CompetitorKeywordSeed
35492,リ バランス 塾 asd,CORE,代表,C02881,1,リ バランス 塾 asd,競合×特性/不登校対応の確認,保護者,B,特性/不登校×家庭教師・塾・個別,高,③A 直接競合,オンライン個別指導塾リバランス,,,,UNSPECIFIED,サービス探し（家庭教師・塾・支援） | ブランド・指名検索,KWP_CompetitorKeywordSeed
35445,リ バランス asd 料金,CORE,代表,C02882,1,リ バランス asd 料金,競合の比較検討（評判・料金）,保護者,B,直接競合（特性/不登校×1対1学習支援）,高,③A 直接競合,オンライン個別指導塾リバランス,,,,UNSPECIFIED,比較検討・料金・申込 | ブランド・指名検索,KWP_CompetitorKeywordSeed
35439,リ バランス asd 評判,CORE,代表,C02883,1,リ バランス asd 評判,競合の比較検討（評判・料金）,保護者,B,直接競合（特性/不登校×1対1学習支援）,高,③A 直接競合,オンライン個別指導塾リバランス,,,,UNSPECIFIED,比較検討・料金・申込 | ブランド・指名検索,KWP_CompetitorKeywordSeed
46377,asd 中学生 塾,CORE,代表,C02894,1,asd 中学生 塾,サービス探し（特性/不登校×学習支援）,保護者,A,特性/不登校×家庭教師・塾・個別,高,②顕在,,,,,UNSPECIFIED,サービス探し（家庭教師・塾・支援）,Google_suggest
37472,東京 個別 指導 学院 asd 口コミ,CORE,代表,C02915,1,東京 個別 指導 学院 asd 口コミ,競合の比較検討（評判・料金）,保護者,B,特性/不登校×家庭教師・塾・個別,高,③B カテゴリ競合,東京個別指導学院,,,,UNSPECIFIED,サービス探し（家庭教師・塾・支援） | 比較検討・料金・申込 | ブランド・指名検索 | 地域・近くで探す,KWP_CompetitorKeywordSeed
37492,東京 個別 指導 学院 asd 料金,CORE,代表,C02916,1,東京 個別 指導 学院 asd 料金,競合の比較検討（評判・料金）,保護者,B,特性/不登校×家庭教師・塾・個別,高,③B カテゴリ競合,東京個別指導学院,,,,UNSPECIFIED,サービス探し（家庭教師・塾・支援） | 比較検討・料金・申込 | ブランド・指名検索 | 地域・近くで探す,KWP_CompetitorKeywordSeed
37461,東京 個別 指導 学院 asd,CORE,代表,C02917,1,東京 個別 指導 学院 asd,競合×特性/不登校対応の確認,保護者,B,特性/不登校×家庭教師・塾・個別,高,③B カテゴリ競合,東京個別指導学院,,,,UNSPECIFIED,サービス探し（家庭教師・塾・支援） | ブランド・指名検索 | 地域・近くで探す,KWP_CompetitorKeywordSeed
37482,東京 個別 指導 学院 asd 評判,CORE,代表,C02918,1,東京 個別 指導 学院 asd 評判,競合の比較検討（評判・料金）,保護者,B,特性/不登校×家庭教師・塾・個別,高,③B カテゴリ競合,東京個別指導学院,,,,UNSPECIFIED,サービス探し（家庭教師・塾・支援） | 比較検討・料金・申込 | ブランド・指名検索 | 地域・近くで探す,KWP_CompetitorKeywordSeed
37812,東京 個別 asd,CORE,代表,C02919,1,東京 個別 asd,競合×特性/不登校対応の確認,保護者,B,カテゴリ競合×比較/評判/料金/乗換え/特性,中,③B カテゴリ競合,東京個別指導学院,,,,UNSPECIFIED,ブランド・指名検索 | 地域・近くで探す,KWP_CompetitorKeywordSeed
33880,全国 家庭 教師 協会 asd 口コミ,CORE,代表,C02921,1,全国 家庭 教師 協会 asd 口コミ,競合の比較検討（評判・料金）,保護者,B,特性/不登校×家庭教師・塾・個別,高,③B カテゴリ競合,全国家庭教師協会,,,,UNSPECIFIED,サービス探し（家庭教師・塾・支援） | 比較検討・料金・申込 | ブランド・指名検索 | 地域・近くで探す,KWP_CompetitorKeywordSeed
33865,全国 家庭 教師 協会 asd,CORE,代表,C02922,1,全国 家庭 教師 協会 asd,競合×特性/不登校対応の確認,保護者,B,特性/不登校×家庭教師・塾・個別,高,③B カテゴリ競合,全国家庭教師協会,,,,UNSPECIFIED,サービス探し（家庭教師・塾・支援） | ブランド・指名検索 | 地域・近くで探す,KWP_CompetitorKeywordSeed
33898,全国 家庭 教師 協会 asd 料金,CORE,代表,C02923,1,全国 家庭 教師 協会 asd 料金,競合の比較検討（評判・料金）,保護者,B,特性/不登校×家庭教師・塾・個別,高,③B カテゴリ競合,全国家庭教師協会,,,,UNSPECIFIED,サービス探し（家庭教師・塾・支援） | 比較検討・料金・申込 | ブランド・指名検索 | 地域・近くで探す,KWP_CompetitorKeywordSeed
33889,全国 家庭 教師 協会 asd 評判,CORE,代表,C02924,1,全国 家庭 教師 協会 asd 評判,競合の比較検討（評判・料金）,保護者,B,特性/不登校×家庭教師・塾・個別,高,③B カテゴリ競合,全国家庭教師協会,,,,UNSPECIFIED,サービス探し（家庭教師・塾・支援） | 比較検討・料金・申込 | ブランド・指名検索 | 地域・近くで探す,KWP_CompetitorKeywordSeed
33961,家庭 教師 協会 asd,CORE,代表,C02935,1,家庭 教師 協会 asd,競合×特性/不登校対応の確認,保護者,B,特性/不登校×家庭教師・塾・個別,高,③B カテゴリ競合,全国家庭教師協会,,,,UNSPECIFIED,サービス探し（家庭教師・塾・支援） | ブランド・指名検索,KWP_CompetitorKeywordSeed
36969,明光 義塾 asd 口コミ,CORE,代表,C02943,1,明光 義塾 asd 口コミ,競合の比較検討（評判・料金）,保護者,B,特性/不登校×家庭教師・塾・個別,高,③B カテゴリ競合,個別指導の明光義塾,,,,UNSPECIFIED,サービス探し（家庭教師・塾・支援） | 比較検討・料金・申込 | ブランド・指名検索,KWP_CompetitorKeywordSeed
40443,森 塾 asd 口コミ,CORE,代表,C02944,1,森 塾 asd 口コミ,競合の比較検討（評判・料金）,保護者,B,特性/不登校×家庭教師・塾・個別,高,③B カテゴリ競合,森塾,,,,UNSPECIFIED,サービス探し（家庭教師・塾・支援） | 比較検討・料金・申込 | ブランド・指名検索,KWP_CompetitorKeywordSeed
41489,武田 塾 asd 口コミ,CORE,代表,C02945,1,武田 塾 asd 口コミ,競合の比較検討（評判・料金）,保護者,B,特性/不登校×家庭教師・塾・個別,高,③B カテゴリ競合,武田塾,,,,UNSPECIFIED,サービス探し（家庭教師・塾・支援） | 比較検討・料金・申込 | ブランド・指名検索,KWP_CompetitorKeywordSeed
33285,学研 の 家庭 教師 asd 口コミ,CORE,代表,C02947,1,学研 の 家庭 教師 asd 口コミ,競合の比較検討（評判・料金）,保護者,B,特性/不登校×家庭教師・塾・個別,高,③B カテゴリ競合,学研の家庭教師,,,,UNSPECIFIED,サービス探し（家庭教師・塾・支援） | 比較検討・料金・申込 | ブランド・指名検索,KWP_CompetitorKeywordSeed
57,asd 塾,CORE,代表,C02959,1,asd 塾,サービス探し（特性/不登校×学習支援）,保護者,A,特性/不登校×家庭教師・塾・個別,高,②顕在,,50,151.0,525.0,HIGH,サービス探し（家庭教師・塾・支援）,KWP_KeywordSeed || KWP_UrlSeed || KWP_SiteSeed
59,asd 学習 塾,CORE,代表,C02960,1,asd 学習 塾,サービス探し（特性/不登校×学習支援）,保護者,A,特性/不登校×家庭教師・塾・個別,高,②顕在,,10,564.0,1414.0,HIGH,サービス探し（家庭教師・塾・支援）,KWP_KeywordSeed || KWP_UrlSeed
36981,明光 義塾 asd 料金,CORE,代表,C02961,1,明光 義塾 asd 料金,競合の比較検討（評判・料金）,保護者,B,特性/不登校×家庭教師・塾・個別,高,③B カテゴリ競合,個別指導の明光義塾,,,,UNSPECIFIED,サービス探し（家庭教師・塾・支援） | 比較検討・料金・申込 | ブランド・指名検索,KWP_CompetitorKeywordSeed
40455,森 塾 asd 料金,CORE,代表,C02962,1,森 塾 asd 料金,競合の比較検討（評判・料金）,保護者,B,特性/不登校×家庭教師・塾・個別,高,③B カテゴリ競合,森塾,,,,UNSPECIFIED,サービス探し（家庭教師・塾・支援） | 比較検討・料金・申込 | ブランド・指名検索,KWP_CompetitorKeywordSeed
41500,武田 塾 asd 料金,CORE,代表,C02963,1,武田 塾 asd 料金,競合の比較検討（評判・料金）,保護者,B,特性/不登校×家庭教師・塾・個別,高,③B カテゴリ競合,武田塾,,,,UNSPECIFIED,サービス探し（家庭教師・塾・支援） | 比較検討・料金・申込 | ブランド・指名検索,KWP_CompetitorKeywordSeed
36947,明光 義塾 asd,CORE,代表,C02964,1,明光 義塾 asd,競合×特性/不登校対応の確認,保護者,B,特性/不登校×家庭教師・塾・個別,高,③B カテゴリ競合,個別指導の明光義塾,,,,UNSPECIFIED,サービス探し（家庭教師・塾・支援） | ブランド・指名検索,KWP_CompetitorKeywordSeed
36975,明光 義塾 asd 評判,CORE,代表,C02965,1,明光 義塾 asd 評判,競合の比較検討（評判・料金）,保護者,B,特性/不登校×家庭教師・塾・個別,高,③B カテゴリ競合,個別指導の明光義塾,,,,UNSPECIFIED,サービス探し（家庭教師・塾・支援） | 比較検討・料金・申込 | ブランド・指名検索,KWP_CompetitorKeywordSeed
40434,森 塾 asd,CORE,代表,C02966,1,森 塾 asd,競合×特性/不登校対応の確認,保護者,B,特性/不登校×家庭教師・塾・個別,高,③B カテゴリ競合,森塾,,,,UNSPECIFIED,サービス探し（家庭教師・塾・支援） | ブランド・指名検索,KWP_CompetitorKeywordSeed
40449,森 塾 asd 評判,CORE,代表,C02967,1,森 塾 asd 評判,競合の比較検討（評判・料金）,保護者,B,特性/不登校×家庭教師・塾・個別,高,③B カテゴリ競合,森塾,,,,UNSPECIFIED,サービス探し（家庭教師・塾・支援） | 比較検討・料金・申込 | ブランド・指名検索,KWP_CompetitorKeywordSeed
41472,武田 塾 asd,CORE,代表,C02968,1,武田 塾 asd,競合×特性/不登校対応の確認,保護者,B,特性/不登校×家庭教師・塾・個別,高,③B カテゴリ競合,武田塾,,,,UNSPECIFIED,サービス探し（家庭教師・塾・支援） | ブランド・指名検索,KWP_CompetitorKeywordSeed
41494,武田 塾 asd 評判,CORE,代表,C02969,1,武田 塾 asd 評判,競合の比較検討（評判・料金）,保護者,B,特性/不登校×家庭教師・塾・個別,高,③B カテゴリ競合,武田塾,,,,UNSPECIFIED,サービス探し（家庭教師・塾・支援） | 比較検討・料金・申込 | ブランド・指名検索,KWP_CompetitorKeywordSeed
33350,学研 家庭 教師 asd,CORE,代表,C02985,2,学研 家庭 教師 asd,競合×特性/不登校対応の確認,保護者,B,特性/不登校×家庭教師・塾・個別,高,③B カテゴリ競合,学研の家庭教師,,,,UNSPECIFIED,サービス探し（家庭教師・塾・支援） | ブランド・指名検索,KWP_CompetitorKeywordSeed
33305,学研 の 家庭 教師 asd 料金,CORE,代表,C02986,1,学研 の 家庭 教師 asd 料金,競合の比較検討（評判・料金）,保護者,B,特性/不登校×家庭教師・塾・個別,高,③B カテゴリ競合,学研の家庭教師,,,,UNSPECIFIED,サービス探し（家庭教師・塾・支援） | 比較検討・料金・申込 | ブランド・指名検索,KWP_CompetitorKeywordSeed
33295,学研 の 家庭 教師 asd 評判,CORE,代表,C02987,1,学研 の 家庭 教師 asd 評判,競合の比較検討（評判・料金）,保護者,B,特性/不登校×家庭教師・塾・個別,高,③B カテゴリ競合,学研の家庭教師,,,,UNSPECIFIED,サービス探し（家庭教師・塾・支援） | 比較検討・料金・申込 | ブランド・指名検索,KWP_CompetitorKeywordSeed
3767,asd 学習 支援,CORE,代表,C02991,2,asd 学習 支援,サービス探し（特性/不登校×学習支援）,保護者（推定）,A,特性/不登校×家庭教師・塾・個別,高,②顕在,,10,268.0,560.0,HIGH,サービス探し（家庭教師・塾・支援）,KWP_KeywordSeed || KWP_UrlSeed
60,asd 家庭 教師,CORE,代表,C02998,2,asd 家庭 教師,サービス探し（特性/不登校×学習支援）,保護者,A,特性/不登校×家庭教師・塾・個別,高,②顕在,,20,256.0,824.0,HIGH,サービス探し（家庭教師・塾・支援）,KWP_KeywordSeed
37082,明光 asd,CORE,代表,C03040,1,明光 asd,競合×特性/不登校対応の確認,保護者,B,カテゴリ競合×比較/評判/料金/乗換え/特性,中,③B カテゴリ競合,個別指導の明光義塾,,,,UNSPECIFIED,ブランド・指名検索,KWP_CompetitorKeywordSeed
40014,axis 個別 指導 おすすめ,CORE,代表,C03170,2,axis 個別 指導 おすすめ,競合の比較検討（評判・料金）,保護者,B,カテゴリ競合×比較/評判/料金/乗換え/特性,中,③B カテゴリ競合,個別指導Axis,,,,UNSPECIFIED,サービス探し（家庭教師・塾・支援） | 比較検討・料金・申込 | ブランド・指名検索,KWP_CompetitorKeywordSeed
40025,axis 個別 指導 やめたい,CORE,代表,C03171,1,axis 個別 指導 やめたい,競合の不満・乗り換え,保護者,B,カテゴリ競合×比較/評判/料金/乗換え/特性,中,③B カテゴリ競合,個別指導Axis,,,,UNSPECIFIED,サービス探し（家庭教師・塾・支援） | 合わない・断られた・乗り換え | ブランド・指名検索,KWP_CompetitorKeywordSeed
40026,axis 個別 指導 辞め たい,CORE,代表,C03172,1,axis 個別 指導 辞め たい,競合の不満・乗り換え,保護者,B,カテゴリ競合×比較/評判/料金/乗換え/特性,中,③B カテゴリ競合,個別指導Axis,,,,UNSPECIFIED,サービス探し（家庭教師・塾・支援） | 比較検討・料金・申込 | 合わない・断られた・乗り換え | ブランド・指名検索,KWP_CompetitorKeywordSeed
40024,axis 個別 指導 向い て ない,CORE,代表,C03173,1,axis 個別 指導 向い て ない,競合の不満・乗り換え,保護者,B,カテゴリ競合×比較/評判/料金/乗換え/特性,中,③B カテゴリ競合,個別指導Axis,,,,UNSPECIFIED,サービス探し（家庭教師・塾・支援） | 比較検討・料金・申込 | ブランド・指名検索,KWP_CompetitorKeywordSeed
40013,axis 個別 指導 どっち,CORE,代表,C03174,1,axis 個別 指導 どっち,競合の比較検討（評判・料金）,保護者,B,カテゴリ競合×比較/評判/料金/乗換え/特性,中,③B カテゴリ競合,個別指導Axis,,,,UNSPECIFIED,サービス探し（家庭教師・塾・支援） | 比較検討・料金・申込 | ブランド・指名検索,KWP_CompetitorKeywordSeed
40023,axis 個別 指導 合わ ない,CORE,代表,C03175,1,axis 個別 指導 合わ ない,競合の不満・乗り換え,保護者,B,カテゴリ競合×比較/評判/料金/乗換え/特性,中,③B カテゴリ競合,個別指導Axis,,,,UNSPECIFIED,サービス探し（家庭教師・塾・支援） | 合わない・断られた・乗り換え | ブランド・指名検索,KWP_CompetitorKeywordSeed
3513,個別 指導 axis アクシス 月謝,CORE,代表,C03177,1,個別 指導 axis アクシス 月謝,競合の比較検討（評判・料金）,保護者,B,カテゴリ競合×比較/評判/料金/乗換え/特性,中,③B カテゴリ競合,個別指導Axis,10,,,LOW,サービス探し（家庭教師・塾・支援） | 比較検討・料金・申込 | ブランド・指名検索,KWP_KeywordSeed || KWP_CompetitorKeywordSeed
40038,axis 個別 指導 グレー ゾーン,CORE,代表,C03181,1,axis 個別 指導 グレー ゾーン,競合×特性/不登校対応の確認,保護者,B,特性/不登校×家庭教師・塾・個別,高,③B カテゴリ競合,個別指導Axis,,,,UNSPECIFIED,サービス探し（家庭教師・塾・支援） | ブランド・指名検索,KWP_CompetitorKeywordSeed
39999,axis 個別 指導 レビュー,CORE,代表,C03187,1,axis 個別 指導 レビュー,競合の比較検討（評判・料金）,保護者,B,カテゴリ競合×比較/評判/料金/乗換え/特性,中,③B カテゴリ競合,個別指導Axis,,,,UNSPECIFIED,サービス探し（家庭教師・塾・支援） | 比較検討・料金・申込 | ブランド・指名検索,KWP_CompetitorKeywordSeed
40044,axis 個別 指導 不 登校,CORE,代表,C03190,1,axis 個別 指導 不 登校,競合×特性/不登校対応の確認,保護者,B,特性/不登校×家庭教師・塾・個別,高,③B カテゴリ競合,個別指導Axis,,,,UNSPECIFIED,サービス探し（家庭教師・塾・支援） | 学校生活・不登校・学校種別 | ブランド・指名検索,KWP_CompetitorKeywordSeed
40030,axis 個別 指導 体験,CORE,代表,C03198,1,axis 個別 指導 体験,競合の比較検討（評判・料金）,保護者,B,カテゴリ競合×比較/評判/料金/乗換え/特性,中,③B カテゴリ競合,個別指導Axis,,,,UNSPECIFIED,サービス探し（家庭教師・塾・支援） | 比較検討・料金・申込 | ブランド・指名検索,KWP_CompetitorKeywordSeed
40031,axis 個別 指導 体験 授業,CORE,代表,C03199,1,axis 個別 指導 体験 授業,競合の比較検討（評判・料金）,保護者,B,カテゴリ競合×比較/評判/料金/乗換え/特性,中,③B カテゴリ競合,個別指導Axis,,,,UNSPECIFIED,サービス探し（家庭教師・塾・支援） | 比較検討・料金・申込 | 学習のやり方・学習課題 | ブランド・指名検索,KWP_CompetitorKeywordSeed
40029,axis 個別 指導 無料 体験,CORE,代表,C03200,1,axis 個別 指導 無料 体験,競合の比較検討（評判・料金）,保護者,B,カテゴリ競合×比較/評判/料金/乗換え/特性,中,③B カテゴリ競合,個別指導Axis,,,,UNSPECIFIED,サービス探し（家庭教師・塾・支援） | 比較検討・料金・申込 | ブランド・指名検索,KWP_CompetitorKeywordSeed
40000,axis 個別 指導 体験 談,CORE,代表,C03201,1,axis 個別 指導 体験 談,競合の比較検討（評判・料金）,保護者,B,カテゴリ競合×比較/評判/料金/乗換え/特性,中,③B カテゴリ競合,個別指導Axis,,,,UNSPECIFIED,サービス探し（家庭教師・塾・支援） | 比較検討・料金・申込 | ブランド・指名検索,KWP_CompetitorKeywordSeed
40035,axis 個別 指導 入会,CORE,代表,C03203,1,axis 個別 指導 入会,競合の比較検討（評判・料金）,保護者,B,カテゴリ競合×比較/評判/料金/乗換え/特性,中,③B カテゴリ競合,個別指導Axis,,,,UNSPECIFIED,サービス探し（家庭教師・塾・支援） | 比較検討・料金・申込 | ブランド・指名検索,KWP_CompetitorKeywordSeed
40007,axis 個別 指導 入会 金,CORE,代表,C03204,1,axis 個別 指導 入会 金,競合の比較検討（評判・料金）,保護者,B,カテゴリ競合×比較/評判/料金/乗換え/特性,中,③B カテゴリ競合,個別指導Axis,,,,UNSPECIFIED,サービス探し（家庭教師・塾・支援） | 比較検討・料金・申込 | ブランド・指名検索,KWP_CompetitorKeywordSeed
39863,個別 指導 axis 口コミ,CORE,代表,C03212,3,個別 指導 axis 口コミ,競合の比較検討（評判・料金）,保護者,B,カテゴリ競合×比較/評判/料金/乗換え/特性,中,③B カテゴリ競合,個別指導Axis,40,,,LOW,サービス探し（家庭教師・塾・支援） | 比較検討・料金・申込 | ブランド・指名検索,KWP_CompetitorKeywordSeed
39997,個別 指導 axis 合格 実績,CORE,代表,C03214,1,個別 指導 axis 合格 実績,競合の比較検討（評判・料金）,保護者,B,カテゴリ競合×比較/評判/料金/乗換え/特性,中,③B カテゴリ競合,個別指導Axis,10,,,LOW,サービス探し（家庭教師・塾・支援） | 比較検討・料金・申込 | 受験・進路 | ブランド・指名検索,KWP_CompetitorKeywordSeed
40043,axis 個別 指導 境界 知能,CORE,代表,C03217,1,axis 個別 指導 境界 知能,競合×特性/不登校対応の確認,保護者,B,特性/不登校×家庭教師・塾・個別,高,③B カテゴリ競合,個別指導Axis,,,,UNSPECIFIED,サービス探し（家庭教師・塾・支援） | ブランド・指名検索,KWP_CompetitorKeywordSeed
40021,axis 個別 指導 失敗,CORE,代表,C03221,1,axis 個別 指導 失敗,競合の不満・乗り換え,保護者,B,カテゴリ競合×比較/評判/料金/乗換え/特性,中,③B カテゴリ競合,個別指導Axis,,,,UNSPECIFIED,サービス探し（家庭教師・塾・支援） | 比較検討・料金・申込 | ブランド・指名検索,KWP_CompetitorKeywordSeed
40041,axis 個別 指導 ld,CORE,代表,C03222,2,axis 個別 指導 ld,競合×特性/不登校対応の確認,保護者,B,特性/不登校×家庭教師・塾・個別,高,③B カテゴリ競合,個別指導Axis,,,,UNSPECIFIED,サービス探し（家庭教師・塾・支援） | ブランド・指名検索,KWP_CompetitorKeywordSeed
40010,axis 個別 指導 安い,CORE,代表,C03223,1,axis 個別 指導 安い,競合の比較検討（評判・料金）,保護者,B,カテゴリ競合×比較/評判/料金/乗換え/特性,中,③B カテゴリ競合,個別指導Axis,,,,UNSPECIFIED,サービス探し（家庭教師・塾・支援） | 比較検討・料金・申込 | ブランド・指名検索,KWP_CompetitorKeywordSeed
40022,axis 個別 指導 後悔,CORE,代表,C03227,1,axis 個別 指導 後悔,競合の不満・乗り換え,保護者,B,カテゴリ競合×比較/評判/料金/乗換え/特性,中,③B カテゴリ競合,個別指導Axis,,,,UNSPECIFIED,サービス探し（家庭教師・塾・支援） | 比較検討・料金・申込 | ブランド・指名検索,KWP_CompetitorKeywordSeed
40019,axis 個別 指導 怪しい,CORE,代表,C03229,1,axis 個別 指導 怪しい,競合の不満・乗り換え,保護者,B,カテゴリ競合×比較/評判/料金/乗換え/特性,中,③B カテゴリ競合,個別指導Axis,,,,UNSPECIFIED,サービス探し（家庭教師・塾・支援） | 比較検討・料金・申込 | ブランド・指名検索,KWP_CompetitorKeywordSeed
40001,axis 個別 指導 感想,CORE,代表,C03230,1,axis 個別 指導 感想,競合の比較検討（評判・料金）,保護者,B,カテゴリ競合×比較/評判/料金/乗換え/特性,中,③B カテゴリ競合,個別指導Axis,,,,UNSPECIFIED,サービス探し（家庭教師・塾・支援） | 比較検討・料金・申込 | ブランド・指名検索,KWP_CompetitorKeywordSeed
2853,axis 個別 指導 料金,CORE,代表,C03233,6,axis 個別 指導 料金,競合の比較検討（評判・料金）,保護者,B,カテゴリ競合×比較/評判/料金/乗換え/特性,中,③B カテゴリ競合,個別指導Axis,140,130.0,382.0,LOW,サービス探し（家庭教師・塾・支援） | 比較検討・料金・申込 | ブランド・指名検索,KWP_KeywordSeed || KWP_CompetitorKeywordSeed
40020,axis 個別 指導 最悪,CORE,代表,C03235,1,axis 個別 指導 最悪,競合の不満・乗り換え,保護者,B,カテゴリ競合×比較/評判/料金/乗換え/特性,中,③B カテゴリ競合,個別指導Axis,,,,UNSPECIFIED,サービス探し（家庭教師・塾・支援） | 比較検討・料金・申込 | ブランド・指名検索,KWP_CompetitorKeywordSeed
40011,axis 個別 指導 比較,CORE,代表,C03261,1,axis 個別 指導 比較,競合の比較検討（評判・料金）,保護者,B,カテゴリ競合×比較/評判/料金/乗換え/特性,中,③B カテゴリ競合,個別指導Axis,,,,UNSPECIFIED,サービス探し（家庭教師・塾・支援） | 比較検討・料金・申込 | ブランド・指名検索,KWP_CompetitorKeywordSeed
40034,axis 個別 指導 申し込み,CORE,代表,C03263,1,axis 個別 指導 申し込み,競合の比較検討（評判・料金）,保護者,B,カテゴリ競合×比較/評判/料金/乗換え/特性,中,③B カテゴリ競合,個別指導Axis,,,,UNSPECIFIED,サービス探し（家庭教師・塾・支援） | 比較検討・料金・申込 | ブランド・指名検索,KWP_CompetitorKeywordSeed
40036,axis 個別 指導 発達 障害,CORE,代表,C03264,2,axis 個別 指導 発達 障害,競合×特性/不登校対応の確認,保護者,B,特性/不登校×家庭教師・塾・個別,高,③B カテゴリ競合,個別指導Axis,,,,UNSPECIFIED,サービス探し（家庭教師・塾・支援） | ブランド・指名検索,KWP_CompetitorKeywordSeed
40028,axis 個別 指導 解約,CORE,代表,C03266,1,axis 個別 指導 解約,競合の不満・乗り換え,保護者,B,カテゴリ競合×比較/評判/料金/乗換え/特性,中,③B カテゴリ競合,個別指導Axis,,,,UNSPECIFIED,サービス探し（家庭教師・塾・支援） | 比較検討・料金・申込 | ブランド・指名検索,KWP_CompetitorKeywordSeed
40002,axis 個別 指導 評価,CORE,代表,C03267,1,axis 個別 指導 評価,競合の比較検討（評判・料金）,保護者,B,カテゴリ競合×比較/評判/料金/乗換え/特性,中,③B カテゴリ競合,個別指導Axis,,,,UNSPECIFIED,サービス探し（家庭教師・塾・支援） | 比較検討・料金・申込 | ブランド・指名検索,KWP_CompetitorKeywordSeed
39857,axis 個別 指導 評判,CORE,代表,C03268,3,axis 個別 指導 評判,競合の比較検討（評判・料金）,保護者,B,カテゴリ競合×比較/評判/料金/乗換え/特性,中,③B カテゴリ競合,個別指導Axis,10,,,LOW,サービス探し（家庭教師・塾・支援） | 比較検討・料金・申込 | ブランド・指名検索,KWP_CompetitorKeywordSeed
40033,axis 個別 指導 資料 請求,CORE,代表,C03269,1,axis 個別 指導 資料 請求,競合の比較検討（評判・料金）,保護者,B,カテゴリ競合×比較/評判/料金/乗換え/特性,中,③B カテゴリ競合,個別指導Axis,,,,UNSPECIFIED,サービス探し（家庭教師・塾・支援） | 比較検討・料金・申込 | ブランド・指名検索,KWP_CompetitorKeywordSeed
40003,axis 個別 指導 費用,CORE,代表,C03270,1,axis 個別 指導 費用,競合の比較検討（評判・料金）,保護者,B,カテゴリ競合×比較/評判/料金/乗換え/特性,中,③B カテゴリ競合,個別指導Axis,,,,UNSPECIFIED,サービス探し（家庭教師・塾・支援） | 比較検討・料金・申込 | ブランド・指名検索,KWP_CompetitorKeywordSeed
40027,axis 個別 指導 退会,CORE,代表,C03271,1,axis 個別 指導 退会,競合の不満・乗り換え,保護者,B,カテゴリ競合×比較/評判/料金/乗換え/特性,中,③B カテゴリ競合,個別指導Axis,,,,UNSPECIFIED,サービス探し（家庭教師・塾・支援） | 合わない・断られた・乗り換え | ブランド・指名検索,KWP_CompetitorKeywordSeed
40009,axis 個別 指導 高い,CORE,代表,C03273,1,axis 個別 指導 高い,競合の比較検討（評判・料金）,保護者,B,カテゴリ競合×比較/評判/料金/乗換え/特性,中,③B カテゴリ競合,個別指導Axis,,,,UNSPECIFIED,サービス探し（家庭教師・塾・支援） | 比較検討・料金・申込 | ブランド・指名検索,KWP_CompetitorKeywordSeed
39859,axis 塾 口コミ,CORE,代表,C03278,1,axis 塾 口コミ,競合の比較検討（評判・料金）,保護者,B,カテゴリ競合×比較/評判/料金/乗換え/特性,中,③B カテゴリ競合,個別指導Axis,50,,,LOW,サービス探し（家庭教師・塾・支援） | 比較検討・料金・申込 | ブランド・指名検索,KWP_CompetitorKeywordSeed
2717,axis 塾 料金,CORE,代表,C03282,2,axis 塾 料金,競合の比較検討（評判・料金）,保護者,B,カテゴリ競合×比較/評判/料金/乗換え/特性,中,③B カテゴリ競合,個別指導Axis,170,119.0,366.0,LOW,サービス探し（家庭教師・塾・支援） | 比較検討・料金・申込 | ブランド・指名検索,KWP_KeywordSeed || KWP_CompetitorKeywordSeed
39860,axis 塾 評判,CORE,代表,C03283,1,axis 塾 評判,競合の比較検討（評判・料金）,保護者,B,カテゴリ競合×比較/評判/料金/乗換え/特性,中,③B カテゴリ競合,個別指導Axis,10,,,LOW,サービス探し（家庭教師・塾・支援） | 比較検討・料金・申込 | ブランド・指名検索,KWP_CompetitorKeywordSeed
3368,axis 塾 費用,CORE,代表,C03284,1,axis 塾 費用,競合の比較検討（評判・料金）,保護者,B,カテゴリ競合×比較/評判/料金/乗換え/特性,中,③B カテゴリ競合,個別指導Axis,10,,,MEDIUM,サービス探し（家庭教師・塾・支援） | 比較検討・料金・申込 | ブランド・指名検索,KWP_KeywordSeed || KWP_CompetitorKeywordSeed
39892,axis 塾 退会,CORE,代表,C03285,1,axis 塾 退会,競合の不満・乗り換え,保護者,B,カテゴリ競合×比較/評判/料金/乗換え/特性,中,③B カテゴリ競合,個別指導Axis,10,,,LOW,サービス探し（家庭教師・塾・支援） | 合わない・断られた・乗り換え | ブランド・指名検索,KWP_CompetitorKeywordSeed
39952,axis 夏期 講習 値段,CORE,代表,C03286,1,axis 夏期 講習 値段,競合の比較検討（評判・料金）,保護者,B,カテゴリ競合×比較/評判/料金/乗換え/特性,中,③B カテゴリ競合,個別指導Axis,10,,,UNSPECIFIED,比較検討・料金・申込 | 学習のやり方・学習課題 | ブランド・指名検索,KWP_CompetitorKeywordSeed
3657,能 開 axis 料金,CORE,代表,C03291,1,能 開 axis 料金,競合の比較検討（評判・料金）,保護者,B,カテゴリ競合×比較/評判/料金/乗換え/特性,中,③B カテゴリ競合,個別指導Axis,10,,,LOW,比較検討・料金・申込 | ブランド・指名検索,KWP_KeywordSeed || KWP_CompetitorKeywordSeed
47697,家庭教師のジャンプ cm,CORE,代表,C03338,1,家庭教師のジャンプ cm,競合指名・周辺,保護者,B,直接競合（特性/不登校×1対1学習支援）,高,③A 直接競合,プロ家庭教師のジャンプ,30,,,LOW,サービス探し（家庭教師・塾・支援） | ブランド・指名検索,Google_competitor_suggest
37012,明光 キッズ e 口コミ,CORE,代表,C03364,1,明光 キッズ e 口コミ,競合の比較検討（評判・料金）,保護者,B,カテゴリ競合×比較/評判/料金/乗換え/特性,中,③B カテゴリ競合,個別指導の明光義塾,20,,,LOW,比較検討・料金・申込 | ブランド・指名検索,KWP_CompetitorKeywordSeed
37036,明光 キッズ e 料金,CORE,代表,C03365,1,明光 キッズ e 料金,競合の比較検討（評判・料金）,保護者,B,カテゴリ競合×比較/評判/料金/乗換え/特性,中,③B カテゴリ競合,個別指導の明光義塾,40,,,LOW,比較検討・料金・申込 | ブランド・指名検索,KWP_CompetitorKeywordSeed
37015,明光 キッズ e 評判,CORE,代表,C03366,1,明光 キッズ e 評判,競合の比較検討（評判・料金）,保護者,B,カテゴリ競合×比較/評判/料金/乗換え/特性,中,③B カテゴリ競合,個別指導の明光義塾,10,,,LOW,比較検討・料金・申込 | ブランド・指名検索,KWP_CompetitorKeywordSeed
37047,明光 キッズ e 費用,CORE,代表,C03367,1,明光 キッズ e 費用,競合の比較検討（評判・料金）,保護者,B,カテゴリ競合×比較/評判/料金/乗換え/特性,中,③B カテゴリ競合,個別指導の明光義塾,0,,,UNSPECIFIED,比較検討・料金・申込 | ブランド・指名検索,KWP_CompetitorKeywordSeed
42334,ecc ベスト ワン おすすめ,CORE,代表,C03373,2,ecc ベスト ワン おすすめ,競合の比較検討（評判・料金）,保護者,B,カテゴリ競合×比較/評判/料金/乗換え/特性,中,③B カテゴリ競合,ECCベストワン,,,,UNSPECIFIED,比較検討・料金・申込 | ブランド・指名検索,KWP_CompetitorKeywordSeed
42346,ecc ベスト ワン やめたい,CORE,代表,C03374,1,ecc ベスト ワン やめたい,競合の不満・乗り換え,保護者,B,カテゴリ競合×比較/評判/料金/乗換え/特性,中,③B カテゴリ競合,ECCベストワン,,,,UNSPECIFIED,合わない・断られた・乗り換え | ブランド・指名検索,KWP_CompetitorKeywordSeed
42347,ecc ベスト ワン 辞め たい,CORE,代表,C03375,1,ecc ベスト ワン 辞め たい,競合の不満・乗り換え,保護者,B,カテゴリ競合×比較/評判/料金/乗換え/特性,中,③B カテゴリ競合,ECCベストワン,,,,UNSPECIFIED,比較検討・料金・申込 | 合わない・断られた・乗り換え | ブランド・指名検索,KWP_CompetitorKeywordSeed
42345,ecc ベスト ワン 向い て ない,CORE,代表,C03376,1,ecc ベスト ワン 向い て ない,競合の不満・乗り換え,保護者,B,カテゴリ競合×比較/評判/料金/乗換え/特性,中,③B カテゴリ競合,ECCベストワン,,,,UNSPECIFIED,比較検討・料金・申込 | ブランド・指名検索,KWP_CompetitorKeywordSeed
42333,ecc ベスト ワン どっち,CORE,代表,C03377,1,ecc ベスト ワン どっち,競合の比較検討（評判・料金）,保護者,B,カテゴリ競合×比較/評判/料金/乗換え/特性,中,③B カテゴリ競合,ECCベストワン,,,,UNSPECIFIED,比較検討・料金・申込 | ブランド・指名検索,KWP_CompetitorKeywordSeed
42344,ecc ベスト ワン 合わ ない,CORE,代表,C03378,1,ecc ベスト ワン 合わ ない,競合の不満・乗り換え,保護者,B,カテゴリ競合×比較/評判/料金/乗換え/特性,中,③B カテゴリ競合,ECCベストワン,,,,UNSPECIFIED,合わない・断られた・乗り換え | ブランド・指名検索,KWP_CompetitorKeywordSeed
42363,ecc ベスト ワン 不 登校,CORE,代表,C03388,1,ecc ベスト ワン 不 登校,競合×特性/不登校対応の確認,保護者,B,カテゴリ競合×比較/評判/料金/乗換え/特性,中,③B カテゴリ競合,ECCベストワン,,,,UNSPECIFIED,学校生活・不登校・学校種別 | ブランド・指名検索,KWP_CompetitorKeywordSeed
42350,ecc ベスト ワン 体験,CORE,代表,C03395,1,ecc ベスト ワン 体験,競合の比較検討（評判・料金）,保護者,B,カテゴリ競合×比較/評判/料金/乗換え/特性,中,③B カテゴリ競合,ECCベストワン,,,,UNSPECIFIED,比較検討・料金・申込 | ブランド・指名検索,KWP_CompetitorKeywordSeed
42351,ecc ベスト ワン 体験 授業,CORE,代表,C03396,1,ecc ベスト ワン 体験 授業,競合の比較検討（評判・料金）,保護者,B,カテゴリ競合×比較/評判/料金/乗換え/特性,中,③B カテゴリ競合,ECCベストワン,,,,UNSPECIFIED,比較検討・料金・申込 | 学習のやり方・学習課題 | ブランド・指名検索,KWP_CompetitorKeywordSeed
42349,ecc ベスト ワン 無料 体験,CORE,代表,C03397,1,ecc ベスト ワン 無料 体験,競合の比較検討（評判・料金）,保護者,B,カテゴリ競合×比較/評判/料金/乗換え/特性,中,③B カテゴリ競合,ECCベストワン,,,,UNSPECIFIED,比較検討・料金・申込 | ブランド・指名検索,KWP_CompetitorKeywordSeed
42320,ecc ベスト ワン 体験 談,CORE,代表,C03398,1,ecc ベスト ワン 体験 談,競合の比較検討（評判・料金）,保護者,B,カテゴリ競合×比較/評判/料金/乗換え/特性,中,③B カテゴリ競合,ECCベストワン,,,,UNSPECIFIED,比較検討・料金・申込 | ブランド・指名検索,KWP_CompetitorKeywordSeed
42190,ecc 個別 指導 塾 ベスト ワン 口コミ,CORE,代表,C03400,1,ecc 個別 指導 塾 ベスト ワン 口コミ,競合の比較検討（評判・料金）,保護者,B,カテゴリ競合×比較/評判/料金/乗換え/特性,中,③B カテゴリ競合,ECCベストワン,20,89.0,295.0,LOW,サービス探し（家庭教師・塾・支援） | 比較検討・料金・申込 | ブランド・指名検索,KWP_CompetitorKeywordSeed
2795,ecc 個別 指導 塾 ベスト ワン 料金,CORE,代表,C03403,2,ecc 個別 指導 塾 ベスト ワン 料金,競合の比較検討（評判・料金）,保護者,B,カテゴリ競合×比較/評判/料金/乗換え/特性,中,③B カテゴリ競合,ECCベストワン,50,143.0,884.0,MEDIUM,サービス探し（家庭教師・塾・支援） | 比較検討・料金・申込 | ブランド・指名検索,KWP_KeywordSeed || KWP_CompetitorKeywordSeed
2808,ecc 個別 指導 ベスト ワン 料金,CORE,代表,C03406,2,ecc 個別 指導 ベスト ワン 料金,競合の比較検討（評判・料金）,保護者,B,カテゴリ競合×比較/評判/料金/乗換え/特性,中,③B カテゴリ競合,ECCベストワン,30,,,LOW,サービス探し（家庭教師・塾・支援） | 比較検討・料金・申込 | ブランド・指名検索,KWP_KeywordSeed || KWP_CompetitorKeywordSeed
42355,ecc ベスト ワン 入会,CORE,代表,C03407,1,ecc ベスト ワン 入会,競合の比較検討（評判・料金）,保護者,B,カテゴリ競合×比較/評判/料金/乗換え/特性,中,③B カテゴリ競合,ECCベストワン,,,,UNSPECIFIED,比較検討・料金・申込 | ブランド・指名検索,KWP_CompetitorKeywordSeed
42327,ecc ベスト ワン 入会 金,CORE,代表,C03408,1,ecc ベスト ワン 入会 金,競合の比較検討（評判・料金）,保護者,B,カテゴリ競合×比較/評判/料金/乗換え/特性,中,③B カテゴリ競合,ECCベストワン,,,,UNSPECIFIED,比較検討・料金・申込 | ブランド・指名検索,KWP_CompetitorKeywordSeed
42192,ecc ベスト ワン 口コミ,CORE,代表,C03415,2,ecc ベスト ワン 口コミ,競合の比較検討（評判・料金）,保護者,B,カテゴリ競合×比較/評判/料金/乗換え/特性,中,③B カテゴリ競合,ECCベストワン,10,,,LOW,比較検討・料金・申込 | ブランド・指名検索,KWP_CompetitorKeywordSeed
42362,ecc ベスト ワン 境界 知能,CORE,代表,C03416,1,ecc ベスト ワン 境界 知能,競合×特性/不登校対応の確認,保護者,B,カテゴリ競合×比較/評判/料金/乗換え/特性,中,③B カテゴリ競合,ECCベストワン,,,,UNSPECIFIED,ブランド・指名検索,KWP_CompetitorKeywordSeed
2931,ecc ベスト ワン 夏期 講習 料金,CORE,代表,C03417,1,ecc ベスト ワン 夏期 講習 料金,競合の比較検討（評判・料金）,保護者,B,カテゴリ競合×比較/評判/料金/乗換え/特性,中,③B カテゴリ競合,ECCベストワン,30,125.0,322.0,LOW,比較検討・料金・申込 | 学習のやり方・学習課題 | ブランド・指名検索,KWP_KeywordSeed || KWP_CompetitorKeywordSeed
42341,ecc ベスト ワン 失敗,CORE,代表,C03419,1,ecc ベスト ワン 失敗,競合の不満・乗り換え,保護者,B,カテゴリ競合×比較/評判/料金/乗換え/特性,中,③B カテゴリ競合,ECCベストワン,,,,UNSPECIFIED,比較検討・料金・申込 | ブランド・指名検索,KWP_CompetitorKeywordSeed
42360,ecc ベスト ワン ld,CORE,代表,C03420,2,ecc ベスト ワン ld,競合×特性/不登校対応の確認,保護者,B,カテゴリ競合×比較/評判/料金/乗換え/特性,中,③B カテゴリ競合,ECCベストワン,,,,UNSPECIFIED,ブランド・指名検索,KWP_CompetitorKeywordSeed
42330,ecc ベスト ワン 安い,CORE,代表,C03421,1,ecc ベスト ワン 安い,競合の比較検討（評判・料金）,保護者,B,カテゴリ競合×比較/評判/料金/乗換え/特性,中,③B カテゴリ競合,ECCベストワン,,,,UNSPECIFIED,比較検討・料金・申込 | ブランド・指名検索,KWP_CompetitorKeywordSeed
42342,ecc ベスト ワン 後悔,CORE,代表,C03427,1,ecc ベスト ワン 後悔,競合の不満・乗り換え,保護者,B,カテゴリ競合×比較/評判/料金/乗換え/特性,中,③B カテゴリ競合,ECCベストワン,,,,UNSPECIFIED,比較検討・料金・申込 | ブランド・指名検索,KWP_CompetitorKeywordSeed
42339,ecc ベスト ワン 怪しい,CORE,代表,C03428,1,ecc ベスト ワン 怪しい,競合の不満・乗り換え,保護者,B,カテゴリ競合×比較/評判/料金/乗換え/特性,中,③B カテゴリ競合,ECCベストワン,,,,UNSPECIFIED,比較検討・料金・申込 | ブランド・指名検索,KWP_CompetitorKeywordSeed
42321,ecc ベスト ワン 感想,CORE,代表,C03429,1,ecc ベスト ワン 感想,競合の比較検討（評判・料金）,保護者,B,カテゴリ競合×比較/評判/料金/乗換え/特性,中,③B カテゴリ競合,ECCベストワン,,,,UNSPECIFIED,比較検討・料金・申込 | ブランド・指名検索,KWP_CompetitorKeywordSeed
2606,ecc ベスト ワン 料金,CORE,代表,C03433,6,ecc ベスト ワン 料金,競合の比較検討（評判・料金）,保護者,B,カテゴリ競合×比較/評判/料金/乗換え/特性,中,③B カテゴリ競合,ECCベストワン,170,172.0,428.0,LOW,比較検討・料金・申込 | ブランド・指名検索,KWP_KeywordSeed || KWP_CompetitorKeywordSeed
42340,ecc ベスト ワン 最悪,CORE,代表,C03439,1,ecc ベスト ワン 最悪,競合の不満・乗り換え,保護者,B,カテゴリ競合×比較/評判/料金/乗換え/特性,中,③B カテゴリ競合,ECCベストワン,,,,UNSPECIFIED,比較検討・料金・申込 | ブランド・指名検索,KWP_CompetitorKeywordSeed
42331,ecc ベスト ワン 比較,CORE,代表,C03445,1,ecc ベスト ワン 比較,競合の比較検討（評判・料金）,保護者,B,カテゴリ競合×比較/評判/料金/乗換え/特性,中,③B カテゴリ競合,ECCベストワン,,,,UNSPECIFIED,比較検討・料金・申込 | ブランド・指名検索,KWP_CompetitorKeywordSeed
42354,ecc ベスト ワン 申し込み,CORE,代表,C03448,1,ecc ベスト ワン 申し込み,競合の比較検討（評判・料金）,保護者,B,カテゴリ競合×比較/評判/料金/乗換え/特性,中,③B カテゴリ競合,ECCベストワン,,,,UNSPECIFIED,比較検討・料金・申込 | ブランド・指名検索,KWP_CompetitorKeywordSeed
42356,ecc ベスト ワン 発達 障がい,CORE,代表,C03449,1,ecc ベスト ワン 発達 障がい,競合×特性/不登校対応の確認,保護者,B,カテゴリ競合×比較/評判/料金/乗換え/特性,中,③B カテゴリ競合,ECCベストワン,,,,UNSPECIFIED,ブランド・指名検索,KWP_CompetitorKeywordSeed
42348,ecc ベスト ワン 解約,CORE,代表,C03453,1,ecc ベスト ワン 解約,競合の不満・乗り換え,保護者,B,カテゴリ競合×比較/評判/料金/乗換え/特性,中,③B カテゴリ競合,ECCベストワン,,,,UNSPECIFIED,比較検討・料金・申込 | ブランド・指名検索,KWP_CompetitorKeywordSeed
42322,ecc ベスト ワン 評価,CORE,代表,C03454,1,ecc ベスト ワン 評価,競合の比較検討（評判・料金）,保護者,B,カテゴリ競合×比較/評判/料金/乗換え/特性,中,③B カテゴリ競合,ECCベストワン,,,,UNSPECIFIED,比較検討・料金・申込 | ブランド・指名検索,KWP_CompetitorKeywordSeed
42188,ecc ベスト ワン 評判,CORE,代表,C03455,2,ecc ベスト ワン 評判,競合の比較検討（評判・料金）,保護者,B,カテゴリ競合×比較/評判/料金/乗換え/特性,中,③B カテゴリ競合,ECCベストワン,50,,,LOW,比較検討・料金・申込 | ブランド・指名検索,KWP_CompetitorKeywordSeed
42353,ecc ベスト ワン 資料 請求,CORE,代表,C03456,1,ecc ベスト ワン 資料 請求,競合の比較検討（評判・料金）,保護者,B,カテゴリ競合×比較/評判/料金/乗換え/特性,中,③B カテゴリ競合,ECCベストワン,,,,UNSPECIFIED,比較検討・料金・申込 | ブランド・指名検索,KWP_CompetitorKeywordSeed
42324,ecc ベスト ワン 費用,CORE,代表,C03457,1,ecc ベスト ワン 費用,競合の比較検討（評判・料金）,保護者,B,カテゴリ競合×比較/評判/料金/乗換え/特性,中,③B カテゴリ競合,ECCベストワン,,,,UNSPECIFIED,比較検討・料金・申込 | ブランド・指名検索,KWP_CompetitorKeywordSeed
42343,ecc ベスト ワン 退会,CORE,代表,C03458,2,ecc ベスト ワン 退会,競合の不満・乗り換え,保護者,B,カテゴリ競合×比較/評判/料金/乗換え/特性,中,③B カテゴリ競合,ECCベストワン,10,,,LOW,合わない・断られた・乗り換え | ブランド・指名検索,KWP_CompetitorKeywordSeed
42329,ecc ベスト ワン 高い,CORE,代表,C03460,1,ecc ベスト ワン 高い,競合の比較検討（評判・料金）,保護者,B,カテゴリ競合×比較/評判/料金/乗換え/特性,中,③B カテゴリ競合,ECCベストワン,,,,UNSPECIFIED,比較検討・料金・申込 | ブランド・指名検索,KWP_CompetitorKeywordSeed
42357,ecc ベスト ワン グレー ゾーン,CORE,代表,C03463,1,ecc ベスト ワン グレー ゾーン,競合×特性/不登校対応の確認,保護者,B,カテゴリ競合×比較/評判/料金/乗換え/特性,中,③B カテゴリ競合,ECCベストワン,,,,UNSPECIFIED,ブランド・指名検索,KWP_CompetitorKeywordSeed
42319,ecc ベスト ワン レビュー,CORE,代表,C03466,1,ecc ベスト ワン レビュー,競合の比較検討（評判・料金）,保護者,B,カテゴリ競合×比較/評判/料金/乗換え/特性,中,③B カテゴリ競合,ECCベストワン,,,,UNSPECIFIED,比較検討・料金・申込 | ブランド・指名検索,KWP_CompetitorKeywordSeed
1913,オンライン 家庭 教師 gips 口コミ,CORE,代表,C03555,2,オンライン 家庭 教師 gips 口コミ,競合の比較検討（評判・料金）,保護者,B,カテゴリ競合×比較/評判/料金/乗換え/特性,中,③B カテゴリ競合,オンライン家庭教師GIPS,10,82.0,356.0,LOW,サービス探し（家庭教師・塾・支援） | 比較検討・料金・申込 | ブランド・指名検索,KWP_KeywordSeed || KWP_CompetitorKeywordSeed
35140,オンライン 家庭 教師 gips 評判,CORE,代表,C03557,1,オンライン 家庭 教師 gips 評判,競合の比較検討（評判・料金）,保護者,B,カテゴリ競合×比較/評判/料金/乗換え/特性,中,③B カテゴリ競合,オンライン家庭教師GIPS,10,,,MEDIUM,サービス探し（家庭教師・塾・支援） | 比較検討・料金・申込 | ブランド・指名検索,KWP_CompetitorKeywordSeed
35183,gips グレー ゾーン,CORE,代表,C03558,1,gips グレー ゾーン,競合×特性/不登校対応の確認,保護者,B,カテゴリ競合×比較/評判/料金/乗換え/特性,中,③B カテゴリ競合,オンライン家庭教師GIPS,,,,UNSPECIFIED,ブランド・指名検索,KWP_CompetitorKeywordSeed
35195,gips グレー ゾーン 口コミ,CORE,代表,C03559,1,gips グレー ゾーン 口コミ,競合の比較検討（評判・料金）,保護者,B,カテゴリ競合×比較/評判/料金/乗換え/特性,中,③B カテゴリ競合,オンライン家庭教師GIPS,,,,UNSPECIFIED,比較検討・料金・申込 | ブランド・指名検索,KWP_CompetitorKeywordSeed
35207,gips グレー ゾーン 料金,CORE,代表,C03560,1,gips グレー ゾーン 料金,競合の比較検討（評判・料金）,保護者,B,カテゴリ競合×比較/評判/料金/乗換え/特性,中,③B カテゴリ競合,オンライン家庭教師GIPS,,,,UNSPECIFIED,比較検討・料金・申込 | ブランド・指名検索,KWP_CompetitorKeywordSeed
35201,gips グレー ゾーン 評判,CORE,代表,C03561,1,gips グレー ゾーン 評判,競合の比較検討（評判・料金）,保護者,B,カテゴリ競合×比較/評判/料金/乗換え/特性,中,③B カテゴリ競合,オンライン家庭教師GIPS,,,,UNSPECIFIED,比較検討・料金・申込 | ブランド・指名検索,KWP_CompetitorKeywordSeed
35200,gips 不 登校 口コミ,CORE,代表,C03565,1,gips 不 登校 口コミ,競合の比較検討（評判・料金）,保護者,B,カテゴリ競合×比較/評判/料金/乗換え/特性,中,③B カテゴリ競合,オンライン家庭教師GIPS,,,,UNSPECIFIED,比較検討・料金・申込 | 学校生活・不登校・学校種別 | ブランド・指名検索,KWP_CompetitorKeywordSeed
35212,gips 不 登校 料金,CORE,代表,C03566,1,gips 不 登校 料金,競合の比較検討（評判・料金）,保護者,B,カテゴリ競合×比較/評判/料金/乗換え/特性,中,③B カテゴリ競合,オンライン家庭教師GIPS,,,,UNSPECIFIED,比較検討・料金・申込 | 学校生活・不登校・学校種別 | ブランド・指名検索,KWP_CompetitorKeywordSeed
35188,gips 不 登校,CORE,代表,C03567,1,gips 不 登校,競合×特性/不登校対応の確認,保護者,B,カテゴリ競合×比較/評判/料金/乗換え/特性,中,③B カテゴリ競合,オンライン家庭教師GIPS,,,,UNSPECIFIED,学校生活・不登校・学校種別 | ブランド・指名検索,KWP_CompetitorKeywordSeed
35206,gips 不 登校 評判,CORE,代表,C03568,1,gips 不 登校 評判,競合の比較検討（評判・料金）,保護者,B,カテゴリ競合×比較/評判/料金/乗換え/特性,中,③B カテゴリ競合,オンライン家庭教師GIPS,,,,UNSPECIFIED,比較検討・料金・申込 | 学校生活・不登校・学校種別 | ブランド・指名検索,KWP_CompetitorKeywordSeed
35178,gips 体験 授業,CORE,代表,C03573,1,gips 体験 授業,競合の比較検討（評判・料金）,保護者,B,カテゴリ競合×比較/評判/料金/乗換え/特性,中,③B カテゴリ競合,オンライン家庭教師GIPS,,,,UNSPECIFIED,比較検討・料金・申込 | 学習のやり方・学習課題 | ブランド・指名検索,KWP_CompetitorKeywordSeed
35197,gips ld 口コミ,CORE,代表,C03582,2,gips ld 口コミ,競合の比較検討（評判・料金）,保護者,B,カテゴリ競合×比較/評判/料金/乗換え/特性,中,③B カテゴリ競合,オンライン家庭教師GIPS,,,,UNSPECIFIED,比較検討・料金・申込 | ブランド・指名検索,KWP_CompetitorKeywordSeed
1782,gips 家庭 教師 口コミ,CORE,代表,C03583,2,gips 家庭 教師 口コミ,競合の比較検討（評判・料金）,保護者,B,カテゴリ競合×比較/評判/料金/乗換え/特性,中,③B カテゴリ競合,オンライン家庭教師GIPS,30,181.0,351.0,LOW,サービス探し（家庭教師・塾・支援） | 比較検討・料金・申込 | ブランド・指名検索,KWP_KeywordSeed || KWP_SiteSeed || KWP_CompetitorKeywordSeed
35209,gips ld 料金,CORE,代表,C03588,2,gips ld 料金,競合の比較検討（評判・料金）,保護者,B,カテゴリ競合×比較/評判/料金/乗換え/特性,中,③B カテゴリ競合,オンライン家庭教師GIPS,,,,UNSPECIFIED,比較検討・料金・申込 | ブランド・指名検索,KWP_CompetitorKeywordSeed
35203,gips ld 評判,CORE,代表,C03589,2,gips ld 評判,競合の比較検討（評判・料金）,保護者,B,カテゴリ競合×比較/評判/料金/乗換え/特性,中,③B カテゴリ競合,オンライン家庭教師GIPS,,,,UNSPECIFIED,比較検討・料金・申込 | ブランド・指名検索,KWP_CompetitorKeywordSeed
35186,gips 学習 障害,CORE,代表,C03590,2,gips 学習 障害,競合×特性/不登校対応の確認,保護者,B,カテゴリ競合×比較/評判/料金/乗換え/特性,中,③B カテゴリ競合,オンライン家庭教師GIPS,,,,UNSPECIFIED,ブランド・指名検索,KWP_CompetitorKeywordSeed
35138,gips 家庭 教師 評判,CORE,代表,C03593,2,gips 家庭 教師 評判,競合の比較検討（評判・料金）,保護者,B,カテゴリ競合×比較/評判/料金/乗換え/特性,中,③B カテゴリ競合,オンライン家庭教師GIPS,10,,,UNSPECIFIED,サービス探し（家庭教師・塾・支援） | 比較検討・料金・申込 | ブランド・指名検索,KWP_CompetitorKeywordSeed
35184,gips asd,CORE,代表,C03614,1,gips asd,競合×特性/不登校対応の確認,保護者,B,カテゴリ競合×比較/評判/料金/乗換え/特性,中,③B カテゴリ競合,オンライン家庭教師GIPS,,,,UNSPECIFIED,ブランド・指名検索,KWP_CompetitorKeywordSeed
35196,gips asd 口コミ,CORE,代表,C03615,1,gips asd 口コミ,競合の比較検討（評判・料金）,保護者,B,カテゴリ競合×比較/評判/料金/乗換え/特性,中,③B カテゴリ競合,オンライン家庭教師GIPS,,,,UNSPECIFIED,比較検討・料金・申込 | ブランド・指名検索,KWP_CompetitorKeywordSeed
35208,gips asd 料金,CORE,代表,C03616,1,gips asd 料金,競合の比較検討（評判・料金）,保護者,B,カテゴリ競合×比較/評判/料金/乗換え/特性,中,③B カテゴリ競合,オンライン家庭教師GIPS,,,,UNSPECIFIED,比較検討・料金・申込 | ブランド・指名検索,KWP_CompetitorKeywordSeed
35202,gips asd 評判,CORE,代表,C03617,1,gips asd 評判,競合の比較検討（評判・料金）,保護者,B,カテゴリ競合×比較/評判/料金/乗換え/特性,中,③B カテゴリ競合,オンライン家庭教師GIPS,,,,UNSPECIFIED,比較検討・料金・申込 | ブランド・指名検索,KWP_CompetitorKeywordSeed
47486,メガスターミー ポケモンgo,CORE,代表,C03619,1,メガスターミー ポケモンgo,競合指名・周辺,保護者,B,終了競合の乗換え需要,高,③X 終了サービス/乗換え,オンラインプロ教師のメガスタ,1900,,,LOW,ブランド・指名検索,Google_competitor_suggest
7650,完全 個別 指導 good,CORE,代表,C03623,1,完全 個別 指導 good,サービス探し（特性/不登校×学習支援）,保護者,A,特性/不登校×家庭教師・塾・個別,高,②顕在,,30,,,MEDIUM,サービス探し（家庭教師・塾・支援）,KWP_KeywordSeed
3078,完全 個別 指導 good 料金,CORE,代表,C03624,1,完全 個別 指導 good 料金,サービス探し（特性/不登校×学習支援）,保護者,A,特性/不登校×家庭教師・塾・個別,高,②顕在,,10,,,MEDIUM,サービス探し（家庭教師・塾・支援） | 比較検討・料金・申込,KWP_KeywordSeed
22806,good 塾 料金,CORE,代表,C03625,1,good 塾 料金,サービス探し（特性/不登校×学習支援）,保護者,A,特性/不登校×家庭教師・塾・個別,高,②顕在,,30,116.0,496.0,MEDIUM,サービス探し（家庭教師・塾・支援） | 比較検討・料金・申込,KWP_UrlSeed
25807,hsc 集団 塾 合わ ない,CORE,代表,C03670,1,hsc 集団 塾 合わ ない,サービス探し（特性/不登校×学習支援）,保護者,A,特性/不登校×家庭教師・塾・個別,高,②顕在,,,,,UNSPECIFIED,サービス探し（家庭教師・塾・支援） | 合わない・断られた・乗り換え,KWP_KeywordSeed
27876,hsc 不 登校 オンライン 家庭 教師,CORE,代表,C03674,1,hsc 不 登校 オンライン 家庭 教師,サービス探し（特性/不登校×学習支援）,保護者,A,特性/不登校×家庭教師・塾・個別,高,②顕在,,,,,UNSPECIFIED,サービス探し（家庭教師・塾・支援） | 学校生活・不登校・学校種別,KWP_KeywordSeed
27867,hsc 中学生 オンライン 家庭 教師,CORE,代表,C03675,1,hsc 中学生 オンライン 家庭 教師,サービス探し（特性/不登校×学習支援）,保護者,A,特性/不登校×家庭教師・塾・個別,高,②顕在,,,,,UNSPECIFIED,サービス探し（家庭教師・塾・支援）,KWP_KeywordSeed
27873,hsc 受験 オンライン 家庭 教師,CORE,代表,C03676,1,hsc 受験 オンライン 家庭 教師,サービス探し（特性/不登校×学習支援）,保護者,A,特性/不登校×家庭教師・塾・個別,高,②顕在,,,,,UNSPECIFIED,サービス探し（家庭教師・塾・支援） | 受験・進路,KWP_KeywordSeed
27864,hsc 小学生 オンライン 家庭 教師,CORE,代表,C03677,1,hsc 小学生 オンライン 家庭 教師,サービス探し（特性/不登校×学習支援）,保護者,A,特性/不登校×家庭教師・塾・個別,高,②顕在,,,,,UNSPECIFIED,サービス探し（家庭教師・塾・支援）,KWP_KeywordSeed
25649,hsc オンライン 家庭 教師,CORE,代表,C03678,1,hsc オンライン 家庭 教師,サービス探し（特性/不登校×学習支援）,保護者,A,特性/不登校×家庭教師・塾・個別,高,②顕在,,,,,UNSPECIFIED,サービス探し（家庭教師・塾・支援）,KWP_KeywordSeed
27870,hsc 高校生 オンライン 家庭 教師,CORE,代表,C03679,1,hsc 高校生 オンライン 家庭 教師,サービス探し（特性/不登校×学習支援）,保護者,A,特性/不登校×家庭教師・塾・個別,高,②顕在,,,,,UNSPECIFIED,サービス探し（家庭教師・塾・支援）,KWP_KeywordSeed
27877,hsc 不 登校 塾,CORE,代表,C03706,1,hsc 不 登校 塾,サービス探し（特性/不登校×学習支援）,保護者,A,特性/不登校×家庭教師・塾・個別,高,②顕在,,,,,UNSPECIFIED,サービス探し（家庭教師・塾・支援） | 学校生活・不登校・学校種別,KWP_KeywordSeed
27875,hsc 不 登校 家庭 教師,CORE,代表,C03708,1,hsc 不 登校 家庭 教師,サービス探し（特性/不登校×学習支援）,保護者,A,特性/不登校×家庭教師・塾・個別,高,②顕在,,,,,UNSPECIFIED,サービス探し（家庭教師・塾・支援） | 学校生活・不登校・学校種別,KWP_KeywordSeed
46588,hsc 中学 受験 塾,CORE,代表,C03714,1,hsc 中学 受験 塾,サービス探し（特性/不登校×学習支援）,保護者,A,特性/不登校×家庭教師・塾・個別,高,②顕在,,,,,UNSPECIFIED,サービス探し（家庭教師・塾・支援） | 受験・進路,Google_suggest
27868,hsc 中学生 塾,CORE,代表,C03715,1,hsc 中学生 塾,サービス探し（特性/不登校×学習支援）,保護者,A,特性/不登校×家庭教師・塾・個別,高,②顕在,,,,,UNSPECIFIED,サービス探し（家庭教師・塾・支援）,KWP_KeywordSeed
27866,hsc 中学生 家庭 教師,CORE,代表,C03716,1,hsc 中学生 家庭 教師,サービス探し（特性/不登校×学習支援）,保護者,A,特性/不登校×家庭教師・塾・個別,高,②顕在,,,,,UNSPECIFIED,サービス探し（家庭教師・塾・支援）,KWP_KeywordSeed
27874,hsc 受験 塾,CORE,代表,C03733,1,hsc 受験 塾,サービス探し（特性/不登校×学習支援）,保護者,A,特性/不登校×家庭教師・塾・個別,高,②顕在,,,,,UNSPECIFIED,サービス探し（家庭教師・塾・支援） | 受験・進路,KWP_KeywordSeed
27872,hsc 受験 家庭 教師,CORE,代表,C03734,1,hsc 受験 家庭 教師,サービス探し（特性/不登校×学習支援）,保護者,A,特性/不登校×家庭教師・塾・個別,高,②顕在,,,,,UNSPECIFIED,サービス探し（家庭教師・塾・支援） | 受験・進路,KWP_KeywordSeed
25642,hsc 塾,CORE,代表,C03737,1,hsc 塾,サービス探し（特性/不登校×学習支援）,保護者,A,特性/不登校×家庭教師・塾・個別,高,②顕在,,10,,,MEDIUM,サービス探し（家庭教師・塾・支援）,KWP_KeywordSeed || KWP_SiteSeed || Google_suggest
27865,hsc 小学生 塾,CORE,代表,C03738,1,hsc 小学生 塾,サービス探し（特性/不登校×学習支援）,保護者,A,特性/不登校×家庭教師・塾・個別,高,②顕在,,,,,UNSPECIFIED,サービス探し（家庭教師・塾・支援）,KWP_KeywordSeed
27871,hsc 高校生 塾,CORE,代表,C03739,1,hsc 高校生 塾,サービス探し（特性/不登校×学習支援）,保護者,A,特性/不登校×家庭教師・塾・個別,高,②顕在,,,,,UNSPECIFIED,サービス探し（家庭教師・塾・支援）,KWP_KeywordSeed
27863,hsc 小学生 家庭 教師,CORE,代表,C03746,1,hsc 小学生 家庭 教師,サービス探し（特性/不登校×学習支援）,保護者,A,特性/不登校×家庭教師・塾・個別,高,②顕在,,,,,UNSPECIFIED,サービス探し（家庭教師・塾・支援）,KWP_KeywordSeed
25648,hsc 家庭 教師,CORE,代表,C03747,2,hsc 家庭 教師,サービス探し（特性/不登校×学習支援）,保護者,A,特性/不登校×家庭教師・塾・個別,高,②顕在,,,,,UNSPECIFIED,サービス探し（家庭教師・塾・支援）,KWP_KeywordSeed
27869,hsc 高校生 家庭 教師,CORE,代表,C03748,1,hsc 高校生 家庭 教師,サービス探し（特性/不登校×学習支援）,保護者,A,特性/不登校×家庭教師・塾・個別,高,②顕在,,,,,UNSPECIFIED,サービス探し（家庭教師・塾・支援）,KWP_KeywordSeed
38966,スクール ie おすすめ,CORE,代表,C03805,2,スクール ie おすすめ,競合の比較検討（評判・料金）,保護者,B,カテゴリ競合×比較/評判/料金/乗換え/特性,中,③B カテゴリ競合,スクールIE,,,,UNSPECIFIED,比較検討・料金・申込 | ブランド・指名検索,KWP_CompetitorKeywordSeed
38975,スクール ie やめたい,CORE,代表,C03811,3,スクール ie やめたい,競合の不満・乗り換え,保護者,B,カテゴリ競合×比較/評判/料金/乗換え/特性,中,③B カテゴリ競合,スクールIE,10,,,LOW,合わない・断られた・乗り換え | ブランド・指名検索,KWP_CompetitorKeywordSeed
67165,スクールie 辞めたい,CORE,代表,C03812,2,スクールie 辞めたい,競合の不満・乗り換え,保護者,B,カテゴリ競合×比較/評判/料金/乗換え/特性,中,③B カテゴリ競合,スクールIE,10,,,LOW,比較検討・料金・申込 | 合わない・断られた・乗り換え | ブランド・指名検索,CompetitorMatrix
38983,スクール ie 向い て ない,CORE,代表,C03818,1,スクール ie 向い て ない,競合の不満・乗り換え,保護者,B,カテゴリ競合×比較/評判/料金/乗換え/特性,中,③B カテゴリ競合,スクールIE,,,,UNSPECIFIED,比較検討・料金・申込 | ブランド・指名検索,KWP_CompetitorKeywordSeed
38965,スクール ie どっち,CORE,代表,C03822,1,スクール ie どっち,競合の比較検討（評判・料金）,保護者,B,カテゴリ競合×比較/評判/料金/乗換え/特性,中,③B カテゴリ競合,スクールIE,,,,UNSPECIFIED,比較検討・料金・申込 | ブランド・指名検索,KWP_CompetitorKeywordSeed
38982,スクール ie 合わ ない,CORE,代表,C03823,1,スクール ie 合わ ない,競合の不満・乗り換え,保護者,B,カテゴリ競合×比較/評判/料金/乗換え/特性,中,③B カテゴリ競合,スクールIE,,,,UNSPECIFIED,合わない・断られた・乗り換え | ブランド・指名検索,KWP_CompetitorKeywordSeed
67853,スクールie やばい,CORE,代表,C03832,1,スクールie やばい,競合の不満・乗り換え,保護者,B,カテゴリ競合×比較/評判/料金/乗換え/特性,中,③B カテゴリ競合,スクールIE,1900,130.0,448.0,LOW,比較検討・料金・申込 | ブランド・指名検索,CompetitorMatrix
38939,やる気 スイッチ の スクール ie 評判,CORE,代表,C03835,1,やる気 スイッチ の スクール ie 評判,競合の比較検討（評判・料金）,保護者,B,カテゴリ競合×比較/評判/料金/乗換え/特性,中,③B カテゴリ競合,スクールIE,10,,,UNSPECIFIED,比較検討・料金・申込 | 学習のやり方・学習課題 | ブランド・指名検索,KWP_CompetitorKeywordSeed
2830,スクール ie オンライン 料金,CORE,代表,C03837,1,スクール ie オンライン 料金,競合の比較検討（評判・料金）,保護者,B,カテゴリ競合×比較/評判/料金/乗換え/特性,中,③B カテゴリ競合,スクールIE,20,103.0,218.0,LOW,サービス探し（家庭教師・塾・支援） | 比較検討・料金・申込 | ブランド・指名検索,KWP_KeywordSeed || KWP_CompetitorKeywordSeed
38547,スクール ie 入会 キャンペーン,CORE,代表,C03839,1,スクール ie 入会 キャンペーン,競合の比較検討（評判・料金）,保護者,B,カテゴリ競合×比較/評判/料金/乗換え/特性,中,③B カテゴリ競合,スクールIE,10,,,MEDIUM,比較検討・料金・申込 | ブランド・指名検索,KWP_CompetitorKeywordSeed
38117,スクール ie 入会 金 無料 キャンペーン,CORE,代表,C03840,1,スクール ie 入会 金 無料 キャンペーン,競合の比較検討（評判・料金）,保護者,B,カテゴリ競合×比較/評判/料金/乗換え/特性,中,③B カテゴリ競合,スクールIE,70,49.0,318.0,MEDIUM,比較検討・料金・申込 | ブランド・指名検索,KWP_CompetitorKeywordSeed
38990,スクール ie グレー ゾーン,CORE,代表,C03842,1,スクール ie グレー ゾーン,競合×特性/不登校対応の確認,保護者,B,カテゴリ競合×比較/評判/料金/乗換え/特性,中,③B カテゴリ競合,スクールIE,,,,UNSPECIFIED,ブランド・指名検索,KWP_CompetitorKeywordSeed
38999,スクール ie グレー ゾーン 口コミ,CORE,代表,C03843,1,スクール ie グレー ゾーン 口コミ,競合の比較検討（評判・料金）,保護者,B,カテゴリ競合×比較/評判/料金/乗換え/特性,中,③B カテゴリ競合,スクールIE,,,,UNSPECIFIED,比較検討・料金・申込 | ブランド・指名検索,KWP_CompetitorKeywordSeed
39015,スクール ie グレー ゾーン 料金,CORE,代表,C03844,1,スクール ie グレー ゾーン 料金,競合の比較検討（評判・料金）,保護者,B,カテゴリ競合×比較/評判/料金/乗換え/特性,中,③B カテゴリ競合,スクールIE,,,,UNSPECIFIED,比較検討・料金・申込 | ブランド・指名検索,KWP_CompetitorKeywordSeed
39007,スクール ie グレー ゾーン 評判,CORE,代表,C03845,1,スクール ie グレー ゾーン 評判,競合の比較検討（評判・料金）,保護者,B,カテゴリ競合×比較/評判/料金/乗換え/特性,中,③B カテゴリ競合,スクールIE,,,,UNSPECIFIED,比較検討・料金・申込 | ブランド・指名検索,KWP_CompetitorKeywordSeed
47936,スクールie プログラミング 口コミ,CORE,代表,C03857,1,スクールie プログラミング 口コミ,競合の比較検討（評判・料金）,保護者,B,カテゴリ競合×比較/評判/料金/乗換え/特性,中,③B カテゴリ競合,スクールIE,,,,UNSPECIFIED,比較検討・料金・申込 | ブランド・指名検索 | 習い事・トレーニング,Google_competitor_suggest
38954,スクール ie レビュー,CORE,代表,C03860,1,スクール ie レビュー,競合の比較検討（評判・料金）,保護者,B,カテゴリ競合×比較/評判/料金/乗換え/特性,中,③B カテゴリ競合,スクールIE,,,,UNSPECIFIED,比較検討・料金・申込 | ブランド・指名検索,KWP_CompetitorKeywordSeed
39005,スクール ie 不 登校 口コミ,CORE,代表,C03894,1,スクール ie 不 登校 口コミ,競合の比較検討（評判・料金）,保護者,B,カテゴリ競合×比較/評判/料金/乗換え/特性,中,③B カテゴリ競合,スクールIE,,,,UNSPECIFIED,比較検討・料金・申込 | 学校生活・不登校・学校種別 | ブランド・指名検索,KWP_CompetitorKeywordSeed
39021,スクール ie 不 登校 料金,CORE,代表,C03895,1,スクール ie 不 登校 料金,競合の比較検討（評判・料金）,保護者,B,カテゴリ競合×比較/評判/料金/乗換え/特性,中,③B カテゴリ競合,スクールIE,,,,UNSPECIFIED,比較検討・料金・申込 | 学校生活・不登校・学校種別 | ブランド・指名検索,KWP_CompetitorKeywordSeed
38996,スクール ie 不 登校,CORE,代表,C03896,1,スクール ie 不 登校,競合×特性/不登校対応の確認,保護者,B,カテゴリ競合×比較/評判/料金/乗換え/特性,中,③B カテゴリ競合,スクールIE,,,,UNSPECIFIED,学校生活・不登校・学校種別 | ブランド・指名検索,KWP_CompetitorKeywordSeed
39013,スクール ie 不 登校 評判,CORE,代表,C03897,1,スクール ie 不 登校 評判,競合の比較検討（評判・料金）,保護者,B,カテゴリ競合×比較/評判/料金/乗換え/特性,中,③B カテゴリ競合,スクールIE,,,,UNSPECIFIED,比較検討・料金・申込 | 学校生活・不登校・学校種別 | ブランド・指名検索,KWP_CompetitorKeywordSeed
38931,スクール ie 中学 受験 口コミ,CORE,代表,C03903,2,スクール ie 中学 受験 口コミ,競合の比較検討（評判・料金）,保護者,B,カテゴリ競合×比較/評判/料金/乗換え/特性,中,③B カテゴリ競合,スクールIE,30,96.0,475.0,LOW,比較検討・料金・申込 | 受験・進路 | ブランド・指名検索,KWP_CompetitorKeywordSeed
38518,スクール ie 中学 受験 合格 実績,CORE,代表,C03904,1,スクール ie 中学 受験 合格 実績,競合の比較検討（評判・料金）,保護者,B,カテゴリ競合×比較/評判/料金/乗換え/特性,中,③B カテゴリ競合,スクールIE,20,,,LOW,比較検討・料金・申込 | 受験・進路 | ブランド・指名検索,KWP_CompetitorKeywordSeed
38456,スクール ie 中学 受験 実績,CORE,代表,C03905,1,スクール ie 中学 受験 実績,競合の比較検討（評判・料金）,保護者,B,カテゴリ競合×比較/評判/料金/乗換え/特性,中,③B カテゴリ競合,スクールIE,10,45.0,372.0,MEDIUM,比較検討・料金・申込 | 受験・進路 | ブランド・指名検索,KWP_CompetitorKeywordSeed
3251,スクール ie 中学 受験 料金,CORE,代表,C03906,2,スクール ie 中学 受験 料金,競合の比較検討（評判・料金）,保護者,B,カテゴリ競合×比較/評判/料金/乗換え/特性,中,③B カテゴリ競合,スクールIE,20,96.0,347.0,LOW,比較検討・料金・申込 | 受験・進路 | ブランド・指名検索,KWP_KeywordSeed || KWP_CompetitorKeywordSeed
3431,スクール ie 料金 中学,CORE,代表,C03907,1,スクール ie 料金 中学,競合の比較検討（評判・料金）,保護者,B,カテゴリ競合×比較/評判/料金/乗換え/特性,中,③B カテゴリ競合,スクールIE,10,,,MEDIUM,比較検討・料金・申込 | ブランド・指名検索,KWP_KeywordSeed || KWP_CompetitorKeywordSeed
2509,スクール ie 料金 中学生,CORE,代表,C03910,5,スクール ie 料金 中学生,競合の比較検討（評判・料金）,保護者,B,カテゴリ競合×比較/評判/料金/乗換え/特性,中,③B カテゴリ競合,スクールIE,260,84.0,311.0,MEDIUM,比較検討・料金・申込 | ブランド・指名検索,KWP_KeywordSeed || KWP_CompetitorKeywordSeed
38979,スクール ie 休会,CORE,代表,C03957,1,スクール ie 休会,競合の不満・乗り換え,保護者,B,カテゴリ競合×比較/評判/料金/乗換え/特性,中,③B カテゴリ競合,スクールIE,40,,,LOW,比較検討・料金・申込 | ブランド・指名検索 | 利用中・会員の手続き,KWP_CompetitorKeywordSeed
7283,スクール ie 体験,CORE,代表,C03967,3,スクール ie 体験,競合の比較検討（評判・料金）,保護者,B,カテゴリ競合×比較/評判/料金/乗換え/特性,中,③B カテゴリ競合,スクールIE,70,141.0,548.0,MEDIUM,比較検討・料金・申込 | ブランド・指名検索,KWP_KeywordSeed || KWP_CompetitorKeywordSeed
38984,スクール ie 体験 授業,CORE,代表,C03968,3,スクール ie 体験 授業,競合の比較検討（評判・料金）,保護者,B,カテゴリ競合×比較/評判/料金/乗換え/特性,中,③B カテゴリ競合,スクールIE,40,146.0,693.0,MEDIUM,比較検討・料金・申込 | 学習のやり方・学習課題 | ブランド・指名検索,KWP_CompetitorKeywordSeed
38124,スクール ie 無料 体験,CORE,代表,C03969,3,スクール ie 無料 体験,競合の比較検討（評判・料金）,保護者,B,カテゴリ競合×比較/評判/料金/乗換え/特性,中,③B カテゴリ競合,スクールIE,40,130.0,519.0,MEDIUM,比較検討・料金・申込 | ブランド・指名検索,KWP_CompetitorKeywordSeed
38955,スクール ie 体験 談,CORE,代表,C03970,1,スクール ie 体験 談,競合の比較検討（評判・料金）,保護者,B,カテゴリ競合×比較/評判/料金/乗換え/特性,中,③B カテゴリ競合,スクールIE,,,,UNSPECIFIED,比較検討・料金・申込 | ブランド・指名検索,KWP_CompetitorKeywordSeed
38953,個別 指導 スクール ie 口コミ,CORE,代表,C03977,2,個別 指導 スクール ie 口コミ,競合の比較検討（評判・料金）,保護者,B,カテゴリ競合×比較/評判/料金/乗換え/特性,中,③B カテゴリ競合,スクールIE,10,100.0,345.0,MEDIUM,サービス探し（家庭教師・塾・支援） | 比較検討・料金・申込 | ブランド・指名検索,KWP_CompetitorKeywordSeed
3160,個別 指導 塾 スクール ie 料金,CORE,代表,C03982,1,個別 指導 塾 スクール ie 料金,競合の比較検討（評判・料金）,保護者,B,カテゴリ競合×比較/評判/料金/乗換え/特性,中,③B カテゴリ競合,スクールIE,10,,,MEDIUM,サービス探し（家庭教師・塾・支援） | 比較検討・料金・申込 | ブランド・指名検索,KWP_KeywordSeed || KWP_CompetitorKeywordSeed
2533,個別 指導 スクール ie 料金,CORE,代表,C03988,2,個別 指導 スクール ie 料金,競合の比較検討（評判・料金）,保護者,B,カテゴリ競合×比較/評判/料金/乗換え/特性,中,③B カテゴリ競合,スクールIE,110,96.0,303.0,MEDIUM,サービス探し（家庭教師・塾・支援） | 比較検討・料金・申込 | ブランド・指名検索,KWP_KeywordSeed || KWP_CompetitorKeywordSeed
38930,個別 指導 スクール ie 評判,CORE,代表,C03990,2,個別 指導 スクール ie 評判,競合の比較検討（評判・料金）,保護者,B,カテゴリ競合×比較/評判/料金/乗換え/特性,中,③B カテゴリ競合,スクールIE,10,,,MEDIUM,サービス探し（家庭教師・塾・支援） | 比較検討・料金・申込 | ブランド・指名検索,KWP_CompetitorKeywordSeed
3025,個別 スクール ie 料金,CORE,代表,C03991,2,個別 スクール ie 料金,競合の比較検討（評判・料金）,保護者,B,カテゴリ競合×比較/評判/料金/乗換え/特性,中,③B カテゴリ競合,スクールIE,10,99.0,364.0,MEDIUM,比較検討・料金・申込 | ブランド・指名検索,KWP_KeywordSeed || KWP_CompetitorKeywordSeed
38988,スクール ie 入会,CORE,代表,C03997,1,スクール ie 入会,競合の比較検討（評判・料金）,保護者,B,カテゴリ競合×比較/評判/料金/乗換え/特性,中,③B カテゴリ競合,スクールIE,,,,UNSPECIFIED,比較検討・料金・申込 | ブランド・指名検索,KWP_CompetitorKeywordSeed
38548,スクール ie 入会 金 無料,CORE,代表,C03998,1,スクール ie 入会 金 無料,競合の比較検討（評判・料金）,保護者,B,カテゴリ競合×比較/評判/料金/乗換え/特性,中,③B カテゴリ競合,スクールIE,20,,,MEDIUM,比較検討・料金・申込 | ブランド・指名検索,KWP_CompetitorKeywordSeed
38156,スクール ie 入会 金,CORE,代表,C03999,3,スクール ie 入会 金,競合の比較検討（評判・料金）,保護者,B,カテゴリ競合×比較/評判/料金/乗換え/特性,中,③B カテゴリ競合,スクールIE,50,71.0,222.0,LOW,比較検討・料金・申込 | ブランド・指名検索,KWP_CompetitorKeywordSeed
2587,スクール ie 冬期 講習 料金,CORE,代表,C04020,1,スクール ie 冬期 講習 料金,競合の比較検討（評判・料金）,保護者,B,カテゴリ競合×比較/評判/料金/乗換え/特性,中,③B カテゴリ競合,スクールIE,90,,,LOW,比較検討・料金・申込 | 学習のやり方・学習課題 | ブランド・指名検索,KWP_KeywordSeed || KWP_CompetitorKeywordSeed
38934,スクール ie 大学 受験 口コミ,CORE,代表,C04091,2,スクール ie 大学 受験 口コミ,競合の比較検討（評判・料金）,保護者,B,カテゴリ競合×比較/評判/料金/乗換え/特性,中,③B カテゴリ競合,スクールIE,40,85.0,270.0,LOW,比較検討・料金・申込 | 受験・進路 | ブランド・指名検索,KWP_CompetitorKeywordSeed
38238,スクール ie 大学 受験 実績,CORE,代表,C04093,1,スクール ie 大学 受験 実績,競合の比較検討（評判・料金）,保護者,B,カテゴリ競合×比較/評判/料金/乗換え/特性,中,③B カテゴリ競合,スクールIE,20,,,LOW,比較検討・料金・申込 | 受験・進路 | ブランド・指名検索,KWP_CompetitorKeywordSeed
3427,スクール ie 大学 受験 料金,CORE,代表,C04094,1,スクール ie 大学 受験 料金,競合の比較検討（評判・料金）,保護者,B,カテゴリ競合×比較/評判/料金/乗換え/特性,中,③B カテゴリ競合,スクールIE,10,52.0,119.0,MEDIUM,比較検討・料金・申込 | 受験・進路 | ブランド・指名検索,KWP_KeywordSeed || KWP_CompetitorKeywordSeed
38615,スクール ie 大学 受験 知恵袋,CORE,代表,C04095,1,スクール ie 大学 受験 知恵袋,競合の比較検討（評判・料金）,保護者,B,カテゴリ競合×比較/評判/料金/乗換え/特性,中,③B カテゴリ競合,スクールIE,20,,,LOW,比較検討・料金・申込 | 受験・進路 | ブランド・指名検索,KWP_CompetitorKeywordSeed
38923,スクール ie 口コミ,CORE,代表,C04098,5,スクール ie 口コミ,競合の比較検討（評判・料金）,保護者,B,カテゴリ競合×比較/評判/料金/乗換え/特性,中,③B カテゴリ競合,スクールIE,880,70.0,260.0,LOW,比較検討・料金・申込 | ブランド・指名検索,KWP_CompetitorKeywordSeed
47939,塾 スクールie 口コミ,CORE,代表,C04099,1,塾 スクールie 口コミ,競合の比較検討（評判・料金）,保護者,B,カテゴリ競合×比較/評判/料金/乗換え/特性,中,③B カテゴリ競合,スクールIE,,,,UNSPECIFIED,サービス探し（家庭教師・塾・支援） | 比較検討・料金・申込 | ブランド・指名検索,Google_competitor_suggest
39004,スクール ie 境界 知能 口コミ,CORE,代表,C04100,1,スクール ie 境界 知能 口コミ,競合の比較検討（評判・料金）,保護者,B,カテゴリ競合×比較/評判/料金/乗換え/特性,中,③B カテゴリ競合,スクールIE,,,,UNSPECIFIED,比較検討・料金・申込 | ブランド・指名検索,KWP_CompetitorKeywordSeed
39002,スクール ie ld 口コミ,CORE,代表,C04101,2,スクール ie ld 口コミ,競合の比較検討（評判・料金）,保護者,B,カテゴリ競合×比較/評判/料金/乗換え/特性,中,③B カテゴリ競合,スクールIE,,,,UNSPECIFIED,比較検討・料金・申込 | ブランド・指名検索,KWP_CompetitorKeywordSeed
38947,スクール ie 口コミ 悪い,CORE,代表,C04102,2,スクール ie 口コミ 悪い,競合の比較検討（評判・料金）,保護者,B,カテゴリ競合×比較/評判/料金/乗換え/特性,中,③B カテゴリ競合,スクールIE,40,160.0,808.0,LOW,比較検討・料金・申込 | ブランド・指名検索,KWP_CompetitorKeywordSeed
38926,スクール ie 料金 口コミ,CORE,代表,C04103,2,スクール ie 料金 口コミ,競合の比較検討（評判・料金）,保護者,B,カテゴリ競合×比較/評判/料金/乗換え/特性,中,③B カテゴリ競合,スクールIE,10,,,MEDIUM,比較検討・料金・申込 | ブランド・指名検索,KWP_CompetitorKeywordSeed
38998,スクール ie 発達 障がい 口コミ,CORE,代表,C04104,1,スクール ie 発達 障がい 口コミ,競合の比較検討（評判・料金）,保護者,B,カテゴリ競合×比較/評判/料金/乗換え/特性,中,③B カテゴリ競合,スクールIE,,,,UNSPECIFIED,比較検討・料金・申込 | ブランド・指名検索,KWP_CompetitorKeywordSeed
47933,スクールie 口コミ 知恵袋,CORE,代表,C04105,1,スクールie 口コミ 知恵袋,競合の比較検討（評判・料金）,保護者,B,カテゴリ競合×比較/評判/料金/乗換え/特性,中,③B カテゴリ競合,スクールIE,10,,,LOW,比較検討・料金・申込 | ブランド・指名検索,Google_competitor_suggest
38586,スクール ie 合格 実績 大学,CORE,代表,C04114,1,スクール ie 合格 実績 大学,競合の比較検討（評判・料金）,保護者,B,カテゴリ競合×比較/評判/料金/乗換え/特性,中,③B カテゴリ競合,スクールIE,20,,,LOW,比較検討・料金・申込 | 受験・進路 | ブランド・指名検索,KWP_CompetitorKeywordSeed
38122,スクール ie 合格 実績,CORE,代表,C04115,2,スクール ie 合格 実績,競合の比較検討（評判・料金）,保護者,B,カテゴリ競合×比較/評判/料金/乗換え/特性,中,③B カテゴリ競合,スクールIE,110,,,LOW,比較検討・料金・申込 | 受験・進路 | ブランド・指名検索,KWP_CompetitorKeywordSeed
38211,スクール ie 問い合わせ,CORE,代表,C04128,1,スクール ie 問い合わせ,競合の比較検討（評判・料金）,保護者,B,カテゴリ競合×比較/評判/料金/乗換え/特性,中,③B カテゴリ競合,スクールIE,30,164.0,691.0,LOW,比較検討・料金・申込 | ブランド・指名検索,KWP_CompetitorKeywordSeed
38165,塾 スクール ie 料金,CORE,代表,C04153,1,塾 スクール ie 料金,競合の比較検討（評判・料金）,保護者,B,カテゴリ競合×比較/評判/料金/乗換え/特性,中,③B カテゴリ競合,スクールIE,10,50.0,319.0,LOW,サービス探し（家庭教師・塾・支援） | 比較検討・料金・申込 | ブランド・指名検索,KWP_CompetitorKeywordSeed
36920,スクール ie 明光 義塾 比較,CORE,代表,C04154,1,スクール ie 明光 義塾 比較,競合の比較検討（評判・料金）,保護者,B,カテゴリ競合×比較/評判/料金/乗換え/特性,中,③B カテゴリ競合,スクールIE,40,127.0,291.0,LOW,サービス探し（家庭教師・塾・支援） | 比較検討・料金・申込 | ブランド・指名検索,KWP_CompetitorKeywordSeed
39020,スクール ie 境界 知能 料金,CORE,代表,C04159,1,スクール ie 境界 知能 料金,競合の比較検討（評判・料金）,保護者,B,カテゴリ競合×比較/評判/料金/乗換え/特性,中,③B カテゴリ競合,スクールIE,,,,UNSPECIFIED,比較検討・料金・申込 | ブランド・指名検索,KWP_CompetitorKeywordSeed
38995,スクール ie 境界 知能,CORE,代表,C04160,1,スクール ie 境界 知能,競合×特性/不登校対応の確認,保護者,B,カテゴリ競合×比較/評判/料金/乗換え/特性,中,③B カテゴリ競合,スクールIE,,,,UNSPECIFIED,ブランド・指名検索,KWP_CompetitorKeywordSeed
39012,スクール ie 境界 知能 評判,CORE,代表,C04161,1,スクール ie 境界 知能 評判,競合の比較検討（評判・料金）,保護者,B,カテゴリ競合×比較/評判/料金/乗換え/特性,中,③B カテゴリ競合,スクールIE,,,,UNSPECIFIED,比較検討・料金・申込 | ブランド・指名検索,KWP_CompetitorKeywordSeed
2508,スクール ie 夏期 講習 料金,CORE,代表,C04163,3,スクール ie 夏期 講習 料金,競合の比較検討（評判・料金）,保護者,B,カテゴリ競合×比較/評判/料金/乗換え/特性,中,③B カテゴリ競合,スクールIE,210,16.0,194.0,LOW,比較検討・料金・申込 | 学習のやり方・学習課題 | ブランド・指名検索,KWP_KeywordSeed || KWP_CompetitorKeywordSeed
3426,スクール ie 夏期 講習 費用,CORE,代表,C04165,1,スクール ie 夏期 講習 費用,競合の比較検討（評判・料金）,保護者,B,カテゴリ競合×比較/評判/料金/乗換え/特性,中,③B カテゴリ競合,スクールIE,10,,,LOW,比較検討・料金・申込 | 学習のやり方・学習課題 | ブランド・指名検索,KWP_KeywordSeed || KWP_CompetitorKeywordSeed
38973,スクール ie 失敗,CORE,代表,C04191,1,スクール ie 失敗,競合の不満・乗り換え,保護者,B,カテゴリ競合×比較/評判/料金/乗換え/特性,中,③B カテゴリ競合,スクールIE,,,,UNSPECIFIED,比較検討・料金・申込 | ブランド・指名検索,KWP_CompetitorKeywordSeed
39018,スクール ie ld 料金,CORE,代表,C04198,2,スクール ie ld 料金,競合の比較検討（評判・料金）,保護者,B,カテゴリ競合×比較/評判/料金/乗換え/特性,中,③B カテゴリ競合,スクールIE,,,,UNSPECIFIED,比較検討・料金・申込 | ブランド・指名検索,KWP_CompetitorKeywordSeed
39010,スクール ie ld 評判,CORE,代表,C04199,2,スクール ie ld 評判,競合の比較検討（評判・料金）,保護者,B,カテゴリ競合×比較/評判/料金/乗換え/特性,中,③B カテゴリ競合,スクールIE,,,,UNSPECIFIED,比較検討・料金・申込 | ブランド・指名検索,KWP_CompetitorKeywordSeed
38994,スクール ie 学習 障害,CORE,代表,C04200,2,スクール ie 学習 障害,競合×特性/不登校対応の確認,保護者,B,カテゴリ競合×比較/評判/料金/乗換え/特性,中,③B カテゴリ競合,スクールIE,,,,UNSPECIFIED,ブランド・指名検索,KWP_CompetitorKeywordSeed
38962,スクール ie 安い,CORE,代表,C04203,1,スクール ie 安い,競合の比較検討（評判・料金）,保護者,B,カテゴリ競合×比較/評判/料金/乗換え/特性,中,③B カテゴリ競合,スクールIE,,,,UNSPECIFIED,比較検討・料金・申込 | ブランド・指名検索,KWP_CompetitorKeywordSeed
38219,スクール ie 実績,CORE,代表,C04208,1,スクール ie 実績,競合の比較検討（評判・料金）,保護者,B,カテゴリ競合×比較/評判/料金/乗換え/特性,中,③B カテゴリ競合,スクールIE,30,,,LOW,比較検討・料金・申込 | ブランド・指名検索,KWP_CompetitorKeywordSeed
38166,スクール ie 進学 実績,CORE,代表,C04209,1,スクール ie 進学 実績,競合の比較検討（評判・料金）,保護者,B,カテゴリ競合×比較/評判/料金/乗換え/特性,中,③B カテゴリ競合,スクールIE,40,,,LOW,比較検討・料金・申込 | 受験・進路 | ブランド・指名検索,KWP_CompetitorKeywordSeed
3020,スクール ie 料金 小学生,CORE,代表,C04229,4,スクール ie 料金 小学生,競合の比較検討（評判・料金）,保護者,B,カテゴリ競合×比較/評判/料金/乗換え/特性,中,③B カテゴリ競合,スクールIE,170,97.0,352.0,LOW,比較検討・料金・申込 | ブランド・指名検索,KWP_KeywordSeed || KWP_CompetitorKeywordSeed
38974,スクール ie 後悔,CORE,代表,C04292,1,スクール ie 後悔,競合の不満・乗り換え,保護者,B,カテゴリ競合×比較/評判/料金/乗換え/特性,中,③B カテゴリ競合,スクールIE,,,,UNSPECIFIED,比較検討・料金・申込 | ブランド・指名検索,KWP_CompetitorKeywordSeed
38972,スクール ie 怪しい,CORE,代表,C04296,1,スクール ie 怪しい,競合の不満・乗り換え,保護者,B,カテゴリ競合×比較/評判/料金/乗換え/特性,中,③B カテゴリ競合,スクールIE,,,,UNSPECIFIED,比較検討・料金・申込 | ブランド・指名検索,KWP_CompetitorKeywordSeed
38951,スクール ie 評判 悪い,CORE,代表,C04301,2,スクール ie 評判 悪い,競合の比較検討（評判・料金）,保護者,B,カテゴリ競合×比較/評判/料金/乗換え/特性,中,③B カテゴリ競合,スクールIE,10,,,LOW,比較検討・料金・申込 | ブランド・指名検索,KWP_CompetitorKeywordSeed
38956,スクール ie 感想,CORE,代表,C04303,1,スクール ie 感想,競合の比較検討（評判・料金）,保護者,B,カテゴリ競合×比較/評判/料金/乗換え/特性,中,③B カテゴリ競合,スクールIE,,,,UNSPECIFIED,比較検討・料金・申込 | ブランド・指名検索,KWP_CompetitorKeywordSeed
2422,スクール ie 料金,CORE,代表,C04325,13,スクール ie 料金,競合の比較検討（評判・料金）,保護者,B,カテゴリ競合×比較/評判/料金/乗換え/特性,中,③B カテゴリ競合,スクールIE,4400,83.0,303.0,MEDIUM,比較検討・料金・申込 | ブランド・指名検索,KWP_KeywordSeed || KWP_CompetitorKeywordSeed
3030,スクール ie 春期 講習 料金,CORE,代表,C04326,1,スクール ie 春期 講習 料金,競合の比較検討（評判・料金）,保護者,B,カテゴリ競合×比較/評判/料金/乗換え/特性,中,③B カテゴリ競合,スクールIE,30,,,LOW,比較検討・料金・申込 | 学習のやり方・学習課題 | ブランド・指名検索,KWP_KeywordSeed || KWP_CompetitorKeywordSeed
39014,スクール ie 発達 障がい 料金,CORE,代表,C04327,1,スクール ie 発達 障がい 料金,競合の比較検討（評判・料金）,保護者,B,カテゴリ競合×比較/評判/料金/乗換え/特性,中,③B カテゴリ競合,スクールIE,,,,UNSPECIFIED,比較検討・料金・申込 | ブランド・指名検索,KWP_CompetitorKeywordSeed
47953,スクールie 料金 知恵袋,CORE,代表,C04328,1,スクールie 料金 知恵袋,競合の比較検討（評判・料金）,保護者,B,カテゴリ競合×比較/評判/料金/乗換え/特性,中,③B カテゴリ競合,スクールIE,90,188.0,533.0,LOW,比較検討・料金・申込 | ブランド・指名検索,Google_competitor_suggest
2660,スクール ie 料金 表,CORE,代表,C04329,3,スクール ie 料金 表,競合の比較検討（評判・料金）,保護者,B,カテゴリ競合×比較/評判/料金/乗換え/特性,中,③B カテゴリ競合,スクールIE,210,52.0,260.0,LOW,比較検討・料金・申込 | ブランド・指名検索,KWP_KeywordSeed || KWP_CompetitorKeywordSeed
3032,スクール ie 料金 高い,CORE,代表,C04330,2,スクール ie 料金 高い,競合の比較検討（評判・料金）,保護者,B,カテゴリ競合×比較/評判/料金/乗換え/特性,中,③B カテゴリ競合,スクールIE,110,72.0,303.0,LOW,比較検討・料金・申込 | ブランド・指名検索,KWP_KeywordSeed || KWP_CompetitorKeywordSeed
2722,スクール ie 高校生 料金,CORE,代表,C04331,3,スクール ie 高校生 料金,競合の比較検討（評判・料金）,保護者,B,カテゴリ競合×比較/評判/料金/乗換え/特性,中,③B カテゴリ競合,スクールIE,90,92.0,406.0,MEDIUM,比較検討・料金・申込 | ブランド・指名検索,KWP_KeywordSeed || KWP_CompetitorKeywordSeed
38981,スクール ie 退会 方法,CORE,代表,C04347,1,スクール ie 退会 方法,競合の不満・乗り換え,保護者,B,カテゴリ競合×比較/評判/料金/乗換え/特性,中,③B カテゴリ競合,スクールIE,20,,,LOW,比較検討・料金・申込 | 合わない・断られた・乗り換え | ブランド・指名検索 | 利用中・会員の手続き,KWP_CompetitorKeywordSeed
38969,スクール ie 最悪,CORE,代表,C04372,3,スクール ie 最悪,競合の不満・乗り換え,保護者,B,カテゴリ競合×比較/評判/料金/乗換え/特性,中,③B カテゴリ競合,スクールIE,10,,,LOW,比較検討・料金・申込 | ブランド・指名検索,KWP_CompetitorKeywordSeed
38963,スクール ie 比較,CORE,代表,C04575,1,スクール ie 比較,競合の比較検討（評判・料金）,保護者,B,カテゴリ競合×比較/評判/料金/乗換え/特性,中,③B カテゴリ競合,スクールIE,,,,UNSPECIFIED,比較検討・料金・申込 | ブランド・指名検索,KWP_CompetitorKeywordSeed
38987,スクール ie 申し込み,CORE,代表,C04613,1,スクール ie 申し込み,競合の比較検討（評判・料金）,保護者,B,カテゴリ競合×比較/評判/料金/乗換え/特性,中,③B カテゴリ競合,スクールIE,,,,UNSPECIFIED,比較検討・料金・申込 | ブランド・指名検索,KWP_CompetitorKeywordSeed
39006,スクール ie 発達 障がい 評判,CORE,代表,C04617,1,スクール ie 発達 障がい 評判,競合の比較検討（評判・料金）,保護者,B,カテゴリ競合×比較/評判/料金/乗換え/特性,中,③B カテゴリ競合,スクールIE,,,,UNSPECIFIED,比較検討・料金・申込 | ブランド・指名検索,KWP_CompetitorKeywordSeed
114,スクール ie 発達 障害,CORE,代表,C04618,4,スクール ie 発達 障害,競合×特性/不登校対応の確認,保護者,B,カテゴリ競合×比較/評判/料金/乗換え/特性,中,③B カテゴリ競合,スクールIE,90,,,LOW,ブランド・指名検索,KWP_KeywordSeed || KWP_CompetitorKeywordSeed
38774,スクール ie 知恵袋,CORE,代表,C04622,2,スクール ie 知恵袋,競合の比較検討（評判・料金）,保護者,B,カテゴリ競合×比較/評判/料金/乗換え/特性,中,③B カテゴリ競合,スクールIE,40,,,LOW,比較検討・料金・申込 | ブランド・指名検索,KWP_CompetitorKeywordSeed
38977,スクール ie 解約,CORE,代表,C04695,3,スクール ie 解約,競合の不満・乗り換え,保護者,B,カテゴリ競合×比較/評判/料金/乗換え/特性,中,③B カテゴリ競合,スクールIE,10,,,LOW,比較検討・料金・申込 | ブランド・指名検索,KWP_CompetitorKeywordSeed
38925,スクール ie 評価,CORE,代表,C04696,3,スクール ie 評価,競合の比較検討（評判・料金）,保護者,B,カテゴリ競合×比較/評判/料金/乗換え/特性,中,③B カテゴリ競合,スクールIE,20,,,LOW,比較検討・料金・申込 | ブランド・指名検索,KWP_CompetitorKeywordSeed
38924,スクール ie 評判,CORE,代表,C04697,3,スクール ie 評判,競合の比較検討（評判・料金）,保護者,B,カテゴリ競合×比較/評判/料金/乗換え/特性,中,③B カテゴリ競合,スクールIE,140,65.0,382.0,LOW,比較検討・料金・申込 | ブランド・指名検索,KWP_CompetitorKeywordSeed
38952,スクール ie 高校生 評判,CORE,代表,C04698,2,スクール ie 高校生 評判,競合の比較検討（評判・料金）,保護者,B,カテゴリ競合×比較/評判/料金/乗換え/特性,中,③B カテゴリ競合,スクールIE,10,,,LOW,比較検討・料金・申込 | ブランド・指名検索,KWP_CompetitorKeywordSeed
38985,スクール ie 資料 請求,CORE,代表,C04699,3,スクール ie 資料 請求,競合の比較検討（評判・料金）,保護者,B,カテゴリ競合×比較/評判/料金/乗換え/特性,中,③B カテゴリ競合,スクールIE,10,321.0,1099.0,HIGH,比較検討・料金・申込 | ブランド・指名検索,KWP_CompetitorKeywordSeed
2896,スクール ie 費用,CORE,代表,C04706,3,スクール ie 費用,競合の比較検討（評判・料金）,保護者,B,カテゴリ競合×比較/評判/料金/乗換え/特性,中,③B カテゴリ競合,スクールIE,50,96.0,248.0,LOW,比較検討・料金・申込 | ブランド・指名検索,KWP_KeywordSeed || KWP_CompetitorKeywordSeed
38976,スクール ie 退会,CORE,代表,C04707,3,スクール ie 退会,競合の不満・乗り換え,保護者,B,カテゴリ競合×比較/評判/料金/乗換え/特性,中,③B カテゴリ競合,スクールIE,90,,,LOW,合わない・断られた・乗り換え | ブランド・指名検索,KWP_CompetitorKeywordSeed
38885,スクール ie 高い,CORE,代表,C04731,3,スクール ie 高い,競合の比較検討（評判・料金）,保護者,B,カテゴリ競合×比較/評判/料金/乗換え/特性,中,③B カテゴリ競合,スクールIE,40,94.0,237.0,LOW,比較検討・料金・申込 | ブランド・指名検索,KWP_CompetitorKeywordSeed
38991,スクール ie adhd,CORE,代表,C04762,1,スクール ie adhd,競合×特性/不登校対応の確認,保護者,B,カテゴリ競合×比較/評判/料金/乗換え/特性,中,③B カテゴリ競合,スクールIE,,,,UNSPECIFIED,ブランド・指名検索,KWP_CompetitorKeywordSeed
39000,スクール ie adhd 口コミ,CORE,代表,C04763,1,スクール ie adhd 口コミ,競合の比較検討（評判・料金）,保護者,B,カテゴリ競合×比較/評判/料金/乗換え/特性,中,③B カテゴリ競合,スクールIE,,,,UNSPECIFIED,比較検討・料金・申込 | ブランド・指名検索,KWP_CompetitorKeywordSeed
39016,スクール ie adhd 料金,CORE,代表,C04764,1,スクール ie adhd 料金,競合の比較検討（評判・料金）,保護者,B,カテゴリ競合×比較/評判/料金/乗換え/特性,中,③B カテゴリ競合,スクールIE,,,,UNSPECIFIED,比較検討・料金・申込 | ブランド・指名検索,KWP_CompetitorKeywordSeed
39008,スクール ie adhd 評判,CORE,代表,C04765,1,スクール ie adhd 評判,競合の比較検討（評判・料金）,保護者,B,カテゴリ競合×比較/評判/料金/乗換え/特性,中,③B カテゴリ競合,スクールIE,,,,UNSPECIFIED,比較検討・料金・申込 | ブランド・指名検索,KWP_CompetitorKeywordSeed
38992,スクール ie asd,CORE,代表,C04766,1,スクール ie asd,競合×特性/不登校対応の確認,保護者,B,カテゴリ競合×比較/評判/料金/乗換え/特性,中,③B カテゴリ競合,スクールIE,,,,UNSPECIFIED,ブランド・指名検索,KWP_CompetitorKeywordSeed
39001,スクール ie asd 口コミ,CORE,代表,C04767,1,スクール ie asd 口コミ,競合の比較検討（評判・料金）,保護者,B,カテゴリ競合×比較/評判/料金/乗換え/特性,中,③B カテゴリ競合,スクールIE,,,,UNSPECIFIED,比較検討・料金・申込 | ブランド・指名検索,KWP_CompetitorKeywordSeed
39017,スクール ie asd 料金,CORE,代表,C04768,1,スクール ie asd 料金,競合の比較検討（評判・料金）,保護者,B,カテゴリ競合×比較/評判/料金/乗換え/特性,中,③B カテゴリ競合,スクールIE,,,,UNSPECIFIED,比較検討・料金・申込 | ブランド・指名検索,KWP_CompetitorKeywordSeed
39009,スクール ie asd 評判,CORE,代表,C04769,1,スクール ie asd 評判,競合の比較検討（評判・料金）,保護者,B,カテゴリ競合×比較/評判/料金/乗換え/特性,中,③B カテゴリ競合,スクールIE,,,,UNSPECIFIED,比較検討・料金・申込 | ブランド・指名検索,KWP_CompetitorKeywordSeed
38000,itto 辞め たい,CORE,代表,C04849,1,itto 辞め たい,競合の不満・乗り換え,保護者,B,カテゴリ競合×比較/評判/料金/乗換え/特性,中,③B カテゴリ競合,ITTO個別指導学院,,,,UNSPECIFIED,比較検討・料金・申込 | 合わない・断られた・乗り換え | ブランド・指名検索,KWP_CompetitorKeywordSeed
37931,itto 個別 指導 学院 クレーム,CORE,代表,C04859,1,itto 個別 指導 学院 クレーム,競合の不満・乗り換え,保護者,B,カテゴリ競合×比較/評判/料金/乗換え/特性,中,③B カテゴリ競合,ITTO個別指導学院,50,,,LOW,サービス探し（家庭教師・塾・支援） | ブランド・指名検索,KWP_CompetitorKeywordSeed
38010,itto グレー ゾーン,CORE,代表,C04860,1,itto グレー ゾーン,競合×特性/不登校対応の確認,保護者,B,カテゴリ競合×比較/評判/料金/乗換え/特性,中,③B カテゴリ競合,ITTO個別指導学院,,,,UNSPECIFIED,ブランド・指名検索,KWP_CompetitorKeywordSeed
38024,itto グレー ゾーン 口コミ,CORE,代表,C04861,1,itto グレー ゾーン 口コミ,競合の比較検討（評判・料金）,保護者,B,カテゴリ競合×比較/評判/料金/乗換え/特性,中,③B カテゴリ競合,ITTO個別指導学院,,,,UNSPECIFIED,比較検討・料金・申込 | ブランド・指名検索,KWP_CompetitorKeywordSeed
38035,itto グレー ゾーン 料金,CORE,代表,C04862,1,itto グレー ゾーン 料金,競合の比較検討（評判・料金）,保護者,B,カテゴリ競合×比較/評判/料金/乗換え/特性,中,③B カテゴリ競合,ITTO個別指導学院,,,,UNSPECIFIED,比較検討・料金・申込 | ブランド・指名検索,KWP_CompetitorKeywordSeed
38029,itto グレー ゾーン 評判,CORE,代表,C04863,1,itto グレー ゾーン 評判,競合の比較検討（評判・料金）,保護者,B,カテゴリ競合×比較/評判/料金/乗換え/特性,中,③B カテゴリ競合,ITTO個別指導学院,,,,UNSPECIFIED,比較検討・料金・申込 | ブランド・指名検索,KWP_CompetitorKeywordSeed
3382,itto 個別 指導 学院 テスト ターボ 料金,CORE,代表,C04864,1,itto 個別 指導 学院 テスト ターボ 料金,競合の比較検討（評判・料金）,保護者,B,カテゴリ競合×比較/評判/料金/乗換え/特性,中,③B カテゴリ競合,ITTO個別指導学院,10,,,LOW,サービス探し（家庭教師・塾・支援） | 比較検討・料金・申込 | 学習のやり方・学習課題 | ブランド・指名検索,KWP_KeywordSeed || KWP_CompetitorKeywordSeed
3253,itto テスト ターボ 料金,CORE,代表,C04865,1,itto テスト ターボ 料金,競合の比較検討（評判・料金）,保護者,B,カテゴリ競合×比較/評判/料金/乗換え/特性,中,③B カテゴリ競合,ITTO個別指導学院,70,,,LOW,比較検討・料金・申込 | 学習のやり方・学習課題 | ブランド・指名検索,KWP_KeywordSeed || KWP_CompetitorKeywordSeed
37955,itto レビュー,CORE,代表,C04871,1,itto レビュー,競合の比較検討（評判・料金）,保護者,B,カテゴリ競合×比較/評判/料金/乗換え/特性,中,③B カテゴリ競合,ITTO個別指導学院,,,,UNSPECIFIED,比較検討・料金・申込 | ブランド・指名検索,KWP_CompetitorKeywordSeed
38028,itto 不 登校 口コミ,CORE,代表,C04875,1,itto 不 登校 口コミ,競合の比較検討（評判・料金）,保護者,B,カテゴリ競合×比較/評判/料金/乗換え/特性,中,③B カテゴリ競合,ITTO個別指導学院,,,,UNSPECIFIED,比較検討・料金・申込 | 学校生活・不登校・学校種別 | ブランド・指名検索,KWP_CompetitorKeywordSeed
38039,itto 不 登校 料金,CORE,代表,C04876,1,itto 不 登校 料金,競合の比較検討（評判・料金）,保護者,B,カテゴリ競合×比較/評判/料金/乗換え/特性,中,③B カテゴリ競合,ITTO個別指導学院,,,,UNSPECIFIED,比較検討・料金・申込 | 学校生活・不登校・学校種別 | ブランド・指名検索,KWP_CompetitorKeywordSeed
38015,itto 不 登校,CORE,代表,C04877,1,itto 不 登校,競合×特性/不登校対応の確認,保護者,B,カテゴリ競合×比較/評判/料金/乗換え/特性,中,③B カテゴリ競合,ITTO個別指導学院,,,,UNSPECIFIED,学校生活・不登校・学校種別 | ブランド・指名検索,KWP_CompetitorKeywordSeed
38034,itto 不 登校 評判,CORE,代表,C04878,1,itto 不 登校 評判,競合の比較検討（評判・料金）,保護者,B,カテゴリ競合×比較/評判/料金/乗換え/特性,中,③B カテゴリ競合,ITTO個別指導学院,,,,UNSPECIFIED,比較検討・料金・申込 | 学校生活・不登校・学校種別 | ブランド・指名検索,KWP_CompetitorKeywordSeed
38004,itto 体験,CORE,代表,C04887,1,itto 体験,競合の比較検討（評判・料金）,保護者,B,カテゴリ競合×比較/評判/料金/乗換え/特性,中,③B カテゴリ競合,ITTO個別指導学院,20,286.0,1090.0,MEDIUM,比較検討・料金・申込 | ブランド・指名検索,KWP_CompetitorKeywordSeed || CompetitorMatrix
38002,itto 個別 指導 学院 体験,CORE,代表,C04888,1,itto 個別 指導 学院 体験,競合の比較検討（評判・料金）,保護者,B,カテゴリ競合×比較/評判/料金/乗換え/特性,中,③B カテゴリ競合,ITTO個別指導学院,10,328.0,1102.0,MEDIUM,サービス探し（家庭教師・塾・支援） | 比較検討・料金・申込 | ブランド・指名検索,KWP_CompetitorKeywordSeed
38005,itto 体験 授業,CORE,代表,C04889,1,itto 体験 授業,競合の比較検討（評判・料金）,保護者,B,カテゴリ競合×比較/評判/料金/乗換え/特性,中,③B カテゴリ競合,ITTO個別指導学院,,,,UNSPECIFIED,比較検討・料金・申込 | 学習のやり方・学習課題 | ブランド・指名検索,KWP_CompetitorKeywordSeed
38003,itto 無料 体験,CORE,代表,C04890,2,itto 無料 体験,競合の比較検討（評判・料金）,保護者,B,カテゴリ競合×比較/評判/料金/乗換え/特性,中,③B カテゴリ競合,ITTO個別指導学院,10,210.0,1093.0,HIGH,比較検討・料金・申込 | ブランド・指名検索,KWP_CompetitorKeywordSeed
37956,itto 体験 談,CORE,代表,C04891,1,itto 体験 談,競合の比較検討（評判・料金）,保護者,B,カテゴリ競合×比較/評判/料金/乗換え/特性,中,③B カテゴリ競合,ITTO個別指導学院,,,,UNSPECIFIED,比較検討・料金・申込 | ブランド・指名検索,KWP_CompetitorKeywordSeed
37961,itto 個別 指導 学院 入会 金,CORE,代表,C04894,1,itto 個別 指導 学院 入会 金,競合の比較検討（評判・料金）,保護者,B,カテゴリ競合×比較/評判/料金/乗換え/特性,中,③B カテゴリ競合,ITTO個別指導学院,30,158.0,318.0,LOW,サービス探し（家庭教師・塾・支援） | 比較検討・料金・申込 | ブランド・指名検索,KWP_CompetitorKeywordSeed
3331,itto 個別 指導 学院 冬期 講習 料金,CORE,代表,C04895,1,itto 個別 指導 学院 冬期 講習 料金,競合の比較検討（評判・料金）,保護者,B,カテゴリ競合×比較/評判/料金/乗換え/特性,中,③B カテゴリ競合,ITTO個別指導学院,10,,,LOW,サービス探し（家庭教師・塾・支援） | 比較検討・料金・申込 | 学習のやり方・学習課題 | ブランド・指名検索,KWP_KeywordSeed || KWP_CompetitorKeywordSeed
37927,itto 個別 口コミ,CORE,代表,C04897,1,itto 個別 口コミ,競合の比較検討（評判・料金）,保護者,B,カテゴリ競合×比較/評判/料金/乗換え/特性,中,③B カテゴリ競合,ITTO個別指導学院,10,,,UNSPECIFIED,比較検討・料金・申込 | ブランド・指名検索,KWP_CompetitorKeywordSeed
37954,塾 口コミ itto 個別 指導 学院,CORE,代表,C04898,1,塾 口コミ itto 個別 指導 学院,競合の比較検討（評判・料金）,保護者,B,カテゴリ競合×比較/評判/料金/乗換え/特性,中,③B カテゴリ競合,ITTO個別指導学院,0,,,UNSPECIFIED,サービス探し（家庭教師・塾・支援） | 比較検討・料金・申込 | ブランド・指名検索,KWP_CompetitorKeywordSeed
37953,塾 口コミ itto 個別 指導,CORE,代表,C04899,1,塾 口コミ itto 個別 指導,競合の比較検討（評判・料金）,保護者,B,カテゴリ競合×比較/評判/料金/乗換え/特性,中,③B カテゴリ競合,ITTO個別指導学院,0,,,UNSPECIFIED,サービス探し（家庭教師・塾・支援） | 比較検討・料金・申込 | ブランド・指名検索,KWP_CompetitorKeywordSeed
37912,itto 個別 指導 学院 口コミ,CORE,代表,C04900,2,itto 個別 指導 学院 口コミ,競合の比較検討（評判・料金）,保護者,B,カテゴリ競合×比較/評判/料金/乗換え/特性,中,③B カテゴリ競合,ITTO個別指導学院,390,124.0,463.0,LOW,サービス探し（家庭教師・塾・支援） | 比較検討・料金・申込 | ブランド・指名検索,KWP_CompetitorKeywordSeed
37929,itto 個別 指導 口コミ,CORE,代表,C04901,2,itto 個別 指導 口コミ,競合の比較検討（評判・料金）,保護者,B,カテゴリ競合×比較/評判/料金/乗換え/特性,中,③B カテゴリ競合,ITTO個別指導学院,20,155.0,385.0,MEDIUM,サービス探し（家庭教師・塾・支援） | 比較検討・料金・申込 | ブランド・指名検索,KWP_CompetitorKeywordSeed
37933,itto 個別 指導 学院 大学 合格 実績,CORE,代表,C04902,1,itto 個別 指導 学院 大学 合格 実績,競合の比較検討（評判・料金）,保護者,B,カテゴリ競合×比較/評判/料金/乗換え/特性,中,③B カテゴリ競合,ITTO個別指導学院,10,,,LOW,サービス探し（家庭教師・塾・支援） | 比較検討・料金・申込 | 受験・進路 | ブランド・指名検索,KWP_CompetitorKeywordSeed
3582,塾 料金 itto 個別 指導 学院,CORE,代表,C04907,1,塾 料金 itto 個別 指導 学院,競合の比較検討（評判・料金）,保護者,B,カテゴリ競合×比較/評判/料金/乗換え/特性,中,③B カテゴリ競合,ITTO個別指導学院,10,,,UNSPECIFIED,サービス探し（家庭教師・塾・支援） | 比較検討・料金・申込 | ブランド・指名検索,KWP_KeywordSeed || KWP_CompetitorKeywordSeed
3143,itto 個別 指導 塾 料金,CORE,代表,C04911,2,itto 個別 指導 塾 料金,競合の比較検討（評判・料金）,保護者,B,カテゴリ競合×比較/評判/料金/乗換え/特性,中,③B カテゴリ競合,ITTO個別指導学院,10,157.0,711.0,MEDIUM,サービス探し（家庭教師・塾・支援） | 比較検討・料金・申込 | ブランド・指名検索,KWP_KeywordSeed || KWP_CompetitorKeywordSeed
37930,itto 個別 指導 塾 評判,CORE,代表,C04913,1,itto 個別 指導 塾 評判,競合の比較検討（評判・料金）,保護者,B,カテゴリ競合×比較/評判/料金/乗換え/特性,中,③B カテゴリ競合,ITTO個別指導学院,10,,,MEDIUM,サービス探し（家庭教師・塾・支援） | 比較検討・料金・申込 | ブランド・指名検索,KWP_CompetitorKeywordSeed
47912,個別 塾 itto 料金,CORE,代表,C04914,1,個別 塾 itto 料金,競合の比較検討（評判・料金）,保護者,B,カテゴリ競合×比較/評判/料金/乗換え/特性,中,③B カテゴリ競合,ITTO個別指導学院,10,,,LOW,サービス探し（家庭教師・塾・支援） | 比較検討・料金・申込 | ブランド・指名検索,Google_competitor_suggest
2664,itto 個別 指導 学院 夏期 講習 料金,CORE,代表,C04915,1,itto 個別 指導 学院 夏期 講習 料金,競合の比較検討（評判・料金）,保護者,B,カテゴリ競合×比較/評判/料金/乗換え/特性,中,③B カテゴリ競合,ITTO個別指導学院,40,99.0,417.0,LOW,サービス探し（家庭教師・塾・支援） | 比較検討・料金・申込 | 学習のやり方・学習課題 | ブランド・指名検索,KWP_KeywordSeed || KWP_CompetitorKeywordSeed
2435,itto 個別 指導 学院 料金,CORE,代表,C04923,3,itto 個別 指導 学院 料金,競合の比較検討（評判・料金）,保護者,B,カテゴリ競合×比較/評判/料金/乗換え/特性,中,③B カテゴリ競合,ITTO個別指導学院,880,140.0,610.0,MEDIUM,サービス探し（家庭教師・塾・支援） | 比較検討・料金・申込 | ブランド・指名検索,KWP_KeywordSeed || KWP_CompetitorKeywordSeed
37935,itto 個別 指導 学院 苦情,CORE,代表,C04925,1,itto 個別 指導 学院 苦情,競合の不満・乗り換え,保護者,B,カテゴリ競合×比較/評判/料金/乗換え/特性,中,③B カテゴリ競合,ITTO個別指導学院,10,,,UNSPECIFIED,サービス探し（家庭教師・塾・支援） | ブランド・指名検索,KWP_CompetitorKeywordSeed
37936,itto 個別 指導 学院 評価,CORE,代表,C04927,1,itto 個別 指導 学院 評価,競合の比較検討（評判・料金）,保護者,B,カテゴリ競合×比較/評判/料金/乗換え/特性,中,③B カテゴリ競合,ITTO個別指導学院,10,,,LOW,サービス探し（家庭教師・塾・支援） | 比較検討・料金・申込 | ブランド・指名検索,KWP_CompetitorKeywordSeed
37915,itto 個別 指導 学院 評判,CORE,代表,C04928,1,itto 個別 指導 学院 評判,競合の比較検討（評判・料金）,保護者,B,カテゴリ競合×比較/評判/料金/乗換え/特性,中,③B カテゴリ競合,ITTO個別指導学院,30,,,LOW,サービス探し（家庭教師・塾・支援） | 比較検討・料金・申込 | ブランド・指名検索,KWP_CompetitorKeywordSeed
3383,itto 個別 指導 学院 費用,CORE,代表,C04929,1,itto 個別 指導 学院 費用,競合の比較検討（評判・料金）,保護者,B,カテゴリ競合×比較/評判/料金/乗換え/特性,中,③B カテゴリ競合,ITTO個別指導学院,10,,,MEDIUM,サービス探し（家庭教師・塾・支援） | 比較検討・料金・申込 | ブランド・指名検索,KWP_KeywordSeed || KWP_CompetitorKeywordSeed
37991,itto 個別 指導 学院 退会,CORE,代表,C04931,1,itto 個別 指導 学院 退会,競合の不満・乗り換え,保護者,B,カテゴリ競合×比較/評判/料金/乗換え/特性,中,③B カテゴリ競合,ITTO個別指導学院,20,,,LOW,サービス探し（家庭教師・塾・支援） | 合わない・断られた・乗り換え | ブランド・指名検索,KWP_CompetitorKeywordSeed
37993,itto 個別 指導 学院 退会 違約 金,CORE,代表,C04932,1,itto 個別 指導 学院 退会 違約 金,競合の不満・乗り換え,保護者,B,カテゴリ競合×比較/評判/料金/乗換え/特性,中,③B カテゴリ競合,ITTO個別指導学院,20,,,LOW,サービス探し（家庭教師・塾・支援） | 合わない・断られた・乗り換え | ブランド・指名検索,KWP_CompetitorKeywordSeed
2758,個別 指導 itto 料金,CORE,代表,C04935,2,個別 指導 itto 料金,競合の比較検討（評判・料金）,保護者,B,カテゴリ競合×比較/評判/料金/乗換え/特性,中,③B カテゴリ競合,ITTO個別指導学院,90,139.0,480.0,MEDIUM,サービス探し（家庭教師・塾・支援） | 比較検討・料金・申込 | ブランド・指名検索,KWP_KeywordSeed || KWP_CompetitorKeywordSeed || Google_competitor_suggest
37938,itto 個別 指導 評判,CORE,代表,C04936,2,itto 個別 指導 評判,競合の比較検討（評判・料金）,保護者,B,カテゴリ競合×比較/評判/料金/乗換え/特性,中,③B カテゴリ競合,ITTO個別指導学院,10,,,LOW,サービス探し（家庭教師・塾・支援） | 比較検討・料金・申込 | ブランド・指名検索,KWP_CompetitorKeywordSeed
3037,itto 個別 料金,CORE,代表,C04937,2,itto 個別 料金,競合の比較検討（評判・料金）,保護者,B,カテゴリ競合×比較/評判/料金/乗換え/特性,中,③B カテゴリ競合,ITTO個別指導学院,30,151.0,463.0,MEDIUM,比較検討・料金・申込 | ブランド・指名検索,KWP_KeywordSeed || KWP_CompetitorKeywordSeed
37939,itto 個別 評判,CORE,代表,C04938,1,itto 個別 評判,競合の比較検討（評判・料金）,保護者,B,カテゴリ競合×比較/評判/料金/乗換え/特性,中,③B カテゴリ競合,ITTO個別指導学院,10,,,HIGH,比較検討・料金・申込 | ブランド・指名検索,KWP_CompetitorKeywordSeed
38009,itto 入会,CORE,代表,C04941,1,itto 入会,競合の比較検討（評判・料金）,保護者,B,カテゴリ競合×比較/評判/料金/乗換え/特性,中,③B カテゴリ競合,ITTO個別指導学院,,,,UNSPECIFIED,比較検討・料金・申込 | ブランド・指名検索,KWP_CompetitorKeywordSeed
37960,itto 塾 入会 金,CORE,代表,C04942,1,itto 塾 入会 金,競合の比較検討（評判・料金）,保護者,B,カテゴリ競合×比較/評判/料金/乗換え/特性,中,③B カテゴリ競合,ITTO個別指導学院,40,107.0,429.0,LOW,サービス探し（家庭教師・塾・支援） | 比較検討・料金・申込 | ブランド・指名検索,KWP_CompetitorKeywordSeed
37967,itto 入会 金 無料,CORE,代表,C04943,1,itto 入会 金 無料,競合の比較検討（評判・料金）,保護者,B,カテゴリ競合×比較/評判/料金/乗換え/特性,中,③B カテゴリ競合,ITTO個別指導学院,20,131.0,403.0,MEDIUM,比較検討・料金・申込 | ブランド・指名検索,KWP_CompetitorKeywordSeed
37958,itto 入会 金,CORE,代表,C04944,2,itto 入会 金,競合の比較検討（評判・料金）,保護者,B,カテゴリ競合×比較/評判/料金/乗換え/特性,中,③B カテゴリ競合,ITTO個別指導学院,40,160.0,656.0,LOW,比較検討・料金・申込 | ブランド・指名検索,KWP_CompetitorKeywordSeed
2941,itto 冬期 講習 料金,CORE,代表,C04945,1,itto 冬期 講習 料金,競合の比較検討（評判・料金）,保護者,B,カテゴリ競合×比較/評判/料金/乗換え/特性,中,③B カテゴリ競合,ITTO個別指導学院,70,,,LOW,比較検討・料金・申込 | 学習のやり方・学習課題 | ブランド・指名検索,KWP_KeywordSeed || KWP_CompetitorKeywordSeed
20875,itto 口コミ,CORE,代表,C04954,1,itto 口コミ,競合の比較検討（評判・料金）,保護者,B,カテゴリ競合×比較/評判/料金/乗換え/特性,中,③B カテゴリ競合,ITTO個別指導学院,70,123.0,415.0,LOW,比較検討・料金・申込 | ブランド・指名検索,KWP_UrlSeed || KWP_CompetitorKeywordSeed || Google_competitor_suggest || CompetitorMatrix
37916,itto 塾 口コミ,CORE,代表,C04955,2,itto 塾 口コミ,競合の比較検討（評判・料金）,保護者,B,カテゴリ競合×比較/評判/料金/乗換え/特性,中,③B カテゴリ競合,ITTO個別指導学院,210,118.0,495.0,MEDIUM,サービス探し（家庭教師・塾・支援） | 比較検討・料金・申込 | ブランド・指名検索,KWP_CompetitorKeywordSeed
38027,itto 境界 知能 口コミ,CORE,代表,C04956,1,itto 境界 知能 口コミ,競合の比較検討（評判・料金）,保護者,B,カテゴリ競合×比較/評判/料金/乗換え/特性,中,③B カテゴリ競合,ITTO個別指導学院,,,,UNSPECIFIED,比較検討・料金・申込 | ブランド・指名検索,KWP_CompetitorKeywordSeed
38026,itto ld 口コミ,CORE,代表,C04957,1,itto ld 口コミ,競合の比較検討（評判・料金）,保護者,B,カテゴリ競合×比較/評判/料金/乗換え/特性,中,③B カテゴリ競合,ITTO個別指導学院,,,,UNSPECIFIED,比較検討・料金・申込 | ブランド・指名検索,KWP_CompetitorKeywordSeed
3385,itto 塾 料金 夏期 講習,CORE,代表,C04963,1,itto 塾 料金 夏期 講習,競合の比較検討（評判・料金）,保護者,B,カテゴリ競合×比較/評判/料金/乗換え/特性,中,③B カテゴリ競合,ITTO個別指導学院,10,86.0,224.0,MEDIUM,サービス探し（家庭教師・塾・支援） | 比較検討・料金・申込 | 学習のやり方・学習課題 | ブランド・指名検索,KWP_KeywordSeed || KWP_CompetitorKeywordSeed
2806,itto 学習 塾 料金,CORE,代表,C04965,1,itto 学習 塾 料金,競合の比較検討（評判・料金）,保護者,B,カテゴリ競合×比較/評判/料金/乗換え/特性,中,③B カテゴリ競合,ITTO個別指導学院,30,128.0,593.0,MEDIUM,サービス探し（家庭教師・塾・支援） | 比較検討・料金・申込 | ブランド・指名検索,KWP_KeywordSeed || KWP_CompetitorKeywordSeed
37922,学習 塾 itto 評判,CORE,代表,C04966,2,学習 塾 itto 評判,競合の比較検討（評判・料金）,保護者,B,カテゴリ競合×比較/評判/料金/乗換え/特性,中,③B カテゴリ競合,ITTO個別指導学院,20,,,LOW,サービス探し（家庭教師・塾・支援） | 比較検討・料金・申込 | ブランド・指名検索,KWP_CompetitorKeywordSeed
2446,itto 塾 料金,CORE,代表,C04968,4,itto 塾 料金,競合の比較検討（評判・料金）,保護者,B,カテゴリ競合×比較/評判/料金/乗換え/特性,中,③B カテゴリ競合,ITTO個別指導学院,590,140.0,605.0,MEDIUM,サービス探し（家庭教師・塾・支援） | 比較検討・料金・申込 | ブランド・指名検索,KWP_KeywordSeed || KWP_CompetitorKeywordSeed
37914,itto 塾 評判,CORE,代表,C04969,2,itto 塾 評判,競合の比較検討（評判・料金）,保護者,B,カテゴリ競合×比較/評判/料金/乗換え/特性,中,③B カテゴリ競合,ITTO個別指導学院,90,103.0,462.0,MEDIUM,サービス探し（家庭教師・塾・支援） | 比較検討・料金・申込 | ブランド・指名検索,KWP_CompetitorKeywordSeed
3387,itto 塾 費用,CORE,代表,C04970,1,itto 塾 費用,競合の比較検討（評判・料金）,保護者,B,カテゴリ競合×比較/評判/料金/乗換え/特性,中,③B カテゴリ競合,ITTO個別指導学院,10,,,MEDIUM,サービス探し（家庭教師・塾・支援） | 比較検討・料金・申込 | ブランド・指名検索,KWP_KeywordSeed || KWP_CompetitorKeywordSeed
37994,itto 塾 退会,CORE,代表,C04971,1,itto 塾 退会,競合の不満・乗り換え,保護者,B,カテゴリ競合×比較/評判/料金/乗換え/特性,中,③B カテゴリ競合,ITTO個別指導学院,30,,,LOW,サービス探し（家庭教師・塾・支援） | 合わない・断られた・乗り換え | ブランド・指名検索,KWP_CompetitorKeywordSeed
38038,itto 境界 知能 料金,CORE,代表,C04974,1,itto 境界 知能 料金,競合の比較検討（評判・料金）,保護者,B,カテゴリ競合×比較/評判/料金/乗換え/特性,中,③B カテゴリ競合,ITTO個別指導学院,,,,UNSPECIFIED,比較検討・料金・申込 | ブランド・指名検索,KWP_CompetitorKeywordSeed
38033,itto 境界 知能 評判,CORE,代表,C04976,1,itto 境界 知能 評判,競合の比較検討（評判・料金）,保護者,B,カテゴリ競合×比較/評判/料金/乗換え/特性,中,③B カテゴリ競合,ITTO個別指導学院,,,,UNSPECIFIED,比較検討・料金・申込 | ブランド・指名検索,KWP_CompetitorKeywordSeed
2776,itto 夏期 講習 料金,CORE,代表,C04977,2,itto 夏期 講習 料金,競合の比較検討（評判・料金）,保護者,B,カテゴリ競合×比較/評判/料金/乗換え/特性,中,③B カテゴリ競合,ITTO個別指導学院,50,87.0,380.0,LOW,比較検討・料金・申込 | 学習のやり方・学習課題 | ブランド・指名検索,KWP_KeywordSeed || KWP_CompetitorKeywordSeed
38037,itto ld 料金,CORE,代表,C04987,1,itto ld 料金,競合の比較検討（評判・料金）,保護者,B,カテゴリ競合×比較/評判/料金/乗換え/特性,中,③B カテゴリ競合,ITTO個別指導学院,,,,UNSPECIFIED,比較検討・料金・申込 | ブランド・指名検索,KWP_CompetitorKeywordSeed
38031,itto ld 評判,CORE,代表,C04988,2,itto ld 評判,競合の比較検討（評判・料金）,保護者,B,カテゴリ競合×比較/評判/料金/乗換え/特性,中,③B カテゴリ競合,ITTO個別指導学院,,,,UNSPECIFIED,比較検討・料金・申込 | ブランド・指名検索,KWP_CompetitorKeywordSeed
38013,itto 学習 障害,CORE,代表,C04989,2,itto 学習 障害,競合×特性/不登校対応の確認,保護者,B,カテゴリ競合×比較/評判/料金/乗換え/特性,中,③B カテゴリ競合,ITTO個別指導学院,,,,UNSPECIFIED,ブランド・指名検索,KWP_CompetitorKeywordSeed
37976,itto 安い,CORE,代表,C04992,1,itto 安い,競合の比較検討（評判・料金）,保護者,B,カテゴリ競合×比較/評判/料金/乗換え/特性,中,③B カテゴリ競合,ITTO個別指導学院,,,,UNSPECIFIED,比較検討・料金・申込 | ブランド・指名検索,KWP_CompetitorKeywordSeed
2693,itto 料金,CORE,代表,C05010,4,itto 料金,競合の比較検討（評判・料金）,保護者,B,カテゴリ競合×比較/評判/料金/乗換え/特性,中,③B カテゴリ競合,ITTO個別指導学院,140,145.0,452.0,MEDIUM,比較検討・料金・申込 | ブランド・指名検索,KWP_KeywordSeed || KWP_CompetitorKeywordSeed || Google_competitor_suggest || CompetitorMatrix
3388,itto 春期 講習 料金,CORE,代表,C05011,1,itto 春期 講習 料金,競合の比較検討（評判・料金）,保護者,B,カテゴリ競合×比較/評判/料金/乗換え/特性,中,③B カテゴリ競合,ITTO個別指導学院,30,,,LOW,比較検討・料金・申込 | 学習のやり方・学習課題 | ブランド・指名検索,KWP_KeywordSeed || KWP_CompetitorKeywordSeed
67845,itto 料金表,CORE,代表,C05012,2,itto 料金表,競合の比較検討（評判・料金）,保護者,B,カテゴリ競合×比較/評判/料金/乗換え/特性,中,③B カテゴリ競合,ITTO個別指導学院,10,133.0,317.0,LOW,比較検討・料金・申込 | ブランド・指名検索,CompetitorMatrix
3141,itto 高校生 料金,CORE,代表,C05013,1,itto 高校生 料金,競合の比較検討（評判・料金）,保護者,B,カテゴリ競合×比較/評判/料金/乗換え/特性,中,③B カテゴリ競合,ITTO個別指導学院,30,154.0,435.0,MEDIUM,比較検討・料金・申込 | ブランド・指名検索,KWP_KeywordSeed || KWP_CompetitorKeywordSeed
47916,itto 発達障害,CORE,代表,C05034,1,itto 発達障害,競合×特性/不登校対応の確認,保護者,B,カテゴリ競合×比較/評判/料金/乗換え/特性,中,③B カテゴリ競合,ITTO個別指導学院,,,,UNSPECIFIED,ブランド・指名検索,Google_competitor_suggest
38001,itto 解約,CORE,代表,C05046,1,itto 解約,競合の不満・乗り換え,保護者,B,カテゴリ競合×比較/評判/料金/乗換え/特性,中,③B カテゴリ競合,ITTO個別指導学院,,,,UNSPECIFIED,比較検討・料金・申込 | ブランド・指名検索,KWP_CompetitorKeywordSeed
20916,itto 評判,CORE,代表,C05048,1,itto 評判,競合の比較検討（評判・料金）,保護者,B,カテゴリ競合×比較/評判/料金/乗換え/特性,中,③B カテゴリ競合,ITTO個別指導学院,20,141.0,489.0,LOW,比較検討・料金・申込 | ブランド・指名検索,KWP_UrlSeed || KWP_CompetitorKeywordSeed || Google_competitor_suggest || CompetitorMatrix
38007,itto 資料 請求,CORE,代表,C05049,1,itto 資料 請求,競合の比較検討（評判・料金）,保護者,B,カテゴリ競合×比較/評判/料金/乗換え/特性,中,③B カテゴリ競合,ITTO個別指導学院,,,,UNSPECIFIED,比較検討・料金・申込 | ブランド・指名検索,KWP_CompetitorKeywordSeed
3389,itto 費用,CORE,代表,C05051,1,itto 費用,競合の比較検討（評判・料金）,保護者,B,カテゴリ競合×比較/評判/料金/乗換え/特性,中,③B カテゴリ競合,ITTO個別指導学院,10,,,LOW,比較検討・料金・申込 | ブランド・指名検索,KWP_KeywordSeed || KWP_CompetitorKeywordSeed || CompetitorMatrix
37989,itto 退会,CORE,代表,C05053,1,itto 退会,競合の不満・乗り換え,保護者,B,カテゴリ競合×比較/評判/料金/乗換え/特性,中,③B カテゴリ競合,ITTO個別指導学院,30,,,LOW,合わない・断られた・乗り換え | ブランド・指名検索,KWP_CompetitorKeywordSeed || CompetitorMatrix
37975,itto 高い,CORE,代表,C05059,1,itto 高い,競合の比較検討（評判・料金）,保護者,B,カテゴリ競合×比較/評判/料金/乗換え/特性,中,③B カテゴリ競合,ITTO個別指導学院,,,,UNSPECIFIED,比較検討・料金・申込 | ブランド・指名検索,KWP_CompetitorKeywordSeed
38011,itto asd,CORE,代表,C05066,1,itto asd,競合×特性/不登校対応の確認,保護者,B,カテゴリ競合×比較/評判/料金/乗換え/特性,中,③B カテゴリ競合,ITTO個別指導学院,,,,UNSPECIFIED,ブランド・指名検索,KWP_CompetitorKeywordSeed
38025,itto asd 口コミ,CORE,代表,C05067,1,itto asd 口コミ,競合の比較検討（評判・料金）,保護者,B,カテゴリ競合×比較/評判/料金/乗換え/特性,中,③B カテゴリ競合,ITTO個別指導学院,,,,UNSPECIFIED,比較検討・料金・申込 | ブランド・指名検索,KWP_CompetitorKeywordSeed
38036,itto asd 料金,CORE,代表,C05068,1,itto asd 料金,競合の比較検討（評判・料金）,保護者,B,カテゴリ競合×比較/評判/料金/乗換え/特性,中,③B カテゴリ競合,ITTO個別指導学院,,,,UNSPECIFIED,比較検討・料金・申込 | ブランド・指名検索,KWP_CompetitorKeywordSeed
38030,itto asd 評判,CORE,代表,C05069,1,itto asd 評判,競合の比較検討（評判・料金）,保護者,B,カテゴリ競合×比較/評判/料金/乗換え/特性,中,③B カテゴリ競合,ITTO個別指導学院,,,,UNSPECIFIED,比較検討・料金・申込 | ブランド・指名検索,KWP_CompetitorKeywordSeed
47417,job トライ 評判,CORE,代表,C05078,1,job トライ 評判,競合の比較検討（評判・料金）,保護者,B,カテゴリ競合×比較/評判/料金/乗換え/特性,中,③B カテゴリ競合,家庭教師のトライ,110,177.0,568.0,LOW,比較検討・料金・申込 | ブランド・指名検索,Google_competitor_suggest
2197,katekyo 学院 料金 中学生,CORE,代表,C05091,1,katekyo 学院 料金 中学生,競合の比較検討（評判・料金）,保護者,B,カテゴリ競合×比較/評判/料金/乗換え/特性,中,③B カテゴリ競合,KATEKYO学院,30,94.0,418.0,MEDIUM,比較検討・料金・申込 | ブランド・指名検索,KWP_KeywordSeed
2319,katekyo 学院 月謝,CORE,代表,C05095,1,katekyo 学院 月謝,競合の比較検討（評判・料金）,保護者,B,カテゴリ競合×比較/評判/料金/乗換え/特性,中,③B カテゴリ競合,KATEKYO学院,40,88.0,293.0,MEDIUM,比較検討・料金・申込 | ブランド・指名検索,KWP_KeywordSeed
2185,katekyo 学院 料金 高い,CORE,代表,C05096,1,katekyo 学院 料金 高い,競合の比較検討（評判・料金）,保護者,B,カテゴリ競合×比較/評判/料金/乗換え/特性,中,③B カテゴリ競合,KATEKYO学院,70,81.0,660.0,LOW,比較検討・料金・申込 | ブランド・指名検索,KWP_KeywordSeed
2292,katekyo 学院 料金 高校生,CORE,代表,C05097,1,katekyo 学院 料金 高校生,競合の比較検討（評判・料金）,保護者,B,カテゴリ競合×比較/評判/料金/乗換え/特性,中,③B カテゴリ競合,KATEKYO学院,40,108.0,457.0,MEDIUM,比較検討・料金・申込 | ブランド・指名検索,KWP_KeywordSeed
17031,katekyo 料金,CORE,代表,C05098,1,katekyo 料金,競合の比較検討（評判・料金）,保護者,B,カテゴリ競合×比較/評判/料金/乗換え/特性,中,③B カテゴリ競合,KATEKYO学院,90,123.0,401.0,MEDIUM,比較検討・料金・申込 | ブランド・指名検索,KWP_UrlSeed || KWP_SiteSeed
35038,manalink おすすめ,CORE,代表,C05299,2,manalink おすすめ,競合の比較検討（評判・料金）,保護者,B,カテゴリ競合×比較/評判/料金/乗換え/特性,中,③B カテゴリ競合,マナリンク,,,,UNSPECIFIED,比較検討・料金・申込 | ブランド・指名検索,KWP_CompetitorKeywordSeed
35049,manalink やめたい,CORE,代表,C05300,1,manalink やめたい,競合の不満・乗り換え,保護者,B,カテゴリ競合×比較/評判/料金/乗換え/特性,中,③B カテゴリ競合,マナリンク,,,,UNSPECIFIED,合わない・断られた・乗り換え | ブランド・指名検索,KWP_CompetitorKeywordSeed
35050,manalink 辞め たい,CORE,代表,C05301,1,manalink 辞め たい,競合の不満・乗り換え,保護者,B,カテゴリ競合×比較/評判/料金/乗換え/特性,中,③B カテゴリ競合,マナリンク,,,,UNSPECIFIED,比較検討・料金・申込 | 合わない・断られた・乗り換え | ブランド・指名検索,KWP_CompetitorKeywordSeed
35048,manalink 向い て ない,CORE,代表,C05302,1,manalink 向い て ない,競合の不満・乗り換え,保護者,B,カテゴリ競合×比較/評判/料金/乗換え/特性,中,③B カテゴリ競合,マナリンク,,,,UNSPECIFIED,比較検討・料金・申込 | ブランド・指名検索,KWP_CompetitorKeywordSeed
35037,manalink どっち,CORE,代表,C05303,1,manalink どっち,競合の比較検討（評判・料金）,保護者,B,カテゴリ競合×比較/評判/料金/乗換え/特性,中,③B カテゴリ競合,マナリンク,,,,UNSPECIFIED,比較検討・料金・申込 | ブランド・指名検索,KWP_CompetitorKeywordSeed
35047,manalink 合わ ない,CORE,代表,C05304,1,manalink 合わ ない,競合の不満・乗り換え,保護者,B,カテゴリ競合×比較/評判/料金/乗換え/特性,中,③B カテゴリ競合,マナリンク,,,,UNSPECIFIED,合わない・断られた・乗り換え | ブランド・指名検索,KWP_CompetitorKeywordSeed
35060,manalink グレー ゾーン,CORE,代表,C05305,1,manalink グレー ゾーン,競合×特性/不登校対応の確認,保護者,B,カテゴリ競合×比較/評判/料金/乗換え/特性,中,③B カテゴリ競合,マナリンク,,,,UNSPECIFIED,ブランド・指名検索,KWP_CompetitorKeywordSeed
35022,manalink レビュー,CORE,代表,C05308,1,manalink レビュー,競合の比較検討（評判・料金）,保護者,B,カテゴリ競合×比較/評判/料金/乗換え/特性,中,③B カテゴリ競合,マナリンク,,,,UNSPECIFIED,比較検討・料金・申込 | ブランド・指名検索,KWP_CompetitorKeywordSeed
35065,manalink 不 登校,CORE,代表,C05309,1,manalink 不 登校,競合×特性/不登校対応の確認,保護者,B,カテゴリ競合×比較/評判/料金/乗換え/特性,中,③B カテゴリ競合,マナリンク,,,,UNSPECIFIED,学校生活・不登校・学校種別 | ブランド・指名検索,KWP_CompetitorKeywordSeed
35054,manalink 体験,CORE,代表,C05313,1,manalink 体験,競合の比較検討（評判・料金）,保護者,B,カテゴリ競合×比較/評判/料金/乗換え/特性,中,③B カテゴリ競合,マナリンク,,,,UNSPECIFIED,比較検討・料金・申込 | ブランド・指名検索,KWP_CompetitorKeywordSeed
35055,manalink 体験 授業,CORE,代表,C05314,1,manalink 体験 授業,競合の比較検討（評判・料金）,保護者,B,カテゴリ競合×比較/評判/料金/乗換え/特性,中,③B カテゴリ競合,マナリンク,,,,UNSPECIFIED,比較検討・料金・申込 | 学習のやり方・学習課題 | ブランド・指名検索,KWP_CompetitorKeywordSeed
35053,manalink 無料 体験,CORE,代表,C05315,1,manalink 無料 体験,競合の比較検討（評判・料金）,保護者,B,カテゴリ競合×比較/評判/料金/乗換え/特性,中,③B カテゴリ競合,マナリンク,,,,UNSPECIFIED,比較検討・料金・申込 | ブランド・指名検索,KWP_CompetitorKeywordSeed
35023,manalink 体験 談,CORE,代表,C05316,1,manalink 体験 談,競合の比較検討（評判・料金）,保護者,B,カテゴリ競合×比較/評判/料金/乗換え/特性,中,③B カテゴリ競合,マナリンク,,,,UNSPECIFIED,比較検討・料金・申込 | ブランド・指名検索,KWP_CompetitorKeywordSeed
35059,manalink 入会,CORE,代表,C05317,1,manalink 入会,競合の比較検討（評判・料金）,保護者,B,カテゴリ競合×比較/評判/料金/乗換え/特性,中,③B カテゴリ競合,マナリンク,,,,UNSPECIFIED,比較検討・料金・申込 | ブランド・指名検索,KWP_CompetitorKeywordSeed
35031,manalink 入会 金,CORE,代表,C05318,1,manalink 入会 金,競合の比較検討（評判・料金）,保護者,B,カテゴリ競合×比較/評判/料金/乗換え/特性,中,③B カテゴリ競合,マナリンク,,,,UNSPECIFIED,比較検討・料金・申込 | ブランド・指名検索,KWP_CompetitorKeywordSeed
35020,manalink 口コミ,CORE,代表,C05321,1,manalink 口コミ,競合の比較検討（評判・料金）,保護者,B,カテゴリ競合×比較/評判/料金/乗換え/特性,中,③B カテゴリ競合,マナリンク,,,,UNSPECIFIED,比較検討・料金・申込 | ブランド・指名検索,KWP_CompetitorKeywordSeed
35064,manalink 境界 知能,CORE,代表,C05322,1,manalink 境界 知能,競合×特性/不登校対応の確認,保護者,B,カテゴリ競合×比較/評判/料金/乗換え/特性,中,③B カテゴリ競合,マナリンク,,,,UNSPECIFIED,ブランド・指名検索,KWP_CompetitorKeywordSeed
35045,manalink 失敗,CORE,代表,C05323,1,manalink 失敗,競合の不満・乗り換え,保護者,B,カテゴリ競合×比較/評判/料金/乗換え/特性,中,③B カテゴリ競合,マナリンク,,,,UNSPECIFIED,比較検討・料金・申込 | ブランド・指名検索,KWP_CompetitorKeywordSeed
35063,manalink 学習 障害,CORE,代表,C05324,2,manalink 学習 障害,競合×特性/不登校対応の確認,保護者,B,カテゴリ競合×比較/評判/料金/乗換え/特性,中,③B カテゴリ競合,マナリンク,,,,UNSPECIFIED,ブランド・指名検索,KWP_CompetitorKeywordSeed
35034,manalink 安い,CORE,代表,C05325,1,manalink 安い,競合の比較検討（評判・料金）,保護者,B,カテゴリ競合×比較/評判/料金/乗換え/特性,中,③B カテゴリ競合,マナリンク,,,,UNSPECIFIED,比較検討・料金・申込 | ブランド・指名検索,KWP_CompetitorKeywordSeed
35046,manalink 後悔,CORE,代表,C05327,1,manalink 後悔,競合の不満・乗り換え,保護者,B,カテゴリ競合×比較/評判/料金/乗換え/特性,中,③B カテゴリ競合,マナリンク,,,,UNSPECIFIED,比較検討・料金・申込 | ブランド・指名検索,KWP_CompetitorKeywordSeed
35043,manalink 怪しい,CORE,代表,C05328,1,manalink 怪しい,競合の不満・乗り換え,保護者,B,カテゴリ競合×比較/評判/料金/乗換え/特性,中,③B カテゴリ競合,マナリンク,,,,UNSPECIFIED,比較検討・料金・申込 | ブランド・指名検索,KWP_CompetitorKeywordSeed
35024,manalink 感想,CORE,代表,C05329,1,manalink 感想,競合の比較検討（評判・料金）,保護者,B,カテゴリ競合×比較/評判/料金/乗換え/特性,中,③B カテゴリ競合,マナリンク,,,,UNSPECIFIED,比較検討・料金・申込 | ブランド・指名検索,KWP_CompetitorKeywordSeed
35026,manalink 料金,CORE,代表,C05331,4,manalink 料金,競合の比較検討（評判・料金）,保護者,B,カテゴリ競合×比較/評判/料金/乗換え/特性,中,③B カテゴリ競合,マナリンク,,,,UNSPECIFIED,比較検討・料金・申込 | ブランド・指名検索,KWP_CompetitorKeywordSeed
35044,manalink 最悪,CORE,代表,C05332,1,manalink 最悪,競合の不満・乗り換え,保護者,B,カテゴリ競合×比較/評判/料金/乗換え/特性,中,③B カテゴリ競合,マナリンク,,,,UNSPECIFIED,比較検討・料金・申込 | ブランド・指名検索,KWP_CompetitorKeywordSeed
35035,manalink 比較,CORE,代表,C05333,1,manalink 比較,競合の比較検討（評判・料金）,保護者,B,カテゴリ競合×比較/評判/料金/乗換え/特性,中,③B カテゴリ競合,マナリンク,,,,UNSPECIFIED,比較検討・料金・申込 | ブランド・指名検索,KWP_CompetitorKeywordSeed
35058,manalink 申し込み,CORE,代表,C05335,1,manalink 申し込み,競合の比較検討（評判・料金）,保護者,B,カテゴリ競合×比較/評判/料金/乗換え/特性,中,③B カテゴリ競合,マナリンク,,,,UNSPECIFIED,比較検討・料金・申込 | ブランド・指名検索,KWP_CompetitorKeywordSeed
35052,manalink 解約,CORE,代表,C05336,1,manalink 解約,競合の不満・乗り換え,保護者,B,カテゴリ競合×比較/評判/料金/乗換え/特性,中,③B カテゴリ競合,マナリンク,,,,UNSPECIFIED,比較検討・料金・申込 | ブランド・指名検索,KWP_CompetitorKeywordSeed
35025,manalink 評価,CORE,代表,C05337,1,manalink 評価,競合の比較検討（評判・料金）,保護者,B,カテゴリ競合×比較/評判/料金/乗換え/特性,中,③B カテゴリ競合,マナリンク,,,,UNSPECIFIED,比較検討・料金・申込 | ブランド・指名検索,KWP_CompetitorKeywordSeed
35021,manalink 評判,CORE,代表,C05338,1,manalink 評判,競合の比較検討（評判・料金）,保護者,B,カテゴリ競合×比較/評判/料金/乗換え/特性,中,③B カテゴリ競合,マナリンク,,,,UNSPECIFIED,比較検討・料金・申込 | ブランド・指名検索,KWP_CompetitorKeywordSeed
35057,manalink 資料 請求,CORE,代表,C05339,1,manalink 資料 請求,競合の比較検討（評判・料金）,保護者,B,カテゴリ競合×比較/評判/料金/乗換え/特性,中,③B カテゴリ競合,マナリンク,,,,UNSPECIFIED,比較検討・料金・申込 | ブランド・指名検索,KWP_CompetitorKeywordSeed
35027,manalink 費用,CORE,代表,C05340,1,manalink 費用,競合の比較検討（評判・料金）,保護者,B,カテゴリ競合×比較/評判/料金/乗換え/特性,中,③B カテゴリ競合,マナリンク,,,,UNSPECIFIED,比較検討・料金・申込 | ブランド・指名検索,KWP_CompetitorKeywordSeed
35051,manalink 退会,CORE,代表,C05341,1,manalink 退会,競合の不満・乗り換え,保護者,B,カテゴリ競合×比較/評判/料金/乗換え/特性,中,③B カテゴリ競合,マナリンク,,,,UNSPECIFIED,合わない・断られた・乗り換え | ブランド・指名検索,KWP_CompetitorKeywordSeed
35033,manalink 高い,CORE,代表,C05343,1,manalink 高い,競合の比較検討（評判・料金）,保護者,B,カテゴリ競合×比較/評判/料金/乗換え/特性,中,③B カテゴリ競合,マナリンク,,,,UNSPECIFIED,比較検討・料金・申込 | ブランド・指名検索,KWP_CompetitorKeywordSeed
35061,manalink asd,CORE,代表,C05345,1,manalink asd,競合×特性/不登校対応の確認,保護者,B,カテゴリ競合×比較/評判/料金/乗換え/特性,中,③B カテゴリ競合,マナリンク,,,,UNSPECIFIED,ブランド・指名検索,KWP_CompetitorKeywordSeed
2837,個別 指導 学院 next 料金,CORE,代表,C05388,1,個別 指導 学院 next 料金,競合の比較検討（評判・料金）,保護者,B,カテゴリ競合×比較/評判/料金/乗換え/特性,中,③B カテゴリ競合,個別指導学院NEXT,10,,,UNSPECIFIED,サービス探し（家庭教師・塾・支援） | 比較検討・料金・申込 | ブランド・指名検索,KWP_KeywordSeed
42675,さくら one おすすめ,CORE,代表,C05421,2,さくら one おすすめ,競合の比較検討（評判・料金）,保護者,B,カテゴリ競合×比較/評判/料金/乗換え/特性,中,③B カテゴリ競合,さくらOne個別指導塾,,,,UNSPECIFIED,比較検討・料金・申込 | ブランド・指名検索,KWP_CompetitorKeywordSeed
42743,さくら one 個別 指導 塾 おすすめ,CORE,代表,C05422,2,さくら one 個別 指導 塾 おすすめ,競合の比較検討（評判・料金）,保護者,B,カテゴリ競合×比較/評判/料金/乗換え/特性,中,③B カテゴリ競合,さくらOne個別指導塾,,,,UNSPECIFIED,サービス探し（家庭教師・塾・支援） | 比較検討・料金・申込 | ブランド・指名検索,KWP_CompetitorKeywordSeed
42686,さくら one やめたい,CORE,代表,C05424,1,さくら one やめたい,競合の不満・乗り換え,保護者,B,カテゴリ競合×比較/評判/料金/乗換え/特性,中,③B カテゴリ競合,さくらOne個別指導塾,,,,UNSPECIFIED,合わない・断られた・乗り換え | ブランド・指名検索,KWP_CompetitorKeywordSeed
42754,さくら one 個別 指導 塾 やめたい,CORE,代表,C05425,1,さくら one 個別 指導 塾 やめたい,競合の不満・乗り換え,保護者,B,カテゴリ競合×比較/評判/料金/乗換え/特性,中,③B カテゴリ競合,さくらOne個別指導塾,,,,UNSPECIFIED,サービス探し（家庭教師・塾・支援） | 合わない・断られた・乗り換え | ブランド・指名検索,KWP_CompetitorKeywordSeed
42755,さくら one 個別 指導 塾 辞め たい,CORE,代表,C05426,1,さくら one 個別 指導 塾 辞め たい,競合の不満・乗り換え,保護者,B,カテゴリ競合×比較/評判/料金/乗換え/特性,中,③B カテゴリ競合,さくらOne個別指導塾,,,,UNSPECIFIED,サービス探し（家庭教師・塾・支援） | 比較検討・料金・申込 | 合わない・断られた・乗り換え | ブランド・指名検索,KWP_CompetitorKeywordSeed
42687,さくら one 辞め たい,CORE,代表,C05427,1,さくら one 辞め たい,競合の不満・乗り換え,保護者,B,カテゴリ競合×比較/評判/料金/乗換え/特性,中,③B カテゴリ競合,さくらOne個別指導塾,,,,UNSPECIFIED,比較検討・料金・申込 | 合わない・断られた・乗り換え | ブランド・指名検索,KWP_CompetitorKeywordSeed
42753,さくら one 個別 指導 塾 向い て ない,CORE,代表,C05428,1,さくら one 個別 指導 塾 向い て ない,競合の不満・乗り換え,保護者,B,カテゴリ競合×比較/評判/料金/乗換え/特性,中,③B カテゴリ競合,さくらOne個別指導塾,,,,UNSPECIFIED,サービス探し（家庭教師・塾・支援） | 比較検討・料金・申込 | ブランド・指名検索,KWP_CompetitorKeywordSeed
42685,さくら one 向い て ない,CORE,代表,C05429,1,さくら one 向い て ない,競合の不満・乗り換え,保護者,B,カテゴリ競合×比較/評判/料金/乗換え/特性,中,③B カテゴリ競合,さくらOne個別指導塾,,,,UNSPECIFIED,比較検討・料金・申込 | ブランド・指名検索,KWP_CompetitorKeywordSeed
42674,さくら one どっち,CORE,代表,C05430,1,さくら one どっち,競合の比較検討（評判・料金）,保護者,B,カテゴリ競合×比較/評判/料金/乗換え/特性,中,③B カテゴリ競合,さくらOne個別指導塾,,,,UNSPECIFIED,比較検討・料金・申込 | ブランド・指名検索,KWP_CompetitorKeywordSeed
42742,さくら one 個別 指導 塾 どっち,CORE,代表,C05431,1,さくら one 個別 指導 塾 どっち,競合の比較検討（評判・料金）,保護者,B,カテゴリ競合×比較/評判/料金/乗換え/特性,中,③B カテゴリ競合,さくらOne個別指導塾,,,,UNSPECIFIED,サービス探し（家庭教師・塾・支援） | 比較検討・料金・申込 | ブランド・指名検索,KWP_CompetitorKeywordSeed
42752,さくら one 個別 指導 塾 合わ ない,CORE,代表,C05432,1,さくら one 個別 指導 塾 合わ ない,競合の不満・乗り換え,保護者,B,カテゴリ競合×比較/評判/料金/乗換え/特性,中,③B カテゴリ競合,さくらOne個別指導塾,,,,UNSPECIFIED,サービス探し（家庭教師・塾・支援） | 合わない・断られた・乗り換え | ブランド・指名検索,KWP_CompetitorKeywordSeed
42684,さくら one 合わ ない,CORE,代表,C05433,1,さくら one 合わ ない,競合の不満・乗り換え,保護者,B,カテゴリ競合×比較/評判/料金/乗換え/特性,中,③B カテゴリ競合,さくらOne個別指導塾,,,,UNSPECIFIED,合わない・断られた・乗り換え | ブランド・指名検索,KWP_CompetitorKeywordSeed
42697,さくら one グレー ゾーン,CORE,代表,C05435,1,さくら one グレー ゾーン,競合×特性/不登校対応の確認,保護者,B,カテゴリ競合×比較/評判/料金/乗換え/特性,中,③B カテゴリ競合,さくらOne個別指導塾,,,,UNSPECIFIED,ブランド・指名検索,KWP_CompetitorKeywordSeed
42767,さくら one 個別 指導 塾 グレー ゾーン,CORE,代表,C05436,1,さくら one 個別 指導 塾 グレー ゾーン,競合×特性/不登校対応の確認,保護者,B,特性/不登校×家庭教師・塾・個別,高,③B カテゴリ競合,さくらOne個別指導塾,,,,UNSPECIFIED,サービス探し（家庭教師・塾・支援） | ブランド・指名検索,KWP_CompetitorKeywordSeed
42709,さくら one グレー ゾーン 口コミ,CORE,代表,C05437,1,さくら one グレー ゾーン 口コミ,競合の比較検討（評判・料金）,保護者,B,カテゴリ競合×比較/評判/料金/乗換え/特性,中,③B カテゴリ競合,さくらOne個別指導塾,,,,UNSPECIFIED,比較検討・料金・申込 | ブランド・指名検索,KWP_CompetitorKeywordSeed
42721,さくら one グレー ゾーン 料金,CORE,代表,C05438,1,さくら one グレー ゾーン 料金,競合の比較検討（評判・料金）,保護者,B,カテゴリ競合×比較/評判/料金/乗換え/特性,中,③B カテゴリ競合,さくらOne個別指導塾,,,,UNSPECIFIED,比較検討・料金・申込 | ブランド・指名検索,KWP_CompetitorKeywordSeed
42715,さくら one グレー ゾーン 評判,CORE,代表,C05439,1,さくら one グレー ゾーン 評判,競合の比較検討（評判・料金）,保護者,B,カテゴリ競合×比較/評判/料金/乗換え/特性,中,③B カテゴリ競合,さくらOne個別指導塾,,,,UNSPECIFIED,比較検討・料金・申込 | ブランド・指名検索,KWP_CompetitorKeywordSeed
42659,さくら one レビュー,CORE,代表,C05444,1,さくら one レビュー,競合の比較検討（評判・料金）,保護者,B,カテゴリ競合×比較/評判/料金/乗換え/特性,中,③B カテゴリ競合,さくらOne個別指導塾,,,,UNSPECIFIED,比較検討・料金・申込 | ブランド・指名検索,KWP_CompetitorKeywordSeed
42727,さくら one 個別 指導 塾 レビュー,CORE,代表,C05445,1,さくら one 個別 指導 塾 レビュー,競合の比較検討（評判・料金）,保護者,B,カテゴリ競合×比較/評判/料金/乗換え/特性,中,③B カテゴリ競合,さくらOne個別指導塾,,,,UNSPECIFIED,サービス探し（家庭教師・塾・支援） | 比較検討・料金・申込 | ブランド・指名検索,KWP_CompetitorKeywordSeed
42774,さくら one 個別 指導 塾 不 登校,CORE,代表,C05446,1,さくら one 個別 指導 塾 不 登校,競合×特性/不登校対応の確認,保護者,B,特性/不登校×家庭教師・塾・個別,高,③B カテゴリ競合,さくらOne個別指導塾,,,,UNSPECIFIED,サービス探し（家庭教師・塾・支援） | 学校生活・不登校・学校種別 | ブランド・指名検索,KWP_CompetitorKeywordSeed
42714,さくら one 不 登校 口コミ,CORE,代表,C05447,1,さくら one 不 登校 口コミ,競合の比較検討（評判・料金）,保護者,B,カテゴリ競合×比較/評判/料金/乗換え/特性,中,③B カテゴリ競合,さくらOne個別指導塾,,,,UNSPECIFIED,比較検討・料金・申込 | 学校生活・不登校・学校種別 | ブランド・指名検索,KWP_CompetitorKeywordSeed
42726,さくら one 不 登校 料金,CORE,代表,C05448,1,さくら one 不 登校 料金,競合の比較検討（評判・料金）,保護者,B,カテゴリ競合×比較/評判/料金/乗換え/特性,中,③B カテゴリ競合,さくらOne個別指導塾,,,,UNSPECIFIED,比較検討・料金・申込 | 学校生活・不登校・学校種別 | ブランド・指名検索,KWP_CompetitorKeywordSeed
42702,さくら one 不 登校,CORE,代表,C05449,1,さくら one 不 登校,競合×特性/不登校対応の確認,保護者,B,カテゴリ競合×比較/評判/料金/乗換え/特性,中,③B カテゴリ競合,さくらOne個別指導塾,,,,UNSPECIFIED,学校生活・不登校・学校種別 | ブランド・指名検索,KWP_CompetitorKeywordSeed
42720,さくら one 不 登校 評判,CORE,代表,C05450,1,さくら one 不 登校 評判,競合の比較検討（評判・料金）,保護者,B,カテゴリ競合×比較/評判/料金/乗換え/特性,中,③B カテゴリ競合,さくらOne個別指導塾,,,,UNSPECIFIED,比較検討・料金・申込 | 学校生活・不登校・学校種別 | ブランド・指名検索,KWP_CompetitorKeywordSeed
42691,さくら one 体験,CORE,代表,C05458,1,さくら one 体験,競合の比較検討（評判・料金）,保護者,B,カテゴリ競合×比較/評判/料金/乗換え/特性,中,③B カテゴリ競合,さくらOne個別指導塾,,,,UNSPECIFIED,比較検討・料金・申込 | ブランド・指名検索,KWP_CompetitorKeywordSeed
42759,さくら one 個別 指導 塾 体験,CORE,代表,C05459,1,さくら one 個別 指導 塾 体験,競合の比較検討（評判・料金）,保護者,B,カテゴリ競合×比較/評判/料金/乗換え/特性,中,③B カテゴリ競合,さくらOne個別指導塾,,,,UNSPECIFIED,サービス探し（家庭教師・塾・支援） | 比較検討・料金・申込 | ブランド・指名検索,KWP_CompetitorKeywordSeed
42760,さくら one 個別 指導 塾 体験 授業,CORE,代表,C05460,1,さくら one 個別 指導 塾 体験 授業,競合の比較検討（評判・料金）,保護者,B,カテゴリ競合×比較/評判/料金/乗換え/特性,中,③B カテゴリ競合,さくらOne個別指導塾,,,,UNSPECIFIED,サービス探し（家庭教師・塾・支援） | 比較検討・料金・申込 | 学習のやり方・学習課題 | ブランド・指名検索,KWP_CompetitorKeywordSeed
42758,さくら one 個別 指導 塾 無料 体験,CORE,代表,C05461,1,さくら one 個別 指導 塾 無料 体験,競合の比較検討（評判・料金）,保護者,B,カテゴリ競合×比較/評判/料金/乗換え/特性,中,③B カテゴリ競合,さくらOne個別指導塾,,,,UNSPECIFIED,サービス探し（家庭教師・塾・支援） | 比較検討・料金・申込 | ブランド・指名検索,KWP_CompetitorKeywordSeed
42728,さくら one 個別 指導 塾 体験 談,CORE,代表,C05462,1,さくら one 個別 指導 塾 体験 談,競合の比較検討（評判・料金）,保護者,B,カテゴリ競合×比較/評判/料金/乗換え/特性,中,③B カテゴリ競合,さくらOne個別指導塾,,,,UNSPECIFIED,サービス探し（家庭教師・塾・支援） | 比較検討・料金・申込 | ブランド・指名検索,KWP_CompetitorKeywordSeed
42692,さくら one 体験 授業,CORE,代表,C05463,1,さくら one 体験 授業,競合の比較検討（評判・料金）,保護者,B,カテゴリ競合×比較/評判/料金/乗換え/特性,中,③B カテゴリ競合,さくらOne個別指導塾,,,,UNSPECIFIED,比較検討・料金・申込 | 学習のやり方・学習課題 | ブランド・指名検索,KWP_CompetitorKeywordSeed
42690,さくら one 無料 体験,CORE,代表,C05464,1,さくら one 無料 体験,競合の比較検討（評判・料金）,保護者,B,カテゴリ競合×比較/評判/料金/乗換え/特性,中,③B カテゴリ競合,さくらOne個別指導塾,,,,UNSPECIFIED,比較検討・料金・申込 | ブランド・指名検索,KWP_CompetitorKeywordSeed
42660,さくら one 体験 談,CORE,代表,C05465,1,さくら one 体験 談,競合の比較検討（評判・料金）,保護者,B,カテゴリ競合×比較/評判/料金/乗換え/特性,中,③B カテゴリ競合,さくらOne個別指導塾,,,,UNSPECIFIED,比較検討・料金・申込 | ブランド・指名検索,KWP_CompetitorKeywordSeed
42764,さくら one 個別 指導 塾 入会,CORE,代表,C05466,1,さくら one 個別 指導 塾 入会,競合の比較検討（評判・料金）,保護者,B,カテゴリ競合×比較/評判/料金/乗換え/特性,中,③B カテゴリ競合,さくらOne個別指導塾,,,,UNSPECIFIED,サービス探し（家庭教師・塾・支援） | 比較検討・料金・申込 | ブランド・指名検索,KWP_CompetitorKeywordSeed
42736,さくら one 個別 指導 塾 入会 金,CORE,代表,C05467,1,さくら one 個別 指導 塾 入会 金,競合の比較検討（評判・料金）,保護者,B,カテゴリ競合×比較/評判/料金/乗換え/特性,中,③B カテゴリ競合,さくらOne個別指導塾,,,,UNSPECIFIED,サービス探し（家庭教師・塾・支援） | 比較検討・料金・申込 | ブランド・指名検索,KWP_CompetitorKeywordSeed
42652,さくら one 個別 指導 塾 口コミ,CORE,代表,C05470,2,さくら one 個別 指導 塾 口コミ,競合の比較検討（評判・料金）,保護者,B,カテゴリ競合×比較/評判/料金/乗換え/特性,中,③B カテゴリ競合,さくらOne個別指導塾,40,119.0,1248.0,LOW,サービス探し（家庭教師・塾・支援） | 比較検討・料金・申込 | ブランド・指名検索,KWP_CompetitorKeywordSeed
42773,さくら one 個別 指導 塾 境界 知能,CORE,代表,C05471,1,さくら one 個別 指導 塾 境界 知能,競合×特性/不登校対応の確認,保護者,B,特性/不登校×家庭教師・塾・個別,高,③B カテゴリ競合,さくらOne個別指導塾,,,,UNSPECIFIED,サービス探し（家庭教師・塾・支援） | ブランド・指名検索,KWP_CompetitorKeywordSeed
42750,さくら one 個別 指導 塾 失敗,CORE,代表,C05472,1,さくら one 個別 指導 塾 失敗,競合の不満・乗り換え,保護者,B,カテゴリ競合×比較/評判/料金/乗換え/特性,中,③B カテゴリ競合,さくらOne個別指導塾,,,,UNSPECIFIED,サービス探し（家庭教師・塾・支援） | 比較検討・料金・申込 | ブランド・指名検索,KWP_CompetitorKeywordSeed
42771,さくら one 個別 指導 塾 ld,CORE,代表,C05473,2,さくら one 個別 指導 塾 ld,競合×特性/不登校対応の確認,保護者,B,特性/不登校×家庭教師・塾・個別,高,③B カテゴリ競合,さくらOne個別指導塾,,,,UNSPECIFIED,サービス探し（家庭教師・塾・支援） | ブランド・指名検索,KWP_CompetitorKeywordSeed
42739,さくら one 個別 指導 塾 安い,CORE,代表,C05474,1,さくら one 個別 指導 塾 安い,競合の比較検討（評判・料金）,保護者,B,カテゴリ競合×比較/評判/料金/乗換え/特性,中,③B カテゴリ競合,さくらOne個別指導塾,,,,UNSPECIFIED,サービス探し（家庭教師・塾・支援） | 比較検討・料金・申込 | ブランド・指名検索,KWP_CompetitorKeywordSeed
42751,さくら one 個別 指導 塾 後悔,CORE,代表,C05476,1,さくら one 個別 指導 塾 後悔,競合の不満・乗り換え,保護者,B,カテゴリ競合×比較/評判/料金/乗換え/特性,中,③B カテゴリ競合,さくらOne個別指導塾,,,,UNSPECIFIED,サービス探し（家庭教師・塾・支援） | 比較検討・料金・申込 | ブランド・指名検索,KWP_CompetitorKeywordSeed
42748,さくら one 個別 指導 塾 怪しい,CORE,代表,C05477,1,さくら one 個別 指導 塾 怪しい,競合の不満・乗り換え,保護者,B,カテゴリ競合×比較/評判/料金/乗換え/特性,中,③B カテゴリ競合,さくらOne個別指導塾,,,,UNSPECIFIED,サービス探し（家庭教師・塾・支援） | 比較検討・料金・申込 | ブランド・指名検索,KWP_CompetitorKeywordSeed
42729,さくら one 個別 指導 塾 感想,CORE,代表,C05478,1,さくら one 個別 指導 塾 感想,競合の比較検討（評判・料金）,保護者,B,カテゴリ競合×比較/評判/料金/乗換え/特性,中,③B カテゴリ競合,さくらOne個別指導塾,,,,UNSPECIFIED,サービス探し（家庭教師・塾・支援） | 比較検討・料金・申込 | ブランド・指名検索,KWP_CompetitorKeywordSeed
42731,さくら one 個別 指導 塾 料金,CORE,代表,C05481,5,さくら one 個別 指導 塾 料金,競合の比較検討（評判・料金）,保護者,B,カテゴリ競合×比較/評判/料金/乗換え/特性,中,③B カテゴリ競合,さくらOne個別指導塾,20,102.0,248.0,LOW,サービス探し（家庭教師・塾・支援） | 比較検討・料金・申込 | ブランド・指名検索,KWP_CompetitorKeywordSeed
42749,さくら one 個別 指導 塾 最悪,CORE,代表,C05482,1,さくら one 個別 指導 塾 最悪,競合の不満・乗り換え,保護者,B,カテゴリ競合×比較/評判/料金/乗換え/特性,中,③B カテゴリ競合,さくらOne個別指導塾,,,,UNSPECIFIED,サービス探し（家庭教師・塾・支援） | 比較検討・料金・申込 | ブランド・指名検索,KWP_CompetitorKeywordSeed
42740,さくら one 個別 指導 塾 比較,CORE,代表,C05483,1,さくら one 個別 指導 塾 比較,競合の比較検討（評判・料金）,保護者,B,カテゴリ競合×比較/評判/料金/乗換え/特性,中,③B カテゴリ競合,さくらOne個別指導塾,,,,UNSPECIFIED,サービス探し（家庭教師・塾・支援） | 比較検討・料金・申込 | ブランド・指名検索,KWP_CompetitorKeywordSeed
42763,さくら one 個別 指導 塾 申し込み,CORE,代表,C05485,1,さくら one 個別 指導 塾 申し込み,競合の比較検討（評判・料金）,保護者,B,カテゴリ競合×比較/評判/料金/乗換え/特性,中,③B カテゴリ競合,さくらOne個別指導塾,,,,UNSPECIFIED,サービス探し（家庭教師・塾・支援） | 比較検討・料金・申込 | ブランド・指名検索,KWP_CompetitorKeywordSeed
42765,さくら one 個別 指導 塾 発達 障害,CORE,代表,C05486,2,さくら one 個別 指導 塾 発達 障害,競合×特性/不登校対応の確認,保護者,B,特性/不登校×家庭教師・塾・個別,高,③B カテゴリ競合,さくらOne個別指導塾,,,,UNSPECIFIED,サービス探し（家庭教師・塾・支援） | ブランド・指名検索,KWP_CompetitorKeywordSeed
42770,さくら one 個別 指導 塾 自 閉 症,CORE,代表,C05487,1,さくら one 個別 指導 塾 自 閉 症,競合×特性/不登校対応の確認,保護者,B,特性/不登校×家庭教師・塾・個別,高,③B カテゴリ競合,さくらOne個別指導塾,,,,UNSPECIFIED,サービス探し（家庭教師・塾・支援） | ブランド・指名検索,KWP_CompetitorKeywordSeed
42757,さくら one 個別 指導 塾 解約,CORE,代表,C05488,1,さくら one 個別 指導 塾 解約,競合の不満・乗り換え,保護者,B,カテゴリ競合×比較/評判/料金/乗換え/特性,中,③B カテゴリ競合,さくらOne個別指導塾,,,,UNSPECIFIED,サービス探し（家庭教師・塾・支援） | 比較検討・料金・申込 | ブランド・指名検索,KWP_CompetitorKeywordSeed
42730,さくら one 個別 指導 塾 評価,CORE,代表,C05489,1,さくら one 個別 指導 塾 評価,競合の比較検討（評判・料金）,保護者,B,カテゴリ競合×比較/評判/料金/乗換え/特性,中,③B カテゴリ競合,さくらOne個別指導塾,,,,UNSPECIFIED,サービス探し（家庭教師・塾・支援） | 比較検討・料金・申込 | ブランド・指名検索,KWP_CompetitorKeywordSeed
42653,さくら one 個別 指導 塾 評判,CORE,代表,C05490,3,さくら one 個別 指導 塾 評判,競合の比較検討（評判・料金）,保護者,B,カテゴリ競合×比較/評判/料金/乗換え/特性,中,③B カテゴリ競合,さくらOne個別指導塾,70,150.0,585.0,LOW,サービス探し（家庭教師・塾・支援） | 比較検討・料金・申込 | ブランド・指名検索,KWP_CompetitorKeywordSeed
42762,さくら one 個別 指導 塾 資料 請求,CORE,代表,C05491,1,さくら one 個別 指導 塾 資料 請求,競合の比較検討（評判・料金）,保護者,B,カテゴリ競合×比較/評判/料金/乗換え/特性,中,③B カテゴリ競合,さくらOne個別指導塾,,,,UNSPECIFIED,サービス探し（家庭教師・塾・支援） | 比較検討・料金・申込 | ブランド・指名検索,KWP_CompetitorKeywordSeed
42732,さくら one 個別 指導 塾 費用,CORE,代表,C05492,1,さくら one 個別 指導 塾 費用,競合の比較検討（評判・料金）,保護者,B,カテゴリ競合×比較/評判/料金/乗換え/特性,中,③B カテゴリ競合,さくらOne個別指導塾,,,,UNSPECIFIED,サービス探し（家庭教師・塾・支援） | 比較検討・料金・申込 | ブランド・指名検索,KWP_CompetitorKeywordSeed
42756,さくら one 個別 指導 塾 退会,CORE,代表,C05493,1,さくら one 個別 指導 塾 退会,競合の不満・乗り換え,保護者,B,カテゴリ競合×比較/評判/料金/乗換え/特性,中,③B カテゴリ競合,さくらOne個別指導塾,,,,UNSPECIFIED,サービス探し（家庭教師・塾・支援） | 合わない・断られた・乗り換え | ブランド・指名検索,KWP_CompetitorKeywordSeed
42738,さくら one 個別 指導 塾 高い,CORE,代表,C05495,1,さくら one 個別 指導 塾 高い,競合の比較検討（評判・料金）,保護者,B,カテゴリ競合×比較/評判/料金/乗換え/特性,中,③B カテゴリ競合,さくらOne個別指導塾,,,,UNSPECIFIED,サービス探し（家庭教師・塾・支援） | 比較検討・料金・申込 | ブランド・指名検索,KWP_CompetitorKeywordSeed
42696,さくら one 入会,CORE,代表,C05497,1,さくら one 入会,競合の比較検討（評判・料金）,保護者,B,カテゴリ競合×比較/評判/料金/乗換え/特性,中,③B カテゴリ競合,さくらOne個別指導塾,,,,UNSPECIFIED,比較検討・料金・申込 | ブランド・指名検索,KWP_CompetitorKeywordSeed
42668,さくら one 入会 金,CORE,代表,C05498,1,さくら one 入会 金,競合の比較検討（評判・料金）,保護者,B,カテゴリ競合×比較/評判/料金/乗換え/特性,中,③B カテゴリ競合,さくらOne個別指導塾,,,,UNSPECIFIED,比較検討・料金・申込 | ブランド・指名検索,KWP_CompetitorKeywordSeed
42655,さくら one 口コミ,CORE,代表,C05501,2,さくら one 口コミ,競合の比較検討（評判・料金）,保護者,B,カテゴリ競合×比較/評判/料金/乗換え/特性,中,③B カテゴリ競合,さくらOne個別指導塾,90,94.0,400.0,LOW,比較検討・料金・申込 | ブランド・指名検索,KWP_CompetitorKeywordSeed
42713,さくら one 境界 知能 口コミ,CORE,代表,C05502,1,さくら one 境界 知能 口コミ,競合の比較検討（評判・料金）,保護者,B,カテゴリ競合×比較/評判/料金/乗換え/特性,中,③B カテゴリ競合,さくらOne個別指導塾,,,,UNSPECIFIED,比較検討・料金・申込 | ブランド・指名検索,KWP_CompetitorKeywordSeed
42711,さくら one ld 口コミ,CORE,代表,C05503,2,さくら one ld 口コミ,競合の比較検討（評判・料金）,保護者,B,カテゴリ競合×比較/評判/料金/乗換え/特性,中,③B カテゴリ競合,さくらOne個別指導塾,,,,UNSPECIFIED,比較検討・料金・申込 | ブランド・指名検索,KWP_CompetitorKeywordSeed
42725,さくら one 境界 知能 料金,CORE,代表,C05506,1,さくら one 境界 知能 料金,競合の比較検討（評判・料金）,保護者,B,カテゴリ競合×比較/評判/料金/乗換え/特性,中,③B カテゴリ競合,さくらOne個別指導塾,,,,UNSPECIFIED,比較検討・料金・申込 | ブランド・指名検索,KWP_CompetitorKeywordSeed
42701,さくら one 境界 知能,CORE,代表,C05507,1,さくら one 境界 知能,競合×特性/不登校対応の確認,保護者,B,カテゴリ競合×比較/評判/料金/乗換え/特性,中,③B カテゴリ競合,さくらOne個別指導塾,,,,UNSPECIFIED,ブランド・指名検索,KWP_CompetitorKeywordSeed
42719,さくら one 境界 知能 評判,CORE,代表,C05508,1,さくら one 境界 知能 評判,競合の比較検討（評判・料金）,保護者,B,カテゴリ競合×比較/評判/料金/乗換え/特性,中,③B カテゴリ競合,さくらOne個別指導塾,,,,UNSPECIFIED,比較検討・料金・申込 | ブランド・指名検索,KWP_CompetitorKeywordSeed
42682,さくら one 失敗,CORE,代表,C05509,1,さくら one 失敗,競合の不満・乗り換え,保護者,B,カテゴリ競合×比較/評判/料金/乗換え/特性,中,③B カテゴリ競合,さくらOne個別指導塾,,,,UNSPECIFIED,比較検討・料金・申込 | ブランド・指名検索,KWP_CompetitorKeywordSeed
42723,さくら one ld 料金,CORE,代表,C05510,2,さくら one ld 料金,競合の比較検討（評判・料金）,保護者,B,カテゴリ競合×比較/評判/料金/乗換え/特性,中,③B カテゴリ競合,さくらOne個別指導塾,,,,UNSPECIFIED,比較検討・料金・申込 | ブランド・指名検索,KWP_CompetitorKeywordSeed
42717,さくら one ld 評判,CORE,代表,C05511,2,さくら one ld 評判,競合の比較検討（評判・料金）,保護者,B,カテゴリ競合×比較/評判/料金/乗換え/特性,中,③B カテゴリ競合,さくらOne個別指導塾,,,,UNSPECIFIED,比較検討・料金・申込 | ブランド・指名検索,KWP_CompetitorKeywordSeed
42700,さくら one 学習 障害,CORE,代表,C05512,2,さくら one 学習 障害,競合×特性/不登校対応の確認,保護者,B,カテゴリ競合×比較/評判/料金/乗換え/特性,中,③B カテゴリ競合,さくらOne個別指導塾,,,,UNSPECIFIED,ブランド・指名検索,KWP_CompetitorKeywordSeed
42671,さくら one 安い,CORE,代表,C05513,1,さくら one 安い,競合の比較検討（評判・料金）,保護者,B,カテゴリ競合×比較/評判/料金/乗換え/特性,中,③B カテゴリ競合,さくらOne個別指導塾,,,,UNSPECIFIED,比較検討・料金・申込 | ブランド・指名検索,KWP_CompetitorKeywordSeed
42683,さくら one 後悔,CORE,代表,C05515,1,さくら one 後悔,競合の不満・乗り換え,保護者,B,カテゴリ競合×比較/評判/料金/乗換え/特性,中,③B カテゴリ競合,さくらOne個別指導塾,,,,UNSPECIFIED,比較検討・料金・申込 | ブランド・指名検索,KWP_CompetitorKeywordSeed
42680,さくら one 怪しい,CORE,代表,C05516,1,さくら one 怪しい,競合の不満・乗り換え,保護者,B,カテゴリ競合×比較/評判/料金/乗換え/特性,中,③B カテゴリ競合,さくらOne個別指導塾,,,,UNSPECIFIED,比較検討・料金・申込 | ブランド・指名検索,KWP_CompetitorKeywordSeed
42661,さくら one 感想,CORE,代表,C05517,1,さくら one 感想,競合の比較検討（評判・料金）,保護者,B,カテゴリ競合×比較/評判/料金/乗換え/特性,中,③B カテゴリ競合,さくらOne個別指導塾,,,,UNSPECIFIED,比較検討・料金・申込 | ブランド・指名検索,KWP_CompetitorKeywordSeed
42663,さくら one 料金,CORE,代表,C05519,5,さくら one 料金,競合の比較検討（評判・料金）,保護者,B,カテゴリ競合×比較/評判/料金/乗換え/特性,中,③B カテゴリ競合,さくらOne個別指導塾,20,,,LOW,比較検討・料金・申込 | ブランド・指名検索,KWP_CompetitorKeywordSeed
42681,さくら one 最悪,CORE,代表,C05520,1,さくら one 最悪,競合の不満・乗り換え,保護者,B,カテゴリ競合×比較/評判/料金/乗換え/特性,中,③B カテゴリ競合,さくらOne個別指導塾,,,,UNSPECIFIED,比較検討・料金・申込 | ブランド・指名検索,KWP_CompetitorKeywordSeed
42672,さくら one 比較,CORE,代表,C05521,1,さくら one 比較,競合の比較検討（評判・料金）,保護者,B,カテゴリ競合×比較/評判/料金/乗換え/特性,中,③B カテゴリ競合,さくらOne個別指導塾,,,,UNSPECIFIED,比較検討・料金・申込 | ブランド・指名検索,KWP_CompetitorKeywordSeed
42695,さくら one 申し込み,CORE,代表,C05523,1,さくら one 申し込み,競合の比較検討（評判・料金）,保護者,B,カテゴリ競合×比較/評判/料金/乗換え/特性,中,③B カテゴリ競合,さくらOne個別指導塾,,,,UNSPECIFIED,比較検討・料金・申込 | ブランド・指名検索,KWP_CompetitorKeywordSeed
48223,さくらone 発達障害,CORE,代表,C05524,1,さくらone 発達障害,競合×特性/不登校対応の確認,保護者,B,カテゴリ競合×比較/評判/料金/乗換え/特性,中,③B カテゴリ競合,さくらOne個別指導塾,,,,UNSPECIFIED,ブランド・指名検索,Google_competitor_suggest
42689,さくら one 解約,CORE,代表,C05526,1,さくら one 解約,競合の不満・乗り換え,保護者,B,カテゴリ競合×比較/評判/料金/乗換え/特性,中,③B カテゴリ競合,さくらOne個別指導塾,,,,UNSPECIFIED,比較検討・料金・申込 | ブランド・指名検索,KWP_CompetitorKeywordSeed
42662,さくら one 評価,CORE,代表,C05527,1,さくら one 評価,競合の比較検討（評判・料金）,保護者,B,カテゴリ競合×比較/評判/料金/乗換え/特性,中,③B カテゴリ競合,さくらOne個別指導塾,,,,UNSPECIFIED,比較検討・料金・申込 | ブランド・指名検索,KWP_CompetitorKeywordSeed
42656,さくら one 評判,CORE,代表,C05528,2,さくら one 評判,競合の比較検討（評判・料金）,保護者,B,カテゴリ競合×比較/評判/料金/乗換え/特性,中,③B カテゴリ競合,さくらOne個別指導塾,10,,,UNSPECIFIED,比較検討・料金・申込 | ブランド・指名検索,KWP_CompetitorKeywordSeed
42694,さくら one 資料 請求,CORE,代表,C05529,1,さくら one 資料 請求,競合の比較検討（評判・料金）,保護者,B,カテゴリ競合×比較/評判/料金/乗換え/特性,中,③B カテゴリ競合,さくらOne個別指導塾,,,,UNSPECIFIED,比較検討・料金・申込 | ブランド・指名検索,KWP_CompetitorKeywordSeed
42664,さくら one 費用,CORE,代表,C05530,1,さくら one 費用,競合の比較検討（評判・料金）,保護者,B,カテゴリ競合×比較/評判/料金/乗換え/特性,中,③B カテゴリ競合,さくらOne個別指導塾,,,,UNSPECIFIED,比較検討・料金・申込 | ブランド・指名検索,KWP_CompetitorKeywordSeed
42688,さくら one 退会,CORE,代表,C05531,1,さくら one 退会,競合の不満・乗り換え,保護者,B,カテゴリ競合×比較/評判/料金/乗換え/特性,中,③B カテゴリ競合,さくらOne個別指導塾,,,,UNSPECIFIED,合わない・断られた・乗り換え | ブランド・指名検索,KWP_CompetitorKeywordSeed
42670,さくら one 高い,CORE,代表,C05533,1,さくら one 高い,競合の比較検討（評判・料金）,保護者,B,カテゴリ競合×比較/評判/料金/乗換え/特性,中,③B カテゴリ競合,さくらOne個別指導塾,,,,UNSPECIFIED,比較検討・料金・申込 | ブランド・指名検索,KWP_CompetitorKeywordSeed
42698,さくら one asd,CORE,代表,C05539,1,さくら one asd,競合×特性/不登校対応の確認,保護者,B,カテゴリ競合×比較/評判/料金/乗換え/特性,中,③B カテゴリ競合,さくらOne個別指導塾,,,,UNSPECIFIED,ブランド・指名検索,KWP_CompetitorKeywordSeed
42710,さくら one asd 口コミ,CORE,代表,C05540,1,さくら one asd 口コミ,競合の比較検討（評判・料金）,保護者,B,カテゴリ競合×比較/評判/料金/乗換え/特性,中,③B カテゴリ競合,さくらOne個別指導塾,,,,UNSPECIFIED,比較検討・料金・申込 | ブランド・指名検索,KWP_CompetitorKeywordSeed
42722,さくら one asd 料金,CORE,代表,C05541,1,さくら one asd 料金,競合の比較検討（評判・料金）,保護者,B,カテゴリ競合×比較/評判/料金/乗換え/特性,中,③B カテゴリ競合,さくらOne個別指導塾,,,,UNSPECIFIED,比較検討・料金・申込 | ブランド・指名検索,KWP_CompetitorKeywordSeed
42716,さくら one asd 評判,CORE,代表,C05542,1,さくら one asd 評判,競合の比較検討（評判・料金）,保護者,B,カテゴリ競合×比較/評判/料金/乗換え/特性,中,③B カテゴリ競合,さくらOne個別指導塾,,,,UNSPECIFIED,比較検討・料金・申込 | ブランド・指名検索,KWP_CompetitorKeywordSeed
35524,pre ステップ おすすめ,CORE,代表,C05619,2,pre ステップ おすすめ,競合の比較検討（評判・料金）,保護者,B,直接競合（特性/不登校×1対1学習支援）,高,③A 直接競合,Preステップオンライン,,,,UNSPECIFIED,比較検討・料金・申込 | ブランド・指名検索,KWP_CompetitorKeywordSeed
35535,pre ステップ やめたい,CORE,代表,C05620,1,pre ステップ やめたい,競合の不満・乗り換え,保護者,B,直接競合（特性/不登校×1対1学習支援）,高,③A 直接競合,Preステップオンライン,,,,UNSPECIFIED,合わない・断られた・乗り換え | ブランド・指名検索,KWP_CompetitorKeywordSeed
35536,pre ステップ 辞め たい,CORE,代表,C05621,1,pre ステップ 辞め たい,競合の不満・乗り換え,保護者,B,直接競合（特性/不登校×1対1学習支援）,高,③A 直接競合,Preステップオンライン,,,,UNSPECIFIED,比較検討・料金・申込 | 合わない・断られた・乗り換え | ブランド・指名検索,KWP_CompetitorKeywordSeed
35534,pre ステップ 向い て ない,CORE,代表,C05622,1,pre ステップ 向い て ない,競合の不満・乗り換え,保護者,B,直接競合（特性/不登校×1対1学習支援）,高,③A 直接競合,Preステップオンライン,,,,UNSPECIFIED,比較検討・料金・申込 | ブランド・指名検索,KWP_CompetitorKeywordSeed
35523,pre ステップ どっち,CORE,代表,C05623,1,pre ステップ どっち,競合の比較検討（評判・料金）,保護者,B,直接競合（特性/不登校×1対1学習支援）,高,③A 直接競合,Preステップオンライン,,,,UNSPECIFIED,比較検討・料金・申込 | ブランド・指名検索,KWP_CompetitorKeywordSeed
35533,pre ステップ 合わ ない,CORE,代表,C05624,1,pre ステップ 合わ ない,競合の不満・乗り換え,保護者,B,直接競合（特性/不登校×1対1学習支援）,高,③A 直接競合,Preステップオンライン,,,,UNSPECIFIED,合わない・断られた・乗り換え | ブランド・指名検索,KWP_CompetitorKeywordSeed
47795,preステップオンライン,CORE,代表,C05625,1,preステップオンライン,競合指名・周辺,保護者,B,直接競合（特性/不登校×1対1学習支援）,高,③A 直接競合,Preステップオンライン,50,96.0,578.0,LOW,サービス探し（家庭教師・塾・支援） | ブランド・指名検索,Google_competitor_suggest
47797,preステップオンライン 料金,CORE,代表,C05626,1,preステップオンライン 料金,競合の比較検討（評判・料金）,保護者,B,直接競合（特性/不登校×1対1学習支援）,高,③A 直接競合,Preステップオンライン,,,,UNSPECIFIED,サービス探し（家庭教師・塾・支援） | 比較検討・料金・申込 | ブランド・指名検索,Google_competitor_suggest
35546,pre ステップ グレー ゾーン,CORE,代表,C05627,1,pre ステップ グレー ゾーン,競合×特性/不登校対応の確認,保護者,B,直接競合（特性/不登校×1対1学習支援）,高,③A 直接競合,Preステップオンライン,,,,UNSPECIFIED,ブランド・指名検索,KWP_CompetitorKeywordSeed
35558,pre ステップ グレー ゾーン 口コミ,CORE,代表,C05628,1,pre ステップ グレー ゾーン 口コミ,競合の比較検討（評判・料金）,保護者,B,直接競合（特性/不登校×1対1学習支援）,高,③A 直接競合,Preステップオンライン,,,,UNSPECIFIED,比較検討・料金・申込 | ブランド・指名検索,KWP_CompetitorKeywordSeed
35569,pre ステップ グレー ゾーン 料金,CORE,代表,C05629,1,pre ステップ グレー ゾーン 料金,競合の比較検討（評判・料金）,保護者,B,直接競合（特性/不登校×1対1学習支援）,高,③A 直接競合,Preステップオンライン,,,,UNSPECIFIED,比較検討・料金・申込 | ブランド・指名検索,KWP_CompetitorKeywordSeed
35563,pre ステップ グレー ゾーン 評判,CORE,代表,C05630,1,pre ステップ グレー ゾーン 評判,競合の比較検討（評判・料金）,保護者,B,直接競合（特性/不登校×1対1学習支援）,高,③A 直接競合,Preステップオンライン,,,,UNSPECIFIED,比較検討・料金・申込 | ブランド・指名検索,KWP_CompetitorKeywordSeed
35505,pre ステップ,CORE,代表,C05631,2,pre ステップ,競合指名・周辺,保護者,B,直接競合（特性/不登校×1対1学習支援）,高,③A 直接競合,Preステップオンライン,,,,UNSPECIFIED,ブランド・指名検索,KWP_CompetitorKeywordSeed
35527,pre ステップ デメリット,CORE,代表,C05632,1,pre ステップ デメリット,競合指名・周辺,保護者,B,直接競合（特性/不登校×1対1学習支援）,高,③A 直接競合,Preステップオンライン,,,,UNSPECIFIED,比較検討・料金・申込 | ブランド・指名検索,KWP_CompetitorKeywordSeed
35528,pre ステップ メリット,CORE,代表,C05633,1,pre ステップ メリット,競合指名・周辺,保護者,B,直接競合（特性/不登校×1対1学習支援）,高,③A 直接競合,Preステップオンライン,,,,UNSPECIFIED,ブランド・指名検索,KWP_CompetitorKeywordSeed
35508,pre ステップ レビュー,CORE,代表,C05634,1,pre ステップ レビュー,競合の比較検討（評判・料金）,保護者,B,直接競合（特性/不登校×1対1学習支援）,高,③A 直接競合,Preステップオンライン,,,,UNSPECIFIED,比較検討・料金・申込 | ブランド・指名検索,KWP_CompetitorKeywordSeed
35562,pre ステップ 不 登校 口コミ,CORE,代表,C05635,1,pre ステップ 不 登校 口コミ,競合の比較検討（評判・料金）,保護者,B,直接競合（特性/不登校×1対1学習支援）,高,③A 直接競合,Preステップオンライン,,,,UNSPECIFIED,比較検討・料金・申込 | 学校生活・不登校・学校種別 | ブランド・指名検索,KWP_CompetitorKeywordSeed
35574,pre ステップ 不 登校 料金,CORE,代表,C05636,1,pre ステップ 不 登校 料金,競合の比較検討（評判・料金）,保護者,B,直接競合（特性/不登校×1対1学習支援）,高,③A 直接競合,Preステップオンライン,,,,UNSPECIFIED,比較検討・料金・申込 | 学校生活・不登校・学校種別 | ブランド・指名検索,KWP_CompetitorKeywordSeed
35551,pre ステップ 不 登校,CORE,代表,C05637,1,pre ステップ 不 登校,競合×特性/不登校対応の確認,保護者,B,直接競合（特性/不登校×1対1学習支援）,高,③A 直接競合,Preステップオンライン,,,,UNSPECIFIED,学校生活・不登校・学校種別 | ブランド・指名検索,KWP_CompetitorKeywordSeed
35568,pre ステップ 不 登校 評判,CORE,代表,C05638,1,pre ステップ 不 登校 評判,競合の比較検討（評判・料金）,保護者,B,直接競合（特性/不登校×1対1学習支援）,高,③A 直接競合,Preステップオンライン,,,,UNSPECIFIED,比較検討・料金・申込 | 学校生活・不登校・学校種別 | ブランド・指名検索,KWP_CompetitorKeywordSeed
35556,pre ステップ 中学 受験,CORE,代表,C05639,1,pre ステップ 中学 受験,競合指名・周辺,保護者,B,直接競合（特性/不登校×1対1学習支援）,高,③A 直接競合,Preステップオンライン,,,,UNSPECIFIED,受験・進路 | ブランド・指名検索,KWP_CompetitorKeywordSeed
35553,pre ステップ 中学生,CORE,代表,C05640,1,pre ステップ 中学生,競合指名・周辺,保護者,B,直接競合（特性/不登校×1対1学習支援）,高,③A 直接競合,Preステップオンライン,,,,UNSPECIFIED,ブランド・指名検索,KWP_CompetitorKeywordSeed
35525,pre ステップ 他社,CORE,代表,C05641,1,pre ステップ 他社,競合指名・周辺,保護者,B,直接競合（特性/不登校×1対1学習支援）,高,③A 直接競合,Preステップオンライン,,,,UNSPECIFIED,比較検討・料金・申込 | ブランド・指名検索,KWP_CompetitorKeywordSeed
35540,pre ステップ 体験,CORE,代表,C05642,1,pre ステップ 体験,競合の比較検討（評判・料金）,保護者,B,直接競合（特性/不登校×1対1学習支援）,高,③A 直接競合,Preステップオンライン,,,,UNSPECIFIED,比較検討・料金・申込 | ブランド・指名検索,KWP_CompetitorKeywordSeed
35541,pre ステップ 体験 授業,CORE,代表,C05643,1,pre ステップ 体験 授業,競合の比較検討（評判・料金）,保護者,B,直接競合（特性/不登校×1対1学習支援）,高,③A 直接競合,Preステップオンライン,,,,UNSPECIFIED,比較検討・料金・申込 | 学習のやり方・学習課題 | ブランド・指名検索,KWP_CompetitorKeywordSeed
35539,pre ステップ 無料 体験,CORE,代表,C05644,1,pre ステップ 無料 体験,競合の比較検討（評判・料金）,保護者,B,直接競合（特性/不登校×1対1学習支援）,高,③A 直接競合,Preステップオンライン,,,,UNSPECIFIED,比較検討・料金・申込 | ブランド・指名検索,KWP_CompetitorKeywordSeed
35509,pre ステップ 体験 談,CORE,代表,C05645,1,pre ステップ 体験 談,競合の比較検討（評判・料金）,保護者,B,直接競合（特性/不登校×1対1学習支援）,高,③A 直接競合,Preステップオンライン,,,,UNSPECIFIED,比較検討・料金・申込 | ブランド・指名検索,KWP_CompetitorKeywordSeed
35545,pre ステップ 入会,CORE,代表,C05646,1,pre ステップ 入会,競合の比較検討（評判・料金）,保護者,B,直接競合（特性/不登校×1対1学習支援）,高,③A 直接競合,Preステップオンライン,,,,UNSPECIFIED,比較検討・料金・申込 | ブランド・指名検索,KWP_CompetitorKeywordSeed
35517,pre ステップ 入会 金,CORE,代表,C05647,1,pre ステップ 入会 金,競合の比較検討（評判・料金）,保護者,B,直接競合（特性/不登校×1対1学習支援）,高,③A 直接競合,Preステップオンライン,,,,UNSPECIFIED,比較検討・料金・申込 | ブランド・指名検索,KWP_CompetitorKeywordSeed
35557,pre ステップ 大学 受験,CORE,代表,C05648,1,pre ステップ 大学 受験,競合指名・周辺,保護者,B,直接競合（特性/不登校×1対1学習支援）,高,③A 直接競合,Preステップオンライン,,,,UNSPECIFIED,受験・進路 | ブランド・指名検索,KWP_CompetitorKeywordSeed
35555,pre ステップ 高校 受験,CORE,代表,C05649,1,pre ステップ 高校 受験,競合指名・周辺,保護者,B,直接競合（特性/不登校×1対1学習支援）,高,③A 直接競合,Preステップオンライン,,,,UNSPECIFIED,受験・進路 | ブランド・指名検索,KWP_CompetitorKeywordSeed
35506,pre ステップ 口コミ,CORE,代表,C05650,1,pre ステップ 口コミ,競合の比較検討（評判・料金）,保護者,B,直接競合（特性/不登校×1対1学習支援）,高,③A 直接競合,Preステップオンライン,,,,UNSPECIFIED,比較検討・料金・申込 | ブランド・指名検索,KWP_CompetitorKeywordSeed
35561,pre ステップ 境界 知能 口コミ,CORE,代表,C05651,1,pre ステップ 境界 知能 口コミ,競合の比較検討（評判・料金）,保護者,B,直接競合（特性/不登校×1対1学習支援）,高,③A 直接競合,Preステップオンライン,,,,UNSPECIFIED,比較検討・料金・申込 | ブランド・指名検索,KWP_CompetitorKeywordSeed
35560,pre ステップ ld 口コミ,CORE,代表,C05652,1,pre ステップ ld 口コミ,競合の比較検討（評判・料金）,保護者,B,直接競合（特性/不登校×1対1学習支援）,高,③A 直接競合,Preステップオンライン,,,,UNSPECIFIED,比較検討・料金・申込 | ブランド・指名検索,KWP_CompetitorKeywordSeed
35573,pre ステップ 境界 知能 料金,CORE,代表,C05653,1,pre ステップ 境界 知能 料金,競合の比較検討（評判・料金）,保護者,B,直接競合（特性/不登校×1対1学習支援）,高,③A 直接競合,Preステップオンライン,,,,UNSPECIFIED,比較検討・料金・申込 | ブランド・指名検索,KWP_CompetitorKeywordSeed
35550,pre ステップ 境界 知能,CORE,代表,C05654,1,pre ステップ 境界 知能,競合×特性/不登校対応の確認,保護者,B,直接競合（特性/不登校×1対1学習支援）,高,③A 直接競合,Preステップオンライン,,,,UNSPECIFIED,ブランド・指名検索,KWP_CompetitorKeywordSeed
35567,pre ステップ 境界 知能 評判,CORE,代表,C05655,1,pre ステップ 境界 知能 評判,競合の比較検討（評判・料金）,保護者,B,直接競合（特性/不登校×1対1学習支援）,高,③A 直接競合,Preステップオンライン,,,,UNSPECIFIED,比較検討・料金・申込 | ブランド・指名検索,KWP_CompetitorKeywordSeed
35531,pre ステップ 失敗,CORE,代表,C05656,1,pre ステップ 失敗,競合の不満・乗り換え,保護者,B,直接競合（特性/不登校×1対1学習支援）,高,③A 直接競合,Preステップオンライン,,,,UNSPECIFIED,比較検討・料金・申込 | ブランド・指名検索,KWP_CompetitorKeywordSeed
35571,pre ステップ ld 料金,CORE,代表,C05657,2,pre ステップ ld 料金,競合の比較検討（評判・料金）,保護者,B,直接競合（特性/不登校×1対1学習支援）,高,③A 直接競合,Preステップオンライン,,,,UNSPECIFIED,比較検討・料金・申込 | ブランド・指名検索,KWP_CompetitorKeywordSeed
35565,pre ステップ ld 評判,CORE,代表,C05658,2,pre ステップ ld 評判,競合の比較検討（評判・料金）,保護者,B,直接競合（特性/不登校×1対1学習支援）,高,③A 直接競合,Preステップオンライン,,,,UNSPECIFIED,比較検討・料金・申込 | ブランド・指名検索,KWP_CompetitorKeywordSeed
35548,pre ステップ ld,CORE,代表,C05659,2,pre ステップ ld,競合×特性/不登校対応の確認,保護者,B,直接競合（特性/不登校×1対1学習支援）,高,③A 直接競合,Preステップオンライン,,,,UNSPECIFIED,ブランド・指名検索,KWP_CompetitorKeywordSeed
35520,pre ステップ 安い,CORE,代表,C05660,1,pre ステップ 安い,競合の比較検討（評判・料金）,保護者,B,直接競合（特性/不登校×1対1学習支援）,高,③A 直接競合,Preステップオンライン,,,,UNSPECIFIED,比較検討・料金・申込 | ブランド・指名検索,KWP_CompetitorKeywordSeed
35552,pre ステップ 小学生,CORE,代表,C05661,1,pre ステップ 小学生,競合指名・周辺,保護者,B,直接競合（特性/不登校×1対1学習支援）,高,③A 直接競合,Preステップオンライン,,,,UNSPECIFIED,ブランド・指名検索,KWP_CompetitorKeywordSeed
35532,pre ステップ 後悔,CORE,代表,C05662,1,pre ステップ 後悔,競合の不満・乗り換え,保護者,B,直接競合（特性/不登校×1対1学習支援）,高,③A 直接競合,Preステップオンライン,,,,UNSPECIFIED,比較検討・料金・申込 | ブランド・指名検索,KWP_CompetitorKeywordSeed
35529,pre ステップ 怪しい,CORE,代表,C05663,1,pre ステップ 怪しい,競合の不満・乗り換え,保護者,B,直接競合（特性/不登校×1対1学習支援）,高,③A 直接競合,Preステップオンライン,,,,UNSPECIFIED,比較検討・料金・申込 | ブランド・指名検索,KWP_CompetitorKeywordSeed
35510,pre ステップ 感想,CORE,代表,C05664,1,pre ステップ 感想,競合の比較検討（評判・料金）,保護者,B,直接競合（特性/不登校×1対1学習支援）,高,③A 直接競合,Preステップオンライン,,,,UNSPECIFIED,比較検討・料金・申込 | ブランド・指名検索,KWP_CompetitorKeywordSeed
35518,pre ステップ 教材 費,CORE,代表,C05665,1,pre ステップ 教材 費,競合指名・周辺,保護者,B,直接競合（特性/不登校×1対1学習支援）,高,③A 直接競合,Preステップオンライン,,,,UNSPECIFIED,比較検討・料金・申込 | 教材・通信教育 | ブランド・指名検索,KWP_CompetitorKeywordSeed
35512,pre ステップ 料金,CORE,代表,C05666,4,pre ステップ 料金,競合の比較検討（評判・料金）,保護者,B,直接競合（特性/不登校×1対1学習支援）,高,③A 直接競合,Preステップオンライン,,,,UNSPECIFIED,比較検討・料金・申込 | ブランド・指名検索,KWP_CompetitorKeywordSeed
35530,pre ステップ 最悪,CORE,代表,C05667,1,pre ステップ 最悪,競合の不満・乗り換え,保護者,B,直接競合（特性/不登校×1対1学習支援）,高,③A 直接競合,Preステップオンライン,,,,UNSPECIFIED,比較検討・料金・申込 | ブランド・指名検索,KWP_CompetitorKeywordSeed
35521,pre ステップ 比較,CORE,代表,C05668,1,pre ステップ 比較,競合の比較検討（評判・料金）,保護者,B,直接競合（特性/不登校×1対1学習支援）,高,③A 直接競合,Preステップオンライン,,,,UNSPECIFIED,比較検討・料金・申込 | ブランド・指名検索,KWP_CompetitorKeywordSeed
35542,pre ステップ 無料 相談,CORE,代表,C05669,1,pre ステップ 無料 相談,競合指名・周辺,保護者,B,直接競合（特性/不登校×1対1学習支援）,高,③A 直接競合,Preステップオンライン,,,,UNSPECIFIED,比較検討・料金・申込 | ブランド・指名検索,KWP_CompetitorKeywordSeed
35544,pre ステップ 申し込み,CORE,代表,C05670,1,pre ステップ 申し込み,競合の比較検討（評判・料金）,保護者,B,直接競合（特性/不登校×1対1学習支援）,高,③A 直接競合,Preステップオンライン,,,,UNSPECIFIED,比較検討・料金・申込 | ブランド・指名検索,KWP_CompetitorKeywordSeed
35538,pre ステップ 解約,CORE,代表,C05671,1,pre ステップ 解約,競合の不満・乗り換え,保護者,B,直接競合（特性/不登校×1対1学習支援）,高,③A 直接競合,Preステップオンライン,,,,UNSPECIFIED,比較検討・料金・申込 | ブランド・指名検索,KWP_CompetitorKeywordSeed
35511,pre ステップ 評価,CORE,代表,C05672,1,pre ステップ 評価,競合の比較検討（評判・料金）,保護者,B,直接競合（特性/不登校×1対1学習支援）,高,③A 直接競合,Preステップオンライン,,,,UNSPECIFIED,比較検討・料金・申込 | ブランド・指名検索,KWP_CompetitorKeywordSeed
35507,pre ステップ 評判,CORE,代表,C05673,1,pre ステップ 評判,競合の比較検討（評判・料金）,保護者,B,直接競合（特性/不登校×1対1学習支援）,高,③A 直接競合,Preステップオンライン,,,,UNSPECIFIED,比較検討・料金・申込 | ブランド・指名検索,KWP_CompetitorKeywordSeed
35543,pre ステップ 資料 請求,CORE,代表,C05674,1,pre ステップ 資料 請求,競合の比較検討（評判・料金）,保護者,B,直接競合（特性/不登校×1対1学習支援）,高,③A 直接競合,Preステップオンライン,,,,UNSPECIFIED,比較検討・料金・申込 | ブランド・指名検索,KWP_CompetitorKeywordSeed
35513,pre ステップ 費用,CORE,代表,C05675,1,pre ステップ 費用,競合の比較検討（評判・料金）,保護者,B,直接競合（特性/不登校×1対1学習支援）,高,③A 直接競合,Preステップオンライン,,,,UNSPECIFIED,比較検討・料金・申込 | ブランド・指名検索,KWP_CompetitorKeywordSeed
35537,pre ステップ 退会,CORE,代表,C05676,1,pre ステップ 退会,競合の不満・乗り換え,保護者,B,直接競合（特性/不登校×1対1学習支援）,高,③A 直接競合,Preステップオンライン,,,,UNSPECIFIED,合わない・断られた・乗り換え | ブランド・指名検索,KWP_CompetitorKeywordSeed
35522,pre ステップ 違い,CORE,代表,C05677,1,pre ステップ 違い,競合指名・周辺,保護者,B,直接競合（特性/不登校×1対1学習支援）,高,③A 直接競合,Preステップオンライン,,,,UNSPECIFIED,比較検討・料金・申込 | ブランド・指名検索 | 特性そのものを調べる（とは・特徴・チェック）,KWP_CompetitorKeywordSeed
35519,pre ステップ 高い,CORE,代表,C05678,1,pre ステップ 高い,競合の比較検討（評判・料金）,保護者,B,直接競合（特性/不登校×1対1学習支援）,高,③A 直接競合,Preステップオンライン,,,,UNSPECIFIED,比較検討・料金・申込 | ブランド・指名検索,KWP_CompetitorKeywordSeed
35554,pre ステップ 高校生,CORE,代表,C05679,1,pre ステップ 高校生,競合指名・周辺,保護者,B,直接競合（特性/不登校×1対1学習支援）,高,③A 直接競合,Preステップオンライン,,,,UNSPECIFIED,ブランド・指名検索,KWP_CompetitorKeywordSeed
42598,studyhop,CORE,代表,C05856,1,studyhop,競合指名・周辺,保護者,B,直接競合（特性/不登校×1対1学習支援）,高,③A 直接競合,個別指導塾スタディホップ,10,,,UNSPECIFIED,ブランド・指名検索,KWP_CompetitorKeywordSeed
42617,studyhop おすすめ,CORE,代表,C05857,2,studyhop おすすめ,競合の比較検討（評判・料金）,保護者,B,直接競合（特性/不登校×1対1学習支援）,高,③A 直接競合,個別指導塾スタディホップ,,,,UNSPECIFIED,比較検討・料金・申込 | ブランド・指名検索,KWP_CompetitorKeywordSeed
42628,studyhop やめたい,CORE,代表,C05858,1,studyhop やめたい,競合の不満・乗り換え,保護者,B,直接競合（特性/不登校×1対1学習支援）,高,③A 直接競合,個別指導塾スタディホップ,,,,UNSPECIFIED,合わない・断られた・乗り換え | ブランド・指名検索,KWP_CompetitorKeywordSeed
42629,studyhop 辞め たい,CORE,代表,C05859,1,studyhop 辞め たい,競合の不満・乗り換え,保護者,B,直接競合（特性/不登校×1対1学習支援）,高,③A 直接競合,個別指導塾スタディホップ,,,,UNSPECIFIED,比較検討・料金・申込 | 合わない・断られた・乗り換え | ブランド・指名検索,KWP_CompetitorKeywordSeed
42627,studyhop 向い て ない,CORE,代表,C05860,1,studyhop 向い て ない,競合の不満・乗り換え,保護者,B,直接競合（特性/不登校×1対1学習支援）,高,③A 直接競合,個別指導塾スタディホップ,,,,UNSPECIFIED,比較検討・料金・申込 | ブランド・指名検索,KWP_CompetitorKeywordSeed
42616,studyhop どっち,CORE,代表,C05861,1,studyhop どっち,競合の比較検討（評判・料金）,保護者,B,直接競合（特性/不登校×1対1学習支援）,高,③A 直接競合,個別指導塾スタディホップ,,,,UNSPECIFIED,比較検討・料金・申込 | ブランド・指名検索,KWP_CompetitorKeywordSeed
42626,studyhop 合わ ない,CORE,代表,C05862,1,studyhop 合わ ない,競合の不満・乗り換え,保護者,B,直接競合（特性/不登校×1対1学習支援）,高,③A 直接競合,個別指導塾スタディホップ,,,,UNSPECIFIED,合わない・断られた・乗り換え | ブランド・指名検索,KWP_CompetitorKeywordSeed
42639,studyhop グレー ゾーン,CORE,代表,C05863,1,studyhop グレー ゾーン,競合×特性/不登校対応の確認,保護者,B,直接競合（特性/不登校×1対1学習支援）,高,③A 直接競合,個別指導塾スタディホップ,,,,UNSPECIFIED,ブランド・指名検索,KWP_CompetitorKeywordSeed
42620,studyhop デメリット,CORE,代表,C05864,1,studyhop デメリット,競合指名・周辺,保護者,B,直接競合（特性/不登校×1対1学習支援）,高,③A 直接競合,個別指導塾スタディホップ,,,,UNSPECIFIED,比較検討・料金・申込 | ブランド・指名検索,KWP_CompetitorKeywordSeed
42621,studyhop メリット,CORE,代表,C05865,1,studyhop メリット,競合指名・周辺,保護者,B,直接競合（特性/不登校×1対1学習支援）,高,③A 直接競合,個別指導塾スタディホップ,,,,UNSPECIFIED,ブランド・指名検索,KWP_CompetitorKeywordSeed
42601,studyhop レビュー,CORE,代表,C05866,1,studyhop レビュー,競合の比較検討（評判・料金）,保護者,B,直接競合（特性/不登校×1対1学習支援）,高,③A 直接競合,個別指導塾スタディホップ,,,,UNSPECIFIED,比較検討・料金・申込 | ブランド・指名検索,KWP_CompetitorKeywordSeed
42644,studyhop 不 登校,CORE,代表,C05867,1,studyhop 不 登校,競合×特性/不登校対応の確認,保護者,B,直接競合（特性/不登校×1対1学習支援）,高,③A 直接競合,個別指導塾スタディホップ,,,,UNSPECIFIED,学校生活・不登校・学校種別 | ブランド・指名検索,KWP_CompetitorKeywordSeed
42649,studyhop 中学 受験,CORE,代表,C05868,1,studyhop 中学 受験,競合指名・周辺,保護者,B,直接競合（特性/不登校×1対1学習支援）,高,③A 直接競合,個別指導塾スタディホップ,,,,UNSPECIFIED,受験・進路 | ブランド・指名検索,KWP_CompetitorKeywordSeed
42646,studyhop 中学生,CORE,代表,C05869,1,studyhop 中学生,競合指名・周辺,保護者,B,直接競合（特性/不登校×1対1学習支援）,高,③A 直接競合,個別指導塾スタディホップ,,,,UNSPECIFIED,ブランド・指名検索,KWP_CompetitorKeywordSeed
42618,studyhop 他社,CORE,代表,C05870,1,studyhop 他社,競合指名・周辺,保護者,B,直接競合（特性/不登校×1対1学習支援）,高,③A 直接競合,個別指導塾スタディホップ,,,,UNSPECIFIED,比較検討・料金・申込 | ブランド・指名検索,KWP_CompetitorKeywordSeed
42633,studyhop 体験,CORE,代表,C05871,1,studyhop 体験,競合の比較検討（評判・料金）,保護者,B,直接競合（特性/不登校×1対1学習支援）,高,③A 直接競合,個別指導塾スタディホップ,,,,UNSPECIFIED,比較検討・料金・申込 | ブランド・指名検索,KWP_CompetitorKeywordSeed
42634,studyhop 体験 授業,CORE,代表,C05872,1,studyhop 体験 授業,競合の比較検討（評判・料金）,保護者,B,直接競合（特性/不登校×1対1学習支援）,高,③A 直接競合,個別指導塾スタディホップ,,,,UNSPECIFIED,比較検討・料金・申込 | 学習のやり方・学習課題 | ブランド・指名検索,KWP_CompetitorKeywordSeed
42632,studyhop 無料 体験,CORE,代表,C05873,1,studyhop 無料 体験,競合の比較検討（評判・料金）,保護者,B,直接競合（特性/不登校×1対1学習支援）,高,③A 直接競合,個別指導塾スタディホップ,,,,UNSPECIFIED,比較検討・料金・申込 | ブランド・指名検索,KWP_CompetitorKeywordSeed
42602,studyhop 体験 談,CORE,代表,C05874,1,studyhop 体験 談,競合の比較検討（評判・料金）,保護者,B,直接競合（特性/不登校×1対1学習支援）,高,③A 直接競合,個別指導塾スタディホップ,,,,UNSPECIFIED,比較検討・料金・申込 | ブランド・指名検索,KWP_CompetitorKeywordSeed
42638,studyhop 入会,CORE,代表,C05875,1,studyhop 入会,競合の比較検討（評判・料金）,保護者,B,直接競合（特性/不登校×1対1学習支援）,高,③A 直接競合,個別指導塾スタディホップ,,,,UNSPECIFIED,比較検討・料金・申込 | ブランド・指名検索,KWP_CompetitorKeywordSeed
42610,studyhop 入会 金,CORE,代表,C05876,1,studyhop 入会 金,競合の比較検討（評判・料金）,保護者,B,直接競合（特性/不登校×1対1学習支援）,高,③A 直接競合,個別指導塾スタディホップ,,,,UNSPECIFIED,比較検討・料金・申込 | ブランド・指名検索,KWP_CompetitorKeywordSeed
42650,studyhop 大学 受験,CORE,代表,C05877,1,studyhop 大学 受験,競合指名・周辺,保護者,B,直接競合（特性/不登校×1対1学習支援）,高,③A 直接競合,個別指導塾スタディホップ,,,,UNSPECIFIED,受験・進路 | ブランド・指名検索,KWP_CompetitorKeywordSeed
42648,studyhop 高校 受験,CORE,代表,C05878,1,studyhop 高校 受験,競合指名・周辺,保護者,B,直接競合（特性/不登校×1対1学習支援）,高,③A 直接競合,個別指導塾スタディホップ,,,,UNSPECIFIED,受験・進路 | ブランド・指名検索,KWP_CompetitorKeywordSeed
42599,studyhop 口コミ,CORE,代表,C05879,1,studyhop 口コミ,競合の比較検討（評判・料金）,保護者,B,直接競合（特性/不登校×1対1学習支援）,高,③A 直接競合,個別指導塾スタディホップ,,,,UNSPECIFIED,比較検討・料金・申込 | ブランド・指名検索,KWP_CompetitorKeywordSeed
42643,studyhop 境界 知能,CORE,代表,C05880,1,studyhop 境界 知能,競合×特性/不登校対応の確認,保護者,B,直接競合（特性/不登校×1対1学習支援）,高,③A 直接競合,個別指導塾スタディホップ,,,,UNSPECIFIED,ブランド・指名検索,KWP_CompetitorKeywordSeed
42624,studyhop 失敗,CORE,代表,C05881,1,studyhop 失敗,競合の不満・乗り換え,保護者,B,直接競合（特性/不登校×1対1学習支援）,高,③A 直接競合,個別指導塾スタディホップ,,,,UNSPECIFIED,比較検討・料金・申込 | ブランド・指名検索,KWP_CompetitorKeywordSeed
42641,studyhop ld,CORE,代表,C05882,2,studyhop ld,競合指名・周辺,保護者,B,直接競合（特性/不登校×1対1学習支援）,高,③A 直接競合,個別指導塾スタディホップ,,,,UNSPECIFIED,ブランド・指名検索,KWP_CompetitorKeywordSeed
42613,studyhop 安い,CORE,代表,C05883,1,studyhop 安い,競合の比較検討（評判・料金）,保護者,B,直接競合（特性/不登校×1対1学習支援）,高,③A 直接競合,個別指導塾スタディホップ,,,,UNSPECIFIED,比較検討・料金・申込 | ブランド・指名検索,KWP_CompetitorKeywordSeed
42645,studyhop 小学生,CORE,代表,C05884,1,studyhop 小学生,競合指名・周辺,保護者,B,直接競合（特性/不登校×1対1学習支援）,高,③A 直接競合,個別指導塾スタディホップ,,,,UNSPECIFIED,ブランド・指名検索,KWP_CompetitorKeywordSeed
42625,studyhop 後悔,CORE,代表,C05885,1,studyhop 後悔,競合の不満・乗り換え,保護者,B,直接競合（特性/不登校×1対1学習支援）,高,③A 直接競合,個別指導塾スタディホップ,,,,UNSPECIFIED,比較検討・料金・申込 | ブランド・指名検索,KWP_CompetitorKeywordSeed
42622,studyhop 怪しい,CORE,代表,C05886,1,studyhop 怪しい,競合の不満・乗り換え,保護者,B,直接競合（特性/不登校×1対1学習支援）,高,③A 直接競合,個別指導塾スタディホップ,,,,UNSPECIFIED,比較検討・料金・申込 | ブランド・指名検索,KWP_CompetitorKeywordSeed
42603,studyhop 感想,CORE,代表,C05887,1,studyhop 感想,競合の比較検討（評判・料金）,保護者,B,直接競合（特性/不登校×1対1学習支援）,高,③A 直接競合,個別指導塾スタディホップ,,,,UNSPECIFIED,比較検討・料金・申込 | ブランド・指名検索,KWP_CompetitorKeywordSeed
42611,studyhop 教材 費,CORE,代表,C05888,1,studyhop 教材 費,競合指名・周辺,保護者,B,直接競合（特性/不登校×1対1学習支援）,高,③A 直接競合,個別指導塾スタディホップ,,,,UNSPECIFIED,比較検討・料金・申込 | 教材・通信教育 | ブランド・指名検索,KWP_CompetitorKeywordSeed
42605,studyhop 料金,CORE,代表,C05889,4,studyhop 料金,競合の比較検討（評判・料金）,保護者,B,直接競合（特性/不登校×1対1学習支援）,高,③A 直接競合,個別指導塾スタディホップ,,,,UNSPECIFIED,比較検討・料金・申込 | ブランド・指名検索,KWP_CompetitorKeywordSeed
42623,studyhop 最悪,CORE,代表,C05890,1,studyhop 最悪,競合の不満・乗り換え,保護者,B,直接競合（特性/不登校×1対1学習支援）,高,③A 直接競合,個別指導塾スタディホップ,,,,UNSPECIFIED,比較検討・料金・申込 | ブランド・指名検索,KWP_CompetitorKeywordSeed
42614,studyhop 比較,CORE,代表,C05891,1,studyhop 比較,競合の比較検討（評判・料金）,保護者,B,直接競合（特性/不登校×1対1学習支援）,高,③A 直接競合,個別指導塾スタディホップ,,,,UNSPECIFIED,比較検討・料金・申込 | ブランド・指名検索,KWP_CompetitorKeywordSeed
42635,studyhop 無料 相談,CORE,代表,C05892,1,studyhop 無料 相談,競合指名・周辺,保護者,B,直接競合（特性/不登校×1対1学習支援）,高,③A 直接競合,個別指導塾スタディホップ,,,,UNSPECIFIED,比較検討・料金・申込 | ブランド・指名検索,KWP_CompetitorKeywordSeed
42637,studyhop 申し込み,CORE,代表,C05893,1,studyhop 申し込み,競合の比較検討（評判・料金）,保護者,B,直接競合（特性/不登校×1対1学習支援）,高,③A 直接競合,個別指導塾スタディホップ,,,,UNSPECIFIED,比較検討・料金・申込 | ブランド・指名検索,KWP_CompetitorKeywordSeed
42631,studyhop 解約,CORE,代表,C05894,1,studyhop 解約,競合の不満・乗り換え,保護者,B,直接競合（特性/不登校×1対1学習支援）,高,③A 直接競合,個別指導塾スタディホップ,,,,UNSPECIFIED,比較検討・料金・申込 | ブランド・指名検索,KWP_CompetitorKeywordSeed
42604,studyhop 評価,CORE,代表,C05895,1,studyhop 評価,競合の比較検討（評判・料金）,保護者,B,直接競合（特性/不登校×1対1学習支援）,高,③A 直接競合,個別指導塾スタディホップ,,,,UNSPECIFIED,比較検討・料金・申込 | ブランド・指名検索,KWP_CompetitorKeywordSeed
42600,studyhop 評判,CORE,代表,C05896,1,studyhop 評判,競合の比較検討（評判・料金）,保護者,B,直接競合（特性/不登校×1対1学習支援）,高,③A 直接競合,個別指導塾スタディホップ,,,,UNSPECIFIED,比較検討・料金・申込 | ブランド・指名検索,KWP_CompetitorKeywordSeed
42636,studyhop 資料 請求,CORE,代表,C05897,1,studyhop 資料 請求,競合の比較検討（評判・料金）,保護者,B,直接競合（特性/不登校×1対1学習支援）,高,③A 直接競合,個別指導塾スタディホップ,,,,UNSPECIFIED,比較検討・料金・申込 | ブランド・指名検索,KWP_CompetitorKeywordSeed
42606,studyhop 費用,CORE,代表,C05898,1,studyhop 費用,競合の比較検討（評判・料金）,保護者,B,直接競合（特性/不登校×1対1学習支援）,高,③A 直接競合,個別指導塾スタディホップ,,,,UNSPECIFIED,比較検討・料金・申込 | ブランド・指名検索,KWP_CompetitorKeywordSeed
42630,studyhop 退会,CORE,代表,C05899,1,studyhop 退会,競合の不満・乗り換え,保護者,B,直接競合（特性/不登校×1対1学習支援）,高,③A 直接競合,個別指導塾スタディホップ,,,,UNSPECIFIED,合わない・断られた・乗り換え | ブランド・指名検索,KWP_CompetitorKeywordSeed
42615,studyhop 違い,CORE,代表,C05900,1,studyhop 違い,競合指名・周辺,保護者,B,直接競合（特性/不登校×1対1学習支援）,高,③A 直接競合,個別指導塾スタディホップ,,,,UNSPECIFIED,比較検討・料金・申込 | ブランド・指名検索 | 特性そのものを調べる（とは・特徴・チェック）,KWP_CompetitorKeywordSeed
42612,studyhop 高い,CORE,代表,C05901,1,studyhop 高い,競合の比較検討（評判・料金）,保護者,B,直接競合（特性/不登校×1対1学習支援）,高,③A 直接競合,個別指導塾スタディホップ,,,,UNSPECIFIED,比較検討・料金・申込 | ブランド・指名検索,KWP_CompetitorKeywordSeed
42647,studyhop 高校生,CORE,代表,C05902,1,studyhop 高校生,競合指名・周辺,保護者,B,直接競合（特性/不登校×1対1学習支援）,高,③A 直接競合,個別指導塾スタディホップ,,,,UNSPECIFIED,ブランド・指名検索,KWP_CompetitorKeywordSeed
42640,studyhop asd,CORE,代表,C05903,1,studyhop asd,競合×特性/不登校対応の確認,保護者,B,直接競合（特性/不登校×1対1学習支援）,高,③A 直接競合,個別指導塾スタディホップ,,,,UNSPECIFIED,ブランド・指名検索,KWP_CompetitorKeywordSeed
34641,tintle,CORE,代表,C05935,1,tintle,競合指名・周辺,保護者,B,直接競合（特性/不登校×1対1学習支援）,高,③A 直接競合,ティントル,10,,,LOW,ブランド・指名検索,KWP_CompetitorKeywordSeed
34660,tintle おすすめ,CORE,代表,C05936,2,tintle おすすめ,競合の比較検討（評判・料金）,保護者,B,直接競合（特性/不登校×1対1学習支援）,高,③A 直接競合,ティントル,,,,UNSPECIFIED,比較検討・料金・申込 | ブランド・指名検索,KWP_CompetitorKeywordSeed
34671,tintle やめたい,CORE,代表,C05937,1,tintle やめたい,競合の不満・乗り換え,保護者,B,直接競合（特性/不登校×1対1学習支援）,高,③A 直接競合,ティントル,,,,UNSPECIFIED,合わない・断られた・乗り換え | ブランド・指名検索,KWP_CompetitorKeywordSeed
34672,tintle 辞め たい,CORE,代表,C05938,1,tintle 辞め たい,競合の不満・乗り換え,保護者,B,直接競合（特性/不登校×1対1学習支援）,高,③A 直接競合,ティントル,,,,UNSPECIFIED,比較検討・料金・申込 | 合わない・断られた・乗り換え | ブランド・指名検索,KWP_CompetitorKeywordSeed
34670,tintle 向い て ない,CORE,代表,C05939,1,tintle 向い て ない,競合の不満・乗り換え,保護者,B,直接競合（特性/不登校×1対1学習支援）,高,③A 直接競合,ティントル,,,,UNSPECIFIED,比較検討・料金・申込 | ブランド・指名検索,KWP_CompetitorKeywordSeed
34659,tintle どっち,CORE,代表,C05940,1,tintle どっち,競合の比較検討（評判・料金）,保護者,B,直接競合（特性/不登校×1対1学習支援）,高,③A 直接競合,ティントル,,,,UNSPECIFIED,比較検討・料金・申込 | ブランド・指名検索,KWP_CompetitorKeywordSeed
34669,tintle 合わ ない,CORE,代表,C05941,1,tintle 合わ ない,競合の不満・乗り換え,保護者,B,直接競合（特性/不登校×1対1学習支援）,高,③A 直接競合,ティントル,,,,UNSPECIFIED,合わない・断られた・乗り換え | ブランド・指名検索,KWP_CompetitorKeywordSeed
34682,tintle グレー ゾーン,CORE,代表,C05942,1,tintle グレー ゾーン,競合×特性/不登校対応の確認,保護者,B,直接競合（特性/不登校×1対1学習支援）,高,③A 直接競合,ティントル,,,,UNSPECIFIED,ブランド・指名検索,KWP_CompetitorKeywordSeed
34663,tintle デメリット,CORE,代表,C05943,1,tintle デメリット,競合指名・周辺,保護者,B,直接競合（特性/不登校×1対1学習支援）,高,③A 直接競合,ティントル,,,,UNSPECIFIED,比較検討・料金・申込 | ブランド・指名検索,KWP_CompetitorKeywordSeed
34664,tintle メリット,CORE,代表,C05944,1,tintle メリット,競合指名・周辺,保護者,B,直接競合（特性/不登校×1対1学習支援）,高,③A 直接競合,ティントル,,,,UNSPECIFIED,ブランド・指名検索,KWP_CompetitorKeywordSeed
34644,tintle レビュー,CORE,代表,C05945,1,tintle レビュー,競合の比較検討（評判・料金）,保護者,B,直接競合（特性/不登校×1対1学習支援）,高,③A 直接競合,ティントル,,,,UNSPECIFIED,比較検討・料金・申込 | ブランド・指名検索,KWP_CompetitorKeywordSeed
34687,tintle 不 登校,CORE,代表,C05946,1,tintle 不 登校,競合×特性/不登校対応の確認,保護者,B,直接競合（特性/不登校×1対1学習支援）,高,③A 直接競合,ティントル,,,,UNSPECIFIED,学校生活・不登校・学校種別 | ブランド・指名検索,KWP_CompetitorKeywordSeed
34692,tintle 中学 受験,CORE,代表,C05947,1,tintle 中学 受験,競合指名・周辺,保護者,B,直接競合（特性/不登校×1対1学習支援）,高,③A 直接競合,ティントル,,,,UNSPECIFIED,受験・進路 | ブランド・指名検索,KWP_CompetitorKeywordSeed
34689,tintle 中学生,CORE,代表,C05948,1,tintle 中学生,競合指名・周辺,保護者,B,直接競合（特性/不登校×1対1学習支援）,高,③A 直接競合,ティントル,,,,UNSPECIFIED,ブランド・指名検索,KWP_CompetitorKeywordSeed
34661,tintle 他社,CORE,代表,C05949,1,tintle 他社,競合指名・周辺,保護者,B,直接競合（特性/不登校×1対1学習支援）,高,③A 直接競合,ティントル,,,,UNSPECIFIED,比較検討・料金・申込 | ブランド・指名検索,KWP_CompetitorKeywordSeed
34676,tintle 体験,CORE,代表,C05950,1,tintle 体験,競合の比較検討（評判・料金）,保護者,B,直接競合（特性/不登校×1対1学習支援）,高,③A 直接競合,ティントル,,,,UNSPECIFIED,比較検討・料金・申込 | ブランド・指名検索,KWP_CompetitorKeywordSeed
34677,tintle 体験 授業,CORE,代表,C05951,1,tintle 体験 授業,競合の比較検討（評判・料金）,保護者,B,直接競合（特性/不登校×1対1学習支援）,高,③A 直接競合,ティントル,,,,UNSPECIFIED,比較検討・料金・申込 | 学習のやり方・学習課題 | ブランド・指名検索,KWP_CompetitorKeywordSeed
34675,tintle 無料 体験,CORE,代表,C05952,1,tintle 無料 体験,競合の比較検討（評判・料金）,保護者,B,直接競合（特性/不登校×1対1学習支援）,高,③A 直接競合,ティントル,,,,UNSPECIFIED,比較検討・料金・申込 | ブランド・指名検索,KWP_CompetitorKeywordSeed
34645,tintle 体験 談,CORE,代表,C05953,1,tintle 体験 談,競合の比較検討（評判・料金）,保護者,B,直接競合（特性/不登校×1対1学習支援）,高,③A 直接競合,ティントル,,,,UNSPECIFIED,比較検討・料金・申込 | ブランド・指名検索,KWP_CompetitorKeywordSeed
34681,tintle 入会,CORE,代表,C05954,1,tintle 入会,競合の比較検討（評判・料金）,保護者,B,直接競合（特性/不登校×1対1学習支援）,高,③A 直接競合,ティントル,,,,UNSPECIFIED,比較検討・料金・申込 | ブランド・指名検索,KWP_CompetitorKeywordSeed
34653,tintle 入会 金,CORE,代表,C05955,1,tintle 入会 金,競合の比較検討（評判・料金）,保護者,B,直接競合（特性/不登校×1対1学習支援）,高,③A 直接競合,ティントル,,,,UNSPECIFIED,比較検討・料金・申込 | ブランド・指名検索,KWP_CompetitorKeywordSeed
34693,tintle 大学 受験,CORE,代表,C05956,1,tintle 大学 受験,競合指名・周辺,保護者,B,直接競合（特性/不登校×1対1学習支援）,高,③A 直接競合,ティントル,,,,UNSPECIFIED,受験・進路 | ブランド・指名検索,KWP_CompetitorKeywordSeed
34691,tintle 高校 受験,CORE,代表,C05957,1,tintle 高校 受験,競合指名・周辺,保護者,B,直接競合（特性/不登校×1対1学習支援）,高,③A 直接競合,ティントル,,,,UNSPECIFIED,受験・進路 | ブランド・指名検索,KWP_CompetitorKeywordSeed
34642,tintle 口コミ,CORE,代表,C05958,1,tintle 口コミ,競合の比較検討（評判・料金）,保護者,B,直接競合（特性/不登校×1対1学習支援）,高,③A 直接競合,ティントル,,,,UNSPECIFIED,比較検討・料金・申込 | ブランド・指名検索,KWP_CompetitorKeywordSeed
34686,tintle 境界 知能,CORE,代表,C05959,1,tintle 境界 知能,競合×特性/不登校対応の確認,保護者,B,直接競合（特性/不登校×1対1学習支援）,高,③A 直接競合,ティントル,,,,UNSPECIFIED,ブランド・指名検索,KWP_CompetitorKeywordSeed
34667,tintle 失敗,CORE,代表,C05960,1,tintle 失敗,競合の不満・乗り換え,保護者,B,直接競合（特性/不登校×1対1学習支援）,高,③A 直接競合,ティントル,,,,UNSPECIFIED,比較検討・料金・申込 | ブランド・指名検索,KWP_CompetitorKeywordSeed
34684,tintle ld,CORE,代表,C05961,2,tintle ld,競合指名・周辺,保護者,B,直接競合（特性/不登校×1対1学習支援）,高,③A 直接競合,ティントル,,,,UNSPECIFIED,ブランド・指名検索,KWP_CompetitorKeywordSeed
34656,tintle 安い,CORE,代表,C05962,1,tintle 安い,競合の比較検討（評判・料金）,保護者,B,直接競合（特性/不登校×1対1学習支援）,高,③A 直接競合,ティントル,,,,UNSPECIFIED,比較検討・料金・申込 | ブランド・指名検索,KWP_CompetitorKeywordSeed
34688,tintle 小学生,CORE,代表,C05963,1,tintle 小学生,競合指名・周辺,保護者,B,直接競合（特性/不登校×1対1学習支援）,高,③A 直接競合,ティントル,,,,UNSPECIFIED,ブランド・指名検索,KWP_CompetitorKeywordSeed
34668,tintle 後悔,CORE,代表,C05964,1,tintle 後悔,競合の不満・乗り換え,保護者,B,直接競合（特性/不登校×1対1学習支援）,高,③A 直接競合,ティントル,,,,UNSPECIFIED,比較検討・料金・申込 | ブランド・指名検索,KWP_CompetitorKeywordSeed
34665,tintle 怪しい,CORE,代表,C05965,1,tintle 怪しい,競合の不満・乗り換え,保護者,B,直接競合（特性/不登校×1対1学習支援）,高,③A 直接競合,ティントル,,,,UNSPECIFIED,比較検討・料金・申込 | ブランド・指名検索,KWP_CompetitorKeywordSeed
34646,tintle 感想,CORE,代表,C05966,1,tintle 感想,競合の比較検討（評判・料金）,保護者,B,直接競合（特性/不登校×1対1学習支援）,高,③A 直接競合,ティントル,,,,UNSPECIFIED,比較検討・料金・申込 | ブランド・指名検索,KWP_CompetitorKeywordSeed
34654,tintle 教材 費,CORE,代表,C05967,1,tintle 教材 費,競合指名・周辺,保護者,B,直接競合（特性/不登校×1対1学習支援）,高,③A 直接競合,ティントル,,,,UNSPECIFIED,比較検討・料金・申込 | 教材・通信教育 | ブランド・指名検索,KWP_CompetitorKeywordSeed
34648,tintle 料金,CORE,代表,C05968,4,tintle 料金,競合の比較検討（評判・料金）,保護者,B,直接競合（特性/不登校×1対1学習支援）,高,③A 直接競合,ティントル,,,,UNSPECIFIED,比較検討・料金・申込 | ブランド・指名検索,KWP_CompetitorKeywordSeed
34666,tintle 最悪,CORE,代表,C05969,1,tintle 最悪,競合の不満・乗り換え,保護者,B,直接競合（特性/不登校×1対1学習支援）,高,③A 直接競合,ティントル,,,,UNSPECIFIED,比較検討・料金・申込 | ブランド・指名検索,KWP_CompetitorKeywordSeed
34657,tintle 比較,CORE,代表,C05970,1,tintle 比較,競合の比較検討（評判・料金）,保護者,B,直接競合（特性/不登校×1対1学習支援）,高,③A 直接競合,ティントル,,,,UNSPECIFIED,比較検討・料金・申込 | ブランド・指名検索,KWP_CompetitorKeywordSeed
34678,tintle 無料 相談,CORE,代表,C05971,1,tintle 無料 相談,競合指名・周辺,保護者,B,直接競合（特性/不登校×1対1学習支援）,高,③A 直接競合,ティントル,,,,UNSPECIFIED,比較検討・料金・申込 | ブランド・指名検索,KWP_CompetitorKeywordSeed
34680,tintle 申し込み,CORE,代表,C05972,1,tintle 申し込み,競合の比較検討（評判・料金）,保護者,B,直接競合（特性/不登校×1対1学習支援）,高,③A 直接競合,ティントル,,,,UNSPECIFIED,比較検討・料金・申込 | ブランド・指名検索,KWP_CompetitorKeywordSeed
34674,tintle 解約,CORE,代表,C05973,1,tintle 解約,競合の不満・乗り換え,保護者,B,直接競合（特性/不登校×1対1学習支援）,高,③A 直接競合,ティントル,,,,UNSPECIFIED,比較検討・料金・申込 | ブランド・指名検索,KWP_CompetitorKeywordSeed
34647,tintle 評価,CORE,代表,C05974,1,tintle 評価,競合の比較検討（評判・料金）,保護者,B,直接競合（特性/不登校×1対1学習支援）,高,③A 直接競合,ティントル,,,,UNSPECIFIED,比較検討・料金・申込 | ブランド・指名検索,KWP_CompetitorKeywordSeed
34643,tintle 評判,CORE,代表,C05975,1,tintle 評判,競合の比較検討（評判・料金）,保護者,B,直接競合（特性/不登校×1対1学習支援）,高,③A 直接競合,ティントル,,,,UNSPECIFIED,比較検討・料金・申込 | ブランド・指名検索,KWP_CompetitorKeywordSeed
34679,tintle 資料 請求,CORE,代表,C05976,1,tintle 資料 請求,競合の比較検討（評判・料金）,保護者,B,直接競合（特性/不登校×1対1学習支援）,高,③A 直接競合,ティントル,,,,UNSPECIFIED,比較検討・料金・申込 | ブランド・指名検索,KWP_CompetitorKeywordSeed
34649,tintle 費用,CORE,代表,C05977,1,tintle 費用,競合の比較検討（評判・料金）,保護者,B,直接競合（特性/不登校×1対1学習支援）,高,③A 直接競合,ティントル,,,,UNSPECIFIED,比較検討・料金・申込 | ブランド・指名検索,KWP_CompetitorKeywordSeed
34673,tintle 退会,CORE,代表,C05978,1,tintle 退会,競合の不満・乗り換え,保護者,B,直接競合（特性/不登校×1対1学習支援）,高,③A 直接競合,ティントル,,,,UNSPECIFIED,合わない・断られた・乗り換え | ブランド・指名検索,KWP_CompetitorKeywordSeed
34658,tintle 違い,CORE,代表,C05979,1,tintle 違い,競合指名・周辺,保護者,B,直接競合（特性/不登校×1対1学習支援）,高,③A 直接競合,ティントル,,,,UNSPECIFIED,比較検討・料金・申込 | ブランド・指名検索 | 特性そのものを調べる（とは・特徴・チェック）,KWP_CompetitorKeywordSeed
34655,tintle 高い,CORE,代表,C05980,1,tintle 高い,競合の比較検討（評判・料金）,保護者,B,直接競合（特性/不登校×1対1学習支援）,高,③A 直接競合,ティントル,,,,UNSPECIFIED,比較検討・料金・申込 | ブランド・指名検索,KWP_CompetitorKeywordSeed
34690,tintle 高校生,CORE,代表,C05981,1,tintle 高校生,競合指名・周辺,保護者,B,直接競合（特性/不登校×1対1学習支援）,高,③A 直接競合,ティントル,,,,UNSPECIFIED,ブランド・指名検索,KWP_CompetitorKeywordSeed
34683,tintle asd,CORE,代表,C05982,1,tintle asd,競合×特性/不登校対応の確認,保護者,B,直接競合（特性/不登校×1対1学習支援）,高,③A 直接競合,ティントル,,,,UNSPECIFIED,ブランド・指名検索,KWP_CompetitorKeywordSeed
40720,tomas おすすめ,CORE,代表,C06000,2,tomas おすすめ,競合の比較検討（評判・料金）,保護者,B,カテゴリ競合×比較/評判/料金/乗換え/特性,中,③B カテゴリ競合,TOMAS,,,,UNSPECIFIED,比較検討・料金・申込 | ブランド・指名検索,KWP_CompetitorKeywordSeed
40737,tomas やめたい,CORE,代表,C06001,1,tomas やめたい,競合の不満・乗り換え,保護者,B,カテゴリ競合×比較/評判/料金/乗換え/特性,中,③B カテゴリ競合,TOMAS,,,,UNSPECIFIED,合わない・断られた・乗り換え | ブランド・指名検索,KWP_CompetitorKeywordSeed
40729,tomas 辞め たい,CORE,代表,C06002,2,tomas 辞め たい,競合の不満・乗り換え,保護者,B,カテゴリ競合×比較/評判/料金/乗換え/特性,中,③B カテゴリ競合,TOMAS,10,,,LOW,比較検討・料金・申込 | 合わない・断られた・乗り換え | ブランド・指名検索,KWP_CompetitorKeywordSeed
40736,tomas 向い て ない,CORE,代表,C06005,1,tomas 向い て ない,競合の不満・乗り換え,保護者,B,カテゴリ競合×比較/評判/料金/乗換え/特性,中,③B カテゴリ競合,TOMAS,,,,UNSPECIFIED,比較検討・料金・申込 | ブランド・指名検索,KWP_CompetitorKeywordSeed
40719,tomas どっち,CORE,代表,C06007,1,tomas どっち,競合の比較検討（評判・料金）,保護者,B,カテゴリ競合×比較/評判/料金/乗換え/特性,中,③B カテゴリ競合,TOMAS,,,,UNSPECIFIED,比較検討・料金・申込 | ブランド・指名検索,KWP_CompetitorKeywordSeed
40735,tomas 合わ ない,CORE,代表,C06008,1,tomas 合わ ない,競合の不満・乗り換え,保護者,B,カテゴリ競合×比較/評判/料金/乗換え/特性,中,③B カテゴリ競合,TOMAS,,,,UNSPECIFIED,合わない・断られた・乗り換え | ブランド・指名検索,KWP_CompetitorKeywordSeed
67890,tomas やばい,CORE,代表,C06009,1,tomas やばい,競合の不満・乗り換え,保護者,B,カテゴリ競合×比較/評判/料金/乗換え/特性,中,③B カテゴリ競合,TOMAS,10,,,LOW,比較検討・料金・申込 | ブランド・指名検索,CompetitorMatrix
40679,インター tomas 口コミ,CORE,代表,C06010,1,インター tomas 口コミ,競合の比較検討（評判・料金）,保護者,B,カテゴリ競合×比較/評判/料金/乗換え/特性,中,③B カテゴリ競合,TOMAS,10,,,LOW,比較検討・料金・申込 | 学校生活・不登校・学校種別 | ブランド・指名検索,KWP_CompetitorKeywordSeed
40680,インター tomas 評判,CORE,代表,C06011,1,インター tomas 評判,競合の比較検討（評判・料金）,保護者,B,カテゴリ競合×比較/評判/料金/乗換え/特性,中,③B カテゴリ競合,TOMAS,10,,,UNSPECIFIED,比較検討・料金・申込 | 学校生活・不登校・学校種別 | ブランド・指名検索,KWP_CompetitorKeywordSeed
40746,tomas グレー ゾーン,CORE,代表,C06012,1,tomas グレー ゾーン,競合×特性/不登校対応の確認,保護者,B,カテゴリ競合×比較/評判/料金/乗換え/特性,中,③B カテゴリ競合,TOMAS,,,,UNSPECIFIED,ブランド・指名検索,KWP_CompetitorKeywordSeed
40474,スペック tomas 月謝,CORE,代表,C06016,1,スペック tomas 月謝,競合の比較検討（評判・料金）,保護者,B,カテゴリ競合×比較/評判/料金/乗換え/特性,中,③B カテゴリ競合,TOMAS,10,,,LOW,比較検討・料金・申込 | ブランド・指名検索,KWP_CompetitorKeywordSeed
40686,tomas レビュー,CORE,代表,C06022,1,tomas レビュー,競合の比較検討（評判・料金）,保護者,B,カテゴリ競合×比較/評判/料金/乗換え/特性,中,③B カテゴリ競合,TOMAS,,,,UNSPECIFIED,比較検討・料金・申込 | ブランド・指名検索,KWP_CompetitorKeywordSeed
40751,tomas 不 登校,CORE,代表,C06024,1,tomas 不 登校,競合×特性/不登校対応の確認,保護者,B,カテゴリ競合×比較/評判/料金/乗換え/特性,中,③B カテゴリ競合,TOMAS,,,,UNSPECIFIED,学校生活・不登校・学校種別 | ブランド・指名検索,KWP_CompetitorKeywordSeed
3240,tomas 中学 受験 料金,CORE,代表,C06028,1,tomas 中学 受験 料金,競合の比較検討（評判・料金）,保護者,B,カテゴリ競合×比較/評判/料金/乗換え/特性,中,③B カテゴリ競合,TOMAS,10,119.0,498.0,MEDIUM,比較検討・料金・申込 | 受験・進路 | ブランド・指名検索,KWP_KeywordSeed || KWP_CompetitorKeywordSeed
40739,tomas 体験,CORE,代表,C06033,1,tomas 体験,競合の比較検討（評判・料金）,保護者,B,カテゴリ競合×比較/評判/料金/乗換え/特性,中,③B カテゴリ競合,TOMAS,10,,,MEDIUM,比較検討・料金・申込 | ブランド・指名検索,KWP_CompetitorKeywordSeed || CompetitorMatrix
40471,tomas 体験 授業,CORE,代表,C06034,2,tomas 体験 授業,競合の比較検討（評判・料金）,保護者,B,カテゴリ競合×比較/評判/料金/乗換え/特性,中,③B カテゴリ競合,TOMAS,20,251.0,802.0,MEDIUM,比較検討・料金・申込 | 学習のやり方・学習課題 | ブランド・指名検索,KWP_CompetitorKeywordSeed
40742,tomas 無料 体験,CORE,代表,C06035,1,tomas 無料 体験,競合の比較検討（評判・料金）,保護者,B,カテゴリ競合×比較/評判/料金/乗換え/特性,中,③B カテゴリ競合,TOMAS,,,,UNSPECIFIED,比較検討・料金・申込 | ブランド・指名検索,KWP_CompetitorKeywordSeed
40687,tomas 体験 談,CORE,代表,C06036,1,tomas 体験 談,競合の比較検討（評判・料金）,保護者,B,カテゴリ競合×比較/評判/料金/乗換え/特性,中,③B カテゴリ競合,TOMAS,,,,UNSPECIFIED,比較検討・料金・申込 | ブランド・指名検索,KWP_CompetitorKeywordSeed
2987,tomas 個別 指導 料金,CORE,代表,C06041,1,tomas 個別 指導 料金,競合の比較検討（評判・料金）,保護者,B,カテゴリ競合×比較/評判/料金/乗換え/特性,中,③B カテゴリ競合,TOMAS,30,103.0,385.0,MEDIUM,サービス探し（家庭教師・塾・支援） | 比較検討・料金・申込 | ブランド・指名検索,KWP_KeywordSeed || KWP_CompetitorKeywordSeed
3200,tomas 個別 料金,CORE,代表,C06043,1,tomas 個別 料金,競合の比較検討（評判・料金）,保護者,B,カテゴリ競合×比較/評判/料金/乗換え/特性,中,③B カテゴリ競合,TOMAS,10,,,MEDIUM,比較検討・料金・申込 | ブランド・指名検索,KWP_KeywordSeed || KWP_CompetitorKeywordSeed
40745,tomas 入会,CORE,代表,C06044,1,tomas 入会,競合の比較検討（評判・料金）,保護者,B,カテゴリ競合×比較/評判/料金/乗換え/特性,中,③B カテゴリ競合,TOMAS,,,,UNSPECIFIED,比較検討・料金・申込 | ブランド・指名検索,KWP_CompetitorKeywordSeed
40692,tomas 入会 金,CORE,代表,C06045,2,tomas 入会 金,競合の比較検討（評判・料金）,保護者,B,カテゴリ競合×比較/評判/料金/乗換え/特性,中,③B カテゴリ競合,TOMAS,10,,,LOW,比較検討・料金・申込 | ブランド・指名検索,KWP_CompetitorKeywordSeed
3243,tomas 大学 受験 料金,CORE,代表,C06048,1,tomas 大学 受験 料金,競合の比較検討（評判・料金）,保護者,B,カテゴリ競合×比較/評判/料金/乗換え/特性,中,③B カテゴリ競合,TOMAS,10,123.0,471.0,MEDIUM,比較検討・料金・申込 | 受験・進路 | ブランド・指名検索,KWP_KeywordSeed || KWP_CompetitorKeywordSeed
40582,tomas 大学 受験 評判,CORE,代表,C06049,1,tomas 大学 受験 評判,競合の比較検討（評判・料金）,保護者,B,カテゴリ競合×比較/評判/料金/乗換え/特性,中,③B カテゴリ競合,TOMAS,20,70.0,226.0,LOW,比較検討・料金・申込 | 受験・進路 | ブランド・指名検索,KWP_CompetitorKeywordSeed
40664,tomas 口コミ,CORE,代表,C06051,2,tomas 口コミ,競合の比較検討（評判・料金）,保護者,B,カテゴリ競合×比較/評判/料金/乗換え/特性,中,③B カテゴリ競合,TOMAS,70,60.0,203.0,LOW,比較検討・料金・申込 | ブランド・指名検索,KWP_CompetitorKeywordSeed || CompetitorMatrix
21251,tomas 塾 口コミ,CORE,代表,C06052,1,tomas 塾 口コミ,競合の比較検討（評判・料金）,保護者,B,カテゴリ競合×比較/評判/料金/乗換え/特性,中,③B カテゴリ競合,TOMAS,20,59.0,195.0,MEDIUM,サービス探し（家庭教師・塾・支援） | 比較検討・料金・申込 | ブランド・指名検索,KWP_UrlSeed || KWP_CompetitorKeywordSeed
40633,tomas 合格 実績,CORE,代表,C06053,2,tomas 合格 実績,競合の比較検討（評判・料金）,保護者,B,カテゴリ競合×比較/評判/料金/乗換え/特性,中,③B カテゴリ競合,TOMAS,70,,,LOW,比較検討・料金・申込 | 受験・進路 | ブランド・指名検索,KWP_CompetitorKeywordSeed
2652,tomas 塾 料金,CORE,代表,C06056,1,tomas 塾 料金,競合の比較検討（評判・料金）,保護者,B,カテゴリ競合×比較/評判/料金/乗換え/特性,中,③B カテゴリ競合,TOMAS,50,79.0,316.0,LOW,サービス探し（家庭教師・塾・支援） | 比較検討・料金・申込 | ブランド・指名検索,KWP_KeywordSeed || KWP_UrlSeed || KWP_CompetitorKeywordSeed
21270,tomas 塾 評判,CORE,代表,C06057,1,tomas 塾 評判,競合の比較検討（評判・料金）,保護者,B,カテゴリ競合×比較/評判/料金/乗換え/特性,中,③B カテゴリ競合,TOMAS,20,50.0,201.0,LOW,サービス探し（家庭教師・塾・支援） | 比較検討・料金・申込 | ブランド・指名検索,KWP_UrlSeed || KWP_CompetitorKeywordSeed
40612,tomas 塾 退会,CORE,代表,C06058,1,tomas 塾 退会,競合の不満・乗り換え,保護者,B,カテゴリ競合×比較/評判/料金/乗換え/特性,中,③B カテゴリ競合,TOMAS,10,,,UNSPECIFIED,サービス探し（家庭教師・塾・支援） | 合わない・断られた・乗り換え | ブランド・指名検索,KWP_CompetitorKeywordSeed
40750,tomas 境界 知能,CORE,代表,C06059,1,tomas 境界 知能,競合×特性/不登校対応の確認,保護者,B,カテゴリ競合×比較/評判/料金/乗換え/特性,中,③B カテゴリ競合,TOMAS,,,,UNSPECIFIED,ブランド・指名検索,KWP_CompetitorKeywordSeed
2974,tomas 夏期 講習 料金,CORE,代表,C06060,1,tomas 夏期 講習 料金,競合の比較検討（評判・料金）,保護者,B,カテゴリ競合×比較/評判/料金/乗換え/特性,中,③B カテゴリ競合,TOMAS,10,,,LOW,比較検討・料金・申込 | 学習のやり方・学習課題 | ブランド・指名検索,KWP_KeywordSeed || KWP_CompetitorKeywordSeed
40727,tomas 失敗,CORE,代表,C06063,1,tomas 失敗,競合の不満・乗り換え,保護者,B,カテゴリ競合×比較/評判/料金/乗換え/特性,中,③B カテゴリ競合,TOMAS,,,,UNSPECIFIED,比較検討・料金・申込 | ブランド・指名検索,KWP_CompetitorKeywordSeed
40749,tomas 学習 障害,CORE,代表,C06064,2,tomas 学習 障害,競合×特性/不登校対応の確認,保護者,B,カテゴリ競合×比較/評判/料金/乗換え/特性,中,③B カテゴリ競合,TOMAS,,,,UNSPECIFIED,ブランド・指名検索,KWP_CompetitorKeywordSeed
40716,tomas 安い,CORE,代表,C06066,1,tomas 安い,競合の比較検討（評判・料金）,保護者,B,カテゴリ競合×比較/評判/料金/乗換え/特性,中,③B カテゴリ競合,TOMAS,,,,UNSPECIFIED,比較検討・料金・申込 | ブランド・指名検索,KWP_CompetitorKeywordSeed
40728,tomas 後悔,CORE,代表,C06069,1,tomas 後悔,競合の不満・乗り換え,保護者,B,カテゴリ競合×比較/評判/料金/乗換え/特性,中,③B カテゴリ競合,TOMAS,,,,UNSPECIFIED,比較検討・料金・申込 | ブランド・指名検索,KWP_CompetitorKeywordSeed
40725,tomas 怪しい,CORE,代表,C06070,1,tomas 怪しい,競合の不満・乗り換え,保護者,B,カテゴリ競合×比較/評判/料金/乗換え/特性,中,③B カテゴリ競合,TOMAS,,,,UNSPECIFIED,比較検討・料金・申込 | ブランド・指名検索,KWP_CompetitorKeywordSeed
40688,tomas 感想,CORE,代表,C06071,1,tomas 感想,競合の比較検討（評判・料金）,保護者,B,カテゴリ競合×比較/評判/料金/乗換え/特性,中,③B カテゴリ競合,TOMAS,,,,UNSPECIFIED,比較検討・料金・申込 | ブランド・指名検索,KWP_CompetitorKeywordSeed
40689,tomas 料金,CORE,代表,C06077,4,tomas 料金,競合の比較検討（評判・料金）,保護者,B,カテゴリ競合×比較/評判/料金/乗換え/特性,中,③B カテゴリ競合,TOMAS,110,93.0,307.0,MEDIUM,比較検討・料金・申込 | ブランド・指名検索,KWP_CompetitorKeywordSeed || CompetitorMatrix
67892,tomas 料金表,CORE,代表,C06078,1,tomas 料金表,競合の比較検討（評判・料金）,保護者,B,カテゴリ競合×比較/評判/料金/乗換え/特性,中,③B カテゴリ競合,TOMAS,40,103.0,214.0,LOW,比較検討・料金・申込 | ブランド・指名検索,CompetitorMatrix
40707,tomas 料金 高校生,CORE,代表,C06079,1,tomas 料金 高校生,競合の比較検討（評判・料金）,保護者,B,カテゴリ競合×比較/評判/料金/乗換え/特性,中,③B カテゴリ競合,TOMAS,10,122.0,417.0,MEDIUM,比較検討・料金・申込 | ブランド・指名検索,KWP_CompetitorKeywordSeed
40726,tomas 最悪,CORE,代表,C06081,1,tomas 最悪,競合の不満・乗り換え,保護者,B,カテゴリ競合×比較/評判/料金/乗換え/特性,中,③B カテゴリ競合,TOMAS,,,,UNSPECIFIED,比較検討・料金・申込 | ブランド・指名検索,KWP_CompetitorKeywordSeed
40717,tomas 比較,CORE,代表,C06091,1,tomas 比較,競合の比較検討（評判・料金）,保護者,B,カテゴリ競合×比較/評判/料金/乗換え/特性,中,③B カテゴリ競合,TOMAS,,,,UNSPECIFIED,比較検討・料金・申込 | ブランド・指名検索,KWP_CompetitorKeywordSeed
40744,tomas 申し込み,CORE,代表,C06093,1,tomas 申し込み,競合の比較検討（評判・料金）,保護者,B,カテゴリ競合×比較/評判/料金/乗換え/特性,中,③B カテゴリ競合,TOMAS,,,,UNSPECIFIED,比較検討・料金・申込 | ブランド・指名検索,KWP_CompetitorKeywordSeed
40738,tomas 解約,CORE,代表,C06094,1,tomas 解約,競合の不満・乗り換え,保護者,B,カテゴリ競合×比較/評判/料金/乗換え/特性,中,③B カテゴリ競合,TOMAS,,,,UNSPECIFIED,比較検討・料金・申込 | ブランド・指名検索,KWP_CompetitorKeywordSeed
40666,tomas 評価,CORE,代表,C06095,1,tomas 評価,競合の比較検討（評判・料金）,保護者,B,カテゴリ競合×比較/評判/料金/乗換え/特性,中,③B カテゴリ競合,TOMAS,10,,,LOW,比較検討・料金・申込 | ブランド・指名検索,KWP_CompetitorKeywordSeed || CompetitorMatrix
40665,tomas 評判,CORE,代表,C06096,1,tomas 評判,競合の比較検討（評判・料金）,保護者,B,カテゴリ競合×比較/評判/料金/乗換え/特性,中,③B カテゴリ競合,TOMAS,50,90.0,312.0,LOW,比較検討・料金・申込 | ブランド・指名検索,KWP_CompetitorKeywordSeed || CompetitorMatrix
40740,tomas 資料 請求,CORE,代表,C06097,2,tomas 資料 請求,競合の比較検討（評判・料金）,保護者,B,カテゴリ競合×比較/評判/料金/乗換え/特性,中,③B カテゴリ競合,TOMAS,10,,,HIGH,比較検討・料金・申込 | ブランド・指名検索,KWP_CompetitorKeywordSeed
40690,tomas 費用,CORE,代表,C06099,1,tomas 費用,競合の比較検討（評判・料金）,保護者,B,カテゴリ競合×比較/評判/料金/乗換え/特性,中,③B カテゴリ競合,TOMAS,20,111.0,227.0,LOW,比較検討・料金・申込 | ブランド・指名検索,KWP_CompetitorKeywordSeed || CompetitorMatrix
40730,tomas 退会,CORE,代表,C06100,1,tomas 退会,競合の不満・乗り換え,保護者,B,カテゴリ競合×比較/評判/料金/乗換え/特性,中,③B カテゴリ競合,TOMAS,10,,,LOW,合わない・断られた・乗り換え | ブランド・指名検索,KWP_CompetitorKeywordSeed || CompetitorMatrix
40693,tomas 高い,CORE,代表,C06103,1,tomas 高い,競合の比較検討（評判・料金）,保護者,B,カテゴリ競合×比較/評判/料金/乗換え/特性,中,③B カテゴリ競合,TOMAS,20,,,LOW,比較検討・料金・申込 | ブランド・指名検索,KWP_CompetitorKeywordSeed || CompetitorMatrix
40747,tomas asd,CORE,代表,C06105,1,tomas asd,競合×特性/不登校対応の確認,保護者,B,カテゴリ競合×比較/評判/料金/乗換え/特性,中,③B カテゴリ競合,TOMAS,,,,UNSPECIFIED,ブランド・指名検索,KWP_CompetitorKeywordSeed
34075,tos 家庭 教師 センター おすすめ,CORE,代表,C06109,2,tos 家庭 教師 センター おすすめ,競合の比較検討（評判・料金）,保護者,B,直接競合（特性/不登校×1対1学習支援）,高,③A 直接競合,TOS家庭教師センター,,,,UNSPECIFIED,サービス探し（家庭教師・塾・支援） | 比較検討・料金・申込 | ブランド・指名検索,KWP_CompetitorKeywordSeed
33996,tos 家庭 教師 おすすめ,CORE,代表,C06110,2,tos 家庭 教師 おすすめ,競合の比較検討（評判・料金）,保護者,B,直接競合（特性/不登校×1対1学習支援）,高,③A 直接競合,TOS家庭教師センター,,,,UNSPECIFIED,サービス探し（家庭教師・塾・支援） | 比較検討・料金・申込 | ブランド・指名検索,KWP_CompetitorKeywordSeed
34086,tos 家庭 教師 センター やめたい,CORE,代表,C06111,1,tos 家庭 教師 センター やめたい,競合の不満・乗り換え,保護者,B,直接競合（特性/不登校×1対1学習支援）,高,③A 直接競合,TOS家庭教師センター,,,,UNSPECIFIED,サービス探し（家庭教師・塾・支援） | 合わない・断られた・乗り換え | ブランド・指名検索,KWP_CompetitorKeywordSeed
34007,tos 家庭 教師 やめたい,CORE,代表,C06112,1,tos 家庭 教師 やめたい,競合の不満・乗り換え,保護者,B,直接競合（特性/不登校×1対1学習支援）,高,③A 直接競合,TOS家庭教師センター,,,,UNSPECIFIED,サービス探し（家庭教師・塾・支援） | 合わない・断られた・乗り換え | ブランド・指名検索,KWP_CompetitorKeywordSeed
34087,tos 家庭 教師 センター 辞め たい,CORE,代表,C06113,1,tos 家庭 教師 センター 辞め たい,競合の不満・乗り換え,保護者,B,直接競合（特性/不登校×1対1学習支援）,高,③A 直接競合,TOS家庭教師センター,,,,UNSPECIFIED,サービス探し（家庭教師・塾・支援） | 比較検討・料金・申込 | 合わない・断られた・乗り換え | ブランド・指名検索,KWP_CompetitorKeywordSeed
34008,tos 家庭 教師 辞め たい,CORE,代表,C06114,1,tos 家庭 教師 辞め たい,競合の不満・乗り換え,保護者,B,直接競合（特性/不登校×1対1学習支援）,高,③A 直接競合,TOS家庭教師センター,,,,UNSPECIFIED,サービス探し（家庭教師・塾・支援） | 比較検討・料金・申込 | 合わない・断られた・乗り換え | ブランド・指名検索,KWP_CompetitorKeywordSeed
34085,tos 家庭 教師 センター 向い て ない,CORE,代表,C06115,1,tos 家庭 教師 センター 向い て ない,競合の不満・乗り換え,保護者,B,直接競合（特性/不登校×1対1学習支援）,高,③A 直接競合,TOS家庭教師センター,,,,UNSPECIFIED,サービス探し（家庭教師・塾・支援） | 比較検討・料金・申込 | ブランド・指名検索,KWP_CompetitorKeywordSeed
34006,tos 家庭 教師 向い て ない,CORE,代表,C06116,1,tos 家庭 教師 向い て ない,競合の不満・乗り換え,保護者,B,直接競合（特性/不登校×1対1学習支援）,高,③A 直接競合,TOS家庭教師センター,,,,UNSPECIFIED,サービス探し（家庭教師・塾・支援） | 比較検討・料金・申込 | ブランド・指名検索,KWP_CompetitorKeywordSeed
34074,tos 家庭 教師 センター どっち,CORE,代表,C06117,1,tos 家庭 教師 センター どっち,競合の比較検討（評判・料金）,保護者,B,直接競合（特性/不登校×1対1学習支援）,高,③A 直接競合,TOS家庭教師センター,,,,UNSPECIFIED,サービス探し（家庭教師・塾・支援） | 比較検討・料金・申込 | ブランド・指名検索,KWP_CompetitorKeywordSeed
33995,tos 家庭 教師 どっち,CORE,代表,C06118,1,tos 家庭 教師 どっち,競合の比較検討（評判・料金）,保護者,B,直接競合（特性/不登校×1対1学習支援）,高,③A 直接競合,TOS家庭教師センター,,,,UNSPECIFIED,サービス探し（家庭教師・塾・支援） | 比較検討・料金・申込 | ブランド・指名検索,KWP_CompetitorKeywordSeed
34084,tos 家庭 教師 センター 合わ ない,CORE,代表,C06119,1,tos 家庭 教師 センター 合わ ない,競合の不満・乗り換え,保護者,B,直接競合（特性/不登校×1対1学習支援）,高,③A 直接競合,TOS家庭教師センター,,,,UNSPECIFIED,サービス探し（家庭教師・塾・支援） | 合わない・断られた・乗り換え | ブランド・指名検索,KWP_CompetitorKeywordSeed
34005,tos 家庭 教師 合わ ない,CORE,代表,C06120,1,tos 家庭 教師 合わ ない,競合の不満・乗り換え,保護者,B,直接競合（特性/不登校×1対1学習支援）,高,③A 直接競合,TOS家庭教師センター,,,,UNSPECIFIED,サービス探し（家庭教師・塾・支援） | 合わない・断られた・乗り換え | ブランド・指名検索,KWP_CompetitorKeywordSeed
34098,tos 家庭 教師 センター グレー ゾーン,CORE,代表,C06121,1,tos 家庭 教師 センター グレー ゾーン,競合×特性/不登校対応の確認,保護者,B,特性/不登校×家庭教師・塾・個別,高,③A 直接競合,TOS家庭教師センター,,,,UNSPECIFIED,サービス探し（家庭教師・塾・支援） | ブランド・指名検索,KWP_CompetitorKeywordSeed
34035,tos 家庭 教師 グレー ゾーン 口コミ,CORE,代表,C06122,1,tos 家庭 教師 グレー ゾーン 口コミ,競合の比較検討（評判・料金）,保護者,B,特性/不登校×家庭教師・塾・個別,高,③A 直接競合,TOS家庭教師センター,,,,UNSPECIFIED,サービス探し（家庭教師・塾・支援） | 比較検討・料金・申込 | ブランド・指名検索,KWP_CompetitorKeywordSeed
34020,tos 家庭 教師 グレー ゾーン,CORE,代表,C06123,1,tos 家庭 教師 グレー ゾーン,競合×特性/不登校対応の確認,保護者,B,特性/不登校×家庭教師・塾・個別,高,③A 直接競合,TOS家庭教師センター,,,,UNSPECIFIED,サービス探し（家庭教師・塾・支援） | ブランド・指名検索,KWP_CompetitorKeywordSeed
34052,tos 家庭 教師 グレー ゾーン 料金,CORE,代表,C06124,1,tos 家庭 教師 グレー ゾーン 料金,競合の比較検討（評判・料金）,保護者,B,特性/不登校×家庭教師・塾・個別,高,③A 直接競合,TOS家庭教師センター,,,,UNSPECIFIED,サービス探し（家庭教師・塾・支援） | 比較検討・料金・申込 | ブランド・指名検索,KWP_CompetitorKeywordSeed
34044,tos 家庭 教師 グレー ゾーン 評判,CORE,代表,C06125,1,tos 家庭 教師 グレー ゾーン 評判,競合の比較検討（評判・料金）,保護者,B,特性/不登校×家庭教師・塾・個別,高,③A 直接競合,TOS家庭教師センター,,,,UNSPECIFIED,サービス探し（家庭教師・塾・支援） | 比較検討・料金・申込 | ブランド・指名検索,KWP_CompetitorKeywordSeed
34078,tos 家庭 教師 センター デメリット,CORE,代表,C06126,1,tos 家庭 教師 センター デメリット,競合指名・周辺,保護者,B,直接競合（特性/不登校×1対1学習支援）,高,③A 直接競合,TOS家庭教師センター,,,,UNSPECIFIED,サービス探し（家庭教師・塾・支援） | 比較検討・料金・申込 | ブランド・指名検索,KWP_CompetitorKeywordSeed
34079,tos 家庭 教師 センター メリット,CORE,代表,C06127,1,tos 家庭 教師 センター メリット,競合指名・周辺,保護者,B,直接競合（特性/不登校×1対1学習支援）,高,③A 直接競合,TOS家庭教師センター,,,,UNSPECIFIED,サービス探し（家庭教師・塾・支援） | ブランド・指名検索,KWP_CompetitorKeywordSeed
34059,tos 家庭 教師 センター レビュー,CORE,代表,C06128,1,tos 家庭 教師 センター レビュー,競合の比較検討（評判・料金）,保護者,B,直接競合（特性/不登校×1対1学習支援）,高,③A 直接競合,TOS家庭教師センター,,,,UNSPECIFIED,サービス探し（家庭教師・塾・支援） | 比較検討・料金・申込 | ブランド・指名検索,KWP_CompetitorKeywordSeed
34104,tos 家庭 教師 センター 不 登校,CORE,代表,C06129,1,tos 家庭 教師 センター 不 登校,競合×特性/不登校対応の確認,保護者,B,特性/不登校×家庭教師・塾・個別,高,③A 直接競合,TOS家庭教師センター,,,,UNSPECIFIED,サービス探し（家庭教師・塾・支援） | 学校生活・不登校・学校種別 | ブランド・指名検索,KWP_CompetitorKeywordSeed
34109,tos 家庭 教師 センター 中学 受験,CORE,代表,C06130,1,tos 家庭 教師 センター 中学 受験,競合指名・周辺,保護者,B,直接競合（特性/不登校×1対1学習支援）,高,③A 直接競合,TOS家庭教師センター,,,,UNSPECIFIED,サービス探し（家庭教師・塾・支援） | 受験・進路 | ブランド・指名検索,KWP_CompetitorKeywordSeed
34106,tos 家庭 教師 センター 中学生,CORE,代表,C06131,1,tos 家庭 教師 センター 中学生,競合指名・周辺,保護者,B,直接競合（特性/不登校×1対1学習支援）,高,③A 直接競合,TOS家庭教師センター,,,,UNSPECIFIED,サービス探し（家庭教師・塾・支援） | ブランド・指名検索,KWP_CompetitorKeywordSeed
34076,tos 家庭 教師 センター 他社,CORE,代表,C06132,1,tos 家庭 教師 センター 他社,競合指名・周辺,保護者,B,直接競合（特性/不登校×1対1学習支援）,高,③A 直接競合,TOS家庭教師センター,,,,UNSPECIFIED,サービス探し（家庭教師・塾・支援） | 比較検討・料金・申込 | ブランド・指名検索,KWP_CompetitorKeywordSeed
34092,tos 家庭 教師 センター 体験 授業,CORE,代表,C06133,1,tos 家庭 教師 センター 体験 授業,競合の比較検討（評判・料金）,保護者,B,直接競合（特性/不登校×1対1学習支援）,高,③A 直接競合,TOS家庭教師センター,,,,UNSPECIFIED,サービス探し（家庭教師・塾・支援） | 比較検討・料金・申込 | 学習のやり方・学習課題 | ブランド・指名検索,KWP_CompetitorKeywordSeed
34091,tos 家庭 教師 センター 体験,CORE,代表,C06134,1,tos 家庭 教師 センター 体験,競合の比較検討（評判・料金）,保護者,B,直接競合（特性/不登校×1対1学習支援）,高,③A 直接競合,TOS家庭教師センター,,,,UNSPECIFIED,サービス探し（家庭教師・塾・支援） | 比較検討・料金・申込 | ブランド・指名検索,KWP_CompetitorKeywordSeed
34090,tos 家庭 教師 センター 無料 体験,CORE,代表,C06135,1,tos 家庭 教師 センター 無料 体験,競合の比較検討（評判・料金）,保護者,B,直接競合（特性/不登校×1対1学習支援）,高,③A 直接競合,TOS家庭教師センター,,,,UNSPECIFIED,サービス探し（家庭教師・塾・支援） | 比較検討・料金・申込 | ブランド・指名検索,KWP_CompetitorKeywordSeed
34060,tos 家庭 教師 センター 体験 談,CORE,代表,C06136,1,tos 家庭 教師 センター 体験 談,競合の比較検討（評判・料金）,保護者,B,直接競合（特性/不登校×1対1学習支援）,高,③A 直接競合,TOS家庭教師センター,,,,UNSPECIFIED,サービス探し（家庭教師・塾・支援） | 比較検討・料金・申込 | ブランド・指名検索,KWP_CompetitorKeywordSeed
34096,tos 家庭 教師 センター 入会,CORE,代表,C06137,1,tos 家庭 教師 センター 入会,競合の比較検討（評判・料金）,保護者,B,直接競合（特性/不登校×1対1学習支援）,高,③A 直接競合,TOS家庭教師センター,,,,UNSPECIFIED,サービス探し（家庭教師・塾・支援） | 比較検討・料金・申込 | ブランド・指名検索,KWP_CompetitorKeywordSeed
34068,tos 家庭 教師 センター 入会 金,CORE,代表,C06138,1,tos 家庭 教師 センター 入会 金,競合の比較検討（評判・料金）,保護者,B,直接競合（特性/不登校×1対1学習支援）,高,③A 直接競合,TOS家庭教師センター,,,,UNSPECIFIED,サービス探し（家庭教師・塾・支援） | 比較検討・料金・申込 | ブランド・指名検索,KWP_CompetitorKeywordSeed
34110,tos 家庭 教師 センター 大学 受験,CORE,代表,C06139,1,tos 家庭 教師 センター 大学 受験,競合指名・周辺,保護者,B,直接競合（特性/不登校×1対1学習支援）,高,③A 直接競合,TOS家庭教師センター,,,,UNSPECIFIED,サービス探し（家庭教師・塾・支援） | 受験・進路 | ブランド・指名検索,KWP_CompetitorKeywordSeed
34108,tos 家庭 教師 センター 高校 受験,CORE,代表,C06140,1,tos 家庭 教師 センター 高校 受験,競合指名・周辺,保護者,B,直接競合（特性/不登校×1対1学習支援）,高,③A 直接競合,TOS家庭教師センター,,,,UNSPECIFIED,サービス探し（家庭教師・塾・支援） | 受験・進路 | ブランド・指名検索,KWP_CompetitorKeywordSeed
33974,tos 家庭 教師 センター 口コミ,CORE,代表,C06141,3,tos 家庭 教師 センター 口コミ,競合の比較検討（評判・料金）,保護者,B,直接競合（特性/不登校×1対1学習支援）,高,③A 直接競合,TOS家庭教師センター,10,179.0,927.0,LOW,サービス探し（家庭教師・塾・支援） | 比較検討・料金・申込 | ブランド・指名検索,KWP_CompetitorKeywordSeed
34103,tos 家庭 教師 センター 境界 知能,CORE,代表,C06142,1,tos 家庭 教師 センター 境界 知能,競合×特性/不登校対応の確認,保護者,B,特性/不登校×家庭教師・塾・個別,高,③A 直接競合,TOS家庭教師センター,,,,UNSPECIFIED,サービス探し（家庭教師・塾・支援） | ブランド・指名検索,KWP_CompetitorKeywordSeed
34082,tos 家庭 教師 センター 失敗,CORE,代表,C06143,1,tos 家庭 教師 センター 失敗,競合の不満・乗り換え,保護者,B,直接競合（特性/不登校×1対1学習支援）,高,③A 直接競合,TOS家庭教師センター,,,,UNSPECIFIED,サービス探し（家庭教師・塾・支援） | 比較検討・料金・申込 | ブランド・指名検索,KWP_CompetitorKeywordSeed
34101,tos 家庭 教師 センター ld,CORE,代表,C06144,2,tos 家庭 教師 センター ld,競合×特性/不登校対応の確認,保護者,B,特性/不登校×家庭教師・塾・個別,高,③A 直接競合,TOS家庭教師センター,,,,UNSPECIFIED,サービス探し（家庭教師・塾・支援） | ブランド・指名検索,KWP_CompetitorKeywordSeed
34071,tos 家庭 教師 センター 安い,CORE,代表,C06145,1,tos 家庭 教師 センター 安い,競合の比較検討（評判・料金）,保護者,B,直接競合（特性/不登校×1対1学習支援）,高,③A 直接競合,TOS家庭教師センター,,,,UNSPECIFIED,サービス探し（家庭教師・塾・支援） | 比較検討・料金・申込 | ブランド・指名検索,KWP_CompetitorKeywordSeed
34105,tos 家庭 教師 センター 小学生,CORE,代表,C06146,1,tos 家庭 教師 センター 小学生,競合指名・周辺,保護者,B,直接競合（特性/不登校×1対1学習支援）,高,③A 直接競合,TOS家庭教師センター,,,,UNSPECIFIED,サービス探し（家庭教師・塾・支援） | ブランド・指名検索,KWP_CompetitorKeywordSeed
34083,tos 家庭 教師 センター 後悔,CORE,代表,C06147,1,tos 家庭 教師 センター 後悔,競合の不満・乗り換え,保護者,B,直接競合（特性/不登校×1対1学習支援）,高,③A 直接競合,TOS家庭教師センター,,,,UNSPECIFIED,サービス探し（家庭教師・塾・支援） | 比較検討・料金・申込 | ブランド・指名検索,KWP_CompetitorKeywordSeed
34080,tos 家庭 教師 センター 怪しい,CORE,代表,C06148,1,tos 家庭 教師 センター 怪しい,競合の不満・乗り換え,保護者,B,直接競合（特性/不登校×1対1学習支援）,高,③A 直接競合,TOS家庭教師センター,,,,UNSPECIFIED,サービス探し（家庭教師・塾・支援） | 比較検討・料金・申込 | ブランド・指名検索,KWP_CompetitorKeywordSeed
34061,tos 家庭 教師 センター 感想,CORE,代表,C06149,1,tos 家庭 教師 センター 感想,競合の比較検討（評判・料金）,保護者,B,直接競合（特性/不登校×1対1学習支援）,高,③A 直接競合,TOS家庭教師センター,,,,UNSPECIFIED,サービス探し（家庭教師・塾・支援） | 比較検討・料金・申込 | ブランド・指名検索,KWP_CompetitorKeywordSeed
33973,tos 家庭 教師 センター,CORE,代表,C06150,1,tos 家庭 教師 センター,競合指名・周辺,保護者,B,直接競合（特性/不登校×1対1学習支援）,高,③A 直接競合,TOS家庭教師センター,40,147.0,451.0,MEDIUM,サービス探し（家庭教師・塾・支援） | ブランド・指名検索,KWP_CompetitorKeywordSeed
34069,tos 家庭 教師 センター 教材 費,CORE,代表,C06151,1,tos 家庭 教師 センター 教材 費,競合指名・周辺,保護者,B,直接競合（特性/不登校×1対1学習支援）,高,③A 直接競合,TOS家庭教師センター,,,,UNSPECIFIED,サービス探し（家庭教師・塾・支援） | 比較検討・料金・申込 | 教材・通信教育 | ブランド・指名検索,KWP_CompetitorKeywordSeed
34063,tos 家庭 教師 センター 料金,CORE,代表,C06152,4,tos 家庭 教師 センター 料金,競合の比較検討（評判・料金）,保護者,B,直接競合（特性/不登校×1対1学習支援）,高,③A 直接競合,TOS家庭教師センター,,,,UNSPECIFIED,サービス探し（家庭教師・塾・支援） | 比較検討・料金・申込 | ブランド・指名検索,KWP_CompetitorKeywordSeed
34081,tos 家庭 教師 センター 最悪,CORE,代表,C06153,1,tos 家庭 教師 センター 最悪,競合の不満・乗り換え,保護者,B,直接競合（特性/不登校×1対1学習支援）,高,③A 直接競合,TOS家庭教師センター,,,,UNSPECIFIED,サービス探し（家庭教師・塾・支援） | 比較検討・料金・申込 | ブランド・指名検索,KWP_CompetitorKeywordSeed
34072,tos 家庭 教師 センター 比較,CORE,代表,C06154,1,tos 家庭 教師 センター 比較,競合の比較検討（評判・料金）,保護者,B,直接競合（特性/不登校×1対1学習支援）,高,③A 直接競合,TOS家庭教師センター,,,,UNSPECIFIED,サービス探し（家庭教師・塾・支援） | 比較検討・料金・申込 | ブランド・指名検索,KWP_CompetitorKeywordSeed
34093,tos 家庭 教師 センター 無料 相談,CORE,代表,C06155,1,tos 家庭 教師 センター 無料 相談,競合指名・周辺,保護者,B,直接競合（特性/不登校×1対1学習支援）,高,③A 直接競合,TOS家庭教師センター,,,,UNSPECIFIED,サービス探し（家庭教師・塾・支援） | 比較検討・料金・申込 | ブランド・指名検索,KWP_CompetitorKeywordSeed
34095,tos 家庭 教師 センター 申し込み,CORE,代表,C06156,1,tos 家庭 教師 センター 申し込み,競合の比較検討（評判・料金）,保護者,B,直接競合（特性/不登校×1対1学習支援）,高,③A 直接競合,TOS家庭教師センター,,,,UNSPECIFIED,サービス探し（家庭教師・塾・支援） | 比較検討・料金・申込 | ブランド・指名検索,KWP_CompetitorKeywordSeed
34097,tos 家庭 教師 センター 発達 障がい,CORE,代表,C06157,1,tos 家庭 教師 センター 発達 障がい,競合×特性/不登校対応の確認,保護者,B,特性/不登校×家庭教師・塾・個別,高,③A 直接競合,TOS家庭教師センター,,,,UNSPECIFIED,サービス探し（家庭教師・塾・支援） | ブランド・指名検索,KWP_CompetitorKeywordSeed
34089,tos 家庭 教師 センター 解約,CORE,代表,C06158,1,tos 家庭 教師 センター 解約,競合の不満・乗り換え,保護者,B,直接競合（特性/不登校×1対1学習支援）,高,③A 直接競合,TOS家庭教師センター,,,,UNSPECIFIED,サービス探し（家庭教師・塾・支援） | 比較検討・料金・申込 | ブランド・指名検索,KWP_CompetitorKeywordSeed
34062,tos 家庭 教師 センター 評価,CORE,代表,C06159,1,tos 家庭 教師 センター 評価,競合の比較検討（評判・料金）,保護者,B,直接競合（特性/不登校×1対1学習支援）,高,③A 直接競合,TOS家庭教師センター,,,,UNSPECIFIED,サービス探し（家庭教師・塾・支援） | 比較検討・料金・申込 | ブランド・指名検索,KWP_CompetitorKeywordSeed
33977,tos 家庭 教師 センター 評判,CORE,代表,C06160,2,tos 家庭 教師 センター 評判,競合の比較検討（評判・料金）,保護者,B,直接競合（特性/不登校×1対1学習支援）,高,③A 直接競合,TOS家庭教師センター,10,,,UNSPECIFIED,サービス探し（家庭教師・塾・支援） | 比較検討・料金・申込 | ブランド・指名検索,KWP_CompetitorKeywordSeed
34094,tos 家庭 教師 センター 資料 請求,CORE,代表,C06161,1,tos 家庭 教師 センター 資料 請求,競合の比較検討（評判・料金）,保護者,B,直接競合（特性/不登校×1対1学習支援）,高,③A 直接競合,TOS家庭教師センター,,,,UNSPECIFIED,サービス探し（家庭教師・塾・支援） | 比較検討・料金・申込 | ブランド・指名検索,KWP_CompetitorKeywordSeed
34064,tos 家庭 教師 センター 費用,CORE,代表,C06162,1,tos 家庭 教師 センター 費用,競合の比較検討（評判・料金）,保護者,B,直接競合（特性/不登校×1対1学習支援）,高,③A 直接競合,TOS家庭教師センター,,,,UNSPECIFIED,サービス探し（家庭教師・塾・支援） | 比較検討・料金・申込 | ブランド・指名検索,KWP_CompetitorKeywordSeed
34088,tos 家庭 教師 センター 退会,CORE,代表,C06163,1,tos 家庭 教師 センター 退会,競合の不満・乗り換え,保護者,B,直接競合（特性/不登校×1対1学習支援）,高,③A 直接競合,TOS家庭教師センター,,,,UNSPECIFIED,サービス探し（家庭教師・塾・支援） | 合わない・断られた・乗り換え | ブランド・指名検索,KWP_CompetitorKeywordSeed
34073,tos 家庭 教師 センター 違い,CORE,代表,C06164,1,tos 家庭 教師 センター 違い,競合指名・周辺,保護者,B,直接競合（特性/不登校×1対1学習支援）,高,③A 直接競合,TOS家庭教師センター,,,,UNSPECIFIED,サービス探し（家庭教師・塾・支援） | 比較検討・料金・申込 | ブランド・指名検索 | 特性そのものを調べる（とは・特徴・チェック）,KWP_CompetitorKeywordSeed
34070,tos 家庭 教師 センター 高い,CORE,代表,C06165,1,tos 家庭 教師 センター 高い,競合の比較検討（評判・料金）,保護者,B,直接競合（特性/不登校×1対1学習支援）,高,③A 直接競合,TOS家庭教師センター,,,,UNSPECIFIED,サービス探し（家庭教師・塾・支援） | 比較検討・料金・申込 | ブランド・指名検索,KWP_CompetitorKeywordSeed
34107,tos 家庭 教師 センター 高校生,CORE,代表,C06166,1,tos 家庭 教師 センター 高校生,競合指名・周辺,保護者,B,直接競合（特性/不登校×1対1学習支援）,高,③A 直接競合,TOS家庭教師センター,,,,UNSPECIFIED,サービス探し（家庭教師・塾・支援） | ブランド・指名検索,KWP_CompetitorKeywordSeed
33999,tos 家庭 教師 デメリット,CORE,代表,C06167,1,tos 家庭 教師 デメリット,競合指名・周辺,保護者,B,直接競合（特性/不登校×1対1学習支援）,高,③A 直接競合,TOS家庭教師センター,,,,UNSPECIFIED,サービス探し（家庭教師・塾・支援） | 比較検討・料金・申込 | ブランド・指名検索,KWP_CompetitorKeywordSeed
34000,tos 家庭 教師 メリット,CORE,代表,C06168,1,tos 家庭 教師 メリット,競合指名・周辺,保護者,B,直接競合（特性/不登校×1対1学習支援）,高,③A 直接競合,TOS家庭教師センター,,,,UNSPECIFIED,サービス探し（家庭教師・塾・支援） | ブランド・指名検索,KWP_CompetitorKeywordSeed
33980,tos 家庭 教師 レビュー,CORE,代表,C06169,1,tos 家庭 教師 レビュー,競合の比較検討（評判・料金）,保護者,B,直接競合（特性/不登校×1対1学習支援）,高,③A 直接競合,TOS家庭教師センター,,,,UNSPECIFIED,サービス探し（家庭教師・塾・支援） | 比較検討・料金・申込 | ブランド・指名検索,KWP_CompetitorKeywordSeed
34041,tos 家庭 教師 不 登校 口コミ,CORE,代表,C06170,1,tos 家庭 教師 不 登校 口コミ,競合の比較検討（評判・料金）,保護者,B,特性/不登校×家庭教師・塾・個別,高,③A 直接競合,TOS家庭教師センター,,,,UNSPECIFIED,サービス探し（家庭教師・塾・支援） | 比較検討・料金・申込 | 学校生活・不登校・学校種別 | ブランド・指名検索,KWP_CompetitorKeywordSeed
34058,tos 家庭 教師 不 登校 料金,CORE,代表,C06171,1,tos 家庭 教師 不 登校 料金,競合の比較検討（評判・料金）,保護者,B,特性/不登校×家庭教師・塾・個別,高,③A 直接競合,TOS家庭教師センター,,,,UNSPECIFIED,サービス探し（家庭教師・塾・支援） | 比較検討・料金・申込 | 学校生活・不登校・学校種別 | ブランド・指名検索,KWP_CompetitorKeywordSeed
34026,tos 家庭 教師 不 登校,CORE,代表,C06172,1,tos 家庭 教師 不 登校,競合×特性/不登校対応の確認,保護者,B,特性/不登校×家庭教師・塾・個別,高,③A 直接競合,TOS家庭教師センター,,,,UNSPECIFIED,サービス探し（家庭教師・塾・支援） | 学校生活・不登校・学校種別 | ブランド・指名検索,KWP_CompetitorKeywordSeed
34050,tos 家庭 教師 不 登校 評判,CORE,代表,C06173,1,tos 家庭 教師 不 登校 評判,競合の比較検討（評判・料金）,保護者,B,特性/不登校×家庭教師・塾・個別,高,③A 直接競合,TOS家庭教師センター,,,,UNSPECIFIED,サービス探し（家庭教師・塾・支援） | 比較検討・料金・申込 | 学校生活・不登校・学校種別 | ブランド・指名検索,KWP_CompetitorKeywordSeed
34031,tos 家庭 教師 中学 受験,CORE,代表,C06174,1,tos 家庭 教師 中学 受験,競合指名・周辺,保護者,B,直接競合（特性/不登校×1対1学習支援）,高,③A 直接競合,TOS家庭教師センター,,,,UNSPECIFIED,サービス探し（家庭教師・塾・支援） | 受験・進路 | ブランド・指名検索,KWP_CompetitorKeywordSeed
34028,tos 家庭 教師 中学生,CORE,代表,C06175,1,tos 家庭 教師 中学生,競合指名・周辺,保護者,B,直接競合（特性/不登校×1対1学習支援）,高,③A 直接競合,TOS家庭教師センター,,,,UNSPECIFIED,サービス探し（家庭教師・塾・支援） | ブランド・指名検索,KWP_CompetitorKeywordSeed
33997,tos 家庭 教師 他社,CORE,代表,C06176,1,tos 家庭 教師 他社,競合指名・周辺,保護者,B,直接競合（特性/不登校×1対1学習支援）,高,③A 直接競合,TOS家庭教師センター,,,,UNSPECIFIED,サービス探し（家庭教師・塾・支援） | 比較検討・料金・申込 | ブランド・指名検索,KWP_CompetitorKeywordSeed
34013,tos 家庭 教師 体験 授業,CORE,代表,C06177,1,tos 家庭 教師 体験 授業,競合の比較検討（評判・料金）,保護者,B,直接競合（特性/不登校×1対1学習支援）,高,③A 直接競合,TOS家庭教師センター,,,,UNSPECIFIED,サービス探し（家庭教師・塾・支援） | 比較検討・料金・申込 | 学習のやり方・学習課題 | ブランド・指名検索,KWP_CompetitorKeywordSeed
34012,tos 家庭 教師 体験,CORE,代表,C06178,1,tos 家庭 教師 体験,競合の比較検討（評判・料金）,保護者,B,直接競合（特性/不登校×1対1学習支援）,高,③A 直接競合,TOS家庭教師センター,,,,UNSPECIFIED,サービス探し（家庭教師・塾・支援） | 比較検討・料金・申込 | ブランド・指名検索,KWP_CompetitorKeywordSeed
34011,tos 家庭 教師 無料 体験,CORE,代表,C06179,1,tos 家庭 教師 無料 体験,競合の比較検討（評判・料金）,保護者,B,直接競合（特性/不登校×1対1学習支援）,高,③A 直接競合,TOS家庭教師センター,,,,UNSPECIFIED,サービス探し（家庭教師・塾・支援） | 比較検討・料金・申込 | ブランド・指名検索,KWP_CompetitorKeywordSeed
33981,tos 家庭 教師 体験 談,CORE,代表,C06180,1,tos 家庭 教師 体験 談,競合の比較検討（評判・料金）,保護者,B,直接競合（特性/不登校×1対1学習支援）,高,③A 直接競合,TOS家庭教師センター,,,,UNSPECIFIED,サービス探し（家庭教師・塾・支援） | 比較検討・料金・申込 | ブランド・指名検索,KWP_CompetitorKeywordSeed
34017,tos 家庭 教師 入会,CORE,代表,C06181,1,tos 家庭 教師 入会,競合の比較検討（評判・料金）,保護者,B,直接競合（特性/不登校×1対1学習支援）,高,③A 直接競合,TOS家庭教師センター,,,,UNSPECIFIED,サービス探し（家庭教師・塾・支援） | 比較検討・料金・申込 | ブランド・指名検索,KWP_CompetitorKeywordSeed
33989,tos 家庭 教師 入会 金,CORE,代表,C06182,1,tos 家庭 教師 入会 金,競合の比較検討（評判・料金）,保護者,B,直接競合（特性/不登校×1対1学習支援）,高,③A 直接競合,TOS家庭教師センター,,,,UNSPECIFIED,サービス探し（家庭教師・塾・支援） | 比較検討・料金・申込 | ブランド・指名検索,KWP_CompetitorKeywordSeed
34032,tos 家庭 教師 大学 受験,CORE,代表,C06183,1,tos 家庭 教師 大学 受験,競合指名・周辺,保護者,B,直接競合（特性/不登校×1対1学習支援）,高,③A 直接競合,TOS家庭教師センター,,,,UNSPECIFIED,サービス探し（家庭教師・塾・支援） | 受験・進路 | ブランド・指名検索,KWP_CompetitorKeywordSeed
34030,tos 家庭 教師 高校 受験,CORE,代表,C06184,1,tos 家庭 教師 高校 受験,競合指名・周辺,保護者,B,直接競合（特性/不登校×1対1学習支援）,高,③A 直接競合,TOS家庭教師センター,,,,UNSPECIFIED,サービス探し（家庭教師・塾・支援） | 受験・進路 | ブランド・指名検索,KWP_CompetitorKeywordSeed
34040,tos 家庭 教師 境界 知能 口コミ,CORE,代表,C06185,1,tos 家庭 教師 境界 知能 口コミ,競合の比較検討（評判・料金）,保護者,B,特性/不登校×家庭教師・塾・個別,高,③A 直接競合,TOS家庭教師センター,,,,UNSPECIFIED,サービス探し（家庭教師・塾・支援） | 比較検討・料金・申込 | ブランド・指名検索,KWP_CompetitorKeywordSeed
34038,tos 家庭 教師 ld 口コミ,CORE,代表,C06186,2,tos 家庭 教師 ld 口コミ,競合の比較検討（評判・料金）,保護者,B,特性/不登校×家庭教師・塾・個別,高,③A 直接競合,TOS家庭教師センター,,,,UNSPECIFIED,サービス探し（家庭教師・塾・支援） | 比較検討・料金・申込 | ブランド・指名検索,KWP_CompetitorKeywordSeed
33979,tos 家庭 教師 口コミ,CORE,代表,C06187,1,tos 家庭 教師 口コミ,競合の比較検討（評判・料金）,保護者,B,直接競合（特性/不登校×1対1学習支援）,高,③A 直接競合,TOS家庭教師センター,,,,UNSPECIFIED,サービス探し（家庭教師・塾・支援） | 比較検討・料金・申込 | ブランド・指名検索,KWP_CompetitorKeywordSeed
34033,tos 家庭 教師 発達 障害 口コミ,CORE,代表,C06188,2,tos 家庭 教師 発達 障害 口コミ,競合の比較検討（評判・料金）,保護者,B,特性/不登校×家庭教師・塾・個別,高,③A 直接競合,TOS家庭教師センター,,,,UNSPECIFIED,サービス探し（家庭教師・塾・支援） | 比較検討・料金・申込 | ブランド・指名検索,KWP_CompetitorKeywordSeed
34057,tos 家庭 教師 境界 知能 料金,CORE,代表,C06189,1,tos 家庭 教師 境界 知能 料金,競合の比較検討（評判・料金）,保護者,B,特性/不登校×家庭教師・塾・個別,高,③A 直接競合,TOS家庭教師センター,,,,UNSPECIFIED,サービス探し（家庭教師・塾・支援） | 比較検討・料金・申込 | ブランド・指名検索,KWP_CompetitorKeywordSeed
34025,tos 家庭 教師 境界 知能,CORE,代表,C06190,1,tos 家庭 教師 境界 知能,競合×特性/不登校対応の確認,保護者,B,特性/不登校×家庭教師・塾・個別,高,③A 直接競合,TOS家庭教師センター,,,,UNSPECIFIED,サービス探し（家庭教師・塾・支援） | ブランド・指名検索,KWP_CompetitorKeywordSeed
34049,tos 家庭 教師 境界 知能 評判,CORE,代表,C06191,1,tos 家庭 教師 境界 知能 評判,競合の比較検討（評判・料金）,保護者,B,特性/不登校×家庭教師・塾・個別,高,③A 直接競合,TOS家庭教師センター,,,,UNSPECIFIED,サービス探し（家庭教師・塾・支援） | 比較検討・料金・申込 | ブランド・指名検索,KWP_CompetitorKeywordSeed
34003,tos 家庭 教師 失敗,CORE,代表,C06192,1,tos 家庭 教師 失敗,競合の不満・乗り換え,保護者,B,直接競合（特性/不登校×1対1学習支援）,高,③A 直接競合,TOS家庭教師センター,,,,UNSPECIFIED,サービス探し（家庭教師・塾・支援） | 比較検討・料金・申込 | ブランド・指名検索,KWP_CompetitorKeywordSeed
34055,tos 家庭 教師 ld 料金,CORE,代表,C06193,2,tos 家庭 教師 ld 料金,競合の比較検討（評判・料金）,保護者,B,特性/不登校×家庭教師・塾・個別,高,③A 直接競合,TOS家庭教師センター,,,,UNSPECIFIED,サービス探し（家庭教師・塾・支援） | 比較検討・料金・申込 | ブランド・指名検索,KWP_CompetitorKeywordSeed
34047,tos 家庭 教師 ld 評判,CORE,代表,C06194,2,tos 家庭 教師 ld 評判,競合の比較検討（評判・料金）,保護者,B,特性/不登校×家庭教師・塾・個別,高,③A 直接競合,TOS家庭教師センター,,,,UNSPECIFIED,サービス探し（家庭教師・塾・支援） | 比較検討・料金・申込 | ブランド・指名検索,KWP_CompetitorKeywordSeed
34023,tos 家庭 教師 ld,CORE,代表,C06195,2,tos 家庭 教師 ld,競合×特性/不登校対応の確認,保護者,B,特性/不登校×家庭教師・塾・個別,高,③A 直接競合,TOS家庭教師センター,,,,UNSPECIFIED,サービス探し（家庭教師・塾・支援） | ブランド・指名検索,KWP_CompetitorKeywordSeed
33992,tos 家庭 教師 安い,CORE,代表,C06196,1,tos 家庭 教師 安い,競合の比較検討（評判・料金）,保護者,B,直接競合（特性/不登校×1対1学習支援）,高,③A 直接競合,TOS家庭教師センター,,,,UNSPECIFIED,サービス探し（家庭教師・塾・支援） | 比較検討・料金・申込 | ブランド・指名検索,KWP_CompetitorKeywordSeed
34027,tos 家庭 教師 小学生,CORE,代表,C06197,1,tos 家庭 教師 小学生,競合指名・周辺,保護者,B,直接競合（特性/不登校×1対1学習支援）,高,③A 直接競合,TOS家庭教師センター,,,,UNSPECIFIED,サービス探し（家庭教師・塾・支援） | ブランド・指名検索,KWP_CompetitorKeywordSeed
34004,tos 家庭 教師 後悔,CORE,代表,C06198,1,tos 家庭 教師 後悔,競合の不満・乗り換え,保護者,B,直接競合（特性/不登校×1対1学習支援）,高,③A 直接競合,TOS家庭教師センター,,,,UNSPECIFIED,サービス探し（家庭教師・塾・支援） | 比較検討・料金・申込 | ブランド・指名検索,KWP_CompetitorKeywordSeed
34001,tos 家庭 教師 怪しい,CORE,代表,C06199,1,tos 家庭 教師 怪しい,競合の不満・乗り換え,保護者,B,直接競合（特性/不登校×1対1学習支援）,高,③A 直接競合,TOS家庭教師センター,,,,UNSPECIFIED,サービス探し（家庭教師・塾・支援） | 比較検討・料金・申込 | ブランド・指名検索,KWP_CompetitorKeywordSeed
33982,tos 家庭 教師 感想,CORE,代表,C06200,1,tos 家庭 教師 感想,競合の比較検討（評判・料金）,保護者,B,直接競合（特性/不登校×1対1学習支援）,高,③A 直接競合,TOS家庭教師センター,,,,UNSPECIFIED,サービス探し（家庭教師・塾・支援） | 比較検討・料金・申込 | ブランド・指名検索,KWP_CompetitorKeywordSeed
6038,tos 家庭 教師,CORE,代表,C06202,2,tos 家庭 教師,競合指名・周辺,保護者,B,直接競合（特性/不登校×1対1学習支援）,高,③A 直接競合,TOS家庭教師センター,10,338.0,1185.0,HIGH,サービス探し（家庭教師・塾・支援） | ブランド・指名検索,KWP_KeywordSeed || KWP_CompetitorKeywordSeed
33990,tos 家庭 教師 教材 費,CORE,代表,C06203,1,tos 家庭 教師 教材 費,競合指名・周辺,保護者,B,直接競合（特性/不登校×1対1学習支援）,高,③A 直接競合,TOS家庭教師センター,,,,UNSPECIFIED,サービス探し（家庭教師・塾・支援） | 比較検討・料金・申込 | 教材・通信教育 | ブランド・指名検索,KWP_CompetitorKeywordSeed
33984,tos 家庭 教師 料金,CORE,代表,C06204,4,tos 家庭 教師 料金,競合の比較検討（評判・料金）,保護者,B,直接競合（特性/不登校×1対1学習支援）,高,③A 直接競合,TOS家庭教師センター,,,,UNSPECIFIED,サービス探し（家庭教師・塾・支援） | 比較検討・料金・申込 | ブランド・指名検索,KWP_CompetitorKeywordSeed
34051,tos 家庭 教師 発達 障がい 料金,CORE,代表,C06205,1,tos 家庭 教師 発達 障がい 料金,競合の比較検討（評判・料金）,保護者,B,特性/不登校×家庭教師・塾・個別,高,③A 直接競合,TOS家庭教師センター,,,,UNSPECIFIED,サービス探し（家庭教師・塾・支援） | 比較検討・料金・申込 | ブランド・指名検索,KWP_CompetitorKeywordSeed
34002,tos 家庭 教師 最悪,CORE,代表,C06206,1,tos 家庭 教師 最悪,競合の不満・乗り換え,保護者,B,直接競合（特性/不登校×1対1学習支援）,高,③A 直接競合,TOS家庭教師センター,,,,UNSPECIFIED,サービス探し（家庭教師・塾・支援） | 比較検討・料金・申込 | ブランド・指名検索,KWP_CompetitorKeywordSeed
33993,tos 家庭 教師 比較,CORE,代表,C06207,1,tos 家庭 教師 比較,競合の比較検討（評判・料金）,保護者,B,直接競合（特性/不登校×1対1学習支援）,高,③A 直接競合,TOS家庭教師センター,,,,UNSPECIFIED,サービス探し（家庭教師・塾・支援） | 比較検討・料金・申込 | ブランド・指名検索,KWP_CompetitorKeywordSeed
34014,tos 家庭 教師 無料 相談,CORE,代表,C06208,1,tos 家庭 教師 無料 相談,競合指名・周辺,保護者,B,直接競合（特性/不登校×1対1学習支援）,高,③A 直接競合,TOS家庭教師センター,,,,UNSPECIFIED,サービス探し（家庭教師・塾・支援） | 比較検討・料金・申込 | ブランド・指名検索,KWP_CompetitorKeywordSeed
34016,tos 家庭 教師 申し込み,CORE,代表,C06209,1,tos 家庭 教師 申し込み,競合の比較検討（評判・料金）,保護者,B,直接競合（特性/不登校×1対1学習支援）,高,③A 直接競合,TOS家庭教師センター,,,,UNSPECIFIED,サービス探し（家庭教師・塾・支援） | 比較検討・料金・申込 | ブランド・指名検索,KWP_CompetitorKeywordSeed
34042,tos 家庭 教師 発達 障害 評判,CORE,代表,C06210,2,tos 家庭 教師 発達 障害 評判,競合の比較検討（評判・料金）,保護者,B,特性/不登校×家庭教師・塾・個別,高,③A 直接競合,TOS家庭教師センター,,,,UNSPECIFIED,サービス探し（家庭教師・塾・支援） | 比較検討・料金・申込 | ブランド・指名検索,KWP_CompetitorKeywordSeed
34018,tos 家庭 教師 発達 障害,CORE,代表,C06211,2,tos 家庭 教師 発達 障害,競合×特性/不登校対応の確認,保護者,B,特性/不登校×家庭教師・塾・個別,高,③A 直接競合,TOS家庭教師センター,,,,UNSPECIFIED,サービス探し（家庭教師・塾・支援） | ブランド・指名検索,KWP_CompetitorKeywordSeed
34010,tos 家庭 教師 解約,CORE,代表,C06212,1,tos 家庭 教師 解約,競合の不満・乗り換え,保護者,B,直接競合（特性/不登校×1対1学習支援）,高,③A 直接競合,TOS家庭教師センター,,,,UNSPECIFIED,サービス探し（家庭教師・塾・支援） | 比較検討・料金・申込 | ブランド・指名検索,KWP_CompetitorKeywordSeed
33983,tos 家庭 教師 評価,CORE,代表,C06213,1,tos 家庭 教師 評価,競合の比較検討（評判・料金）,保護者,B,直接競合（特性/不登校×1対1学習支援）,高,③A 直接競合,TOS家庭教師センター,,,,UNSPECIFIED,サービス探し（家庭教師・塾・支援） | 比較検討・料金・申込 | ブランド・指名検索,KWP_CompetitorKeywordSeed
33978,tos 家庭 教師 評判,CORE,代表,C06214,2,tos 家庭 教師 評判,競合の比較検討（評判・料金）,保護者,B,直接競合（特性/不登校×1対1学習支援）,高,③A 直接競合,TOS家庭教師センター,10,,,UNSPECIFIED,サービス探し（家庭教師・塾・支援） | 比較検討・料金・申込 | ブランド・指名検索,KWP_CompetitorKeywordSeed
34015,tos 家庭 教師 資料 請求,CORE,代表,C06215,1,tos 家庭 教師 資料 請求,競合の比較検討（評判・料金）,保護者,B,直接競合（特性/不登校×1対1学習支援）,高,③A 直接競合,TOS家庭教師センター,,,,UNSPECIFIED,サービス探し（家庭教師・塾・支援） | 比較検討・料金・申込 | ブランド・指名検索,KWP_CompetitorKeywordSeed
33985,tos 家庭 教師 費用,CORE,代表,C06216,1,tos 家庭 教師 費用,競合の比較検討（評判・料金）,保護者,B,直接競合（特性/不登校×1対1学習支援）,高,③A 直接競合,TOS家庭教師センター,,,,UNSPECIFIED,サービス探し（家庭教師・塾・支援） | 比較検討・料金・申込 | ブランド・指名検索,KWP_CompetitorKeywordSeed
34009,tos 家庭 教師 退会,CORE,代表,C06217,1,tos 家庭 教師 退会,競合の不満・乗り換え,保護者,B,直接競合（特性/不登校×1対1学習支援）,高,③A 直接競合,TOS家庭教師センター,,,,UNSPECIFIED,サービス探し（家庭教師・塾・支援） | 合わない・断られた・乗り換え | ブランド・指名検索,KWP_CompetitorKeywordSeed
33994,tos 家庭 教師 違い,CORE,代表,C06218,1,tos 家庭 教師 違い,競合指名・周辺,保護者,B,直接競合（特性/不登校×1対1学習支援）,高,③A 直接競合,TOS家庭教師センター,,,,UNSPECIFIED,サービス探し（家庭教師・塾・支援） | 比較検討・料金・申込 | ブランド・指名検索 | 特性そのものを調べる（とは・特徴・チェック）,KWP_CompetitorKeywordSeed
33991,tos 家庭 教師 高い,CORE,代表,C06219,1,tos 家庭 教師 高い,競合の比較検討（評判・料金）,保護者,B,直接競合（特性/不登校×1対1学習支援）,高,③A 直接競合,TOS家庭教師センター,,,,UNSPECIFIED,サービス探し（家庭教師・塾・支援） | 比較検討・料金・申込 | ブランド・指名検索,KWP_CompetitorKeywordSeed
34029,tos 家庭 教師 高校生,CORE,代表,C06220,1,tos 家庭 教師 高校生,競合指名・周辺,保護者,B,直接競合（特性/不登校×1対1学習支援）,高,③A 直接競合,TOS家庭教師センター,,,,UNSPECIFIED,サービス探し（家庭教師・塾・支援） | ブランド・指名検索,KWP_CompetitorKeywordSeed
2071,オンライン 家庭 教師 wam 初期 費用,CORE,代表,C06342,1,オンライン 家庭 教師 wam 初期 費用,競合の比較検討（評判・料金）,保護者,B,カテゴリ競合×比較/評判/料金/乗換え/特性,中,③B カテゴリ競合,個別指導WAM,20,149.0,1186.0,HIGH,サービス探し（家庭教師・塾・支援） | 比較検討・料金・申込 | ブランド・指名検索,KWP_KeywordSeed
17047,オンライン wam 口コミ,CORE,代表,C06343,2,オンライン wam 口コミ,競合の比較検討（評判・料金）,保護者,B,カテゴリ競合×比較/評判/料金/乗換え/特性,中,③B カテゴリ競合,個別指導WAM,40,146.0,859.0,HIGH,サービス探し（家庭教師・塾・支援） | 比較検討・料金・申込 | ブランド・指名検索,KWP_UrlSeed
2047,オンライン 家庭 教師 wam 料金,CORE,代表,C06345,2,オンライン 家庭 教師 wam 料金,競合の比較検討（評判・料金）,保護者,B,カテゴリ競合×比較/評判/料金/乗換え/特性,中,③B カテゴリ競合,個別指導WAM,90,177.0,977.0,HIGH,サービス探し（家庭教師・塾・支援） | 比較検討・料金・申込 | ブランド・指名検索,KWP_KeywordSeed
17042,オンライン wam 料金,CORE,代表,C06346,1,オンライン wam 料金,競合の比較検討（評判・料金）,保護者,B,カテゴリ競合×比較/評判/料金/乗換え/特性,中,③B カテゴリ競合,個別指導WAM,40,153.0,932.0,HIGH,サービス探し（家庭教師・塾・支援） | 比較検討・料金・申込 | ブランド・指名検索,KWP_UrlSeed
2705,個別 指導 wam 入会 金,CORE,代表,C06349,1,個別 指導 wam 入会 金,競合の比較検討（評判・料金）,保護者,B,カテゴリ競合×比較/評判/料金/乗換え/特性,中,③B カテゴリ競合,個別指導WAM,10,,,HIGH,サービス探し（家庭教師・塾・支援） | 比較検討・料金・申込 | ブランド・指名検索,KWP_KeywordSeed
2629,個別 指導 塾 wam 料金,CORE,代表,C06350,1,個別 指導 塾 wam 料金,競合の比較検討（評判・料金）,保護者,B,カテゴリ競合×比較/評判/料金/乗換え/特性,中,③B カテゴリ競合,個別指導WAM,70,155.0,698.0,HIGH,サービス探し（家庭教師・塾・支援） | 比較検討・料金・申込 | ブランド・指名検索,KWP_KeywordSeed
2440,個別 指導 wam 料金,CORE,代表,C06354,3,個別 指導 wam 料金,競合の比較検討（評判・料金）,保護者,B,カテゴリ競合×比較/評判/料金/乗換え/特性,中,③B カテゴリ競合,個別指導WAM,390,159.0,783.0,MEDIUM,サービス探し（家庭教師・塾・支援） | 比較検討・料金・申込 | ブランド・指名検索,KWP_KeywordSeed
17038,wam 口コミ,CORE,代表,C06355,1,wam 口コミ,競合の比較検討（評判・料金）,保護者,B,カテゴリ競合×比較/評判/料金/乗換え/特性,中,③B カテゴリ競合,個別指導WAM,50,78.0,483.0,MEDIUM,比較検討・料金・申込 | ブランド・指名検索,KWP_UrlSeed
2478,wam 塾 料金,CORE,代表,C06357,2,wam 塾 料金,競合の比較検討（評判・料金）,保護者,B,カテゴリ競合×比較/評判/料金/乗換え/特性,中,③B カテゴリ競合,個別指導WAM,260,142.0,746.0,MEDIUM,サービス探し（家庭教師・塾・支援） | 比較検討・料金・申込 | ブランド・指名検索,KWP_KeywordSeed || KWP_UrlSeed
2594,wam 夏期 講習 料金,CORE,代表,C06359,1,wam 夏期 講習 料金,競合の比較検討（評判・料金）,保護者,B,カテゴリ競合×比較/評判/料金/乗換え/特性,中,③B カテゴリ競合,個別指導WAM,40,110.0,701.0,MEDIUM,比較検討・料金・申込 | 学習のやり方・学習課題 | ブランド・指名検索,KWP_KeywordSeed
2140,家庭 教師 wam 料金,CORE,代表,C06360,1,家庭 教師 wam 料金,競合の比較検討（評判・料金）,保護者,B,カテゴリ競合×比較/評判/料金/乗換え/特性,中,③B カテゴリ競合,個別指導WAM,20,177.0,923.0,HIGH,サービス探し（家庭教師・塾・支援） | 比較検討・料金・申込 | ブランド・指名検索,KWP_KeywordSeed
17027,wam 料金,CORE,代表,C06362,2,wam 料金,競合の比較検討（評判・料金）,保護者,B,カテゴリ競合×比較/評判/料金/乗換え/特性,中,③B カテゴリ競合,個別指導WAM,90,149.0,614.0,MEDIUM,比較検討・料金・申込 | ブランド・指名検索,KWP_UrlSeed
3333,wam 高校生 料金,CORE,代表,C06363,1,wam 高校生 料金,競合の比較検討（評判・料金）,保護者,B,カテゴリ競合×比較/評判/料金/乗換え/特性,中,③B カテゴリ競合,個別指導WAM,10,154.0,491.0,MEDIUM,比較検討・料金・申込 | ブランド・指名検索,KWP_KeywordSeed || KWP_UrlSeed
17059,wam 評判,CORE,代表,C06365,1,wam 評判,競合の比較検討（評判・料金）,保護者,B,カテゴリ競合×比較/評判/料金/乗換え/特性,中,③B カテゴリ競合,個別指導WAM,20,92.0,334.0,LOW,比較検討・料金・申込 | ブランド・指名検索,KWP_UrlSeed
45384,家庭教師のグレーゾーンとは？,CORE,代表,C06942,1,家庭教師のグレーゾーンとは？,サービス探し（特性/不登校×学習支援）,保護者,A,特性/不登校×家庭教師・塾・個別,高,②顕在,,,,,UNSPECIFIED,サービス探し（家庭教師・塾・支援） | 特性そのものを調べる（とは・特徴・チェック）,Google_PAA || Google_competitor_SERP
45418,発達障害の学習支援方法とは？,CORE,代表,C06943,1,発達障害の学習支援方法とは？,サービス探し（特性/不登校×学習支援）,保護者（推定）,A,特性/不登校×家庭教師・塾・個別,高,②顕在,,,,,UNSPECIFIED,サービス探し（家庭教師・塾・支援） | 特性そのものを調べる（とは・特徴・チェック）,Google_PAA
2973,あすか 個別 指導 学院 料金,CORE,代表,C06980,1,あすか 個別 指導 学院 料金,競合の比較検討（評判・料金）,保護者,B,カテゴリ競合×比較/評判/料金/乗換え/特性,中,③B カテゴリ競合,あすか個別指導学院,10,80.0,364.0,MEDIUM,サービス探し（家庭教師・塾・支援） | 比較検討・料金・申込 | ブランド・指名検索,KWP_KeywordSeed
32376,家庭 教師 人気 あすなろ,CORE,代表,C06986,3,家庭 教師 人気 あすなろ,競合の比較検討（評判・料金）,保護者,B,直接競合（特性/不登校×1対1学習支援）,高,③A 直接競合,家庭教師のあすなろ,0,,,UNSPECIFIED,サービス探し（家庭教師・塾・支援） | 比較検討・料金・申込 | ブランド・指名検索,KWP_CompetitorKeywordSeed
32421,家庭 教師 の あすなろ やめたい,CORE,代表,C06992,1,家庭 教師 の あすなろ やめたい,競合の不満・乗り換え,保護者,B,直接競合（特性/不登校×1対1学習支援）,高,③A 直接競合,家庭教師のあすなろ,,,,UNSPECIFIED,サービス探し（家庭教師・塾・支援） | 合わない・断られた・乗り換え | ブランド・指名検索,KWP_CompetitorKeywordSeed
32422,家庭 教師 の あすなろ 辞め たい,CORE,代表,C06993,1,家庭 教師 の あすなろ 辞め たい,競合の不満・乗り換え,保護者,B,直接競合（特性/不登校×1対1学習支援）,高,③A 直接競合,家庭教師のあすなろ,,,,UNSPECIFIED,サービス探し（家庭教師・塾・支援） | 比較検討・料金・申込 | 合わない・断られた・乗り換え | ブランド・指名検索,KWP_CompetitorKeywordSeed
32420,家庭 教師 の あすなろ 向い て ない,CORE,代表,C06996,1,家庭 教師 の あすなろ 向い て ない,競合の不満・乗り換え,保護者,B,直接競合（特性/不登校×1対1学習支援）,高,③A 直接競合,家庭教師のあすなろ,,,,UNSPECIFIED,サービス探し（家庭教師・塾・支援） | 比較検討・料金・申込 | ブランド・指名検索,KWP_CompetitorKeywordSeed
32406,家庭 教師 の あすなろ どっち,CORE,代表,C06998,1,家庭 教師 の あすなろ どっち,競合の比較検討（評判・料金）,保護者,B,直接競合（特性/不登校×1対1学習支援）,高,③A 直接競合,家庭教師のあすなろ,,,,UNSPECIFIED,サービス探し（家庭教師・塾・支援） | 比較検討・料金・申込 | ブランド・指名検索,KWP_CompetitorKeywordSeed
32419,家庭 教師 の あすなろ 合わ ない,CORE,代表,C07000,1,家庭 教師 の あすなろ 合わ ない,競合の不満・乗り換え,保護者,B,直接競合（特性/不登校×1対1学習支援）,高,③A 直接競合,家庭教師のあすなろ,,,,UNSPECIFIED,サービス探し（家庭教師・塾・支援） | 合わない・断られた・乗り換え | ブランド・指名検索,KWP_CompetitorKeywordSeed
67768,家庭教師のあすなろ やばい,CORE,代表,C07001,1,家庭教師のあすなろ やばい,競合の不満・乗り換え,保護者,B,直接競合（特性/不登校×1対1学習支援）,高,③A 直接競合,家庭教師のあすなろ,720,241.0,724.0,LOW,サービス探し（家庭教師・塾・支援） | 比較検討・料金・申込 | ブランド・指名検索,CompetitorMatrix
32256,オンライン 家庭 教師 あすなろ 口コミ,CORE,代表,C07002,1,オンライン 家庭 教師 あすなろ 口コミ,競合の比較検討（評判・料金）,保護者,B,直接競合（特性/不登校×1対1学習支援）,高,③A 直接競合,家庭教師のあすなろ,10,,,LOW,サービス探し（家庭教師・塾・支援） | 比較検討・料金・申込 | ブランド・指名検索,KWP_CompetitorKeywordSeed
32366,家庭 教師 あすなろ オンライン,CORE,代表,C07003,5,家庭 教師 あすなろ オンライン,競合指名・周辺,保護者,B,直接競合（特性/不登校×1対1学習支援）,高,③A 直接競合,家庭教師のあすなろ,30,185.0,647.0,MEDIUM,サービス探し（家庭教師・塾・支援） | ブランド・指名検索,KWP_CompetitorKeywordSeed
32378,あすなろ グループ 家庭 教師,CORE,代表,C07004,1,あすなろ グループ 家庭 教師,競合指名・周辺,保護者,B,直接競合（特性/不登校×1対1学習支援）,高,③A 直接競合,家庭教師のあすなろ,10,,,HIGH,サービス探し（家庭教師・塾・支援） | ブランド・指名検索,KWP_CompetitorKeywordSeed
32322,あすなろ グレー ゾーン,CORE,代表,C07005,1,あすなろ グレー ゾーン,競合×特性/不登校対応の確認,保護者,B,直接競合（特性/不登校×1対1学習支援）,高,③A 直接競合,家庭教師のあすなろ,,,,UNSPECIFIED,ブランド・指名検索,KWP_CompetitorKeywordSeed
32335,あすなろ グレー ゾーン 口コミ,CORE,代表,C07006,1,あすなろ グレー ゾーン 口コミ,競合の比較検討（評判・料金）,保護者,B,直接競合（特性/不登校×1対1学習支援）,高,③A 直接競合,家庭教師のあすなろ,,,,UNSPECIFIED,比較検討・料金・申込 | ブランド・指名検索,KWP_CompetitorKeywordSeed
32433,家庭 教師 の あすなろ グレー ゾーン,CORE,代表,C07007,1,家庭 教師 の あすなろ グレー ゾーン,競合×特性/不登校対応の確認,保護者,B,特性/不登校×家庭教師・塾・個別,高,③A 直接競合,家庭教師のあすなろ,,,,UNSPECIFIED,サービス探し（家庭教師・塾・支援） | ブランド・指名検索,KWP_CompetitorKeywordSeed
32347,あすなろ グレー ゾーン 料金,CORE,代表,C07008,1,あすなろ グレー ゾーン 料金,競合の比較検討（評判・料金）,保護者,B,直接競合（特性/不登校×1対1学習支援）,高,③A 直接競合,家庭教師のあすなろ,,,,UNSPECIFIED,比較検討・料金・申込 | ブランド・指名検索,KWP_CompetitorKeywordSeed
32341,あすなろ グレー ゾーン 評判,CORE,代表,C07009,1,あすなろ グレー ゾーン 評判,競合の比較検討（評判・料金）,保護者,B,直接競合（特性/不登校×1対1学習支援）,高,③A 直接競合,家庭教師のあすなろ,,,,UNSPECIFIED,比較検討・料金・申込 | ブランド・指名検索,KWP_CompetitorKeywordSeed
2037,家庭 教師 あすなろ テキスト 代,CORE,代表,C07013,1,家庭 教師 あすなろ テキスト 代,競合指名・周辺,保護者,B,直接競合（特性/不登校×1対1学習支援）,高,③A 直接競合,家庭教師のあすなろ,880,152.0,579.0,LOW,サービス探し（家庭教師・塾・支援） | ブランド・指名検索,KWP_KeywordSeed || KWP_UrlSeed || KWP_CompetitorKeywordSeed
32410,家庭 教師 の あすなろ デメリット,CORE,代表,C07016,1,家庭 教師 の あすなろ デメリット,競合指名・周辺,保護者,B,直接競合（特性/不登校×1対1学習支援）,高,③A 直接競合,家庭教師のあすなろ,,,,UNSPECIFIED,サービス探し（家庭教師・塾・支援） | 比較検討・料金・申込 | ブランド・指名検索,KWP_CompetitorKeywordSeed
32411,家庭 教師 の あすなろ メリット,CORE,代表,C07022,1,家庭 教師 の あすなろ メリット,競合指名・周辺,保護者,B,直接競合（特性/不登校×1対1学習支援）,高,③A 直接競合,家庭教師のあすなろ,,,,UNSPECIFIED,サービス探し（家庭教師・塾・支援） | ブランド・指名検索,KWP_CompetitorKeywordSeed
32363,家庭 教師 ランナー あすなろ,CORE,代表,C07023,1,家庭 教師 ランナー あすなろ,競合指名・周辺,保護者,B,直接競合（特性/不登校×1対1学習支援）,高,③A 直接競合,家庭教師のあすなろ,10,,,UNSPECIFIED,サービス探し（家庭教師・塾・支援） | ブランド・指名検索,KWP_CompetitorKeywordSeed
32393,家庭 教師 の あすなろ レビュー,CORE,代表,C07025,2,家庭 教師 の あすなろ レビュー,競合の比較検討（評判・料金）,保護者,B,直接競合（特性/不登校×1対1学習支援）,高,③A 直接競合,家庭教師のあすなろ,10,,,UNSPECIFIED,サービス探し（家庭教師・塾・支援） | 比較検討・料金・申込 | ブランド・指名検索,KWP_CompetitorKeywordSeed
32340,あすなろ 不 登校 口コミ,CORE,代表,C07026,1,あすなろ 不 登校 口コミ,競合の比較検討（評判・料金）,保護者,B,直接競合（特性/不登校×1対1学習支援）,高,③A 直接競合,家庭教師のあすなろ,,,,UNSPECIFIED,比較検討・料金・申込 | 学校生活・不登校・学校種別 | ブランド・指名検索,KWP_CompetitorKeywordSeed
620,あすなろ 家庭 教師 不 登校,CORE,代表,C07027,4,あすなろ 家庭 教師 不 登校,競合×特性/不登校対応の確認,保護者,B,特性/不登校×家庭教師・塾・個別,高,③A 直接競合,家庭教師のあすなろ,10,,,HIGH,サービス探し（家庭教師・塾・支援） | 学校生活・不登校・学校種別 | ブランド・指名検索,KWP_KeywordSeed || KWP_CompetitorKeywordSeed
32352,あすなろ 不 登校 料金,CORE,代表,C07028,1,あすなろ 不 登校 料金,競合の比較検討（評判・料金）,保護者,B,直接競合（特性/不登校×1対1学習支援）,高,③A 直接競合,家庭教師のあすなろ,,,,UNSPECIFIED,比較検討・料金・申込 | 学校生活・不登校・学校種別 | ブランド・指名検索,KWP_CompetitorKeywordSeed
32321,あすなろ 不 登校,CORE,代表,C07029,2,あすなろ 不 登校,競合×特性/不登校対応の確認,保護者,B,直接競合（特性/不登校×1対1学習支援）,高,③A 直接競合,家庭教師のあすなろ,20,163.0,443.0,MEDIUM,学校生活・不登校・学校種別 | ブランド・指名検索,KWP_CompetitorKeywordSeed
32346,あすなろ 不 登校 評判,CORE,代表,C07030,1,あすなろ 不 登校 評判,競合の比較検討（評判・料金）,保護者,B,直接競合（特性/不登校×1対1学習支援）,高,③A 直接競合,家庭教師のあすなろ,,,,UNSPECIFIED,比較検討・料金・申込 | 学校生活・不登校・学校種別 | ブランド・指名検索,KWP_CompetitorKeywordSeed
32327,あすなろ 中学 受験,CORE,代表,C07031,2,あすなろ 中学 受験,競合指名・周辺,保護者,B,直接競合（特性/不登校×1対1学習支援）,高,③A 直接競合,家庭教師のあすなろ,10,,,HIGH,受験・進路 | ブランド・指名検索,KWP_CompetitorKeywordSeed
32444,家庭 教師 の あすなろ 中学 受験,CORE,代表,C07032,1,家庭 教師 の あすなろ 中学 受験,競合指名・周辺,保護者,B,直接競合（特性/不登校×1対1学習支援）,高,③A 直接競合,家庭教師のあすなろ,,,,UNSPECIFIED,サービス探し（家庭教師・塾・支援） | 受験・進路 | ブランド・指名検索,KWP_CompetitorKeywordSeed
32440,家庭 教師 の あすなろ 中学生,CORE,代表,C07034,2,家庭 教師 の あすなろ 中学生,競合指名・周辺,保護者,B,直接競合（特性/不登校×1対1学習支援）,高,③A 直接競合,家庭教師のあすなろ,10,,,UNSPECIFIED,サービス探し（家庭教師・塾・支援） | ブランド・指名検索,KWP_CompetitorKeywordSeed
32278,家庭 教師 あすなろ 交通 費,CORE,代表,C07038,1,家庭 教師 あすなろ 交通 費,競合指名・周辺,保護者,B,直接競合（特性/不登校×1対1学習支援）,高,③A 直接競合,家庭教師のあすなろ,10,,,LOW,サービス探し（家庭教師・塾・支援） | ブランド・指名検索,KWP_CompetitorKeywordSeed
20406,あすなろ 塾 京都,CORE,代表,C07039,1,あすなろ 塾 京都,競合指名・周辺,保護者,B,直接競合（特性/不登校×1対1学習支援）,高,③A 直接競合,家庭教師のあすなろ,10,,,LOW,サービス探し（家庭教師・塾・支援） | ブランド・指名検索 | 地域・近くで探す,KWP_UrlSeed
32408,家庭 教師 の あすなろ 他社,CORE,代表,C07041,1,家庭 教師 の あすなろ 他社,競合指名・周辺,保護者,B,直接競合（特性/不登校×1対1学習支援）,高,③A 直接競合,家庭教師のあすなろ,,,,UNSPECIFIED,サービス探し（家庭教師・塾・支援） | 比較検討・料金・申込 | ブランド・指名検索,KWP_CompetitorKeywordSeed
32261,あすなろ 学習 会 口コミ,CORE,代表,C07043,1,あすなろ 学習 会 口コミ,競合の比較検討（評判・料金）,保護者,B,直接競合（特性/不登校×1対1学習支援）,高,③A 直接競合,家庭教師のあすなろ,10,,,LOW,比較検討・料金・申込 | ブランド・指名検索,KWP_CompetitorKeywordSeed
32280,あすなろ 学習 会 料金,CORE,代表,C07044,1,あすなろ 学習 会 料金,競合の比較検討（評判・料金）,保護者,B,直接競合（特性/不登校×1対1学習支援）,高,③A 直接競合,家庭教師のあすなろ,10,,,UNSPECIFIED,比較検討・料金・申込 | ブランド・指名検索,KWP_CompetitorKeywordSeed
32362,あすなろ 会 家庭 教師,CORE,代表,C07045,1,あすなろ 会 家庭 教師,競合指名・周辺,保護者,B,直接競合（特性/不登校×1対1学習支援）,高,③A 直接競合,家庭教師のあすなろ,10,263.0,1117.0,HIGH,サービス探し（家庭教師・塾・支援） | ブランド・指名検索,KWP_CompetitorKeywordSeed
32425,家庭 教師 あすなろ 体験 授業,CORE,代表,C07047,3,家庭 教師 あすなろ 体験 授業,競合の比較検討（評判・料金）,保護者,B,直接競合（特性/不登校×1対1学習支援）,高,③A 直接競合,家庭教師のあすなろ,10,,,LOW,サービス探し（家庭教師・塾・支援） | 比較検討・料金・申込 | 学習のやり方・学習課題 | ブランド・指名検索,KWP_CompetitorKeywordSeed
32427,家庭 教師 の あすなろ 体験,CORE,代表,C07048,1,家庭 教師 の あすなろ 体験,競合の比較検討（評判・料金）,保護者,B,直接競合（特性/不登校×1対1学習支援）,高,③A 直接競合,家庭教師のあすなろ,,,,UNSPECIFIED,サービス探し（家庭教師・塾・支援） | 比較検討・料金・申込 | ブランド・指名検索,KWP_CompetitorKeywordSeed
32426,家庭 教師 の あすなろ 無料 体験,CORE,代表,C07049,1,家庭 教師 の あすなろ 無料 体験,競合の比較検討（評判・料金）,保護者,B,直接競合（特性/不登校×1対1学習支援）,高,③A 直接競合,家庭教師のあすなろ,,,,UNSPECIFIED,サービス探し（家庭教師・塾・支援） | 比較検討・料金・申込 | ブランド・指名検索,KWP_CompetitorKeywordSeed
32394,家庭 教師 の あすなろ 体験 談,CORE,代表,C07050,1,家庭 教師 の あすなろ 体験 談,競合の比較検討（評判・料金）,保護者,B,直接競合（特性/不登校×1対1学習支援）,高,③A 直接競合,家庭教師のあすなろ,,,,UNSPECIFIED,サービス探し（家庭教師・塾・支援） | 比較検討・料金・申込 | ブランド・指名検索,KWP_CompetitorKeywordSeed
32315,あすなろ 体験 授業,CORE,代表,C07051,1,あすなろ 体験 授業,競合の比較検討（評判・料金）,保護者,B,直接競合（特性/不登校×1対1学習支援）,高,③A 直接競合,家庭教師のあすなろ,,,,UNSPECIFIED,比較検討・料金・申込 | 学習のやり方・学習課題 | ブランド・指名検索,KWP_CompetitorKeywordSeed
32370,家庭 教師 あすなろ 保証金,CORE,代表,C07054,1,家庭 教師 あすなろ 保証金,競合指名・周辺,保護者,B,直接競合（特性/不登校×1対1学習支援）,高,③A 直接競合,家庭教師のあすなろ,10,,,UNSPECIFIED,サービス探し（家庭教師・塾・支援） | ブランド・指名検索,KWP_CompetitorKeywordSeed
47530,個別指導塾 あすなろ 口コミ,CORE,代表,C07055,1,個別指導塾 あすなろ 口コミ,競合の比較検討（評判・料金）,保護者,B,直接競合（特性/不登校×1対1学習支援）,高,③A 直接競合,家庭教師のあすなろ,20,242.0,745.0,MEDIUM,サービス探し（家庭教師・塾・支援） | 比較検討・料金・申込 | ブランド・指名検索,Google_competitor_suggest
47531,個別指導 あすなろ 口コミ,CORE,代表,C07056,1,個別指導 あすなろ 口コミ,競合の比較検討（評判・料金）,保護者,B,直接競合（特性/不登校×1対1学習支援）,高,③A 直接競合,家庭教師のあすなろ,,,,UNSPECIFIED,サービス探し（家庭教師・塾・支援） | 比較検討・料金・申込 | ブランド・指名検索,Google_competitor_suggest
32431,家庭 教師 の あすなろ 入会,CORE,代表,C07058,1,家庭 教師 の あすなろ 入会,競合の比較検討（評判・料金）,保護者,B,直接競合（特性/不登校×1対1学習支援）,高,③A 直接競合,家庭教師のあすなろ,,,,UNSPECIFIED,サービス探し（家庭教師・塾・支援） | 比較検討・料金・申込 | ブランド・指名検索,KWP_CompetitorKeywordSeed
2115,家庭 教師 あすなろ 入会 金,CORE,代表,C07059,2,家庭 教師 あすなろ 入会 金,競合の比較検討（評判・料金）,保護者,B,直接競合（特性/不登校×1対1学習支援）,高,③A 直接競合,家庭教師のあすなろ,10,,,LOW,サービス探し（家庭教師・塾・支援） | 比較検討・料金・申込 | ブランド・指名検索,KWP_KeywordSeed || KWP_UrlSeed || KWP_CompetitorKeywordSeed
2354,家庭 教師 あすなろ 初期 費用,CORE,代表,C07062,1,家庭 教師 あすなろ 初期 費用,競合の比較検討（評判・料金）,保護者,B,直接競合（特性/不登校×1対1学習支援）,高,③A 直接競合,家庭教師のあすなろ,10,,,MEDIUM,サービス探し（家庭教師・塾・支援） | 比較検討・料金・申込 | ブランド・指名検索,KWP_KeywordSeed || KWP_CompetitorKeywordSeed
32334,あすなろ 大学 受験,CORE,代表,C07064,1,あすなろ 大学 受験,競合指名・周辺,保護者,B,直接競合（特性/不登校×1対1学習支援）,高,③A 直接競合,家庭教師のあすなろ,,,,UNSPECIFIED,受験・進路 | ブランド・指名検索,KWP_CompetitorKeywordSeed
32445,家庭 教師 の あすなろ 大学 受験,CORE,代表,C07065,1,家庭 教師 の あすなろ 大学 受験,競合指名・周辺,保護者,B,直接競合（特性/不登校×1対1学習支援）,高,③A 直接競合,家庭教師のあすなろ,,,,UNSPECIFIED,サービス探し（家庭教師・塾・支援） | 受験・進路 | ブランド・指名検索,KWP_CompetitorKeywordSeed
32443,家庭 教師 の あすなろ 高校 受験,CORE,代表,C07066,1,家庭 教師 の あすなろ 高校 受験,競合指名・周辺,保護者,B,直接競合（特性/不登校×1対1学習支援）,高,③A 直接競合,家庭教師のあすなろ,,,,UNSPECIFIED,サービス探し（家庭教師・塾・支援） | 受験・進路 | ブランド・指名検索,KWP_CompetitorKeywordSeed
32333,あすなろ 高校 受験,CORE,代表,C07067,1,あすなろ 高校 受験,競合指名・周辺,保護者,B,直接競合（特性/不登校×1対1学習支援）,高,③A 直接競合,家庭教師のあすなろ,,,,UNSPECIFIED,受験・進路 | ブランド・指名検索,KWP_CompetitorKeywordSeed
32337,あすなろ ld 口コミ,CORE,代表,C07070,2,あすなろ ld 口コミ,競合の比較検討（評判・料金）,保護者,B,直接競合（特性/不登校×1対1学習支援）,高,③A 直接競合,家庭教師のあすなろ,,,,UNSPECIFIED,比較検討・料金・申込 | ブランド・指名検索,KWP_CompetitorKeywordSeed
21309,家庭 教師 あすなろ 口コミ,CORE,代表,C07072,6,家庭 教師 あすなろ 口コミ,競合の比較検討（評判・料金）,保護者,B,直接競合（特性/不登校×1対1学習支援）,高,③A 直接競合,家庭教師のあすなろ,1000,182.0,614.0,MEDIUM,サービス探し（家庭教師・塾・支援） | 比較検討・料金・申込 | ブランド・指名検索,KWP_UrlSeed || KWP_CompetitorKeywordSeed
3691,あすなろ 家庭 教師 発達 障害 口コミ,CORE,代表,C07073,2,あすなろ 家庭 教師 発達 障害 口コミ,競合の比較検討（評判・料金）,保護者,B,特性/不登校×家庭教師・塾・個別,高,③A 直接競合,家庭教師のあすなろ,20,217.0,698.0,MEDIUM,サービス探し（家庭教師・塾・支援） | 比較検討・料金・申込 | ブランド・指名検索,KWP_KeywordSeed || KWP_CompetitorKeywordSeed
6778,あすなろ 塾,CORE,代表,C07075,2,あすなろ 塾,競合指名・周辺,保護者,B,直接競合（特性/不登校×1対1学習支援）,高,③A 直接競合,家庭教師のあすなろ,1000,134.0,600.0,LOW,サービス探し（家庭教師・塾・支援） | ブランド・指名検索,KWP_KeywordSeed
20395,あすなろ 塾 料金,CORE,代表,C07076,1,あすなろ 塾 料金,競合の比較検討（評判・料金）,保護者,B,直接競合（特性/不登校×1対1学習支援）,高,③A 直接競合,家庭教師のあすなろ,40,90.0,313.0,MEDIUM,サービス探し（家庭教師・塾・支援） | 比較検討・料金・申込 | ブランド・指名検索,KWP_UrlSeed
17690,あすなろ 塾 評判,CORE,代表,C07077,1,あすなろ 塾 評判,競合の比較検討（評判・料金）,保護者,B,直接競合（特性/不登校×1対1学習支援）,高,③A 直接競合,家庭教師のあすなろ,30,129.0,708.0,LOW,サービス探し（家庭教師・塾・支援） | 比較検討・料金・申込 | ブランド・指名検索,KWP_UrlSeed || KWP_CompetitorKeywordSeed
32439,家庭 教師 の あすなろ 境界 知能,CORE,代表,C07078,1,家庭 教師 の あすなろ 境界 知能,競合×特性/不登校対応の確認,保護者,B,特性/不登校×家庭教師・塾・個別,高,③A 直接競合,家庭教師のあすなろ,,,,UNSPECIFIED,サービス探し（家庭教師・塾・支援） | ブランド・指名検索,KWP_CompetitorKeywordSeed
67769,家庭教師のあすなろ 夏期講習,CORE,代表,C07082,1,家庭教師のあすなろ 夏期講習,競合指名・周辺,保護者,B,直接競合（特性/不登校×1対1学習支援）,高,③A 直接競合,家庭教師のあすなろ,10,,,UNSPECIFIED,サービス探し（家庭教師・塾・支援） | 学習のやり方・学習課題 | ブランド・指名検索,CompetitorMatrix
32414,家庭 教師 の あすなろ 失敗,CORE,代表,C07085,1,家庭 教師 の あすなろ 失敗,競合の不満・乗り換え,保護者,B,直接競合（特性/不登校×1対1学習支援）,高,③A 直接競合,家庭教師のあすなろ,,,,UNSPECIFIED,サービス探し（家庭教師・塾・支援） | 比較検討・料金・申込 | ブランド・指名検索,KWP_CompetitorKeywordSeed
32437,家庭 教師 の あすなろ ld,CORE,代表,C07086,2,家庭 教師 の あすなろ ld,競合×特性/不登校対応の確認,保護者,B,特性/不登校×家庭教師・塾・個別,高,③A 直接競合,家庭教師のあすなろ,,,,UNSPECIFIED,サービス探し（家庭教師・塾・支援） | ブランド・指名検索,KWP_CompetitorKeywordSeed
32349,あすなろ ld 料金,CORE,代表,C07087,2,あすなろ ld 料金,競合の比較検討（評判・料金）,保護者,B,直接競合（特性/不登校×1対1学習支援）,高,③A 直接競合,家庭教師のあすなろ,,,,UNSPECIFIED,比較検討・料金・申込 | ブランド・指名検索,KWP_CompetitorKeywordSeed
32343,あすなろ ld 評判,CORE,代表,C07088,2,あすなろ ld 評判,競合の比較検討（評判・料金）,保護者,B,直接競合（特性/不登校×1対1学習支援）,高,③A 直接競合,家庭教師のあすなろ,,,,UNSPECIFIED,比較検討・料金・申込 | ブランド・指名検索,KWP_CompetitorKeywordSeed
32324,あすなろ ld,CORE,代表,C07089,2,あすなろ ld,競合×特性/不登校対応の確認,保護者,B,直接競合（特性/不登校×1対1学習支援）,高,③A 直接競合,家庭教師のあすなろ,,,,UNSPECIFIED,ブランド・指名検索,KWP_CompetitorKeywordSeed
32279,家庭 教師 安い あすなろ,CORE,代表,C07093,2,家庭 教師 安い あすなろ,競合の比較検討（評判・料金）,保護者,B,直接競合（特性/不登校×1対1学習支援）,高,③A 直接競合,家庭教師のあすなろ,0,,,UNSPECIFIED,サービス探し（家庭教師・塾・支援） | 比較検討・料金・申込 | ブランド・指名検索,KWP_CompetitorKeywordSeed
32441,家庭 教師 の あすなろ 小学生,CORE,代表,C07094,1,家庭 教師 の あすなろ 小学生,競合指名・周辺,保護者,B,直接競合（特性/不登校×1対1学習支援）,高,③A 直接競合,家庭教師のあすなろ,,,,UNSPECIFIED,サービス探し（家庭教師・塾・支援） | ブランド・指名検索,KWP_CompetitorKeywordSeed
32415,家庭 教師 の あすなろ 後悔,CORE,代表,C07095,1,家庭 教師 の あすなろ 後悔,競合の不満・乗り換え,保護者,B,直接競合（特性/不登校×1対1学習支援）,高,③A 直接競合,家庭教師のあすなろ,,,,UNSPECIFIED,サービス探し（家庭教師・塾・支援） | 比較検討・料金・申込 | ブランド・指名検索,KWP_CompetitorKeywordSeed
32412,家庭 教師 の あすなろ 怪しい,CORE,代表,C07096,1,家庭 教師 の あすなろ 怪しい,競合の不満・乗り換え,保護者,B,直接競合（特性/不登校×1対1学習支援）,高,③A 直接競合,家庭教師のあすなろ,,,,UNSPECIFIED,サービス探し（家庭教師・塾・支援） | 比較検討・料金・申込 | ブランド・指名検索,KWP_CompetitorKeywordSeed
32395,家庭 教師 の あすなろ 感想,CORE,代表,C07097,1,家庭 教師 の あすなろ 感想,競合の比較検討（評判・料金）,保護者,B,直接競合（特性/不登校×1対1学習支援）,高,③A 直接競合,家庭教師のあすなろ,,,,UNSPECIFIED,サービス探し（家庭教師・塾・支援） | 比較検討・料金・申込 | ブランド・指名検索,KWP_CompetitorKeywordSeed
32354,家庭 教師 あすなろ,CORE,代表,C07098,3,家庭 教師 あすなろ,競合指名・周辺,保護者,B,直接競合（特性/不登校×1対1学習支援）,高,③A 直接競合,家庭教師のあすなろ,2400,153.0,597.0,LOW,サービス探し（家庭教師・塾・支援） | ブランド・指名検索,KWP_CompetitorKeywordSeed
2189,家庭 教師 あすなろ 教材 費,CORE,代表,C07099,4,家庭 教師 あすなろ 教材 費,競合指名・周辺,保護者,B,直接競合（特性/不登校×1対1学習支援）,高,③A 直接競合,家庭教師のあすなろ,30,169.0,602.0,MEDIUM,サービス探し（家庭教師・塾・支援） | 比較検討・料金・申込 | 教材・通信教育 | ブランド・指名検索,KWP_KeywordSeed || KWP_UrlSeed || KWP_CompetitorKeywordSeed
2249,家庭 教師 あすなろ 高額 教材,CORE,代表,C07100,1,家庭 教師 あすなろ 高額 教材,競合指名・周辺,保護者,B,直接競合（特性/不登校×1対1学習支援）,高,③A 直接競合,家庭教師のあすなろ,30,,,LOW,サービス探し（家庭教師・塾・支援） | 教材・通信教育 | ブランド・指名検索,KWP_KeywordSeed || KWP_CompetitorKeywordSeed
2068,あすなろ 家庭 教師 料金,CORE,代表,C07101,8,あすなろ 家庭 教師 料金,競合の比較検討（評判・料金）,保護者,B,直接競合（特性/不登校×1対1学習支援）,高,③A 直接競合,家庭教師のあすなろ,210,155.0,676.0,HIGH,サービス探し（家庭教師・塾・支援） | 比較検討・料金・申込 | ブランド・指名検索,KWP_KeywordSeed || KWP_UrlSeed || KWP_CompetitorKeywordSeed
21306,家庭 教師 あすなろ 辞め 方,CORE,代表,C07102,1,家庭 教師 あすなろ 辞め 方,競合指名・周辺,保護者,B,直接競合（特性/不登校×1対1学習支援）,高,③A 直接競合,家庭教師のあすなろ,10,,,LOW,サービス探し（家庭教師・塾・支援） | ブランド・指名検索,KWP_UrlSeed
32413,家庭 教師 の あすなろ 最悪,CORE,代表,C07103,1,家庭 教師 の あすなろ 最悪,競合の不満・乗り換え,保護者,B,直接競合（特性/不登校×1対1学習支援）,高,③A 直接競合,家庭教師のあすなろ,,,,UNSPECIFIED,サービス探し（家庭教師・塾・支援） | 比較検討・料金・申込 | ブランド・指名検索,KWP_CompetitorKeywordSeed
32385,家庭 教師 あすなろ 東京,CORE,代表,C07104,1,家庭 教師 あすなろ 東京,競合指名・周辺,保護者,B,直接競合（特性/不登校×1対1学習支援）,高,③A 直接競合,家庭教師のあすなろ,10,,,LOW,サービス探し（家庭教師・塾・支援） | ブランド・指名検索 | 地域・近くで探す,KWP_CompetitorKeywordSeed
20430,家庭 教師 あすなろ 東海,CORE,代表,C07105,2,家庭 教師 あすなろ 東海,競合指名・周辺,保護者,B,直接競合（特性/不登校×1対1学習支援）,高,③A 直接競合,家庭教師のあすなろ,210,117.0,458.0,LOW,サービス探し（家庭教師・塾・支援） | ブランド・指名検索,KWP_UrlSeed || KWP_CompetitorKeywordSeed
32372,家庭 教師 業者 あすなろ,CORE,代表,C07106,1,家庭 教師 業者 あすなろ,競合指名・周辺,保護者,B,直接競合（特性/不登校×1対1学習支援）,高,③A 直接競合,家庭教師のあすなろ,0,,,UNSPECIFIED,サービス探し（家庭教師・塾・支援） | ブランド・指名検索,KWP_CompetitorKeywordSeed
32404,家庭 教師 の あすなろ 比較,CORE,代表,C07107,1,家庭 教師 の あすなろ 比較,競合の比較検討（評判・料金）,保護者,B,直接競合（特性/不登校×1対1学習支援）,高,③A 直接競合,家庭教師のあすなろ,0,,,UNSPECIFIED,サービス探し（家庭教師・塾・支援） | 比較検討・料金・申込 | ブランド・指名検索,KWP_CompetitorKeywordSeed
32428,家庭 教師 の あすなろ 無料 相談,CORE,代表,C07108,1,家庭 教師 の あすなろ 無料 相談,競合指名・周辺,保護者,B,直接競合（特性/不登校×1対1学習支援）,高,③A 直接競合,家庭教師のあすなろ,,,,UNSPECIFIED,サービス探し（家庭教師・塾・支援） | 比較検討・料金・申込 | ブランド・指名検索,KWP_CompetitorKeywordSeed
32430,家庭 教師 の あすなろ 申し込み,CORE,代表,C07109,1,家庭 教師 の あすなろ 申し込み,競合の比較検討（評判・料金）,保護者,B,直接競合（特性/不登校×1対1学習支援）,高,③A 直接競合,家庭教師のあすなろ,,,,UNSPECIFIED,サービス探し（家庭教師・塾・支援） | 比較検討・料金・申込 | ブランド・指名検索,KWP_CompetitorKeywordSeed
7,あすなろ 家庭 教師 発達 障害,CORE,代表,C07110,6,あすなろ 家庭 教師 発達 障害,競合×特性/不登校対応の確認,保護者,B,特性/不登校×家庭教師・塾・個別,高,③A 直接競合,家庭教師のあすなろ,30,150.0,608.0,MEDIUM,サービス探し（家庭教師・塾・支援） | ブランド・指名検索,KWP_KeywordSeed || KWP_UrlSeed || KWP_CompetitorKeywordSeed
32379,あすなろ 家庭 教師 登録,CORE,代表,C07111,2,あすなろ 家庭 教師 登録,競合指名・周辺,保護者,B,直接競合（特性/不登校×1対1学習支援）,高,③A 直接競合,家庭教師のあすなろ,10,,,HIGH,サービス探し（家庭教師・塾・支援） | ブランド・指名検索,KWP_CompetitorKeywordSeed
2259,家庭 教師 相場 あすなろ,CORE,代表,C07112,1,家庭 教師 相場 あすなろ,競合の比較検討（評判・料金）,保護者,B,直接競合（特性/不登校×1対1学習支援）,高,③A 直接競合,家庭教師のあすなろ,10,,,UNSPECIFIED,サービス探し（家庭教師・塾・支援） | 比較検討・料金・申込 | ブランド・指名検索,KWP_KeywordSeed || KWP_CompetitorKeywordSeed
32390,家庭 教師 の あすなろ 自由 研究,CORE,代表,C07113,1,家庭 教師 の あすなろ 自由 研究,競合指名・周辺,保護者,B,直接競合（特性/不登校×1対1学習支援）,高,③A 直接競合,家庭教師のあすなろ,0,,,UNSPECIFIED,サービス探し（家庭教師・塾・支援） | ブランド・指名検索,KWP_CompetitorKeywordSeed
32436,家庭 教師 の あすなろ 自 閉 症,CORE,代表,C07114,1,家庭 教師 の あすなろ 自 閉 症,競合×特性/不登校対応の確認,保護者,B,特性/不登校×家庭教師・塾・個別,高,③A 直接競合,家庭教師のあすなろ,,,,UNSPECIFIED,サービス探し（家庭教師・塾・支援） | ブランド・指名検索,KWP_CompetitorKeywordSeed
32418,家庭 教師 あすなろ 解約,CORE,代表,C07115,2,家庭 教師 あすなろ 解約,競合の不満・乗り換え,保護者,B,直接競合（特性/不登校×1対1学習支援）,高,③A 直接競合,家庭教師のあすなろ,10,,,LOW,サービス探し（家庭教師・塾・支援） | 比較検討・料金・申込 | ブランド・指名検索,KWP_CompetitorKeywordSeed
32266,家庭 教師 あすなろ 評価,CORE,代表,C07116,2,家庭 教師 あすなろ 評価,競合の比較検討（評判・料金）,保護者,B,直接競合（特性/不登校×1対1学習支援）,高,③A 直接競合,家庭教師のあすなろ,10,,,MEDIUM,サービス探し（家庭教師・塾・支援） | 比較検討・料金・申込 | ブランド・指名検索,KWP_CompetitorKeywordSeed
21310,あすなろ 家庭 教師 評判,CORE,代表,C07117,4,あすなろ 家庭 教師 評判,競合の比較検討（評判・料金）,保護者,B,直接競合（特性/不登校×1対1学習支援）,高,③A 直接競合,家庭教師のあすなろ,210,165.0,562.0,MEDIUM,サービス探し（家庭教師・塾・支援） | 比較検討・料金・申込 | ブランド・指名検索,KWP_UrlSeed || KWP_CompetitorKeywordSeed
32268,家庭 教師 あすなろ 関西 評判,CORE,代表,C07118,1,家庭 教師 あすなろ 関西 評判,競合の比較検討（評判・料金）,保護者,B,直接競合（特性/不登校×1対1学習支援）,高,③A 直接競合,家庭教師のあすなろ,10,,,UNSPECIFIED,サービス探し（家庭教師・塾・支援） | 比較検討・料金・申込 | ブランド・指名検索 | 地域・近くで探す,KWP_CompetitorKeywordSeed
32429,家庭 教師 の あすなろ 資料 請求,CORE,代表,C07119,1,家庭 教師 の あすなろ 資料 請求,競合の比較検討（評判・料金）,保護者,B,直接競合（特性/不登校×1対1学習支援）,高,③A 直接競合,家庭教師のあすなろ,,,,UNSPECIFIED,サービス探し（家庭教師・塾・支援） | 比較検討・料金・申込 | ブランド・指名検索,KWP_CompetitorKeywordSeed
32397,家庭 教師 の あすなろ 費用,CORE,代表,C07120,1,家庭 教師 の あすなろ 費用,競合の比較検討（評判・料金）,保護者,B,直接競合（特性/不登校×1対1学習支援）,高,③A 直接競合,家庭教師のあすなろ,,,,UNSPECIFIED,サービス探し（家庭教師・塾・支援） | 比較検討・料金・申込 | ブランド・指名検索,KWP_CompetitorKeywordSeed
21307,家庭 教師 あすなろ 退会,CORE,代表,C07121,4,家庭 教師 あすなろ 退会,競合の不満・乗り換え,保護者,B,直接競合（特性/不登校×1対1学習支援）,高,③A 直接競合,家庭教師のあすなろ,20,,,LOW,サービス探し（家庭教師・塾・支援） | 合わない・断られた・乗り換え | ブランド・指名検索,KWP_UrlSeed || KWP_CompetitorKeywordSeed
32405,家庭 教師 の あすなろ 違い,CORE,代表,C07122,1,家庭 教師 の あすなろ 違い,競合指名・周辺,保護者,B,直接競合（特性/不登校×1対1学習支援）,高,③A 直接競合,家庭教師のあすなろ,,,,UNSPECIFIED,サービス探し（家庭教師・塾・支援） | 比較検討・料金・申込 | ブランド・指名検索 | 特性そのものを調べる（とは・特徴・チェック）,KWP_CompetitorKeywordSeed
32359,家庭 教師 あすなろ 関西,CORE,代表,C07123,1,家庭 教師 あすなろ 関西,競合指名・周辺,保護者,B,直接競合（特性/不登校×1対1学習支援）,高,③A 直接競合,家庭教師のあすなろ,170,236.0,1016.0,LOW,サービス探し（家庭教師・塾・支援） | ブランド・指名検索 | 地域・近くで探す,KWP_CompetitorKeywordSeed
32361,家庭 教師 あすなろ 電話,CORE,代表,C07124,3,家庭 教師 あすなろ 電話,競合指名・周辺,保護者,B,直接競合（特性/不登校×1対1学習支援）,高,③A 直接競合,家庭教師のあすなろ,40,255.0,988.0,LOW,サービス探し（家庭教師・塾・支援） | ブランド・指名検索,KWP_CompetitorKeywordSeed
32375,家庭 教師 あすなろ 高い,CORE,代表,C07125,2,家庭 教師 あすなろ 高い,競合の比較検討（評判・料金）,保護者,B,直接競合（特性/不登校×1対1学習支援）,高,③A 直接競合,家庭教師のあすなろ,10,,,UNSPECIFIED,サービス探し（家庭教師・塾・支援） | 比較検討・料金・申込 | ブランド・指名検索,KWP_CompetitorKeywordSeed
32328,家庭 教師 あすなろ 高校生,CORE,代表,C07126,2,家庭 教師 あすなろ 高校生,競合指名・周辺,保護者,B,直接競合（特性/不登校×1対1学習支援）,高,③A 直接競合,家庭教師のあすなろ,10,,,HIGH,サービス探し（家庭教師・塾・支援） | ブランド・指名検索,KWP_CompetitorKeywordSeed
67764,あすなろ 授業料,CORE,代表,C07133,1,あすなろ 授業料,競合指名・周辺,保護者,B,直接競合（特性/不登校×1対1学習支援）,高,③A 直接競合,家庭教師のあすなろ,10,,,UNSPECIFIED,比較検討・料金・申込 | 学習のやり方・学習課題 | ブランド・指名検索,CompetitorMatrix
20396,あすなろ 教材,CORE,代表,C07134,1,あすなろ 教材,競合指名・周辺,保護者,B,直接競合（特性/不登校×1対1学習支援）,高,③A 直接競合,家庭教師のあすなろ,20,140.0,505.0,LOW,教材・通信教育 | ブランド・指名検索,KWP_UrlSeed
2286,あすなろ 教材 費,CORE,代表,C07135,2,あすなろ 教材 費,競合指名・周辺,保護者,B,直接競合（特性/不登校×1対1学習支援）,高,③A 直接競合,家庭教師のあすなろ,10,,,LOW,比較検討・料金・申込 | 教材・通信教育 | ブランド・指名検索,KWP_KeywordSeed || KWP_CompetitorKeywordSeed
47554,あすなろ 発達障害,CORE,代表,C07145,1,あすなろ 発達障害,競合×特性/不登校対応の確認,保護者,B,直接競合（特性/不登校×1対1学習支援）,高,③A 直接競合,家庭教師のあすなろ,,,,UNSPECIFIED,ブランド・指名検索,Google_competitor_suggest
7250,東京 個別 指導 学院 やめた ほうが いい,CORE,代表,C07190,1,東京 個別 指導 学院 やめた ほうが いい,競合の不満・乗り換え,保護者,B,カテゴリ競合×比較/評判/料金/乗換え/特性,中,③B カテゴリ競合,東京個別指導学院,880,96.0,586.0,LOW,サービス探し（家庭教師・塾・支援） | 比較検討・料金・申込 | 合わない・断られた・乗り換え | ブランド・指名検索 | 地域・近くで探す,KWP_KeywordSeed || KWP_CompetitorKeywordSeed
48087,武田塾 料金 いくら,CORE,代表,C07222,1,武田塾 料金 いくら,競合の比較検討（評判・料金）,保護者,B,カテゴリ競合×比較/評判/料金/乗換え/特性,中,③B カテゴリ競合,武田塾,10,175.0,541.0,MEDIUM,サービス探し（家庭教師・塾・支援） | 比較検討・料金・申込 | ブランド・指名検索,Google_competitor_suggest
21674,キズキ 教育 塾 いじめ,CORE,代表,C07228,1,キズキ 教育 塾 いじめ,競合指名・周辺,保護者,B,直接競合（特性/不登校×1対1学習支援）,高,③A 直接競合,キズキ共育塾,260,129.0,521.0,LOW,サービス探し（家庭教師・塾・支援） | 保護者の関わり・悩み | ブランド・指名検索,KWP_UrlSeed || Google_competitor_SERP || Google_competitor_suggest
46137,発達障害 塾 東京 おすすめ さくらんぼ教室,CORE,代表,C07352,1,発達障害 塾 東京 おすすめ さくらんぼ教室,サービス探し（特性/不登校×学習支援）,保護者,A,特性/不登校×家庭教師・塾・個別,高,①王道,,20,,,UNSPECIFIED,サービス探し（家庭教師・塾・支援） | 比較検討・料金・申込 | 地域・近くで探す,Google_suggest
34838,まなぶ てらす おすすめ,CORE,代表,C07357,2,まなぶ てらす おすすめ,競合の比較検討（評判・料金）,保護者,B,カテゴリ競合×比較/評判/料金/乗換え/特性,中,③B カテゴリ競合,まなぶてらす,,,,UNSPECIFIED,比較検討・料金・申込 | ブランド・指名検索,KWP_CompetitorKeywordSeed
42805,は な た に 塾 おすすめ,CORE,代表,C07361,2,は な た に 塾 おすすめ,競合の比較検討（評判・料金）,保護者,B,カテゴリ競合×比較/評判/料金/乗換え/特性,中,③B カテゴリ競合,はなたに塾,,,,UNSPECIFIED,サービス探し（家庭教師・塾・支援） | 比較検討・料金・申込 | ブランド・指名検索,KWP_CompetitorKeywordSeed
33547,やる気 アシスト おすすめ,CORE,代表,C07362,2,やる気 アシスト おすすめ,競合の比較検討（評判・料金）,保護者,B,カテゴリ競合×比較/評判/料金/乗換え/特性,中,③B カテゴリ競合,家庭教師のやる気アシスト,,,,UNSPECIFIED,比較検討・料金・申込 | 学習のやり方・学習課題 | ブランド・指名検索,KWP_CompetitorKeywordSeed
33616,家庭 教師 の やる気 アシスト おすすめ,CORE,代表,C07363,2,家庭 教師 の やる気 アシスト おすすめ,競合の比較検討（評判・料金）,保護者,B,カテゴリ競合×比較/評判/料金/乗換え/特性,中,③B カテゴリ競合,家庭教師のやる気アシスト,,,,UNSPECIFIED,サービス探し（家庭教師・塾・支援） | 比較検討・料金・申込 | 学習のやり方・学習課題 | ブランド・指名検索,KWP_CompetitorKeywordSeed
39882,アクシス 塾 おすすめ,CORE,代表,C07364,2,アクシス 塾 おすすめ,競合の比較検討（評判・料金）,保護者,B,カテゴリ競合×比較/評判/料金/乗換え/特性,中,③B カテゴリ競合,個別指導Axis,,,,UNSPECIFIED,サービス探し（家庭教師・塾・支援） | 比較検討・料金・申込 | ブランド・指名検索,KWP_CompetitorKeywordSeed
46766,学習障害 おすすめ アプリ,CORE,代表,C07369,1,学習障害 おすすめ アプリ,特性理解・診断,保護者（推定）,C,特性/不登校×比較・おすすめ,高,①王道,,,,,UNSPECIFIED,比較検討・料金・申込 | 教材・通信教育,Google_suggest
31930,トライ オンライン おすすめ,CORE,代表,C07376,2,トライ オンライン おすすめ,競合の比較検討（評判・料金）,保護者,B,カテゴリ競合×比較/評判/料金/乗換え/特性,中,③B カテゴリ競合,トライのオンライン個別指導塾,,,,UNSPECIFIED,サービス探し（家庭教師・塾・支援） | 比較検討・料金・申込 | ブランド・指名検索,KWP_CompetitorKeywordSeed
31996,トライ の オンライン 個別 指導 塾 おすすめ,CORE,代表,C07377,2,トライ の オンライン 個別 指導 塾 おすすめ,競合の比較検討（評判・料金）,保護者,B,カテゴリ競合×比較/評判/料金/乗換え/特性,中,③B カテゴリ競合,トライのオンライン個別指導塾,,,,UNSPECIFIED,サービス探し（家庭教師・塾・支援） | 比較検討・料金・申込 | ブランド・指名検索,KWP_CompetitorKeywordSeed
47265,オンライン フリースクール おすすめ,CORE,代表,C07378,1,オンライン フリースクール おすすめ,不登校・学校生活,保護者（推定）,D,特性/不登校×比較・おすすめ,高,①王道,,10,320.0,542.0,MEDIUM,サービス探し（家庭教師・塾・支援） | 比較検討・料金・申込 | 療育・福祉・居場所 | 学校生活・不登校・学校種別,Google_suggest
712,オンライン 家庭 教師 不 登校 おすすめ,CORE,代表,C07379,2,オンライン 家庭 教師 不 登校 おすすめ,サービス探し（特性/不登校×学習支援）,保護者,A,特性/不登校×家庭教師・塾・個別,高,①王道,,10,,,HIGH,サービス探し（家庭教師・塾・支援） | 比較検討・料金・申込 | 学校生活・不登校・学校種別,KWP_KeywordSeed
44991,発達障害 オンライン塾 おすすめ,CORE,代表,C07388,1,発達障害 オンライン塾 おすすめ,サービス探し（特性/不登校×学習支援）,保護者,A,特性/不登校×家庭教師・塾・個別,高,①王道,,,,,UNSPECIFIED,サービス探し（家庭教師・塾・支援） | 比較検討・料金・申込,Google_related_search
33398,家庭 教師 の ガンバ ランキング,CORE,代表,C07399,5,家庭 教師 の ガンバ ランキング,競合の比較検討（評判・料金）,保護者,B,カテゴリ競合×比較/評判/料金/乗換え/特性,中,③B カテゴリ競合,家庭教師のガンバ,10,,,UNSPECIFIED,サービス探し（家庭教師・塾・支援） | 比較検討・料金・申込 | ブランド・指名検索,KWP_CompetitorKeywordSeed
42401,キズキ 共 育 塾 おすすめ,CORE,代表,C07401,2,キズキ 共 育 塾 おすすめ,競合の比較検討（評判・料金）,保護者,B,直接競合（特性/不登校×1対1学習支援）,高,③A 直接競合,キズキ共育塾,,,,UNSPECIFIED,サービス探し（家庭教師・塾・支援） | 比較検討・料金・申込 | ブランド・指名検索,KWP_CompetitorKeywordSeed
34532,キズキ 家庭 教師 おすすめ,CORE,代表,C07402,2,キズキ 家庭 教師 おすすめ,競合の比較検討（評判・料金）,保護者,B,直接競合（特性/不登校×1対1学習支援）,高,③A 直接競合,キズキプロ家庭教師,,,,UNSPECIFIED,サービス探し（家庭教師・塾・支援） | 比較検討・料金・申込 | ブランド・指名検索,KWP_CompetitorKeywordSeed
34445,キズキプロ 家庭 教師 おすすめ,CORE,代表,C07403,2,キズキプロ 家庭 教師 おすすめ,競合の比較検討（評判・料金）,保護者,B,直接競合（特性/不登校×1対1学習支援）,高,③A 直接競合,キズキプロ家庭教師,,,,UNSPECIFIED,サービス探し（家庭教師・塾・支援） | 比較検討・料金・申込 | ブランド・指名検索,KWP_CompetitorKeywordSeed
33170,家庭 教師 の サクシード おすすめ,CORE,代表,C07420,2,家庭 教師 の サクシード おすすめ,競合の比較検討（評判・料金）,保護者,B,カテゴリ競合×比較/評判/料金/乗換え/特性,中,③B カテゴリ競合,家庭教師のサクシード,,,,UNSPECIFIED,サービス探し（家庭教師・塾・支援） | 比較検討・料金・申込 | ブランド・指名検索,KWP_CompetitorKeywordSeed
35232,ジップス 家庭 教師 おすすめ,CORE,代表,C07424,2,ジップス 家庭 教師 おすすめ,競合の比較検討（評判・料金）,保護者,B,カテゴリ競合×比較/評判/料金/乗換え/特性,中,③B カテゴリ競合,オンライン家庭教師GIPS,,,,UNSPECIFIED,サービス探し（家庭教師・塾・支援） | 比較検討・料金・申込 | ブランド・指名検索,KWP_CompetitorKeywordSeed
34355,ジャンプ 家庭 教師 おすすめ,CORE,代表,C07425,4,ジャンプ 家庭 教師 おすすめ,競合の比較検討（評判・料金）,保護者,B,直接競合（特性/不登校×1対1学習支援）,高,③A 直接競合,プロ家庭教師のジャンプ,,,,UNSPECIFIED,サービス探し（家庭教師・塾・支援） | 比較検討・料金・申込 | ブランド・指名検索,KWP_CompetitorKeywordSeed
41848,スクール ワン おすすめ,CORE,代表,C07427,2,スクール ワン おすすめ,競合の比較検討（評判・料金）,保護者,B,カテゴリ競合×比較/評判/料金/乗換え/特性,中,③B カテゴリ競合,京進スクール・ワン,,,,UNSPECIFIED,比較検討・料金・申込 | ブランド・指名検索,KWP_CompetitorKeywordSeed
42121,京 進 スクール ワン おすすめ,CORE,代表,C07428,2,京 進 スクール ワン おすすめ,競合の比較検討（評判・料金）,保護者,B,カテゴリ競合×比較/評判/料金/乗換え/特性,中,③B カテゴリ競合,京進スクール・ワン,,,,UNSPECIFIED,比較検討・料金・申込 | ブランド・指名検索,KWP_CompetitorKeywordSeed
42546,スタディ ホップ おすすめ,CORE,代表,C07432,2,スタディ ホップ おすすめ,競合の比較検討（評判・料金）,保護者,B,直接競合（特性/不登校×1対1学習支援）,高,③A 直接競合,個別指導塾スタディホップ,,,,UNSPECIFIED,比較検討・料金・申込 | ブランド・指名検索,KWP_CompetitorKeywordSeed
41652,フリー ステップ おすすめ,CORE,代表,C07434,2,フリー ステップ おすすめ,競合の比較検討（評判・料金）,保護者,B,カテゴリ競合×比較/評判/料金/乗換え/特性,中,③B カテゴリ競合,フリーステップ,,,,UNSPECIFIED,比較検討・料金・申込 | ブランド・指名検索,KWP_CompetitorKeywordSeed
4412,発達 障害 タブレット 学習 おすすめ,CORE,代表,C07444,2,発達 障害 タブレット 学習 おすすめ,特性理解・診断,保護者（推定）,C,特性/不登校×比較・おすすめ,高,①王道,,70,212.0,980.0,MEDIUM,比較検討・料金・申込 | 教材・通信教育,KWP_KeywordSeed
46770,学習障害 タブレット おすすめ,CORE,代表,C07445,1,学習障害 タブレット おすすめ,特性理解・診断,保護者（推定）,C,特性/不登校×比較・おすすめ,高,①王道,,,,,UNSPECIFIED,比較検討・料金・申込 | 教材・通信教育,Google_suggest
34589,ティントル おすすめ,CORE,代表,C07450,2,ティントル おすすめ,競合の比較検討（評判・料金）,保護者,B,直接競合（特性/不登校×1対1学習支援）,高,③A 直接競合,ティントル,,,,UNSPECIFIED,比較検討・料金・申込 | ブランド・指名検索,KWP_CompetitorKeywordSeed
44706,トウコベ おすすめ,CORE,代表,C07459,2,トウコベ おすすめ,競合の比較検討（評判・料金）,保護者,B,カテゴリ競合×比較/評判/料金/乗換え/特性,中,③B カテゴリ競合,トウコベ,,,,UNSPECIFIED,比較検討・料金・申込 | ブランド・指名検索,KWP_CompetitorKeywordSeed
31873,トライ 個別 おすすめ,CORE,代表,C07461,2,トライ 個別 おすすめ,競合の比較検討（評判・料金）,保護者,B,カテゴリ競合×比較/評判/料金/乗換え/特性,中,③B カテゴリ競合,個別教室のトライ,,,,UNSPECIFIED,比較検討・料金・申込 | ブランド・指名検索,KWP_CompetitorKeywordSeed
31744,個別 教室 の トライ ランキング,CORE,代表,C07462,3,個別 教室 の トライ ランキング,競合の比較検討（評判・料金）,保護者,B,カテゴリ競合×比較/評判/料金/乗換え/特性,中,③B カテゴリ競合,個別教室のトライ,10,,,MEDIUM,比較検討・料金・申込 | ブランド・指名検索,KWP_CompetitorKeywordSeed
31456,家庭 教師 の トライ ランキング,CORE,代表,C07463,3,家庭 教師 の トライ ランキング,競合の比較検討（評判・料金）,保護者,B,カテゴリ競合×比較/評判/料金/乗換え/特性,中,③B カテゴリ競合,家庭教師のトライ,10,,,UNSPECIFIED,サービス探し（家庭教師・塾・支援） | 比較検討・料金・申込 | ブランド・指名検索,KWP_CompetitorKeywordSeed
40601,トーマス 塾 おすすめ,CORE,代表,C07464,2,トーマス 塾 おすすめ,競合の比較検討（評判・料金）,保護者,B,カテゴリ競合×比較/評判/料金/乗換え/特性,中,③B カテゴリ競合,TOMAS,,,,UNSPECIFIED,サービス探し（家庭教師・塾・支援） | 比較検討・料金・申込 | ブランド・指名検索,KWP_CompetitorKeywordSeed
46765,学習障害 おすすめ ドリル,CORE,代表,C07471,1,学習障害 おすすめ ドリル,特性理解・診断,保護者（推定）,C,特性/不登校×比較・おすすめ,高,①王道,,30,104.0,248.0,HIGH,比較検討・料金・申込 | 教材・通信教育,Google_suggest
39506,ナビ 個別 おすすめ,CORE,代表,C07475,2,ナビ 個別 おすすめ,競合の比較検討（評判・料金）,保護者,B,カテゴリ競合×比較/評判/料金/乗換え/特性,中,③B カテゴリ競合,ナビ個別指導学院,,,,UNSPECIFIED,比較検討・料金・申込 | ブランド・指名検索,KWP_CompetitorKeywordSeed
39398,ナビ 個別 指導 学院 ランキング,CORE,代表,C07476,3,ナビ 個別 指導 学院 ランキング,競合の比較検討（評判・料金）,保護者,B,カテゴリ競合×比較/評判/料金/乗換え/特性,中,③B カテゴリ競合,ナビ個別指導学院,10,,,LOW,サービス探し（家庭教師・塾・支援） | 比較検討・料金・申込 | ブランド・指名検索,KWP_CompetitorKeywordSeed
32514,ノーバス おすすめ,CORE,代表,C07479,2,ノーバス おすすめ,競合の比較検討（評判・料金）,保護者,B,カテゴリ競合×比較/評判/料金/乗換え/特性,中,③B カテゴリ競合,家庭教師のノーバス,,,,UNSPECIFIED,比較検討・料金・申込 | ブランド・指名検索,KWP_CompetitorKeywordSeed
32588,家庭 教師 の ノーバス おすすめ,CORE,代表,C07480,2,家庭 教師 の ノーバス おすすめ,競合の比較検討（評判・料金）,保護者,B,カテゴリ競合×比較/評判/料金/乗換え/特性,中,③B カテゴリ競合,家庭教師のノーバス,,,,UNSPECIFIED,サービス探し（家庭教師・塾・支援） | 比較検討・料金・申込 | ブランド・指名検索,KWP_CompetitorKeywordSeed
39615,ビザビ おすすめ,CORE,代表,C07482,2,ビザビ おすすめ,競合の比較検討（評判・料金）,保護者,B,カテゴリ競合×比較/評判/料金/乗換え/特性,中,③B カテゴリ競合,栄光の個別ビザビ,,,,UNSPECIFIED,比較検討・料金・申込 | ブランド・指名検索,KWP_CompetitorKeywordSeed
39731,栄光 ビザビ おすすめ,CORE,代表,C07483,2,栄光 ビザビ おすすめ,競合の比較検討（評判・料金）,保護者,B,カテゴリ競合×比較/評判/料金/乗換え/特性,中,③B カテゴリ競合,栄光の個別ビザビ,,,,UNSPECIFIED,比較検討・料金・申込 | ブランド・指名検索,KWP_CompetitorKeywordSeed
32843,家庭 教師 ファースト おすすめ,CORE,代表,C07484,4,家庭 教師 ファースト おすすめ,競合の比較検討（評判・料金）,保護者,B,カテゴリ競合×比較/評判/料金/乗換え/特性,中,③B カテゴリ競合,家庭教師ファースト,,,,UNSPECIFIED,サービス探し（家庭教師・塾・支援） | 比較検討・料金・申込 | ブランド・指名検索,KWP_CompetitorKeywordSeed
26322,フリー スクール おすすめ,CORE,代表,C07486,3,フリー スクール おすすめ,不登校・学校生活,保護者（推定）,D,特性/不登校×比較・おすすめ,高,①王道,,50,150.0,552.0,LOW,比較検討・料金・申込 | 療育・福祉・居場所 | 学校生活・不登校・学校種別,KWP_KeywordSeed
47262,フリースクール 中学生 おすすめ,CORE,代表,C07487,1,フリースクール 中学生 おすすめ,不登校・学校生活,子ども本人（推定）,D,特性/不登校×比較・おすすめ,高,①王道,,10,261.0,1053.0,HIGH,比較検討・料金・申込 | 療育・福祉・居場所 | 学校生活・不登校・学校種別,Google_suggest
47263,フリースクール 本 おすすめ,CORE,代表,C07488,1,フリースクール 本 おすすめ,不登校・学校生活,保護者（推定）,D,特性/不登校×比較・おすすめ,高,①王道,,,,,UNSPECIFIED,比較検討・料金・申込 | 療育・福祉・居場所 | 学校生活・不登校・学校種別,Google_suggest
47266,東京 フリースクール おすすめ,CORE,代表,C07489,1,東京 フリースクール おすすめ,不登校・学校生活,保護者（推定）,D,特性/不登校×比較・おすすめ,高,①王道,,,,,UNSPECIFIED,比較検討・料金・申込 | 療育・福祉・居場所 | 学校生活・不登校・学校種別 | 地域・近くで探す,Google_suggest
47264,フリースクール 都内 おすすめ,CORE,代表,C07490,1,フリースクール 都内 おすすめ,不登校・学校生活,保護者（推定）,D,特性/不登校×比較・おすすめ,高,①王道,,,,,UNSPECIFIED,比較検討・料金・申込 | 療育・福祉・居場所 | 学校生活・不登校・学校種別,Google_suggest
35594,プレ ステップ オンライン おすすめ,CORE,代表,C07493,2,プレ ステップ オンライン おすすめ,競合の比較検討（評判・料金）,保護者,B,直接競合（特性/不登校×1対1学習支援）,高,③A 直接競合,Preステップオンライン,,,,UNSPECIFIED,サービス探し（家庭教師・塾・支援） | 比較検討・料金・申込 | ブランド・指名検索,KWP_CompetitorKeywordSeed
33783,マスター 家庭 教師 おすすめ,CORE,代表,C07503,4,マスター 家庭 教師 おすすめ,競合の比較検討（評判・料金）,保護者,B,カテゴリ競合×比較/評判/料金/乗換え/特性,中,③B カテゴリ競合,家庭教師のマスター,,,,UNSPECIFIED,サービス探し（家庭教師・塾・支援） | 比較検討・料金・申込 | ブランド・指名検索,KWP_CompetitorKeywordSeed
34908,マナブ テラス おすすめ,CORE,代表,C07504,2,マナブ テラス おすすめ,競合の比較検討（評判・料金）,保護者,B,カテゴリ競合×比較/評判/料金/乗換え/特性,中,③B カテゴリ競合,まなぶてらす,,,,UNSPECIFIED,比較検討・料金・申込 | ブランド・指名検索,KWP_CompetitorKeywordSeed
34967,マナ リンク おすすめ,CORE,代表,C07505,2,マナ リンク おすすめ,競合の比較検討（評判・料金）,保護者,B,カテゴリ競合×比較/評判/料金/乗換え/特性,中,③B カテゴリ競合,マナリンク,,,,UNSPECIFIED,比較検討・料金・申込 | ブランド・指名検索,KWP_CompetitorKeywordSeed
1838,マナ リンク 人気 講師,CORE,代表,C07506,1,マナ リンク 人気 講師,競合の比較検討（評判・料金）,保護者,B,カテゴリ競合×比較/評判/料金/乗換え/特性,中,③B カテゴリ競合,マナリンク,110,325.0,690.0,LOW,比較検討・料金・申込 | ブランド・指名検索,KWP_KeywordSeed || Google_competitor_suggest
34411,メガジュン おすすめ,CORE,代表,C07507,2,メガジュン おすすめ,競合の比較検討（評判・料金）,保護者,B,直接競合（特性/不登校×1対1学習支援）,高,③A 直接競合,メガジュン,,,,UNSPECIFIED,比較検討・料金・申込 | ブランド・指名検索,KWP_CompetitorKeywordSeed
32081,メガスタ おすすめ,CORE,代表,C07508,2,メガスタ おすすめ,競合の比較検討（評判・料金）,保護者,B,終了競合の乗換え需要,高,③X 終了サービス/乗換え,オンラインプロ教師のメガスタ,10,,,UNSPECIFIED,比較検討・料金・申込 | ブランド・指名検索,KWP_CompetitorKeywordSeed || CompetitorMatrix
32147,メガスタ オンライン おすすめ,CORE,代表,C07509,2,メガスタ オンライン おすすめ,競合の比較検討（評判・料金）,保護者,B,終了競合の乗換え需要,高,③X 終了サービス/乗換え,オンラインプロ教師のメガスタ,,,,UNSPECIFIED,サービス探し（家庭教師・塾・支援） | 比較検討・料金・申込 | ブランド・指名検索,KWP_CompetitorKeywordSeed
32767,ランナー 家庭 教師 おすすめ,CORE,代表,C07515,4,ランナー 家庭 教師 おすすめ,競合の比較検討（評判・料金）,保護者,B,カテゴリ競合×比較/評判/料金/乗換え/特性,中,③B カテゴリ競合,家庭教師のランナー,,,,UNSPECIFIED,サービス探し（家庭教師・塾・支援） | 比較検討・料金・申込 | ブランド・指名検索,KWP_CompetitorKeywordSeed
35469,リ バランス 塾 おすすめ,CORE,代表,C07518,2,リ バランス 塾 おすすめ,競合の比較検討（評判・料金）,保護者,B,直接競合（特性/不登校×1対1学習支援）,高,③A 直接競合,オンライン個別指導塾リバランス,,,,UNSPECIFIED,サービス探し（家庭教師・塾・支援） | 比較検討・料金・申込 | ブランド・指名検索,KWP_CompetitorKeywordSeed
542,不 登校 塾 おすすめ,CORE,代表,C07525,1,不 登校 塾 おすすめ,サービス探し（特性/不登校×学習支援）,保護者,A,特性/不登校×家庭教師・塾・個別,高,①王道,,50,290.0,1267.0,HIGH,サービス探し（家庭教師・塾・支援） | 比較検討・料金・申込 | 学校生活・不登校・学校種別,KWP_KeywordSeed || KWP_UrlSeed
538,不 登校 家庭 教師 おすすめ,CORE,代表,C07526,3,不 登校 家庭 教師 おすすめ,サービス探し（特性/不登校×学習支援）,保護者,A,特性/不登校×家庭教師・塾・個別,高,①王道,,70,222.0,1079.0,HIGH,サービス探し（家庭教師・塾・支援） | 比較検討・料金・申込 | 学校生活・不登校・学校種別,KWP_KeywordSeed
41435,武田 塾 予備校 ランキング,CORE,代表,C07575,1,武田 塾 予備校 ランキング,競合の比較検討（評判・料金）,保護者,B,カテゴリ競合×比較/評判/料金/乗換え/特性,中,③B カテゴリ競合,武田塾,10,,,LOW,サービス探し（家庭教師・塾・支援） | 比較検討・料金・申込 | 受験・進路 | ブランド・指名検索,KWP_CompetitorKeywordSeed
37431,東京 個別 指導 学院 ランキング,CORE,代表,C07618,3,東京 個別 指導 学院 ランキング,競合の比較検討（評判・料金）,保護者,B,カテゴリ競合×比較/評判/料金/乗換え/特性,中,③B カテゴリ競合,東京個別指導学院,10,,,LOW,サービス探し（家庭教師・塾・支援） | 比較検討・料金・申込 | ブランド・指名検索 | 地域・近くで探す,KWP_CompetitorKeywordSeed
37790,東京 個別 おすすめ,CORE,代表,C07622,2,東京 個別 おすすめ,競合の比較検討（評判・料金）,保護者,B,カテゴリ競合×比較/評判/料金/乗換え/特性,中,③B カテゴリ競合,東京個別指導学院,,,,UNSPECIFIED,比較検討・料金・申込 | ブランド・指名検索 | 地域・近くで探す,KWP_CompetitorKeywordSeed
41437,武田 塾 偏差 値 ランキング,CORE,代表,C07623,1,武田 塾 偏差 値 ランキング,競合の比較検討（評判・料金）,保護者,B,カテゴリ競合×比較/評判/料金/乗換え/特性,中,③B カテゴリ競合,武田塾,10,,,LOW,サービス探し（家庭教師・塾・支援） | 比較検討・料金・申込 | 受験・進路 | ブランド・指名検索,KWP_CompetitorKeywordSeed
33839,全国 家庭 教師 協会 おすすめ,CORE,代表,C07625,2,全国 家庭 教師 協会 おすすめ,競合の比較検討（評判・料金）,保護者,B,カテゴリ競合×比較/評判/料金/乗換え/特性,中,③B カテゴリ競合,全国家庭教師協会,,,,UNSPECIFIED,サービス探し（家庭教師・塾・支援） | 比較検討・料金・申込 | ブランド・指名検索 | 地域・近くで探す,KWP_CompetitorKeywordSeed
33935,家庭 教師 協会 おすすめ,CORE,代表,C07643,2,家庭 教師 協会 おすすめ,競合の比較検討（評判・料金）,保護者,B,カテゴリ競合×比較/評判/料金/乗換え/特性,中,③B カテゴリ競合,全国家庭教師協会,,,,UNSPECIFIED,サービス探し（家庭教師・塾・支援） | 比較検討・料金・申込 | ブランド・指名検索,KWP_CompetitorKeywordSeed
46357,境界知能 塾 おすすめ,CORE,代表,C07667,1,境界知能 塾 おすすめ,サービス探し（特性/不登校×学習支援）,保護者,A,特性/不登校×家庭教師・塾・個別,高,①王道,,,,,UNSPECIFIED,サービス探し（家庭教師・塾・支援） | 比較検討・料金・申込,Google_suggest
46129,学習障害 塾 おすすめ,CORE,代表,C07674,1,学習障害 塾 おすすめ,サービス探し（特性/不登校×学習支援）,保護者,A,特性/不登校×家庭教師・塾・個別,高,①王道,,10,89.0,847.0,HIGH,サービス探し（家庭教師・塾・支援） | 比較検討・料金・申込,Google_suggest
36198,明光 義塾 おすすめ,CORE,代表,C07691,4,明光 義塾 おすすめ,競合の比較検討（評判・料金）,保護者,B,カテゴリ競合×比較/評判/料金/乗換え/特性,中,③B カテゴリ競合,個別指導の明光義塾,10,,,LOW,サービス探し（家庭教師・塾・支援） | 比較検討・料金・申込 | ブランド・指名検索,KWP_CompetitorKeywordSeed
41285,武田 塾 校舎 ランキング,CORE,代表,C07696,3,武田 塾 校舎 ランキング,競合の比較検討（評判・料金）,保護者,B,カテゴリ競合×比較/評判/料金/乗換え/特性,中,③B カテゴリ競合,武田塾,210,139.0,530.0,LOW,サービス探し（家庭教師・塾・支援） | 比較検討・料金・申込 | ブランド・指名検索,KWP_CompetitorKeywordSeed
40405,森 塾 おすすめ,CORE,代表,C07697,2,森 塾 おすすめ,競合の比較検討（評判・料金）,保護者,B,カテゴリ競合×比較/評判/料金/乗換え/特性,中,③B カテゴリ競合,森塾,,,,UNSPECIFIED,サービス探し（家庭教師・塾・支援） | 比較検討・料金・申込 | ブランド・指名検索,KWP_CompetitorKeywordSeed
41429,武田 塾 ランキング,CORE,代表,C07699,5,武田 塾 ランキング,競合の比較検討（評判・料金）,保護者,B,カテゴリ競合×比較/評判/料金/乗換え/特性,中,③B カテゴリ競合,武田塾,30,,,LOW,サービス探し（家庭教師・塾・支援） | 比較検討・料金・申込 | ブランド・指名検索,KWP_CompetitorKeywordSeed
68,発達 障害 塾 おすすめ,CORE,代表,C07703,3,発達 障害 塾 おすすめ,サービス探し（特性/不登校×学習支援）,保護者,A,特性/不登校×家庭教師・塾・個別,高,①王道,,140,149.0,556.0,HIGH,サービス探し（家庭教師・塾・支援） | 比較検討・料金・申込,KWP_KeywordSeed || KWP_UrlSeed
33325,学研 家庭 教師 おすすめ,CORE,代表,C07724,4,学研 家庭 教師 おすすめ,競合の比較検討（評判・料金）,保護者,B,カテゴリ競合×比較/評判/料金/乗換え/特性,中,③B カテゴリ競合,学研の家庭教師,,,,UNSPECIFIED,サービス探し（家庭教師・塾・支援） | 比較検討・料金・申込 | ブランド・指名検索,KWP_CompetitorKeywordSeed
2060,学習 障害 家庭 教師 おすすめ,CORE,代表,C07728,3,学習 障害 家庭 教師 おすすめ,サービス探し（特性/不登校×学習支援）,保護者,A,特性/不登校×家庭教師・塾・個別,高,①王道,,40,394.0,1527.0,HIGH,サービス探し（家庭教師・塾・支援） | 比較検討・料金・申込,KWP_KeywordSeed
2030,発達 障害 家庭 教師 おすすめ,CORE,代表,C07738,6,発達 障害 家庭 教師 おすすめ,サービス探し（特性/不登校×学習支援）,保護者,A,特性/不登校×家庭教師・塾・個別,高,①王道,,110,333.0,2233.0,HIGH,サービス探し（家庭教師・塾・支援） | 比較検討・料金・申込,KWP_KeywordSeed || KWP_UrlSeed
67800,家庭教師の銀河 おすすめ,CORE,代表,C07741,1,家庭教師の銀河 おすすめ,競合の比較検討（評判・料金）,保護者,B,カテゴリ競合×比較/評判/料金/乗換え/特性,中,③B カテゴリ競合,家庭教師の銀河,10,,,UNSPECIFIED,サービス探し（家庭教師・塾・支援） | 比較検討・料金・申込 | ブランド・指名検索,CompetitorMatrix
41398,武田 塾 かけこみ タケダ 料金,CORE,代表,C07861,1,武田 塾 かけこみ タケダ 料金,競合の比較検討（評判・料金）,保護者,B,カテゴリ競合×比較/評判/料金/乗換え/特性,中,③B カテゴリ競合,武田塾,10,,,MEDIUM,サービス探し（家庭教師・塾・支援） | 比較検討・料金・申込 | ブランド・指名検索,KWP_CompetitorKeywordSeed
805,引き こもり 学習 支援,CORE,代表,C08324,1,引き こもり 学習 支援,サービス探し（特性/不登校×学習支援）,保護者（推定）,A,特性/不登校×家庭教師・塾・個別,高,②顕在,,10,,,MEDIUM,サービス探し（家庭教師・塾・支援） | 学校生活・不登校・学校種別,KWP_KeywordSeed
6026,引き こもり 家庭 教師,CORE,代表,C08325,1,引き こもり 家庭 教師,サービス探し（特性/不登校×学習支援）,保護者,A,特性/不登校×家庭教師・塾・個別,高,②顕在,,20,222.0,817.0,MEDIUM,サービス探し（家庭教師・塾・支援） | 学校生活・不登校・学校種別,KWP_KeywordSeed
32131,メガスタ 紹介 されない,CORE,代表,C08361,1,メガスタ 紹介 されない,競合指名・周辺,保護者,B,終了競合の乗換え需要,高,③X 終了サービス/乗換え,オンラインプロ教師のメガスタ,10,,,UNSPECIFIED,ブランド・指名検索,KWP_CompetitorKeywordSeed
47485,メガスターミー 素早さ,CORE,代表,C08366,1,メガスターミー 素早さ,競合指名・周辺,保護者,B,終了競合の乗換え需要,高,③X 終了サービス/乗換え,オンラインプロ教師のメガスタ,1600,,,LOW,ブランド・指名検索,Google_competitor_suggest
46138,発達障害 塾 東京 さくらんぼ教室 コース,CORE,代表,C08384,1,発達障害 塾 東京 さくらんぼ教室 コース,サービス探し（特性/不登校×学習支援）,保護者,A,特性/不登校×家庭教師・塾・個別,高,②顕在,,,,,UNSPECIFIED,サービス探し（家庭教師・塾・支援） | 地域・近くで探す,Google_suggest
46136,発達障害 塾 東京 入会さくらんぼ教室,CORE,代表,C08385,1,発達障害 塾 東京 入会さくらんぼ教室,サービス探し（特性/不登校×学習支援）,保護者,A,特性/不登校×家庭教師・塾・個別,高,②顕在,,,,,UNSPECIFIED,サービス探し（家庭教師・塾・支援） | 比較検討・料金・申込 | 地域・近くで探す,Google_suggest
30886,トライ さん 口コミ,CORE,代表,C08390,1,トライ さん 口コミ,競合の比較検討（評判・料金）,保護者,B,カテゴリ競合×比較/評判/料金/乗換え/特性,中,③B カテゴリ競合,家庭教師のトライ,10,,,UNSPECIFIED,比較検討・料金・申込 | ブランド・指名検索,KWP_CompetitorKeywordSeed
30969,トライ さん 料金,CORE,代表,C08394,2,トライ さん 料金,競合の比較検討（評判・料金）,保護者,B,カテゴリ競合×比較/評判/料金/乗換え/特性,中,③B カテゴリ競合,家庭教師のトライ,10,,,HIGH,比較検討・料金・申込 | ブランド・指名検索,KWP_CompetitorKeywordSeed
30887,トライ さん 評判,CORE,代表,C08395,1,トライ さん 評判,競合の比較検討（評判・料金）,保護者,B,カテゴリ競合×比較/評判/料金/乗換え/特性,中,③B カテゴリ競合,家庭教師のトライ,10,,,UNSPECIFIED,比較検討・料金・申込 | ブランド・指名検索,KWP_CompetitorKeywordSeed
32966,家庭 教師 サクシード しつこい,CORE,代表,C08730,1,家庭 教師 サクシード しつこい,競合の不満・乗り換え,保護者,B,カテゴリ競合×比較/評判/料金/乗換え/特性,中,③B カテゴリ競合,家庭教師のサクシード,10,,,LOW,サービス探し（家庭教師・塾・支援） | ブランド・指名検索,KWP_CompetitorKeywordSeed
37761,東京 個別 指導 学院 電話 しつこい,CORE,代表,C08731,1,東京 個別 指導 学院 電話 しつこい,競合の不満・乗り換え,保護者,B,カテゴリ競合×比較/評判/料金/乗換え/特性,中,③B カテゴリ競合,東京個別指導学院,10,,,LOW,サービス探し（家庭教師・塾・支援） | ブランド・指名検索 | 地域・近くで探す,KWP_CompetitorKeywordSeed
41296,武田 塾 口コミ やらせ,CORE,代表,C08874,2,武田 塾 口コミ やらせ,競合の比較検討（評判・料金）,保護者,B,カテゴリ競合×比較/評判/料金/乗換え/特性,中,③B カテゴリ競合,武田塾,70,,,LOW,サービス探し（家庭教師・塾・支援） | 比較検討・料金・申込 | ブランド・指名検索,KWP_CompetitorKeywordSeed
3697,森 塾 断 られ た,CORE,代表,C09002,1,森 塾 断 られ た,競合の不満・乗り換え,保護者,B,カテゴリ競合×比較/評判/料金/乗換え/特性,中,③B カテゴリ競合,森塾,110,,,LOW,サービス探し（家庭教師・塾・支援） | 合わない・断られた・乗り換え | ブランド・指名検索,KWP_KeywordSeed
34849,まなぶ てらす やめたい,CORE,代表,C09014,1,まなぶ てらす やめたい,競合の不満・乗り換え,保護者,B,カテゴリ競合×比較/評判/料金/乗換え/特性,中,③B カテゴリ競合,まなぶてらす,,,,UNSPECIFIED,合わない・断られた・乗り換え | ブランド・指名検索,KWP_CompetitorKeywordSeed
34850,まなぶ てらす 辞め たい,CORE,代表,C09015,1,まなぶ てらす 辞め たい,競合の不満・乗り換え,保護者,B,カテゴリ競合×比較/評判/料金/乗換え/特性,中,③B カテゴリ競合,まなぶてらす,,,,UNSPECIFIED,比較検討・料金・申込 | 合わない・断られた・乗り換え | ブランド・指名検索,KWP_CompetitorKeywordSeed
42816,は な た に 塾 やめたい,CORE,代表,C09018,1,は な た に 塾 やめたい,競合の不満・乗り換え,保護者,B,カテゴリ競合×比較/評判/料金/乗換え/特性,中,③B カテゴリ競合,はなたに塾,,,,UNSPECIFIED,サービス探し（家庭教師・塾・支援） | 合わない・断られた・乗り換え | ブランド・指名検索,KWP_CompetitorKeywordSeed
42817,は な た に 塾 辞め たい,CORE,代表,C09019,1,は な た に 塾 辞め たい,競合の不満・乗り換え,保護者,B,カテゴリ競合×比較/評判/料金/乗換え/特性,中,③B カテゴリ競合,はなたに塾,,,,UNSPECIFIED,サービス探し（家庭教師・塾・支援） | 比較検討・料金・申込 | 合わない・断られた・乗り換え | ブランド・指名検索,KWP_CompetitorKeywordSeed
33558,やる気 アシスト やめたい,CORE,代表,C09020,1,やる気 アシスト やめたい,競合の不満・乗り換え,保護者,B,カテゴリ競合×比較/評判/料金/乗換え/特性,中,③B カテゴリ競合,家庭教師のやる気アシスト,,,,UNSPECIFIED,学習のやり方・学習課題 | 合わない・断られた・乗り換え | ブランド・指名検索,KWP_CompetitorKeywordSeed
33627,家庭 教師 の やる気 アシスト やめたい,CORE,代表,C09021,1,家庭 教師 の やる気 アシスト やめたい,競合の不満・乗り換え,保護者,B,カテゴリ競合×比較/評判/料金/乗換え/特性,中,③B カテゴリ競合,家庭教師のやる気アシスト,,,,UNSPECIFIED,サービス探し（家庭教師・塾・支援） | 学習のやり方・学習課題 | 合わない・断られた・乗り換え | ブランド・指名検索,KWP_CompetitorKeywordSeed
39896,アクシス 塾 やめたい,CORE,代表,C09022,1,アクシス 塾 やめたい,競合の不満・乗り換え,保護者,B,カテゴリ競合×比較/評判/料金/乗換え/特性,中,③B カテゴリ競合,個別指導Axis,,,,UNSPECIFIED,サービス探し（家庭教師・塾・支援） | 合わない・断られた・乗り換え | ブランド・指名検索,KWP_CompetitorKeywordSeed
31941,トライ オンライン やめたい,CORE,代表,C09026,1,トライ オンライン やめたい,競合の不満・乗り換え,保護者,B,カテゴリ競合×比較/評判/料金/乗換え/特性,中,③B カテゴリ競合,トライのオンライン個別指導塾,,,,UNSPECIFIED,サービス探し（家庭教師・塾・支援） | 合わない・断られた・乗り換え | ブランド・指名検索,KWP_CompetitorKeywordSeed
32007,トライ の オンライン 個別 指導 塾 やめたい,CORE,代表,C09027,1,トライ の オンライン 個別 指導 塾 やめたい,競合の不満・乗り換え,保護者,B,カテゴリ競合×比較/評判/料金/乗換え/特性,中,③B カテゴリ競合,トライのオンライン個別指導塾,,,,UNSPECIFIED,サービス探し（家庭教師・塾・支援） | 合わない・断られた・乗り換え | ブランド・指名検索,KWP_CompetitorKeywordSeed
33497,ガンバ 家庭 教師 やめたい,CORE,代表,C09029,2,ガンバ 家庭 教師 やめたい,競合の不満・乗り換え,保護者,B,カテゴリ競合×比較/評判/料金/乗換え/特性,中,③B カテゴリ競合,家庭教師のガンバ,,,,UNSPECIFIED,サービス探し（家庭教師・塾・支援） | 合わない・断られた・乗り換え | ブランド・指名検索,KWP_CompetitorKeywordSeed
42412,キズキ 共 育 塾 やめたい,CORE,代表,C09031,1,キズキ 共 育 塾 やめたい,競合の不満・乗り換え,保護者,B,直接競合（特性/不登校×1対1学習支援）,高,③A 直接競合,キズキ共育塾,,,,UNSPECIFIED,サービス探し（家庭教師・塾・支援） | 合わない・断られた・乗り換え | ブランド・指名検索,KWP_CompetitorKeywordSeed
34543,キズキ 家庭 教師 やめたい,CORE,代表,C09032,1,キズキ 家庭 教師 やめたい,競合の不満・乗り換え,保護者,B,直接競合（特性/不登校×1対1学習支援）,高,③A 直接競合,キズキプロ家庭教師,,,,UNSPECIFIED,サービス探し（家庭教師・塾・支援） | 合わない・断られた・乗り換え | ブランド・指名検索,KWP_CompetitorKeywordSeed
34456,キズキプロ 家庭 教師 やめたい,CORE,代表,C09033,1,キズキプロ 家庭 教師 やめたい,競合の不満・乗り換え,保護者,B,直接競合（特性/不登校×1対1学習支援）,高,③A 直接競合,キズキプロ家庭教師,,,,UNSPECIFIED,サービス探し（家庭教師・塾・支援） | 合わない・断られた・乗り換え | ブランド・指名検索,KWP_CompetitorKeywordSeed
33181,家庭 教師 の サクシード やめたい,CORE,代表,C09038,1,家庭 教師 の サクシード やめたい,競合の不満・乗り換え,保護者,B,カテゴリ競合×比較/評判/料金/乗換え/特性,中,③B カテゴリ競合,家庭教師のサクシード,,,,UNSPECIFIED,サービス探し（家庭教師・塾・支援） | 合わない・断られた・乗り換え | ブランド・指名検索,KWP_CompetitorKeywordSeed
35243,ジップス 家庭 教師 やめたい,CORE,代表,C09040,1,ジップス 家庭 教師 やめたい,競合の不満・乗り換え,保護者,B,カテゴリ競合×比較/評判/料金/乗換え/特性,中,③B カテゴリ競合,オンライン家庭教師GIPS,,,,UNSPECIFIED,サービス探し（家庭教師・塾・支援） | 合わない・断られた・乗り換え | ブランド・指名検索,KWP_CompetitorKeywordSeed
34366,ジャンプ 家庭 教師 やめたい,CORE,代表,C09041,2,ジャンプ 家庭 教師 やめたい,競合の不満・乗り換え,保護者,B,直接競合（特性/不登校×1対1学習支援）,高,③A 直接競合,プロ家庭教師のジャンプ,,,,UNSPECIFIED,サービス探し（家庭教師・塾・支援） | 合わない・断られた・乗り換え | ブランド・指名検索,KWP_CompetitorKeywordSeed
41859,スクール ワン やめたい,CORE,代表,C09042,1,スクール ワン やめたい,競合の不満・乗り換え,保護者,B,カテゴリ競合×比較/評判/料金/乗換え/特性,中,③B カテゴリ競合,京進スクール・ワン,,,,UNSPECIFIED,合わない・断られた・乗り換え | ブランド・指名検索,KWP_CompetitorKeywordSeed
42132,京 進 スクール ワン やめたい,CORE,代表,C09043,1,京 進 スクール ワン やめたい,競合の不満・乗り換え,保護者,B,カテゴリ競合×比較/評判/料金/乗換え/特性,中,③B カテゴリ競合,京進スクール・ワン,,,,UNSPECIFIED,合わない・断られた・乗り換え | ブランド・指名検索,KWP_CompetitorKeywordSeed
42557,スタディ ホップ やめたい,CORE,代表,C09045,1,スタディ ホップ やめたい,競合の不満・乗り換え,保護者,B,直接競合（特性/不登校×1対1学習支援）,高,③A 直接競合,個別指導塾スタディホップ,,,,UNSPECIFIED,合わない・断られた・乗り換え | ブランド・指名検索,KWP_CompetitorKeywordSeed
41667,フリー ステップ やめたい,CORE,代表,C09047,1,フリー ステップ やめたい,競合の不満・乗り換え,保護者,B,カテゴリ競合×比較/評判/料金/乗換え/特性,中,③B カテゴリ競合,フリーステップ,,,,UNSPECIFIED,合わない・断られた・乗り換え | ブランド・指名検索,KWP_CompetitorKeywordSeed
34600,ティントル やめたい,CORE,代表,C09050,1,ティントル やめたい,競合の不満・乗り換え,保護者,B,直接競合（特性/不登校×1対1学習支援）,高,③A 直接競合,ティントル,,,,UNSPECIFIED,合わない・断られた・乗り換え | ブランド・指名検索,KWP_CompetitorKeywordSeed
44717,トウコベ やめたい,CORE,代表,C09052,1,トウコベ やめたい,競合の不満・乗り換え,保護者,B,カテゴリ競合×比較/評判/料金/乗換え/特性,中,③B カテゴリ競合,トウコベ,,,,UNSPECIFIED,合わない・断られた・乗り換え | ブランド・指名検索,KWP_CompetitorKeywordSeed
31884,トライ 個別 やめたい,CORE,代表,C09054,1,トライ 個別 やめたい,競合の不満・乗り換え,保護者,B,カテゴリ競合×比較/評判/料金/乗換え/特性,中,③B カテゴリ競合,個別教室のトライ,,,,UNSPECIFIED,合わない・断られた・乗り換え | ブランド・指名検索,KWP_CompetitorKeywordSeed
31756,個別 教室 の トライ やめたい,CORE,代表,C09055,1,個別 教室 の トライ やめたい,競合の不満・乗り換え,保護者,B,カテゴリ競合×比較/評判/料金/乗換え/特性,中,③B カテゴリ競合,個別教室のトライ,,,,UNSPECIFIED,合わない・断られた・乗り換え | ブランド・指名検索,KWP_CompetitorKeywordSeed
31469,家庭 教師 の トライ やめたい,CORE,代表,C09056,1,家庭 教師 の トライ やめたい,競合の不満・乗り換え,保護者,B,カテゴリ競合×比較/評判/料金/乗換え/特性,中,③B カテゴリ競合,家庭教師のトライ,,,,UNSPECIFIED,サービス探し（家庭教師・塾・支援） | 合わない・断られた・乗り換え | ブランド・指名検索,KWP_CompetitorKeywordSeed
40615,トーマス 塾 やめたい,CORE,代表,C09057,1,トーマス 塾 やめたい,競合の不満・乗り換え,保護者,B,カテゴリ競合×比較/評判/料金/乗換え/特性,中,③B カテゴリ競合,TOMAS,,,,UNSPECIFIED,サービス探し（家庭教師・塾・支援） | 合わない・断られた・乗り換え | ブランド・指名検索,KWP_CompetitorKeywordSeed
39520,ナビ 個別 やめたい,CORE,代表,C09059,1,ナビ 個別 やめたい,競合の不満・乗り換え,保護者,B,カテゴリ競合×比較/評判/料金/乗換え/特性,中,③B カテゴリ競合,ナビ個別指導学院,,,,UNSPECIFIED,合わない・断られた・乗り換え | ブランド・指名検索,KWP_CompetitorKeywordSeed
39419,ナビ 個別 指導 学院 やめたい,CORE,代表,C09060,1,ナビ 個別 指導 学院 やめたい,競合の不満・乗り換え,保護者,B,カテゴリ競合×比較/評判/料金/乗換え/特性,中,③B カテゴリ競合,ナビ個別指導学院,,,,UNSPECIFIED,サービス探し（家庭教師・塾・支援） | 合わない・断られた・乗り換え | ブランド・指名検索,KWP_CompetitorKeywordSeed
32525,ノーバス やめたい,CORE,代表,C09062,1,ノーバス やめたい,競合の不満・乗り換え,保護者,B,カテゴリ競合×比較/評判/料金/乗換え/特性,中,③B カテゴリ競合,家庭教師のノーバス,,,,UNSPECIFIED,合わない・断られた・乗り換え | ブランド・指名検索,KWP_CompetitorKeywordSeed
32598,家庭 教師 の ノーバス やめたい,CORE,代表,C09063,1,家庭 教師 の ノーバス やめたい,競合の不満・乗り換え,保護者,B,カテゴリ競合×比較/評判/料金/乗換え/特性,中,③B カテゴリ競合,家庭教師のノーバス,,,,UNSPECIFIED,サービス探し（家庭教師・塾・支援） | 合わない・断られた・乗り換え | ブランド・指名検索,KWP_CompetitorKeywordSeed
39627,ビザビ やめたい,CORE,代表,C09064,1,ビザビ やめたい,競合の不満・乗り換え,保護者,B,カテゴリ競合×比較/評判/料金/乗換え/特性,中,③B カテゴリ競合,栄光の個別ビザビ,,,,UNSPECIFIED,合わない・断られた・乗り換え | ブランド・指名検索,KWP_CompetitorKeywordSeed
39742,栄光 ビザビ やめたい,CORE,代表,C09065,1,栄光 ビザビ やめたい,競合の不満・乗り換え,保護者,B,カテゴリ競合×比較/評判/料金/乗換え/特性,中,③B カテゴリ競合,栄光の個別ビザビ,,,,UNSPECIFIED,合わない・断られた・乗り換え | ブランド・指名検索,KWP_CompetitorKeywordSeed
32854,家庭 教師 ファースト やめたい,CORE,代表,C09066,2,家庭 教師 ファースト やめたい,競合の不満・乗り換え,保護者,B,カテゴリ競合×比較/評判/料金/乗換え/特性,中,③B カテゴリ競合,家庭教師ファースト,,,,UNSPECIFIED,サービス探し（家庭教師・塾・支援） | 合わない・断られた・乗り換え | ブランド・指名検索,KWP_CompetitorKeywordSeed
35605,プレ ステップ オンライン やめたい,CORE,代表,C09068,1,プレ ステップ オンライン やめたい,競合の不満・乗り換え,保護者,B,直接競合（特性/不登校×1対1学習支援）,高,③A 直接競合,Preステップオンライン,,,,UNSPECIFIED,サービス探し（家庭教師・塾・支援） | 合わない・断られた・乗り換え | ブランド・指名検索,KWP_CompetitorKeywordSeed
33794,マスター 家庭 教師 やめたい,CORE,代表,C09070,2,マスター 家庭 教師 やめたい,競合の不満・乗り換え,保護者,B,カテゴリ競合×比較/評判/料金/乗換え/特性,中,③B カテゴリ競合,家庭教師のマスター,,,,UNSPECIFIED,サービス探し（家庭教師・塾・支援） | 合わない・断られた・乗り換え | ブランド・指名検索,KWP_CompetitorKeywordSeed
34919,マナブ テラス やめたい,CORE,代表,C09071,1,マナブ テラス やめたい,競合の不満・乗り換え,保護者,B,カテゴリ競合×比較/評判/料金/乗換え/特性,中,③B カテゴリ競合,まなぶてらす,,,,UNSPECIFIED,合わない・断られた・乗り換え | ブランド・指名検索,KWP_CompetitorKeywordSeed
34978,マナ リンク やめたい,CORE,代表,C09072,1,マナ リンク やめたい,競合の不満・乗り換え,保護者,B,カテゴリ競合×比較/評判/料金/乗換え/特性,中,③B カテゴリ競合,マナリンク,,,,UNSPECIFIED,合わない・断られた・乗り換え | ブランド・指名検索,KWP_CompetitorKeywordSeed
32094,メガスタ やめたい,CORE,代表,C09073,1,メガスタ やめたい,競合の不満・乗り換え,保護者,B,終了競合の乗換え需要,高,③X 終了サービス/乗換え,オンラインプロ教師のメガスタ,,,,UNSPECIFIED,合わない・断られた・乗り換え | ブランド・指名検索,KWP_CompetitorKeywordSeed
32158,メガスタ オンライン やめたい,CORE,代表,C09074,1,メガスタ オンライン やめたい,競合の不満・乗り換え,保護者,B,終了競合の乗換え需要,高,③X 終了サービス/乗換え,オンラインプロ教師のメガスタ,,,,UNSPECIFIED,サービス探し（家庭教師・塾・支援） | 合わない・断られた・乗り換え | ブランド・指名検索,KWP_CompetitorKeywordSeed
32778,ランナー 家庭 教師 やめたい,CORE,代表,C09075,2,ランナー 家庭 教師 やめたい,競合の不満・乗り換え,保護者,B,カテゴリ競合×比較/評判/料金/乗換え/特性,中,③B カテゴリ競合,家庭教師のランナー,,,,UNSPECIFIED,サービス探し（家庭教師・塾・支援） | 合わない・断られた・乗り換え | ブランド・指名検索,KWP_CompetitorKeywordSeed
35480,リ バランス 塾 やめたい,CORE,代表,C09078,1,リ バランス 塾 やめたい,競合の不満・乗り換え,保護者,B,直接競合（特性/不登校×1対1学習支援）,高,③A 直接競合,オンライン個別指導塾リバランス,,,,UNSPECIFIED,サービス探し（家庭教師・塾・支援） | 合わない・断られた・乗り換え | ブランド・指名検索,KWP_CompetitorKeywordSeed
37450,東京 個別 指導 学院 やめたい,CORE,代表,C09081,1,東京 個別 指導 学院 やめたい,競合の不満・乗り換え,保護者,B,カテゴリ競合×比較/評判/料金/乗換え/特性,中,③B カテゴリ競合,東京個別指導学院,,,,UNSPECIFIED,サービス探し（家庭教師・塾・支援） | 合わない・断られた・乗り換え | ブランド・指名検索 | 地域・近くで探す,KWP_CompetitorKeywordSeed
37802,東京 個別 やめたい,CORE,代表,C09082,1,東京 個別 やめたい,競合の不満・乗り換え,保護者,B,カテゴリ競合×比較/評判/料金/乗換え/特性,中,③B カテゴリ競合,東京個別指導学院,,,,UNSPECIFIED,合わない・断られた・乗り換え | ブランド・指名検索 | 地域・近くで探す,KWP_CompetitorKeywordSeed
33850,全国 家庭 教師 協会 やめたい,CORE,代表,C09083,1,全国 家庭 教師 協会 やめたい,競合の不満・乗り換え,保護者,B,カテゴリ競合×比較/評判/料金/乗換え/特性,中,③B カテゴリ競合,全国家庭教師協会,,,,UNSPECIFIED,サービス探し（家庭教師・塾・支援） | 合わない・断られた・乗り換え | ブランド・指名検索 | 地域・近くで探す,KWP_CompetitorKeywordSeed
33946,家庭 教師 協会 やめたい,CORE,代表,C09085,1,家庭 教師 協会 やめたい,競合の不満・乗り換え,保護者,B,カテゴリ競合×比較/評判/料金/乗換え/特性,中,③B カテゴリ競合,全国家庭教師協会,,,,UNSPECIFIED,サービス探し（家庭教師・塾・支援） | 合わない・断られた・乗り換え | ブランド・指名検索,KWP_CompetitorKeywordSeed
36929,明光 義塾 やめたい,CORE,代表,C09088,2,明光 義塾 やめたい,競合の不満・乗り換え,保護者,B,カテゴリ競合×比較/評判/料金/乗換え/特性,中,③B カテゴリ競合,個別指導の明光義塾,10,,,LOW,サービス探し（家庭教師・塾・支援） | 合わない・断られた・乗り換え | ブランド・指名検索,KWP_CompetitorKeywordSeed
40424,森 塾 やめたい,CORE,代表,C09089,1,森 塾 やめたい,競合の不満・乗り換え,保護者,B,カテゴリ競合×比較/評判/料金/乗換え/特性,中,③B カテゴリ競合,森塾,,,,UNSPECIFIED,サービス探し（家庭教師・塾・支援） | 合わない・断られた・乗り換え | ブランド・指名検索,KWP_CompetitorKeywordSeed
41448,武田 塾 やめたい,CORE,代表,C09090,2,武田 塾 やめたい,競合の不満・乗り換え,保護者,B,カテゴリ競合×比較/評判/料金/乗換え/特性,中,③B カテゴリ競合,武田塾,50,,,LOW,サービス探し（家庭教師・塾・支援） | 合わない・断られた・乗り換え | ブランド・指名検索,KWP_CompetitorKeywordSeed
33337,学研 家庭 教師 やめたい,CORE,代表,C09092,2,学研 家庭 教師 やめたい,競合の不満・乗り換え,保護者,B,カテゴリ競合×比較/評判/料金/乗換え/特性,中,③B カテゴリ競合,学研の家庭教師,,,,UNSPECIFIED,サービス探し（家庭教師・塾・支援） | 合わない・断られた・乗り換え | ブランド・指名検索,KWP_CompetitorKeywordSeed
33628,家庭 教師 の やる気 アシスト 辞め たい,CORE,代表,C09097,1,家庭 教師 の やる気 アシスト 辞め たい,競合の不満・乗り換え,保護者,B,カテゴリ競合×比較/評判/料金/乗換え/特性,中,③B カテゴリ競合,家庭教師のやる気アシスト,,,,UNSPECIFIED,サービス探し（家庭教師・塾・支援） | 比較検討・料金・申込 | 学習のやり方・学習課題 | 合わない・断られた・乗り換え | ブランド・指名検索,KWP_CompetitorKeywordSeed
33559,やる気 アシスト 辞め たい,CORE,代表,C09098,1,やる気 アシスト 辞め たい,競合の不満・乗り換え,保護者,B,カテゴリ競合×比較/評判/料金/乗換え/特性,中,③B カテゴリ競合,家庭教師のやる気アシスト,,,,UNSPECIFIED,比較検討・料金・申込 | 学習のやり方・学習課題 | 合わない・断られた・乗り換え | ブランド・指名検索,KWP_CompetitorKeywordSeed
39897,アクシス 塾 辞め たい,CORE,代表,C09099,1,アクシス 塾 辞め たい,競合の不満・乗り換え,保護者,B,カテゴリ競合×比較/評判/料金/乗換え/特性,中,③B カテゴリ競合,個別指導Axis,,,,UNSPECIFIED,サービス探し（家庭教師・塾・支援） | 比較検討・料金・申込 | 合わない・断られた・乗り換え | ブランド・指名検索,KWP_CompetitorKeywordSeed
38090,イットー 辞め たい,CORE,代表,C09100,1,イットー 辞め たい,競合の不満・乗り換え,保護者,B,カテゴリ競合×比較/評判/料金/乗換え/特性,中,③B カテゴリ競合,ITTO個別指導学院,,,,UNSPECIFIED,比較検討・料金・申込 | 合わない・断られた・乗り換え | ブランド・指名検索,KWP_CompetitorKeywordSeed
32008,トライ の オンライン 個別 指導 塾 辞め たい,CORE,代表,C09103,1,トライ の オンライン 個別 指導 塾 辞め たい,競合の不満・乗り換え,保護者,B,カテゴリ競合×比較/評判/料金/乗換え/特性,中,③B カテゴリ競合,トライのオンライン個別指導塾,,,,UNSPECIFIED,サービス探し（家庭教師・塾・支援） | 比較検討・料金・申込 | 合わない・断られた・乗り換え | ブランド・指名検索,KWP_CompetitorKeywordSeed
31942,トライ オンライン 辞め たい,CORE,代表,C09104,1,トライ オンライン 辞め たい,競合の不満・乗り換え,保護者,B,カテゴリ競合×比較/評判/料金/乗換え/特性,中,③B カテゴリ競合,トライのオンライン個別指導塾,,,,UNSPECIFIED,サービス探し（家庭教師・塾・支援） | 比較検討・料金・申込 | 合わない・断られた・乗り換え | ブランド・指名検索,KWP_CompetitorKeywordSeed
33498,ガンバ 家庭 教師 辞め たい,CORE,代表,C09106,2,ガンバ 家庭 教師 辞め たい,競合の不満・乗り換え,保護者,B,カテゴリ競合×比較/評判/料金/乗換え/特性,中,③B カテゴリ競合,家庭教師のガンバ,,,,UNSPECIFIED,サービス探し（家庭教師・塾・支援） | 比較検討・料金・申込 | 合わない・断られた・乗り換え | ブランド・指名検索,KWP_CompetitorKeywordSeed
42413,キズキ 共 育 塾 辞め たい,CORE,代表,C09107,1,キズキ 共 育 塾 辞め たい,競合の不満・乗り換え,保護者,B,直接競合（特性/不登校×1対1学習支援）,高,③A 直接競合,キズキ共育塾,,,,UNSPECIFIED,サービス探し（家庭教師・塾・支援） | 比較検討・料金・申込 | 合わない・断られた・乗り換え | ブランド・指名検索,KWP_CompetitorKeywordSeed
34544,キズキ 家庭 教師 辞め たい,CORE,代表,C09108,1,キズキ 家庭 教師 辞め たい,競合の不満・乗り換え,保護者,B,直接競合（特性/不登校×1対1学習支援）,高,③A 直接競合,キズキプロ家庭教師,,,,UNSPECIFIED,サービス探し（家庭教師・塾・支援） | 比較検討・料金・申込 | 合わない・断られた・乗り換え | ブランド・指名検索,KWP_CompetitorKeywordSeed
42506,キズキ 辞め たい,CORE,代表,C09109,1,キズキ 辞め たい,競合の不満・乗り換え,保護者,B,直接競合（特性/不登校×1対1学習支援）,高,③A 直接競合,キズキ共育塾,,,,UNSPECIFIED,比較検討・料金・申込 | 合わない・断られた・乗り換え | ブランド・指名検索,KWP_CompetitorKeywordSeed
34457,キズキプロ 家庭 教師 辞め たい,CORE,代表,C09110,1,キズキプロ 家庭 教師 辞め たい,競合の不満・乗り換え,保護者,B,直接競合（特性/不登校×1対1学習支援）,高,③A 直接競合,キズキプロ家庭教師,,,,UNSPECIFIED,サービス探し（家庭教師・塾・支援） | 比較検討・料金・申込 | 合わない・断られた・乗り換え | ブランド・指名検索,KWP_CompetitorKeywordSeed
33182,家庭 教師 の サクシード 辞め たい,CORE,代表,C09114,1,家庭 教師 の サクシード 辞め たい,競合の不満・乗り換え,保護者,B,カテゴリ競合×比較/評判/料金/乗換え/特性,中,③B カテゴリ競合,家庭教師のサクシード,,,,UNSPECIFIED,サービス探し（家庭教師・塾・支援） | 比較検討・料金・申込 | 合わない・断られた・乗り換え | ブランド・指名検索,KWP_CompetitorKeywordSeed
35244,ジップス 家庭 教師 辞め たい,CORE,代表,C09117,1,ジップス 家庭 教師 辞め たい,競合の不満・乗り換え,保護者,B,カテゴリ競合×比較/評判/料金/乗換え/特性,中,③B カテゴリ競合,オンライン家庭教師GIPS,,,,UNSPECIFIED,サービス探し（家庭教師・塾・支援） | 比較検討・料金・申込 | 合わない・断られた・乗り換え | ブランド・指名検索,KWP_CompetitorKeywordSeed
34367,ジャンプ 家庭 教師 辞め たい,CORE,代表,C09118,2,ジャンプ 家庭 教師 辞め たい,競合の不満・乗り換え,保護者,B,直接競合（特性/不登校×1対1学習支援）,高,③A 直接競合,プロ家庭教師のジャンプ,,,,UNSPECIFIED,サービス探し（家庭教師・塾・支援） | 比較検討・料金・申込 | 合わない・断られた・乗り換え | ブランド・指名検索,KWP_CompetitorKeywordSeed
42133,京 進 スクール ワン 辞め たい,CORE,代表,C09119,1,京 進 スクール ワン 辞め たい,競合の不満・乗り換え,保護者,B,カテゴリ競合×比較/評判/料金/乗換え/特性,中,③B カテゴリ競合,京進スクール・ワン,,,,UNSPECIFIED,比較検討・料金・申込 | 合わない・断られた・乗り換え | ブランド・指名検索,KWP_CompetitorKeywordSeed
41860,スクール ワン 辞め たい,CORE,代表,C09120,1,スクール ワン 辞め たい,競合の不満・乗り換え,保護者,B,カテゴリ競合×比較/評判/料金/乗換え/特性,中,③B カテゴリ競合,京進スクール・ワン,,,,UNSPECIFIED,比較検討・料金・申込 | 合わない・断られた・乗り換え | ブランド・指名検索,KWP_CompetitorKeywordSeed
42558,スタディ ホップ 辞め たい,CORE,代表,C09122,1,スタディ ホップ 辞め たい,競合の不満・乗り換え,保護者,B,直接競合（特性/不登校×1対1学習支援）,高,③A 直接競合,個別指導塾スタディホップ,,,,UNSPECIFIED,比較検討・料金・申込 | 合わない・断られた・乗り換え | ブランド・指名検索,KWP_CompetitorKeywordSeed
41668,フリー ステップ 辞め たい,CORE,代表,C09124,1,フリー ステップ 辞め たい,競合の不満・乗り換え,保護者,B,カテゴリ競合×比較/評判/料金/乗換え/特性,中,③B カテゴリ競合,フリーステップ,,,,UNSPECIFIED,比較検討・料金・申込 | 合わない・断られた・乗り換え | ブランド・指名検索,KWP_CompetitorKeywordSeed
34601,ティントル 辞め たい,CORE,代表,C09127,1,ティントル 辞め たい,競合の不満・乗り換え,保護者,B,直接競合（特性/不登校×1対1学習支援）,高,③A 直接競合,ティントル,,,,UNSPECIFIED,比較検討・料金・申込 | 合わない・断られた・乗り換え | ブランド・指名検索,KWP_CompetitorKeywordSeed
44718,トウコベ 辞め たい,CORE,代表,C09129,2,トウコベ 辞め たい,競合の不満・乗り換え,保護者,B,カテゴリ競合×比較/評判/料金/乗換え/特性,中,③B カテゴリ競合,トウコベ,50,411.0,799.0,LOW,比較検討・料金・申込 | 合わない・断られた・乗り換え | ブランド・指名検索,KWP_CompetitorKeywordSeed
31757,個別 教室 の トライ 辞め たい,CORE,代表,C09130,1,個別 教室 の トライ 辞め たい,競合の不満・乗り換え,保護者,B,カテゴリ競合×比較/評判/料金/乗換え/特性,中,③B カテゴリ競合,個別教室のトライ,,,,UNSPECIFIED,比較検討・料金・申込 | 合わない・断られた・乗り換え | ブランド・指名検索,KWP_CompetitorKeywordSeed
31885,トライ 個別 辞め たい,CORE,代表,C09131,1,トライ 個別 辞め たい,競合の不満・乗り換え,保護者,B,カテゴリ競合×比較/評判/料金/乗換え/特性,中,③B カテゴリ競合,個別教室のトライ,,,,UNSPECIFIED,比較検討・料金・申込 | 合わない・断られた・乗り換え | ブランド・指名検索,KWP_CompetitorKeywordSeed
66936,トライ 辞めたい,CORE,代表,C09133,1,トライ 辞めたい,競合の不満・乗り換え,保護者,B,カテゴリ競合×比較/評判/料金/乗換え/特性,中,③B カテゴリ競合,家庭教師のトライ,20,,,LOW,比較検討・料金・申込 | 合わない・断られた・乗り換え | ブランド・指名検索,CompetitorMatrix
40610,トーマス 塾 辞め たい,CORE,代表,C09134,2,トーマス 塾 辞め たい,競合の不満・乗り換え,保護者,B,カテゴリ競合×比較/評判/料金/乗換え/特性,中,③B カテゴリ競合,TOMAS,10,,,LOW,サービス探し（家庭教師・塾・支援） | 比較検討・料金・申込 | 合わない・断られた・乗り換え | ブランド・指名検索,KWP_CompetitorKeywordSeed
39410,ナビ 個別 指導 学院 辞め たい,CORE,代表,C09136,2,ナビ 個別 指導 学院 辞め たい,競合の不満・乗り換え,保護者,B,カテゴリ競合×比較/評判/料金/乗換え/特性,中,③B カテゴリ競合,ナビ個別指導学院,170,,,LOW,サービス探し（家庭教師・塾・支援） | 比較検討・料金・申込 | 合わない・断られた・乗り換え | ブランド・指名検索,KWP_CompetitorKeywordSeed
39521,ナビ 個別 辞め たい,CORE,代表,C09137,1,ナビ 個別 辞め たい,競合の不満・乗り換え,保護者,B,カテゴリ競合×比較/評判/料金/乗換え/特性,中,③B カテゴリ競合,ナビ個別指導学院,,,,UNSPECIFIED,比較検討・料金・申込 | 合わない・断られた・乗り換え | ブランド・指名検索,KWP_CompetitorKeywordSeed
32599,家庭 教師 の ノーバス 辞め たい,CORE,代表,C09139,1,家庭 教師 の ノーバス 辞め たい,競合の不満・乗り換え,保護者,B,カテゴリ競合×比較/評判/料金/乗換え/特性,中,③B カテゴリ競合,家庭教師のノーバス,,,,UNSPECIFIED,サービス探し（家庭教師・塾・支援） | 比較検討・料金・申込 | 合わない・断られた・乗り換え | ブランド・指名検索,KWP_CompetitorKeywordSeed
32526,ノーバス 辞め たい,CORE,代表,C09140,1,ノーバス 辞め たい,競合の不満・乗り換え,保護者,B,カテゴリ競合×比較/評判/料金/乗換え/特性,中,③B カテゴリ競合,家庭教師のノーバス,,,,UNSPECIFIED,比較検討・料金・申込 | 合わない・断られた・乗り換え | ブランド・指名検索,KWP_CompetitorKeywordSeed
39743,栄光 ビザビ 辞め たい,CORE,代表,C09141,1,栄光 ビザビ 辞め たい,競合の不満・乗り換え,保護者,B,カテゴリ競合×比較/評判/料金/乗換え/特性,中,③B カテゴリ競合,栄光の個別ビザビ,,,,UNSPECIFIED,比較検討・料金・申込 | 合わない・断られた・乗り換え | ブランド・指名検索,KWP_CompetitorKeywordSeed
39628,ビザビ 辞め たい,CORE,代表,C09142,1,ビザビ 辞め たい,競合の不満・乗り換え,保護者,B,カテゴリ競合×比較/評判/料金/乗換え/特性,中,③B カテゴリ競合,栄光の個別ビザビ,,,,UNSPECIFIED,比較検討・料金・申込 | 合わない・断られた・乗り換え | ブランド・指名検索,KWP_CompetitorKeywordSeed
32855,家庭 教師 ファースト 辞め たい,CORE,代表,C09143,2,家庭 教師 ファースト 辞め たい,競合の不満・乗り換え,保護者,B,カテゴリ競合×比較/評判/料金/乗換え/特性,中,③B カテゴリ競合,家庭教師ファースト,,,,UNSPECIFIED,サービス探し（家庭教師・塾・支援） | 比較検討・料金・申込 | 合わない・断られた・乗り換え | ブランド・指名検索,KWP_CompetitorKeywordSeed
35606,プレ ステップ オンライン 辞め たい,CORE,代表,C09145,1,プレ ステップ オンライン 辞め たい,競合の不満・乗り換え,保護者,B,直接競合（特性/不登校×1対1学習支援）,高,③A 直接競合,Preステップオンライン,,,,UNSPECIFIED,サービス探し（家庭教師・塾・支援） | 比較検討・料金・申込 | 合わない・断られた・乗り換え | ブランド・指名検索,KWP_CompetitorKeywordSeed
33795,マスター 家庭 教師 辞め たい,CORE,代表,C09147,2,マスター 家庭 教師 辞め たい,競合の不満・乗り換え,保護者,B,カテゴリ競合×比較/評判/料金/乗換え/特性,中,③B カテゴリ競合,家庭教師のマスター,,,,UNSPECIFIED,サービス探し（家庭教師・塾・支援） | 比較検討・料金・申込 | 合わない・断られた・乗り換え | ブランド・指名検索,KWP_CompetitorKeywordSeed
34920,マナブ テラス 辞め たい,CORE,代表,C09148,1,マナブ テラス 辞め たい,競合の不満・乗り換え,保護者,B,カテゴリ競合×比較/評判/料金/乗換え/特性,中,③B カテゴリ競合,まなぶてらす,,,,UNSPECIFIED,比較検討・料金・申込 | 合わない・断られた・乗り換え | ブランド・指名検索,KWP_CompetitorKeywordSeed
34979,マナ リンク 辞め たい,CORE,代表,C09149,1,マナ リンク 辞め たい,競合の不満・乗り換え,保護者,B,カテゴリ競合×比較/評判/料金/乗換え/特性,中,③B カテゴリ競合,マナリンク,,,,UNSPECIFIED,比較検討・料金・申込 | 合わない・断られた・乗り換え | ブランド・指名検索,KWP_CompetitorKeywordSeed
32089,メガスタ 辞め たい,CORE,代表,C09150,2,メガスタ 辞め たい,競合の不満・乗り換え,保護者,B,終了競合の乗換え需要,高,③X 終了サービス/乗換え,オンラインプロ教師のメガスタ,10,,,UNSPECIFIED,比較検討・料金・申込 | 合わない・断られた・乗り換え | ブランド・指名検索,KWP_CompetitorKeywordSeed
32159,メガスタ オンライン 辞め たい,CORE,代表,C09151,1,メガスタ オンライン 辞め たい,競合の不満・乗り換え,保護者,B,終了競合の乗換え需要,高,③X 終了サービス/乗換え,オンラインプロ教師のメガスタ,,,,UNSPECIFIED,サービス探し（家庭教師・塾・支援） | 比較検討・料金・申込 | 合わない・断られた・乗り換え | ブランド・指名検索,KWP_CompetitorKeywordSeed
32687,家庭 教師 の ランナー 辞め たい,CORE,代表,C09152,3,家庭 教師 の ランナー 辞め たい,競合の不満・乗り換え,保護者,B,カテゴリ競合×比較/評判/料金/乗換え/特性,中,③B カテゴリ競合,家庭教師のランナー,30,,,LOW,サービス探し（家庭教師・塾・支援） | 比較検討・料金・申込 | 合わない・断られた・乗り換え | ブランド・指名検索,KWP_CompetitorKeywordSeed
35481,リ バランス 塾 辞め たい,CORE,代表,C09154,1,リ バランス 塾 辞め たい,競合の不満・乗り換え,保護者,B,直接競合（特性/不登校×1対1学習支援）,高,③A 直接競合,オンライン個別指導塾リバランス,,,,UNSPECIFIED,サービス探し（家庭教師・塾・支援） | 比較検討・料金・申込 | 合わない・断られた・乗り換え | ブランド・指名検索,KWP_CompetitorKeywordSeed
37443,東京 個別 指導 学院 辞め たい,CORE,代表,C09156,2,東京 個別 指導 学院 辞め たい,競合の不満・乗り換え,保護者,B,カテゴリ競合×比較/評判/料金/乗換え/特性,中,③B カテゴリ競合,東京個別指導学院,10,,,LOW,サービス探し（家庭教師・塾・支援） | 比較検討・料金・申込 | 合わない・断られた・乗り換え | ブランド・指名検索 | 地域・近くで探す,KWP_CompetitorKeywordSeed
37803,東京 個別 辞め たい,CORE,代表,C09157,1,東京 個別 辞め たい,競合の不満・乗り換え,保護者,B,カテゴリ競合×比較/評判/料金/乗換え/特性,中,③B カテゴリ競合,東京個別指導学院,,,,UNSPECIFIED,比較検討・料金・申込 | 合わない・断られた・乗り換え | ブランド・指名検索 | 地域・近くで探す,KWP_CompetitorKeywordSeed
33851,全国 家庭 教師 協会 辞め たい,CORE,代表,C09158,1,全国 家庭 教師 協会 辞め たい,競合の不満・乗り換え,保護者,B,カテゴリ競合×比較/評判/料金/乗換え/特性,中,③B カテゴリ競合,全国家庭教師協会,,,,UNSPECIFIED,サービス探し（家庭教師・塾・支援） | 比較検討・料金・申込 | 合わない・断られた・乗り換え | ブランド・指名検索 | 地域・近くで探す,KWP_CompetitorKeywordSeed
33947,家庭 教師 協会 辞め たい,CORE,代表,C09161,1,家庭 教師 協会 辞め たい,競合の不満・乗り換え,保護者,B,カテゴリ競合×比較/評判/料金/乗換え/特性,中,③B カテゴリ競合,全国家庭教師協会,,,,UNSPECIFIED,サービス探し（家庭教師・塾・支援） | 比較検討・料金・申込 | 合わない・断られた・乗り換え | ブランド・指名検索,KWP_CompetitorKeywordSeed
67101,明光義塾 辞めたい,CORE,代表,C09164,1,明光義塾 辞めたい,競合の不満・乗り換え,保護者,B,カテゴリ競合×比較/評判/料金/乗換え/特性,中,③B カテゴリ競合,個別指導の明光義塾,10,,,LOW,サービス探し（家庭教師・塾・支援） | 比較検討・料金・申込 | 合わない・断られた・乗り換え | ブランド・指名検索,CompetitorMatrix
40413,森 塾 辞め たい,CORE,代表,C09165,2,森 塾 辞め たい,競合の不満・乗り換え,保護者,B,カテゴリ競合×比較/評判/料金/乗換え/特性,中,③B カテゴリ競合,森塾,10,,,LOW,サービス探し（家庭教師・塾・支援） | 比較検討・料金・申込 | 合わない・断られた・乗り換え | ブランド・指名検索,KWP_CompetitorKeywordSeed
67301,武田塾 辞めたい,CORE,代表,C09166,1,武田塾 辞めたい,競合の不満・乗り換え,保護者,B,カテゴリ競合×比較/評判/料金/乗換え/特性,中,③B カテゴリ競合,武田塾,50,,,LOW,サービス探し（家庭教師・塾・支援） | 比較検討・料金・申込 | 合わない・断られた・乗り換え | ブランド・指名検索,CompetitorMatrix
33334,学研 家庭 教師 辞め たい,CORE,代表,C09168,3,学研 家庭 教師 辞め たい,競合の不満・乗り換え,保護者,B,カテゴリ競合×比較/評判/料金/乗換え/特性,中,③B カテゴリ競合,学研の家庭教師,20,,,LOW,サービス探し（家庭教師・塾・支援） | 比較検討・料金・申込 | 合わない・断られた・乗り換え | ブランド・指名検索,KWP_CompetitorKeywordSeed
37072,明光 辞め たい,CORE,代表,C09171,1,明光 辞め たい,競合の不満・乗り換え,保護者,B,カテゴリ競合×比較/評判/料金/乗換え/特性,中,③B カテゴリ競合,個別指導の明光義塾,,,,UNSPECIFIED,比較検討・料金・申込 | 合わない・断られた・乗り換え | ブランド・指名検索,KWP_CompetitorKeywordSeed
585,不 登校 の ため の 塾,CORE,代表,C09202,1,不 登校 の ため の 塾,サービス探し（特性/不登校×学習支援）,保護者,A,特性/不登校×家庭教師・塾・個別,高,②顕在,,20,89.0,479.0,MEDIUM,サービス探し（家庭教師・塾・支援） | 学校生活・不登校・学校種別,KWP_KeywordSeed
41365,武田 塾 夏 だけ タケダ 料金,CORE,代表,C09222,1,武田 塾 夏 だけ タケダ 料金,競合の比較検討（評判・料金）,保護者,B,カテゴリ競合×比較/評判/料金/乗換え/特性,中,③B カテゴリ競合,武田塾,90,181.0,648.0,MEDIUM,サービス探し（家庭教師・塾・支援） | 比較検討・料金・申込 | ブランド・指名検索,KWP_CompetitorKeywordSeed
2453,トライ 自習 室 だけ 料金,CORE,代表,C09231,1,トライ 自習 室 だけ 料金,競合の比較検討（評判・料金）,保護者,B,カテゴリ競合×比較/評判/料金/乗換え/特性,中,③B カテゴリ競合,家庭教師のトライ,140,120.0,212.0,LOW,比較検討・料金・申込 | 学習のやり方・学習課題 | ブランド・指名検索,KWP_KeywordSeed || KWP_CompetitorKeywordSeed
750,不 登校 塾 だけ,CORE,代表,C09234,1,不 登校 塾 だけ,サービス探し（特性/不登校×学習支援）,保護者,A,特性/不登校×家庭教師・塾・個別,高,②顕在,,10,,,HIGH,サービス探し（家庭教師・塾・支援） | 学校生活・不登校・学校種別,KWP_KeywordSeed
34848,まなぶ てらす 向い て ない,CORE,代表,C09352,1,まなぶ てらす 向い て ない,競合の不満・乗り換え,保護者,B,カテゴリ競合×比較/評判/料金/乗換え/特性,中,③B カテゴリ競合,まなぶてらす,,,,UNSPECIFIED,比較検討・料金・申込 | ブランド・指名検索,KWP_CompetitorKeywordSeed
42815,は な た に 塾 向い て ない,CORE,代表,C09357,1,は な た に 塾 向い て ない,競合の不満・乗り換え,保護者,B,カテゴリ競合×比較/評判/料金/乗換え/特性,中,③B カテゴリ競合,はなたに塾,,,,UNSPECIFIED,サービス探し（家庭教師・塾・支援） | 比較検討・料金・申込 | ブランド・指名検索,KWP_CompetitorKeywordSeed
33557,やる気 アシスト 向い て ない,CORE,代表,C09358,1,やる気 アシスト 向い て ない,競合の不満・乗り換え,保護者,B,カテゴリ競合×比較/評判/料金/乗換え/特性,中,③B カテゴリ競合,家庭教師のやる気アシスト,,,,UNSPECIFIED,比較検討・料金・申込 | 学習のやり方・学習課題 | ブランド・指名検索,KWP_CompetitorKeywordSeed
33626,家庭 教師 の やる気 アシスト 向い て ない,CORE,代表,C09359,1,家庭 教師 の やる気 アシスト 向い て ない,競合の不満・乗り換え,保護者,B,カテゴリ競合×比較/評判/料金/乗換え/特性,中,③B カテゴリ競合,家庭教師のやる気アシスト,,,,UNSPECIFIED,サービス探し（家庭教師・塾・支援） | 比較検討・料金・申込 | 学習のやり方・学習課題 | ブランド・指名検索,KWP_CompetitorKeywordSeed
39895,アクシス 塾 向い て ない,CORE,代表,C09362,1,アクシス 塾 向い て ない,競合の不満・乗り換え,保護者,B,カテゴリ競合×比較/評判/料金/乗換え/特性,中,③B カテゴリ競合,個別指導Axis,,,,UNSPECIFIED,サービス探し（家庭教師・塾・支援） | 比較検討・料金・申込 | ブランド・指名検索,KWP_CompetitorKeywordSeed
32006,トライ の オンライン 個別 指導 塾 向い て ない,CORE,代表,C09366,1,トライ の オンライン 個別 指導 塾 向い て ない,競合の不満・乗り換え,保護者,B,カテゴリ競合×比較/評判/料金/乗換え/特性,中,③B カテゴリ競合,トライのオンライン個別指導塾,,,,UNSPECIFIED,サービス探し（家庭教師・塾・支援） | 比較検討・料金・申込 | ブランド・指名検索,KWP_CompetitorKeywordSeed
31940,トライ オンライン 向い て ない,CORE,代表,C09367,1,トライ オンライン 向い て ない,競合の不満・乗り換え,保護者,B,カテゴリ競合×比較/評判/料金/乗換え/特性,中,③B カテゴリ競合,トライのオンライン個別指導塾,,,,UNSPECIFIED,サービス探し（家庭教師・塾・支援） | 比較検討・料金・申込 | ブランド・指名検索,KWP_CompetitorKeywordSeed
33496,ガンバ 家庭 教師 向い て ない,CORE,代表,C09369,2,ガンバ 家庭 教師 向い て ない,競合の不満・乗り換え,保護者,B,カテゴリ競合×比較/評判/料金/乗換え/特性,中,③B カテゴリ競合,家庭教師のガンバ,,,,UNSPECIFIED,サービス探し（家庭教師・塾・支援） | 比較検討・料金・申込 | ブランド・指名検索,KWP_CompetitorKeywordSeed
42411,キズキ 共 育 塾 向い て ない,CORE,代表,C09370,1,キズキ 共 育 塾 向い て ない,競合の不満・乗り換え,保護者,B,直接競合（特性/不登校×1対1学習支援）,高,③A 直接競合,キズキ共育塾,,,,UNSPECIFIED,サービス探し（家庭教師・塾・支援） | 比較検討・料金・申込 | ブランド・指名検索,KWP_CompetitorKeywordSeed
34542,キズキ 家庭 教師 向い て ない,CORE,代表,C09372,1,キズキ 家庭 教師 向い て ない,競合の不満・乗り換え,保護者,B,直接競合（特性/不登校×1対1学習支援）,高,③A 直接競合,キズキプロ家庭教師,,,,UNSPECIFIED,サービス探し（家庭教師・塾・支援） | 比較検討・料金・申込 | ブランド・指名検索,KWP_CompetitorKeywordSeed
34455,キズキプロ 家庭 教師 向い て ない,CORE,代表,C09373,1,キズキプロ 家庭 教師 向い て ない,競合の不満・乗り換え,保護者,B,直接競合（特性/不登校×1対1学習支援）,高,③A 直接競合,キズキプロ家庭教師,,,,UNSPECIFIED,サービス探し（家庭教師・塾・支援） | 比較検討・料金・申込 | ブランド・指名検索,KWP_CompetitorKeywordSeed
33180,家庭 教師 の サクシード 向い て ない,CORE,代表,C09378,1,家庭 教師 の サクシード 向い て ない,競合の不満・乗り換え,保護者,B,カテゴリ競合×比較/評判/料金/乗換え/特性,中,③B カテゴリ競合,家庭教師のサクシード,,,,UNSPECIFIED,サービス探し（家庭教師・塾・支援） | 比較検討・料金・申込 | ブランド・指名検索,KWP_CompetitorKeywordSeed
35242,ジップス 家庭 教師 向い て ない,CORE,代表,C09380,1,ジップス 家庭 教師 向い て ない,競合の不満・乗り換え,保護者,B,カテゴリ競合×比較/評判/料金/乗換え/特性,中,③B カテゴリ競合,オンライン家庭教師GIPS,,,,UNSPECIFIED,サービス探し（家庭教師・塾・支援） | 比較検討・料金・申込 | ブランド・指名検索,KWP_CompetitorKeywordSeed
34365,ジャンプ 家庭 教師 向い て ない,CORE,代表,C09381,2,ジャンプ 家庭 教師 向い て ない,競合の不満・乗り換え,保護者,B,直接競合（特性/不登校×1対1学習支援）,高,③A 直接競合,プロ家庭教師のジャンプ,,,,UNSPECIFIED,サービス探し（家庭教師・塾・支援） | 比較検討・料金・申込 | ブランド・指名検索,KWP_CompetitorKeywordSeed
42131,京 進 スクール ワン 向い て ない,CORE,代表,C09382,1,京 進 スクール ワン 向い て ない,競合の不満・乗り換え,保護者,B,カテゴリ競合×比較/評判/料金/乗換え/特性,中,③B カテゴリ競合,京進スクール・ワン,,,,UNSPECIFIED,比較検討・料金・申込 | ブランド・指名検索,KWP_CompetitorKeywordSeed
41858,スクール ワン 向い て ない,CORE,代表,C09383,1,スクール ワン 向い て ない,競合の不満・乗り換え,保護者,B,カテゴリ競合×比較/評判/料金/乗換え/特性,中,③B カテゴリ競合,京進スクール・ワン,,,,UNSPECIFIED,比較検討・料金・申込 | ブランド・指名検索,KWP_CompetitorKeywordSeed
42556,スタディ ホップ 向い て ない,CORE,代表,C09385,1,スタディ ホップ 向い て ない,競合の不満・乗り換え,保護者,B,直接競合（特性/不登校×1対1学習支援）,高,③A 直接競合,個別指導塾スタディホップ,,,,UNSPECIFIED,比較検討・料金・申込 | ブランド・指名検索,KWP_CompetitorKeywordSeed
41666,フリー ステップ 向い て ない,CORE,代表,C09386,1,フリー ステップ 向い て ない,競合の不満・乗り換え,保護者,B,カテゴリ競合×比較/評判/料金/乗換え/特性,中,③B カテゴリ競合,フリーステップ,,,,UNSPECIFIED,比較検討・料金・申込 | ブランド・指名検索,KWP_CompetitorKeywordSeed
34599,ティントル 向い て ない,CORE,代表,C09387,1,ティントル 向い て ない,競合の不満・乗り換え,保護者,B,直接競合（特性/不登校×1対1学習支援）,高,③A 直接競合,ティントル,,,,UNSPECIFIED,比較検討・料金・申込 | ブランド・指名検索,KWP_CompetitorKeywordSeed
44716,トウコベ 向い て ない,CORE,代表,C09389,1,トウコベ 向い て ない,競合の不満・乗り換え,保護者,B,カテゴリ競合×比較/評判/料金/乗換え/特性,中,③B カテゴリ競合,トウコベ,,,,UNSPECIFIED,比較検討・料金・申込 | ブランド・指名検索,KWP_CompetitorKeywordSeed
31883,トライ 個別 向い て ない,CORE,代表,C09390,1,トライ 個別 向い て ない,競合の不満・乗り換え,保護者,B,カテゴリ競合×比較/評判/料金/乗換え/特性,中,③B カテゴリ競合,個別教室のトライ,,,,UNSPECIFIED,比較検討・料金・申込 | ブランド・指名検索,KWP_CompetitorKeywordSeed
31755,個別 教室 の トライ 向い て ない,CORE,代表,C09391,1,個別 教室 の トライ 向い て ない,競合の不満・乗り換え,保護者,B,カテゴリ競合×比較/評判/料金/乗換え/特性,中,③B カテゴリ競合,個別教室のトライ,,,,UNSPECIFIED,比較検討・料金・申込 | ブランド・指名検索,KWP_CompetitorKeywordSeed
31468,家庭 教師 の トライ 向い て ない,CORE,代表,C09393,1,家庭 教師 の トライ 向い て ない,競合の不満・乗り換え,保護者,B,カテゴリ競合×比較/評判/料金/乗換え/特性,中,③B カテゴリ競合,家庭教師のトライ,,,,UNSPECIFIED,サービス探し（家庭教師・塾・支援） | 比較検討・料金・申込 | ブランド・指名検索,KWP_CompetitorKeywordSeed
40614,トーマス 塾 向い て ない,CORE,代表,C09394,1,トーマス 塾 向い て ない,競合の不満・乗り換え,保護者,B,カテゴリ競合×比較/評判/料金/乗換え/特性,中,③B カテゴリ競合,TOMAS,,,,UNSPECIFIED,サービス探し（家庭教師・塾・支援） | 比較検討・料金・申込 | ブランド・指名検索,KWP_CompetitorKeywordSeed
39519,ナビ 個別 向い て ない,CORE,代表,C09396,1,ナビ 個別 向い て ない,競合の不満・乗り換え,保護者,B,カテゴリ競合×比較/評判/料金/乗換え/特性,中,③B カテゴリ競合,ナビ個別指導学院,,,,UNSPECIFIED,比較検討・料金・申込 | ブランド・指名検索,KWP_CompetitorKeywordSeed
39418,ナビ 個別 指導 学院 向い て ない,CORE,代表,C09397,1,ナビ 個別 指導 学院 向い て ない,競合の不満・乗り換え,保護者,B,カテゴリ競合×比較/評判/料金/乗換え/特性,中,③B カテゴリ競合,ナビ個別指導学院,,,,UNSPECIFIED,サービス探し（家庭教師・塾・支援） | 比較検討・料金・申込 | ブランド・指名検索,KWP_CompetitorKeywordSeed
32524,ノーバス 向い て ない,CORE,代表,C09399,1,ノーバス 向い て ない,競合の不満・乗り換え,保護者,B,カテゴリ競合×比較/評判/料金/乗換え/特性,中,③B カテゴリ競合,家庭教師のノーバス,,,,UNSPECIFIED,比較検討・料金・申込 | ブランド・指名検索,KWP_CompetitorKeywordSeed
32597,家庭 教師 の ノーバス 向い て ない,CORE,代表,C09400,1,家庭 教師 の ノーバス 向い て ない,競合の不満・乗り換え,保護者,B,カテゴリ競合×比較/評判/料金/乗換え/特性,中,③B カテゴリ競合,家庭教師のノーバス,,,,UNSPECIFIED,サービス探し（家庭教師・塾・支援） | 比較検討・料金・申込 | ブランド・指名検索,KWP_CompetitorKeywordSeed
39626,ビザビ 向い て ない,CORE,代表,C09401,1,ビザビ 向い て ない,競合の不満・乗り換え,保護者,B,カテゴリ競合×比較/評判/料金/乗換え/特性,中,③B カテゴリ競合,栄光の個別ビザビ,,,,UNSPECIFIED,比較検討・料金・申込 | ブランド・指名検索,KWP_CompetitorKeywordSeed
39741,栄光 ビザビ 向い て ない,CORE,代表,C09402,1,栄光 ビザビ 向い て ない,競合の不満・乗り換え,保護者,B,カテゴリ競合×比較/評判/料金/乗換え/特性,中,③B カテゴリ競合,栄光の個別ビザビ,,,,UNSPECIFIED,比較検討・料金・申込 | ブランド・指名検索,KWP_CompetitorKeywordSeed
32853,家庭 教師 ファースト 向い て ない,CORE,代表,C09403,2,家庭 教師 ファースト 向い て ない,競合の不満・乗り換え,保護者,B,カテゴリ競合×比較/評判/料金/乗換え/特性,中,③B カテゴリ競合,家庭教師ファースト,,,,UNSPECIFIED,サービス探し（家庭教師・塾・支援） | 比較検討・料金・申込 | ブランド・指名検索,KWP_CompetitorKeywordSeed
35604,プレ ステップ オンライン 向い て ない,CORE,代表,C09405,1,プレ ステップ オンライン 向い て ない,競合の不満・乗り換え,保護者,B,直接競合（特性/不登校×1対1学習支援）,高,③A 直接競合,Preステップオンライン,,,,UNSPECIFIED,サービス探し（家庭教師・塾・支援） | 比較検討・料金・申込 | ブランド・指名検索,KWP_CompetitorKeywordSeed
33793,マスター 家庭 教師 向い て ない,CORE,代表,C09407,2,マスター 家庭 教師 向い て ない,競合の不満・乗り換え,保護者,B,カテゴリ競合×比較/評判/料金/乗換え/特性,中,③B カテゴリ競合,家庭教師のマスター,,,,UNSPECIFIED,サービス探し（家庭教師・塾・支援） | 比較検討・料金・申込 | ブランド・指名検索,KWP_CompetitorKeywordSeed
34918,マナブ テラス 向い て ない,CORE,代表,C09408,1,マナブ テラス 向い て ない,競合の不満・乗り換え,保護者,B,カテゴリ競合×比較/評判/料金/乗換え/特性,中,③B カテゴリ競合,まなぶてらす,,,,UNSPECIFIED,比較検討・料金・申込 | ブランド・指名検索,KWP_CompetitorKeywordSeed
34977,マナ リンク 向い て ない,CORE,代表,C09409,1,マナ リンク 向い て ない,競合の不満・乗り換え,保護者,B,カテゴリ競合×比較/評判/料金/乗換え/特性,中,③B カテゴリ競合,マナリンク,,,,UNSPECIFIED,比較検討・料金・申込 | ブランド・指名検索,KWP_CompetitorKeywordSeed
32093,メガスタ 向い て ない,CORE,代表,C09410,1,メガスタ 向い て ない,競合の不満・乗り換え,保護者,B,終了競合の乗換え需要,高,③X 終了サービス/乗換え,オンラインプロ教師のメガスタ,,,,UNSPECIFIED,比較検討・料金・申込 | ブランド・指名検索,KWP_CompetitorKeywordSeed
32157,メガスタ オンライン 向い て ない,CORE,代表,C09411,1,メガスタ オンライン 向い て ない,競合の不満・乗り換え,保護者,B,終了競合の乗換え需要,高,③X 終了サービス/乗換え,オンラインプロ教師のメガスタ,,,,UNSPECIFIED,サービス探し（家庭教師・塾・支援） | 比較検討・料金・申込 | ブランド・指名検索,KWP_CompetitorKeywordSeed
32777,ランナー 家庭 教師 向い て ない,CORE,代表,C09412,2,ランナー 家庭 教師 向い て ない,競合の不満・乗り換え,保護者,B,カテゴリ競合×比較/評判/料金/乗換え/特性,中,③B カテゴリ競合,家庭教師のランナー,,,,UNSPECIFIED,サービス探し（家庭教師・塾・支援） | 比較検討・料金・申込 | ブランド・指名検索,KWP_CompetitorKeywordSeed
35479,リ バランス 塾 向い て ない,CORE,代表,C09415,1,リ バランス 塾 向い て ない,競合の不満・乗り換え,保護者,B,直接競合（特性/不登校×1対1学習支援）,高,③A 直接競合,オンライン個別指導塾リバランス,,,,UNSPECIFIED,サービス探し（家庭教師・塾・支援） | 比較検討・料金・申込 | ブランド・指名検索,KWP_CompetitorKeywordSeed
37449,東京 個別 指導 学院 向い て ない,CORE,代表,C09418,1,東京 個別 指導 学院 向い て ない,競合の不満・乗り換え,保護者,B,カテゴリ競合×比較/評判/料金/乗換え/特性,中,③B カテゴリ競合,東京個別指導学院,,,,UNSPECIFIED,サービス探し（家庭教師・塾・支援） | 比較検討・料金・申込 | ブランド・指名検索 | 地域・近くで探す,KWP_CompetitorKeywordSeed
37801,東京 個別 向い て ない,CORE,代表,C09419,1,東京 個別 向い て ない,競合の不満・乗り換え,保護者,B,カテゴリ競合×比較/評判/料金/乗換え/特性,中,③B カテゴリ競合,東京個別指導学院,,,,UNSPECIFIED,比較検討・料金・申込 | ブランド・指名検索 | 地域・近くで探す,KWP_CompetitorKeywordSeed
33849,全国 家庭 教師 協会 向い て ない,CORE,代表,C09420,1,全国 家庭 教師 協会 向い て ない,競合の不満・乗り換え,保護者,B,カテゴリ競合×比較/評判/料金/乗換え/特性,中,③B カテゴリ競合,全国家庭教師協会,,,,UNSPECIFIED,サービス探し（家庭教師・塾・支援） | 比較検討・料金・申込 | ブランド・指名検索 | 地域・近くで探す,KWP_CompetitorKeywordSeed
33945,家庭 教師 協会 向い て ない,CORE,代表,C09421,1,家庭 教師 協会 向い て ない,競合の不満・乗り換え,保護者,B,カテゴリ競合×比較/評判/料金/乗換え/特性,中,③B カテゴリ競合,全国家庭教師協会,,,,UNSPECIFIED,サービス探し（家庭教師・塾・支援） | 比較検討・料金・申込 | ブランド・指名検索,KWP_CompetitorKeywordSeed
36937,明光 義塾 向い て ない,CORE,代表,C09424,1,明光 義塾 向い て ない,競合の不満・乗り換え,保護者,B,カテゴリ競合×比較/評判/料金/乗換え/特性,中,③B カテゴリ競合,個別指導の明光義塾,,,,UNSPECIFIED,サービス探し（家庭教師・塾・支援） | 比較検討・料金・申込 | ブランド・指名検索,KWP_CompetitorKeywordSeed
40423,森 塾 向い て ない,CORE,代表,C09425,1,森 塾 向い て ない,競合の不満・乗り換え,保護者,B,カテゴリ競合×比較/評判/料金/乗換え/特性,中,③B カテゴリ競合,森塾,,,,UNSPECIFIED,サービス探し（家庭教師・塾・支援） | 比較検討・料金・申込 | ブランド・指名検索,KWP_CompetitorKeywordSeed
41452,武田 塾 向い て ない,CORE,代表,C09426,1,武田 塾 向い て ない,競合の不満・乗り換え,保護者,B,カテゴリ競合×比較/評判/料金/乗換え/特性,中,③B カテゴリ競合,武田塾,,,,UNSPECIFIED,サービス探し（家庭教師・塾・支援） | 比較検討・料金・申込 | ブランド・指名検索,KWP_CompetitorKeywordSeed
33336,学研 家庭 教師 向い て ない,CORE,代表,C09428,2,学研 家庭 教師 向い て ない,競合の不満・乗り換え,保護者,B,カテゴリ競合×比較/評判/料金/乗換え/特性,中,③B カテゴリ競合,学研の家庭教師,,,,UNSPECIFIED,サービス探し（家庭教師・塾・支援） | 比較検討・料金・申込 | ブランド・指名検索,KWP_CompetitorKeywordSeed
34837,まなぶ てらす どっち,CORE,代表,C09442,1,まなぶ てらす どっち,競合の比較検討（評判・料金）,保護者,B,カテゴリ競合×比較/評判/料金/乗換え/特性,中,③B カテゴリ競合,まなぶてらす,,,,UNSPECIFIED,比較検討・料金・申込 | ブランド・指名検索,KWP_CompetitorKeywordSeed
34847,まなぶ てらす 合わ ない,CORE,代表,C09443,1,まなぶ てらす 合わ ない,競合の不満・乗り換え,保護者,B,カテゴリ競合×比較/評判/料金/乗換え/特性,中,③B カテゴリ競合,まなぶてらす,,,,UNSPECIFIED,合わない・断られた・乗り換え | ブランド・指名検索,KWP_CompetitorKeywordSeed
34860,まなぶ てらす グレー ゾーン,CORE,代表,C09446,1,まなぶ てらす グレー ゾーン,競合×特性/不登校対応の確認,保護者,B,カテゴリ競合×比較/評判/料金/乗換え/特性,中,③B カテゴリ競合,まなぶてらす,,,,UNSPECIFIED,ブランド・指名検索,KWP_CompetitorKeywordSeed
34871,まなぶ てらす グレー ゾーン 口コミ,CORE,代表,C09447,1,まなぶ てらす グレー ゾーン 口コミ,競合の比較検討（評判・料金）,保護者,B,カテゴリ競合×比較/評判/料金/乗換え/特性,中,③B カテゴリ競合,まなぶてらす,,,,UNSPECIFIED,比較検討・料金・申込 | ブランド・指名検索,KWP_CompetitorKeywordSeed
34883,まなぶ てらす グレー ゾーン 料金,CORE,代表,C09448,1,まなぶ てらす グレー ゾーン 料金,競合の比較検討（評判・料金）,保護者,B,カテゴリ競合×比較/評判/料金/乗換え/特性,中,③B カテゴリ競合,まなぶてらす,,,,UNSPECIFIED,比較検討・料金・申込 | ブランド・指名検索,KWP_CompetitorKeywordSeed
34877,まなぶ てらす グレー ゾーン 評判,CORE,代表,C09449,1,まなぶ てらす グレー ゾーン 評判,競合の比較検討（評判・料金）,保護者,B,カテゴリ競合×比較/評判/料金/乗換え/特性,中,③B カテゴリ競合,まなぶてらす,,,,UNSPECIFIED,比較検討・料金・申込 | ブランド・指名検索,KWP_CompetitorKeywordSeed
34823,まなぶ てらす レビュー,CORE,代表,C09453,1,まなぶ てらす レビュー,競合の比較検討（評判・料金）,保護者,B,カテゴリ競合×比較/評判/料金/乗換え/特性,中,③B カテゴリ競合,まなぶてらす,,,,UNSPECIFIED,比較検討・料金・申込 | ブランド・指名検索,KWP_CompetitorKeywordSeed
34876,まなぶ てらす 不 登校 口コミ,CORE,代表,C09454,1,まなぶ てらす 不 登校 口コミ,競合の比較検討（評判・料金）,保護者,B,カテゴリ競合×比較/評判/料金/乗換え/特性,中,③B カテゴリ競合,まなぶてらす,,,,UNSPECIFIED,比較検討・料金・申込 | 学校生活・不登校・学校種別 | ブランド・指名検索,KWP_CompetitorKeywordSeed
34888,まなぶ てらす 不 登校 料金,CORE,代表,C09455,1,まなぶ てらす 不 登校 料金,競合の比較検討（評判・料金）,保護者,B,カテゴリ競合×比較/評判/料金/乗換え/特性,中,③B カテゴリ競合,まなぶてらす,,,,UNSPECIFIED,比較検討・料金・申込 | 学校生活・不登校・学校種別 | ブランド・指名検索,KWP_CompetitorKeywordSeed
34865,まなぶ てらす 不 登校,CORE,代表,C09456,1,まなぶ てらす 不 登校,競合×特性/不登校対応の確認,保護者,B,カテゴリ競合×比較/評判/料金/乗換え/特性,中,③B カテゴリ競合,まなぶてらす,,,,UNSPECIFIED,学校生活・不登校・学校種別 | ブランド・指名検索,KWP_CompetitorKeywordSeed
34882,まなぶ てらす 不 登校 評判,CORE,代表,C09457,1,まなぶ てらす 不 登校 評判,競合の比較検討（評判・料金）,保護者,B,カテゴリ競合×比較/評判/料金/乗換え/特性,中,③B カテゴリ競合,まなぶてらす,,,,UNSPECIFIED,比較検討・料金・申込 | 学校生活・不登校・学校種別 | ブランド・指名検索,KWP_CompetitorKeywordSeed
34854,まなぶ てらす 体験,CORE,代表,C09461,1,まなぶ てらす 体験,競合の比較検討（評判・料金）,保護者,B,カテゴリ競合×比較/評判/料金/乗換え/特性,中,③B カテゴリ競合,まなぶてらす,,,,UNSPECIFIED,比較検討・料金・申込 | ブランド・指名検索,KWP_CompetitorKeywordSeed
34855,まなぶ てらす 体験 授業,CORE,代表,C09462,1,まなぶ てらす 体験 授業,競合の比較検討（評判・料金）,保護者,B,カテゴリ競合×比較/評判/料金/乗換え/特性,中,③B カテゴリ競合,まなぶてらす,,,,UNSPECIFIED,比較検討・料金・申込 | 学習のやり方・学習課題 | ブランド・指名検索,KWP_CompetitorKeywordSeed
34853,まなぶ てらす 無料 体験,CORE,代表,C09463,1,まなぶ てらす 無料 体験,競合の比較検討（評判・料金）,保護者,B,カテゴリ競合×比較/評判/料金/乗換え/特性,中,③B カテゴリ競合,まなぶてらす,,,,UNSPECIFIED,比較検討・料金・申込 | ブランド・指名検索,KWP_CompetitorKeywordSeed
34824,まなぶ てらす 体験 談,CORE,代表,C09464,1,まなぶ てらす 体験 談,競合の比較検討（評判・料金）,保護者,B,カテゴリ競合×比較/評判/料金/乗換え/特性,中,③B カテゴリ競合,まなぶてらす,,,,UNSPECIFIED,比較検討・料金・申込 | ブランド・指名検索,KWP_CompetitorKeywordSeed
34859,まなぶ てらす 入会,CORE,代表,C09465,1,まなぶ てらす 入会,競合の比較検討（評判・料金）,保護者,B,カテゴリ競合×比較/評判/料金/乗換え/特性,中,③B カテゴリ競合,まなぶてらす,,,,UNSPECIFIED,比較検討・料金・申込 | ブランド・指名検索,KWP_CompetitorKeywordSeed
34831,まなぶ てらす 入会 金,CORE,代表,C09466,1,まなぶ てらす 入会 金,競合の比較検討（評判・料金）,保護者,B,カテゴリ競合×比較/評判/料金/乗換え/特性,中,③B カテゴリ競合,まなぶてらす,,,,UNSPECIFIED,比較検討・料金・申込 | ブランド・指名検索,KWP_CompetitorKeywordSeed
1685,まなぶ てらす 口コミ,CORE,代表,C09469,2,まなぶ てらす 口コミ,競合の比較検討（評判・料金）,保護者,B,カテゴリ競合×比較/評判/料金/乗換え/特性,中,③B カテゴリ競合,まなぶてらす,50,228.0,693.0,MEDIUM,比較検討・料金・申込 | ブランド・指名検索,KWP_KeywordSeed || KWP_CompetitorKeywordSeed
34875,まなぶ てらす 境界 知能 口コミ,CORE,代表,C09470,1,まなぶ てらす 境界 知能 口コミ,競合の比較検討（評判・料金）,保護者,B,カテゴリ競合×比較/評判/料金/乗換え/特性,中,③B カテゴリ競合,まなぶてらす,,,,UNSPECIFIED,比較検討・料金・申込 | ブランド・指名検索,KWP_CompetitorKeywordSeed
34873,まなぶ てらす ld 口コミ,CORE,代表,C09471,2,まなぶ てらす ld 口コミ,競合の比較検討（評判・料金）,保護者,B,カテゴリ競合×比較/評判/料金/乗換え/特性,中,③B カテゴリ競合,まなぶてらす,,,,UNSPECIFIED,比較検討・料金・申込 | ブランド・指名検索,KWP_CompetitorKeywordSeed
1822,まなぶ てらす 講師 口コミ,CORE,代表,C09472,2,まなぶ てらす 講師 口コミ,競合の比較検討（評判・料金）,保護者,B,カテゴリ競合×比較/評判/料金/乗換え/特性,中,③B カテゴリ競合,まなぶてらす,20,200.0,1333.0,LOW,比較検討・料金・申込 | ブランド・指名検索,KWP_KeywordSeed || KWP_UrlSeed || KWP_CompetitorKeywordSeed || Google_competitor_suggest
34887,まなぶ てらす 境界 知能 料金,CORE,代表,C09473,1,まなぶ てらす 境界 知能 料金,競合の比較検討（評判・料金）,保護者,B,カテゴリ競合×比較/評判/料金/乗換え/特性,中,③B カテゴリ競合,まなぶてらす,,,,UNSPECIFIED,比較検討・料金・申込 | ブランド・指名検索,KWP_CompetitorKeywordSeed
34864,まなぶ てらす 境界 知能,CORE,代表,C09474,1,まなぶ てらす 境界 知能,競合×特性/不登校対応の確認,保護者,B,カテゴリ競合×比較/評判/料金/乗換え/特性,中,③B カテゴリ競合,まなぶてらす,,,,UNSPECIFIED,ブランド・指名検索,KWP_CompetitorKeywordSeed
34881,まなぶ てらす 境界 知能 評判,CORE,代表,C09475,1,まなぶ てらす 境界 知能 評判,競合の比較検討（評判・料金）,保護者,B,カテゴリ競合×比較/評判/料金/乗換え/特性,中,③B カテゴリ競合,まなぶてらす,,,,UNSPECIFIED,比較検討・料金・申込 | ブランド・指名検索,KWP_CompetitorKeywordSeed
34845,まなぶ てらす 失敗,CORE,代表,C09476,1,まなぶ てらす 失敗,競合の不満・乗り換え,保護者,B,カテゴリ競合×比較/評判/料金/乗換え/特性,中,③B カテゴリ競合,まなぶてらす,,,,UNSPECIFIED,比較検討・料金・申込 | ブランド・指名検索,KWP_CompetitorKeywordSeed
34885,まなぶ てらす ld 料金,CORE,代表,C09477,2,まなぶ てらす ld 料金,競合の比較検討（評判・料金）,保護者,B,カテゴリ競合×比較/評判/料金/乗換え/特性,中,③B カテゴリ競合,まなぶてらす,,,,UNSPECIFIED,比較検討・料金・申込 | ブランド・指名検索,KWP_CompetitorKeywordSeed
34879,まなぶ てらす ld 評判,CORE,代表,C09478,2,まなぶ てらす ld 評判,競合の比較検討（評判・料金）,保護者,B,カテゴリ競合×比較/評判/料金/乗換え/特性,中,③B カテゴリ競合,まなぶてらす,,,,UNSPECIFIED,比較検討・料金・申込 | ブランド・指名検索,KWP_CompetitorKeywordSeed
34862,まなぶ てらす ld,CORE,代表,C09479,2,まなぶ てらす ld,競合×特性/不登校対応の確認,保護者,B,カテゴリ競合×比較/評判/料金/乗換え/特性,中,③B カテゴリ競合,まなぶてらす,,,,UNSPECIFIED,ブランド・指名検索,KWP_CompetitorKeywordSeed
34834,まなぶ てらす 安い,CORE,代表,C09480,1,まなぶ てらす 安い,競合の比較検討（評判・料金）,保護者,B,カテゴリ競合×比較/評判/料金/乗換え/特性,中,③B カテゴリ競合,まなぶてらす,,,,UNSPECIFIED,比較検討・料金・申込 | ブランド・指名検索,KWP_CompetitorKeywordSeed
34846,まなぶ てらす 後悔,CORE,代表,C09483,1,まなぶ てらす 後悔,競合の不満・乗り換え,保護者,B,カテゴリ競合×比較/評判/料金/乗換え/特性,中,③B カテゴリ競合,まなぶてらす,,,,UNSPECIFIED,比較検討・料金・申込 | ブランド・指名検索,KWP_CompetitorKeywordSeed
34843,まなぶ てらす 怪しい,CORE,代表,C09484,1,まなぶ てらす 怪しい,競合の不満・乗り換え,保護者,B,カテゴリ競合×比較/評判/料金/乗換え/特性,中,③B カテゴリ競合,まなぶてらす,,,,UNSPECIFIED,比較検討・料金・申込 | ブランド・指名検索,KWP_CompetitorKeywordSeed
34825,まなぶ てらす 感想,CORE,代表,C09485,1,まなぶ てらす 感想,競合の比較検討（評判・料金）,保護者,B,カテゴリ競合×比較/評判/料金/乗換え/特性,中,③B カテゴリ競合,まなぶてらす,,,,UNSPECIFIED,比較検討・料金・申込 | ブランド・指名検索,KWP_CompetitorKeywordSeed
1728,まなぶ てらす 料金,CORE,代表,C09487,5,まなぶ てらす 料金,競合の比較検討（評判・料金）,保護者,B,カテゴリ競合×比較/評判/料金/乗換え/特性,中,③B カテゴリ競合,まなぶてらす,10,,,LOW,比較検討・料金・申込 | ブランド・指名検索,KWP_KeywordSeed || KWP_CompetitorKeywordSeed || Google_competitor_SERP || Google_competitor_suggest
34844,まなぶ てらす 最悪,CORE,代表,C09488,1,まなぶ てらす 最悪,競合の不満・乗り換え,保護者,B,カテゴリ競合×比較/評判/料金/乗換え/特性,中,③B カテゴリ競合,まなぶてらす,,,,UNSPECIFIED,比較検討・料金・申込 | ブランド・指名検索,KWP_CompetitorKeywordSeed
34835,まなぶ てらす 比較,CORE,代表,C09490,1,まなぶ てらす 比較,競合の比較検討（評判・料金）,保護者,B,カテゴリ競合×比較/評判/料金/乗換え/特性,中,③B カテゴリ競合,まなぶてらす,,,,UNSPECIFIED,比較検討・料金・申込 | ブランド・指名検索,KWP_CompetitorKeywordSeed
34858,まなぶ てらす 申し込み,CORE,代表,C09492,1,まなぶ てらす 申し込み,競合の比較検討（評判・料金）,保護者,B,カテゴリ競合×比較/評判/料金/乗換え/特性,中,③B カテゴリ競合,まなぶてらす,,,,UNSPECIFIED,比較検討・料金・申込 | ブランド・指名検索,KWP_CompetitorKeywordSeed
34852,まなぶ てらす 解約,CORE,代表,C09493,1,まなぶ てらす 解約,競合の不満・乗り換え,保護者,B,カテゴリ競合×比較/評判/料金/乗換え/特性,中,③B カテゴリ競合,まなぶてらす,,,,UNSPECIFIED,比較検討・料金・申込 | ブランド・指名検索,KWP_CompetitorKeywordSeed
34826,まなぶ てらす 評価,CORE,代表,C09494,1,まなぶ てらす 評価,競合の比較検討（評判・料金）,保護者,B,カテゴリ競合×比較/評判/料金/乗換え/特性,中,③B カテゴリ競合,まなぶてらす,,,,UNSPECIFIED,比較検討・料金・申込 | ブランド・指名検索,KWP_CompetitorKeywordSeed
34819,まなぶ てらす 評判,CORE,代表,C09495,2,まなぶ てらす 評判,競合の比較検討（評判・料金）,保護者,B,カテゴリ競合×比較/評判/料金/乗換え/特性,中,③B カテゴリ競合,まなぶてらす,10,,,LOW,比較検討・料金・申込 | ブランド・指名検索,KWP_CompetitorKeywordSeed
34857,まなぶ てらす 資料 請求,CORE,代表,C09496,1,まなぶ てらす 資料 請求,競合の比較検討（評判・料金）,保護者,B,カテゴリ競合×比較/評判/料金/乗換え/特性,中,③B カテゴリ競合,まなぶてらす,,,,UNSPECIFIED,比較検討・料金・申込 | ブランド・指名検索,KWP_CompetitorKeywordSeed
34827,まなぶ てらす 費用,CORE,代表,C09498,2,まなぶ てらす 費用,競合の比較検討（評判・料金）,保護者,B,カテゴリ競合×比較/評判/料金/乗換え/特性,中,③B カテゴリ競合,まなぶてらす,10,,,UNSPECIFIED,比較検討・料金・申込 | ブランド・指名検索,KWP_CompetitorKeywordSeed
34851,まなぶ てらす 退会,CORE,代表,C09499,1,まなぶ てらす 退会,競合の不満・乗り換え,保護者,B,カテゴリ競合×比較/評判/料金/乗換え/特性,中,③B カテゴリ競合,まなぶてらす,,,,UNSPECIFIED,合わない・断られた・乗り換え | ブランド・指名検索,KWP_CompetitorKeywordSeed
34833,まなぶ てらす 高い,CORE,代表,C09501,1,まなぶ てらす 高い,競合の比較検討（評判・料金）,保護者,B,カテゴリ競合×比較/評判/料金/乗換え/特性,中,③B カテゴリ競合,まなぶてらす,,,,UNSPECIFIED,比較検討・料金・申込 | ブランド・指名検索,KWP_CompetitorKeywordSeed
45065,発達障害塾どうしてる,CORE,代表,C09503,2,発達障害塾どうしてる,サービス探し（特性/不登校×学習支援）,保護者,A,特性/不登校×家庭教師・塾・個別,高,②顕在,,260,134.0,479.0,MEDIUM,サービス探し（家庭教師・塾・支援）,Google_related_search || Google_suggest
31307,家庭 教師 の トライ やめる とき,CORE,代表,C09814,1,家庭 教師 の トライ やめる とき,競合の不満・乗り換え,保護者,B,カテゴリ競合×比較/評判/料金/乗換え/特性,中,③B カテゴリ競合,家庭教師のトライ,10,,,LOW,サービス探し（家庭教師・塾・支援） | 合わない・断られた・乗り換え | ブランド・指名検索,KWP_CompetitorKeywordSeed
41305,武田 塾 やめ とけ 知恵袋,CORE,代表,C09833,1,武田 塾 やめ とけ 知恵袋,競合の比較検討（評判・料金）,保護者,B,カテゴリ競合×比較/評判/料金/乗換え/特性,中,③B カテゴリ競合,武田塾,30,,,LOW,サービス探し（家庭教師・塾・支援） | 比較検討・料金・申込 | ブランド・指名検索,KWP_CompetitorKeywordSeed
47713,ティントルージュとは,CORE,代表,C09871,1,ティントルージュとは,競合指名・周辺,保護者,B,直接競合（特性/不登校×1対1学習支援）,高,③A 直接競合,ティントル,30,,,LOW,ブランド・指名検索 | 特性そのものを調べる（とは・特徴・チェック）,Google_competitor_suggest
1812,メガスタ と は,CORE,代表,C09901,2,メガスタ と は,競合指名・周辺,保護者,B,終了競合の乗換え需要,高,③X 終了サービス/乗換え,オンラインプロ教師のメガスタ,90,,,LOW,ブランド・指名検索 | 特性そのものを調べる（とは・特徴・チェック）,KWP_KeywordSeed || KWP_CompetitorKeywordSeed
42804,は な た に 塾 どっち,CORE,代表,C10051,1,は な た に 塾 どっち,競合の比較検討（評判・料金）,保護者,B,カテゴリ競合×比較/評判/料金/乗換え/特性,中,③B カテゴリ競合,はなたに塾,,,,UNSPECIFIED,サービス探し（家庭教師・塾・支援） | 比較検討・料金・申込 | ブランド・指名検索,KWP_CompetitorKeywordSeed
33546,やる気 アシスト どっち,CORE,代表,C10052,1,やる気 アシスト どっち,競合の比較検討（評判・料金）,保護者,B,カテゴリ競合×比較/評判/料金/乗換え/特性,中,③B カテゴリ競合,家庭教師のやる気アシスト,,,,UNSPECIFIED,比較検討・料金・申込 | 学習のやり方・学習課題 | ブランド・指名検索,KWP_CompetitorKeywordSeed
33615,家庭 教師 の やる気 アシスト どっち,CORE,代表,C10053,1,家庭 教師 の やる気 アシスト どっち,競合の比較検討（評判・料金）,保護者,B,カテゴリ競合×比較/評判/料金/乗換え/特性,中,③B カテゴリ競合,家庭教師のやる気アシスト,,,,UNSPECIFIED,サービス探し（家庭教師・塾・支援） | 比較検討・料金・申込 | 学習のやり方・学習課題 | ブランド・指名検索,KWP_CompetitorKeywordSeed
39881,アクシス 塾 どっち,CORE,代表,C10054,1,アクシス 塾 どっち,競合の比較検討（評判・料金）,保護者,B,カテゴリ競合×比較/評判/料金/乗換え/特性,中,③B カテゴリ競合,個別指導Axis,,,,UNSPECIFIED,サービス探し（家庭教師・塾・支援） | 比較検討・料金・申込 | ブランド・指名検索,KWP_CompetitorKeywordSeed
31929,トライ オンライン どっち,CORE,代表,C10058,1,トライ オンライン どっち,競合の比較検討（評判・料金）,保護者,B,カテゴリ競合×比較/評判/料金/乗換え/特性,中,③B カテゴリ競合,トライのオンライン個別指導塾,,,,UNSPECIFIED,サービス探し（家庭教師・塾・支援） | 比較検討・料金・申込 | ブランド・指名検索,KWP_CompetitorKeywordSeed
31995,トライ の オンライン 個別 指導 塾 どっち,CORE,代表,C10059,1,トライ の オンライン 個別 指導 塾 どっち,競合の比較検討（評判・料金）,保護者,B,カテゴリ競合×比較/評判/料金/乗換え/特性,中,③B カテゴリ競合,トライのオンライン個別指導塾,,,,UNSPECIFIED,サービス探し（家庭教師・塾・支援） | 比較検討・料金・申込 | ブランド・指名検索,KWP_CompetitorKeywordSeed
33485,ガンバ 家庭 教師 どっち,CORE,代表,C10061,2,ガンバ 家庭 教師 どっち,競合の比較検討（評判・料金）,保護者,B,カテゴリ競合×比較/評判/料金/乗換え/特性,中,③B カテゴリ競合,家庭教師のガンバ,,,,UNSPECIFIED,サービス探し（家庭教師・塾・支援） | 比較検討・料金・申込 | ブランド・指名検索,KWP_CompetitorKeywordSeed
42400,キズキ 共 育 塾 どっち,CORE,代表,C10063,1,キズキ 共 育 塾 どっち,競合の比較検討（評判・料金）,保護者,B,直接競合（特性/不登校×1対1学習支援）,高,③A 直接競合,キズキ共育塾,,,,UNSPECIFIED,サービス探し（家庭教師・塾・支援） | 比較検討・料金・申込 | ブランド・指名検索,KWP_CompetitorKeywordSeed
34531,キズキ 家庭 教師 どっち,CORE,代表,C10064,1,キズキ 家庭 教師 どっち,競合の比較検討（評判・料金）,保護者,B,直接競合（特性/不登校×1対1学習支援）,高,③A 直接競合,キズキプロ家庭教師,,,,UNSPECIFIED,サービス探し（家庭教師・塾・支援） | 比較検討・料金・申込 | ブランド・指名検索,KWP_CompetitorKeywordSeed
34444,キズキプロ 家庭 教師 どっち,CORE,代表,C10065,1,キズキプロ 家庭 教師 どっち,競合の比較検討（評判・料金）,保護者,B,直接競合（特性/不登校×1対1学習支援）,高,③A 直接競合,キズキプロ家庭教師,,,,UNSPECIFIED,サービス探し（家庭教師・塾・支援） | 比較検討・料金・申込 | ブランド・指名検索,KWP_CompetitorKeywordSeed
33169,家庭 教師 の サクシード どっち,CORE,代表,C10070,1,家庭 教師 の サクシード どっち,競合の比較検討（評判・料金）,保護者,B,カテゴリ競合×比較/評判/料金/乗換え/特性,中,③B カテゴリ競合,家庭教師のサクシード,,,,UNSPECIFIED,サービス探し（家庭教師・塾・支援） | 比較検討・料金・申込 | ブランド・指名検索,KWP_CompetitorKeywordSeed
35231,ジップス 家庭 教師 どっち,CORE,代表,C10072,1,ジップス 家庭 教師 どっち,競合の比較検討（評判・料金）,保護者,B,カテゴリ競合×比較/評判/料金/乗換え/特性,中,③B カテゴリ競合,オンライン家庭教師GIPS,,,,UNSPECIFIED,サービス探し（家庭教師・塾・支援） | 比較検討・料金・申込 | ブランド・指名検索,KWP_CompetitorKeywordSeed
34354,ジャンプ 家庭 教師 どっち,CORE,代表,C10073,2,ジャンプ 家庭 教師 どっち,競合の比較検討（評判・料金）,保護者,B,直接競合（特性/不登校×1対1学習支援）,高,③A 直接競合,プロ家庭教師のジャンプ,,,,UNSPECIFIED,サービス探し（家庭教師・塾・支援） | 比較検討・料金・申込 | ブランド・指名検索,KWP_CompetitorKeywordSeed
34410,メガジュン どっち,CORE,代表,C10074,1,メガジュン どっち,競合の比較検討（評判・料金）,保護者,B,直接競合（特性/不登校×1対1学習支援）,高,③A 直接競合,メガジュン,,,,UNSPECIFIED,比較検討・料金・申込 | ブランド・指名検索,KWP_CompetitorKeywordSeed
41847,スクール ワン どっち,CORE,代表,C10075,1,スクール ワン どっち,競合の比較検討（評判・料金）,保護者,B,カテゴリ競合×比較/評判/料金/乗換え/特性,中,③B カテゴリ競合,京進スクール・ワン,,,,UNSPECIFIED,比較検討・料金・申込 | ブランド・指名検索,KWP_CompetitorKeywordSeed
42120,京 進 スクール ワン どっち,CORE,代表,C10076,1,京 進 スクール ワン どっち,競合の比較検討（評判・料金）,保護者,B,カテゴリ競合×比較/評判/料金/乗換え/特性,中,③B カテゴリ競合,京進スクール・ワン,,,,UNSPECIFIED,比較検討・料金・申込 | ブランド・指名検索,KWP_CompetitorKeywordSeed
42545,スタディ ホップ どっち,CORE,代表,C10078,1,スタディ ホップ どっち,競合の比較検討（評判・料金）,保護者,B,直接競合（特性/不登校×1対1学習支援）,高,③A 直接競合,個別指導塾スタディホップ,,,,UNSPECIFIED,比較検討・料金・申込 | ブランド・指名検索,KWP_CompetitorKeywordSeed
41651,フリー ステップ どっち,CORE,代表,C10079,1,フリー ステップ どっち,競合の比較検討（評判・料金）,保護者,B,カテゴリ競合×比較/評判/料金/乗換え/特性,中,③B カテゴリ競合,フリーステップ,,,,UNSPECIFIED,比較検討・料金・申込 | ブランド・指名検索,KWP_CompetitorKeywordSeed
34588,ティントル どっち,CORE,代表,C10080,1,ティントル どっち,競合の比較検討（評判・料金）,保護者,B,直接競合（特性/不登校×1対1学習支援）,高,③A 直接競合,ティントル,,,,UNSPECIFIED,比較検討・料金・申込 | ブランド・指名検索,KWP_CompetitorKeywordSeed
44705,トウコベ どっち,CORE,代表,C10081,1,トウコベ どっち,競合の比較検討（評判・料金）,保護者,B,カテゴリ競合×比較/評判/料金/乗換え/特性,中,③B カテゴリ競合,トウコベ,,,,UNSPECIFIED,比較検討・料金・申込 | ブランド・指名検索,KWP_CompetitorKeywordSeed
31872,トライ 個別 どっち,CORE,代表,C10083,1,トライ 個別 どっち,競合の比較検討（評判・料金）,保護者,B,カテゴリ競合×比較/評判/料金/乗換え/特性,中,③B カテゴリ競合,個別教室のトライ,,,,UNSPECIFIED,比較検討・料金・申込 | ブランド・指名検索,KWP_CompetitorKeywordSeed
31747,個別 教室 の トライ どっち,CORE,代表,C10084,1,個別 教室 の トライ どっち,競合の比較検討（評判・料金）,保護者,B,カテゴリ競合×比較/評判/料金/乗換え/特性,中,③B カテゴリ競合,個別教室のトライ,,,,UNSPECIFIED,比較検討・料金・申込 | ブランド・指名検索,KWP_CompetitorKeywordSeed
31458,家庭 教師 の トライ どっち,CORE,代表,C10085,1,家庭 教師 の トライ どっち,競合の比較検討（評判・料金）,保護者,B,カテゴリ競合×比較/評判/料金/乗換え/特性,中,③B カテゴリ競合,家庭教師のトライ,,,,UNSPECIFIED,サービス探し（家庭教師・塾・支援） | 比較検討・料金・申込 | ブランド・指名検索,KWP_CompetitorKeywordSeed
40600,トーマス 塾 どっち,CORE,代表,C10086,1,トーマス 塾 どっち,競合の比較検討（評判・料金）,保護者,B,カテゴリ競合×比較/評判/料金/乗換え/特性,中,③B カテゴリ競合,TOMAS,,,,UNSPECIFIED,サービス探し（家庭教師・塾・支援） | 比較検討・料金・申込 | ブランド・指名検索,KWP_CompetitorKeywordSeed
39505,ナビ 個別 どっち,CORE,代表,C10088,1,ナビ 個別 どっち,競合の比較検討（評判・料金）,保護者,B,カテゴリ競合×比較/評判/料金/乗換え/特性,中,③B カテゴリ競合,ナビ個別指導学院,,,,UNSPECIFIED,比較検討・料金・申込 | ブランド・指名検索,KWP_CompetitorKeywordSeed
39401,ナビ 個別 指導 学院 どっち,CORE,代表,C10089,1,ナビ 個別 指導 学院 どっち,競合の比較検討（評判・料金）,保護者,B,カテゴリ競合×比較/評判/料金/乗換え/特性,中,③B カテゴリ競合,ナビ個別指導学院,,,,UNSPECIFIED,サービス探し（家庭教師・塾・支援） | 比較検討・料金・申込 | ブランド・指名検索,KWP_CompetitorKeywordSeed
32513,ノーバス どっち,CORE,代表,C10091,1,ノーバス どっち,競合の比較検討（評判・料金）,保護者,B,カテゴリ競合×比較/評判/料金/乗換え/特性,中,③B カテゴリ競合,家庭教師のノーバス,,,,UNSPECIFIED,比較検討・料金・申込 | ブランド・指名検索,KWP_CompetitorKeywordSeed
32587,家庭 教師 の ノーバス どっち,CORE,代表,C10092,1,家庭 教師 の ノーバス どっち,競合の比較検討（評判・料金）,保護者,B,カテゴリ競合×比較/評判/料金/乗換え/特性,中,③B カテゴリ競合,家庭教師のノーバス,,,,UNSPECIFIED,サービス探し（家庭教師・塾・支援） | 比較検討・料金・申込 | ブランド・指名検索,KWP_CompetitorKeywordSeed
39614,ビザビ どっち,CORE,代表,C10094,1,ビザビ どっち,競合の比較検討（評判・料金）,保護者,B,カテゴリ競合×比較/評判/料金/乗換え/特性,中,③B カテゴリ競合,栄光の個別ビザビ,,,,UNSPECIFIED,比較検討・料金・申込 | ブランド・指名検索,KWP_CompetitorKeywordSeed
39730,栄光 ビザビ どっち,CORE,代表,C10095,1,栄光 ビザビ どっち,競合の比較検討（評判・料金）,保護者,B,カテゴリ競合×比較/評判/料金/乗換え/特性,中,③B カテゴリ競合,栄光の個別ビザビ,,,,UNSPECIFIED,比較検討・料金・申込 | ブランド・指名検索,KWP_CompetitorKeywordSeed
32842,家庭 教師 ファースト どっち,CORE,代表,C10096,2,家庭 教師 ファースト どっち,競合の比較検討（評判・料金）,保護者,B,カテゴリ競合×比較/評判/料金/乗換え/特性,中,③B カテゴリ競合,家庭教師ファースト,,,,UNSPECIFIED,サービス探し（家庭教師・塾・支援） | 比較検討・料金・申込 | ブランド・指名検索,KWP_CompetitorKeywordSeed
35593,プレ ステップ オンライン どっち,CORE,代表,C10098,1,プレ ステップ オンライン どっち,競合の比較検討（評判・料金）,保護者,B,直接競合（特性/不登校×1対1学習支援）,高,③A 直接競合,Preステップオンライン,,,,UNSPECIFIED,サービス探し（家庭教師・塾・支援） | 比較検討・料金・申込 | ブランド・指名検索,KWP_CompetitorKeywordSeed
33782,マスター 家庭 教師 どっち,CORE,代表,C10100,2,マスター 家庭 教師 どっち,競合の比較検討（評判・料金）,保護者,B,カテゴリ競合×比較/評判/料金/乗換え/特性,中,③B カテゴリ競合,家庭教師のマスター,,,,UNSPECIFIED,サービス探し（家庭教師・塾・支援） | 比較検討・料金・申込 | ブランド・指名検索,KWP_CompetitorKeywordSeed
34907,マナブ テラス どっち,CORE,代表,C10101,1,マナブ テラス どっち,競合の比較検討（評判・料金）,保護者,B,カテゴリ競合×比較/評判/料金/乗換え/特性,中,③B カテゴリ競合,まなぶてらす,,,,UNSPECIFIED,比較検討・料金・申込 | ブランド・指名検索,KWP_CompetitorKeywordSeed
34966,マナ リンク どっち,CORE,代表,C10102,1,マナ リンク どっち,競合の比較検討（評判・料金）,保護者,B,カテゴリ競合×比較/評判/料金/乗換え/特性,中,③B カテゴリ競合,マナリンク,,,,UNSPECIFIED,比較検討・料金・申込 | ブランド・指名検索,KWP_CompetitorKeywordSeed
32080,メガスタ どっち,CORE,代表,C10103,1,メガスタ どっち,競合の比較検討（評判・料金）,保護者,B,終了競合の乗換え需要,高,③X 終了サービス/乗換え,オンラインプロ教師のメガスタ,,,,UNSPECIFIED,比較検討・料金・申込 | ブランド・指名検索,KWP_CompetitorKeywordSeed
32146,メガスタ オンライン どっち,CORE,代表,C10104,1,メガスタ オンライン どっち,競合の比較検討（評判・料金）,保護者,B,終了競合の乗換え需要,高,③X 終了サービス/乗換え,オンラインプロ教師のメガスタ,,,,UNSPECIFIED,サービス探し（家庭教師・塾・支援） | 比較検討・料金・申込 | ブランド・指名検索,KWP_CompetitorKeywordSeed
32766,ランナー 家庭 教師 どっち,CORE,代表,C10105,2,ランナー 家庭 教師 どっち,競合の比較検討（評判・料金）,保護者,B,カテゴリ競合×比較/評判/料金/乗換え/特性,中,③B カテゴリ競合,家庭教師のランナー,,,,UNSPECIFIED,サービス探し（家庭教師・塾・支援） | 比較検討・料金・申込 | ブランド・指名検索,KWP_CompetitorKeywordSeed
35468,リ バランス 塾 どっち,CORE,代表,C10108,1,リ バランス 塾 どっち,競合の比較検討（評判・料金）,保護者,B,直接競合（特性/不登校×1対1学習支援）,高,③A 直接競合,オンライン個別指導塾リバランス,,,,UNSPECIFIED,サービス探し（家庭教師・塾・支援） | 比較検討・料金・申込 | ブランド・指名検索,KWP_CompetitorKeywordSeed
37434,東京 個別 指導 学院 どっち,CORE,代表,C10109,1,東京 個別 指導 学院 どっち,競合の比較検討（評判・料金）,保護者,B,カテゴリ競合×比較/評判/料金/乗換え/特性,中,③B カテゴリ競合,東京個別指導学院,,,,UNSPECIFIED,サービス探し（家庭教師・塾・支援） | 比較検討・料金・申込 | ブランド・指名検索 | 地域・近くで探す,KWP_CompetitorKeywordSeed
37789,東京 個別 どっち,CORE,代表,C10110,1,東京 個別 どっち,競合の比較検討（評判・料金）,保護者,B,カテゴリ競合×比較/評判/料金/乗換え/特性,中,③B カテゴリ競合,東京個別指導学院,,,,UNSPECIFIED,比較検討・料金・申込 | ブランド・指名検索 | 地域・近くで探す,KWP_CompetitorKeywordSeed
33838,全国 家庭 教師 協会 どっち,CORE,代表,C10111,1,全国 家庭 教師 協会 どっち,競合の比較検討（評判・料金）,保護者,B,カテゴリ競合×比較/評判/料金/乗換え/特性,中,③B カテゴリ競合,全国家庭教師協会,,,,UNSPECIFIED,サービス探し（家庭教師・塾・支援） | 比較検討・料金・申込 | ブランド・指名検索 | 地域・近くで探す,KWP_CompetitorKeywordSeed
33934,家庭 教師 協会 どっち,CORE,代表,C10112,1,家庭 教師 協会 どっち,競合の比較検討（評判・料金）,保護者,B,カテゴリ競合×比較/評判/料金/乗換え/特性,中,③B カテゴリ競合,全国家庭教師協会,,,,UNSPECIFIED,サービス探し（家庭教師・塾・支援） | 比較検討・料金・申込 | ブランド・指名検索,KWP_CompetitorKeywordSeed
36922,明光 義塾 どっち,CORE,代表,C10115,1,明光 義塾 どっち,競合の比較検討（評判・料金）,保護者,B,カテゴリ競合×比較/評判/料金/乗換え/特性,中,③B カテゴリ競合,個別指導の明光義塾,,,,UNSPECIFIED,サービス探し（家庭教師・塾・支援） | 比較検討・料金・申込 | ブランド・指名検索,KWP_CompetitorKeywordSeed
40404,森 塾 どっち,CORE,代表,C10116,1,森 塾 どっち,競合の比較検討（評判・料金）,保護者,B,カテゴリ競合×比較/評判/料金/乗換え/特性,中,③B カテゴリ競合,森塾,,,,UNSPECIFIED,サービス探し（家庭教師・塾・支援） | 比較検討・料金・申込 | ブランド・指名検索,KWP_CompetitorKeywordSeed
41440,武田 塾 どっち,CORE,代表,C10117,1,武田 塾 どっち,競合の比較検討（評判・料金）,保護者,B,カテゴリ競合×比較/評判/料金/乗換え/特性,中,③B カテゴリ競合,武田塾,,,,UNSPECIFIED,サービス探し（家庭教師・塾・支援） | 比較検討・料金・申込 | ブランド・指名検索,KWP_CompetitorKeywordSeed
33324,学研 家庭 教師 どっち,CORE,代表,C10119,2,学研 家庭 教師 どっち,競合の比較検討（評判・料金）,保護者,B,カテゴリ競合×比較/評判/料金/乗換え/特性,中,③B カテゴリ競合,学研の家庭教師,,,,UNSPECIFIED,サービス探し（家庭教師・塾・支援） | 比較検討・料金・申込 | ブランド・指名検索,KWP_CompetitorKeywordSeed
42814,は な た に 塾 合わ ない,CORE,代表,C10130,1,は な た に 塾 合わ ない,競合の不満・乗り換え,保護者,B,カテゴリ競合×比較/評判/料金/乗換え/特性,中,③B カテゴリ競合,はなたに塾,,,,UNSPECIFIED,サービス探し（家庭教師・塾・支援） | 合わない・断られた・乗り換え | ブランド・指名検索,KWP_CompetitorKeywordSeed
33556,やる気 アシスト 合わ ない,CORE,代表,C10163,1,やる気 アシスト 合わ ない,競合の不満・乗り換え,保護者,B,カテゴリ競合×比較/評判/料金/乗換え/特性,中,③B カテゴリ競合,家庭教師のやる気アシスト,,,,UNSPECIFIED,学習のやり方・学習課題 | 合わない・断られた・乗り換え | ブランド・指名検索,KWP_CompetitorKeywordSeed
33625,家庭 教師 の やる気 アシスト 合わ ない,CORE,代表,C10164,1,家庭 教師 の やる気 アシスト 合わ ない,競合の不満・乗り換え,保護者,B,カテゴリ競合×比較/評判/料金/乗換え/特性,中,③B カテゴリ競合,家庭教師のやる気アシスト,,,,UNSPECIFIED,サービス探し（家庭教師・塾・支援） | 学習のやり方・学習課題 | 合わない・断られた・乗り換え | ブランド・指名検索,KWP_CompetitorKeywordSeed
39894,アクシス 塾 合わ ない,CORE,代表,C10257,1,アクシス 塾 合わ ない,競合の不満・乗り換え,保護者,B,カテゴリ競合×比較/評判/料金/乗換え/特性,中,③B カテゴリ競合,個別指導Axis,,,,UNSPECIFIED,サービス探し（家庭教師・塾・支援） | 合わない・断られた・乗り換え | ブランド・指名検索,KWP_CompetitorKeywordSeed
32005,トライ の オンライン 個別 指導 塾 合わ ない,CORE,代表,C10262,1,トライ の オンライン 個別 指導 塾 合わ ない,競合の不満・乗り換え,保護者,B,カテゴリ競合×比較/評判/料金/乗換え/特性,中,③B カテゴリ競合,トライのオンライン個別指導塾,,,,UNSPECIFIED,サービス探し（家庭教師・塾・支援） | 合わない・断られた・乗り換え | ブランド・指名検索,KWP_CompetitorKeywordSeed
31939,トライ オンライン 合わ ない,CORE,代表,C10263,1,トライ オンライン 合わ ない,競合の不満・乗り換え,保護者,B,カテゴリ競合×比較/評判/料金/乗換え/特性,中,③B カテゴリ競合,トライのオンライン個別指導塾,,,,UNSPECIFIED,サービス探し（家庭教師・塾・支援） | 合わない・断られた・乗り換え | ブランド・指名検索,KWP_CompetitorKeywordSeed
33495,ガンバ 家庭 教師 合わ ない,CORE,代表,C10266,2,ガンバ 家庭 教師 合わ ない,競合の不満・乗り換え,保護者,B,カテゴリ競合×比較/評判/料金/乗換え/特性,中,③B カテゴリ競合,家庭教師のガンバ,,,,UNSPECIFIED,サービス探し（家庭教師・塾・支援） | 合わない・断られた・乗り換え | ブランド・指名検索,KWP_CompetitorKeywordSeed
42410,キズキ 共 育 塾 合わ ない,CORE,代表,C10267,1,キズキ 共 育 塾 合わ ない,競合の不満・乗り換え,保護者,B,直接競合（特性/不登校×1対1学習支援）,高,③A 直接競合,キズキ共育塾,,,,UNSPECIFIED,サービス探し（家庭教師・塾・支援） | 合わない・断られた・乗り換え | ブランド・指名検索,KWP_CompetitorKeywordSeed
34541,キズキ 家庭 教師 合わ ない,CORE,代表,C10269,1,キズキ 家庭 教師 合わ ない,競合の不満・乗り換え,保護者,B,直接競合（特性/不登校×1対1学習支援）,高,③A 直接競合,キズキプロ家庭教師,,,,UNSPECIFIED,サービス探し（家庭教師・塾・支援） | 合わない・断られた・乗り換え | ブランド・指名検索,KWP_CompetitorKeywordSeed
34454,キズキプロ 家庭 教師 合わ ない,CORE,代表,C10270,1,キズキプロ 家庭 教師 合わ ない,競合の不満・乗り換え,保護者,B,直接競合（特性/不登校×1対1学習支援）,高,③A 直接競合,キズキプロ家庭教師,,,,UNSPECIFIED,サービス探し（家庭教師・塾・支援） | 合わない・断られた・乗り換え | ブランド・指名検索,KWP_CompetitorKeywordSeed
27895,グレー ゾーン 塾 合わ ない,CORE,代表,C10275,1,グレー ゾーン 塾 合わ ない,サービス探し（特性/不登校×学習支援）,保護者,A,特性/不登校×家庭教師・塾・個別,高,②顕在,,,,,UNSPECIFIED,サービス探し（家庭教師・塾・支援） | 合わない・断られた・乗り換え,KWP_KeywordAndUrlSeed
25782,グレー ゾーン 集団 塾 合わ ない,CORE,代表,C10276,1,グレー ゾーン 集団 塾 合わ ない,サービス探し（特性/不登校×学習支援）,保護者,A,特性/不登校×家庭教師・塾・個別,高,②顕在,,,,,UNSPECIFIED,サービス探し（家庭教師・塾・支援） | 合わない・断られた・乗り換え,KWP_KeywordSeed
33179,家庭 教師 の サクシード 合わ ない,CORE,代表,C10281,1,家庭 教師 の サクシード 合わ ない,競合の不満・乗り換え,保護者,B,カテゴリ競合×比較/評判/料金/乗換え/特性,中,③B カテゴリ競合,家庭教師のサクシード,,,,UNSPECIFIED,サービス探し（家庭教師・塾・支援） | 合わない・断られた・乗り換え | ブランド・指名検索,KWP_CompetitorKeywordSeed
35241,ジップス 家庭 教師 合わ ない,CORE,代表,C10284,1,ジップス 家庭 教師 合わ ない,競合の不満・乗り換え,保護者,B,カテゴリ競合×比較/評判/料金/乗換え/特性,中,③B カテゴリ競合,オンライン家庭教師GIPS,,,,UNSPECIFIED,サービス探し（家庭教師・塾・支援） | 合わない・断られた・乗り換え | ブランド・指名検索,KWP_CompetitorKeywordSeed
34364,ジャンプ 家庭 教師 合わ ない,CORE,代表,C10285,2,ジャンプ 家庭 教師 合わ ない,競合の不満・乗り換え,保護者,B,直接競合（特性/不登校×1対1学習支援）,高,③A 直接競合,プロ家庭教師のジャンプ,,,,UNSPECIFIED,サービス探し（家庭教師・塾・支援） | 合わない・断られた・乗り換え | ブランド・指名検索,KWP_CompetitorKeywordSeed
42130,京 進 スクール ワン 合わ ない,CORE,代表,C10286,1,京 進 スクール ワン 合わ ない,競合の不満・乗り換え,保護者,B,カテゴリ競合×比較/評判/料金/乗換え/特性,中,③B カテゴリ競合,京進スクール・ワン,,,,UNSPECIFIED,合わない・断られた・乗り換え | ブランド・指名検索,KWP_CompetitorKeywordSeed
41857,スクール ワン 合わ ない,CORE,代表,C10287,1,スクール ワン 合わ ない,競合の不満・乗り換え,保護者,B,カテゴリ競合×比較/評判/料金/乗換え/特性,中,③B カテゴリ競合,京進スクール・ワン,,,,UNSPECIFIED,合わない・断られた・乗り換え | ブランド・指名検索,KWP_CompetitorKeywordSeed
42555,スタディ ホップ 合わ ない,CORE,代表,C10290,1,スタディ ホップ 合わ ない,競合の不満・乗り換え,保護者,B,直接競合（特性/不登校×1対1学習支援）,高,③A 直接競合,個別指導塾スタディホップ,,,,UNSPECIFIED,合わない・断られた・乗り換え | ブランド・指名検索,KWP_CompetitorKeywordSeed
41665,フリー ステップ 合わ ない,CORE,代表,C10292,1,フリー ステップ 合わ ない,競合の不満・乗り換え,保護者,B,カテゴリ競合×比較/評判/料金/乗換え/特性,中,③B カテゴリ競合,フリーステップ,,,,UNSPECIFIED,合わない・断られた・乗り換え | ブランド・指名検索,KWP_CompetitorKeywordSeed
34598,ティントル 合わ ない,CORE,代表,C10297,1,ティントル 合わ ない,競合の不満・乗り換え,保護者,B,直接競合（特性/不登校×1対1学習支援）,高,③A 直接競合,ティントル,,,,UNSPECIFIED,合わない・断られた・乗り換え | ブランド・指名検索,KWP_CompetitorKeywordSeed
44715,トウコベ 合わ ない,CORE,代表,C10318,1,トウコベ 合わ ない,競合の不満・乗り換え,保護者,B,カテゴリ競合×比較/評判/料金/乗換え/特性,中,③B カテゴリ競合,トウコベ,,,,UNSPECIFIED,合わない・断られた・乗り換え | ブランド・指名検索,KWP_CompetitorKeywordSeed
31802,個別 教室 の トライ 成績 上がら ない,CORE,代表,C10319,1,個別 教室 の トライ 成績 上がら ない,競合の比較検討（評判・料金）,保護者,B,カテゴリ競合×比較/評判/料金/乗換え/特性,中,③B カテゴリ競合,個別教室のトライ,170,125.0,368.0,LOW,学習のやり方・学習課題 | ブランド・指名検索,KWP_CompetitorKeywordSeed
31846,トライ 成績 上がら ない,CORE,代表,C10320,1,トライ 成績 上がら ない,競合の比較検討（評判・料金）,保護者,B,カテゴリ競合×比較/評判/料金/乗換え/特性,中,③B カテゴリ競合,家庭教師のトライ,20,,,LOW,学習のやり方・学習課題 | ブランド・指名検索,KWP_CompetitorKeywordSeed
31882,トライ 個別 合わ ない,CORE,代表,C10321,1,トライ 個別 合わ ない,競合の不満・乗り換え,保護者,B,カテゴリ競合×比較/評判/料金/乗換え/特性,中,③B カテゴリ競合,個別教室のトライ,,,,UNSPECIFIED,合わない・断られた・乗り換え | ブランド・指名検索,KWP_CompetitorKeywordSeed
31754,個別 教室 の トライ 合わ ない,CORE,代表,C10322,1,個別 教室 の トライ 合わ ない,競合の不満・乗り換え,保護者,B,カテゴリ競合×比較/評判/料金/乗換え/特性,中,③B カテゴリ競合,個別教室のトライ,,,,UNSPECIFIED,合わない・断られた・乗り換え | ブランド・指名検索,KWP_CompetitorKeywordSeed
31467,家庭 教師 の トライ 合わ ない,CORE,代表,C10324,1,家庭 教師 の トライ 合わ ない,競合の不満・乗り換え,保護者,B,カテゴリ競合×比較/評判/料金/乗換え/特性,中,③B カテゴリ競合,家庭教師のトライ,,,,UNSPECIFIED,サービス探し（家庭教師・塾・支援） | 合わない・断られた・乗り換え | ブランド・指名検索,KWP_CompetitorKeywordSeed
40613,トーマス 塾 合わ ない,CORE,代表,C10327,1,トーマス 塾 合わ ない,競合の不満・乗り換え,保護者,B,カテゴリ競合×比較/評判/料金/乗換え/特性,中,③B カテゴリ競合,TOMAS,,,,UNSPECIFIED,サービス探し（家庭教師・塾・支援） | 合わない・断られた・乗り換え | ブランド・指名検索,KWP_CompetitorKeywordSeed
39518,ナビ 個別 合わ ない,CORE,代表,C10329,1,ナビ 個別 合わ ない,競合の不満・乗り換え,保護者,B,カテゴリ競合×比較/評判/料金/乗換え/特性,中,③B カテゴリ競合,ナビ個別指導学院,,,,UNSPECIFIED,合わない・断られた・乗り換え | ブランド・指名検索,KWP_CompetitorKeywordSeed
39417,ナビ 個別 指導 学院 合わ ない,CORE,代表,C10330,1,ナビ 個別 指導 学院 合わ ない,競合の不満・乗り換え,保護者,B,カテゴリ競合×比較/評判/料金/乗換え/特性,中,③B カテゴリ競合,ナビ個別指導学院,,,,UNSPECIFIED,サービス探し（家庭教師・塾・支援） | 合わない・断られた・乗り換え | ブランド・指名検索,KWP_CompetitorKeywordSeed
32523,ノーバス 合わ ない,CORE,代表,C10332,1,ノーバス 合わ ない,競合の不満・乗り換え,保護者,B,カテゴリ競合×比較/評判/料金/乗換え/特性,中,③B カテゴリ競合,家庭教師のノーバス,,,,UNSPECIFIED,合わない・断られた・乗り換え | ブランド・指名検索,KWP_CompetitorKeywordSeed
32596,家庭 教師 の ノーバス 合わ ない,CORE,代表,C10333,1,家庭 教師 の ノーバス 合わ ない,競合の不満・乗り換え,保護者,B,カテゴリ競合×比較/評判/料金/乗換え/特性,中,③B カテゴリ競合,家庭教師のノーバス,,,,UNSPECIFIED,サービス探し（家庭教師・塾・支援） | 合わない・断られた・乗り換え | ブランド・指名検索,KWP_CompetitorKeywordSeed
39625,ビザビ 合わ ない,CORE,代表,C10334,1,ビザビ 合わ ない,競合の不満・乗り換え,保護者,B,カテゴリ競合×比較/評判/料金/乗換え/特性,中,③B カテゴリ競合,栄光の個別ビザビ,,,,UNSPECIFIED,合わない・断られた・乗り換え | ブランド・指名検索,KWP_CompetitorKeywordSeed
39740,栄光 ビザビ 合わ ない,CORE,代表,C10335,1,栄光 ビザビ 合わ ない,競合の不満・乗り換え,保護者,B,カテゴリ競合×比較/評判/料金/乗換え/特性,中,③B カテゴリ競合,栄光の個別ビザビ,,,,UNSPECIFIED,合わない・断られた・乗り換え | ブランド・指名検索,KWP_CompetitorKeywordSeed
32852,家庭 教師 ファースト 合わ ない,CORE,代表,C10336,2,家庭 教師 ファースト 合わ ない,競合の不満・乗り換え,保護者,B,カテゴリ競合×比較/評判/料金/乗換え/特性,中,③B カテゴリ競合,家庭教師ファースト,,,,UNSPECIFIED,サービス探し（家庭教師・塾・支援） | 合わない・断られた・乗り換え | ブランド・指名検索,KWP_CompetitorKeywordSeed
35603,プレ ステップ オンライン 合わ ない,CORE,代表,C10341,1,プレ ステップ オンライン 合わ ない,競合の不満・乗り換え,保護者,B,直接競合（特性/不登校×1対1学習支援）,高,③A 直接競合,Preステップオンライン,,,,UNSPECIFIED,サービス探し（家庭教師・塾・支援） | 合わない・断られた・乗り換え | ブランド・指名検索,KWP_CompetitorKeywordSeed
33792,マスター 家庭 教師 合わ ない,CORE,代表,C10343,2,マスター 家庭 教師 合わ ない,競合の不満・乗り換え,保護者,B,カテゴリ競合×比較/評判/料金/乗換え/特性,中,③B カテゴリ競合,家庭教師のマスター,,,,UNSPECIFIED,サービス探し（家庭教師・塾・支援） | 合わない・断られた・乗り換え | ブランド・指名検索,KWP_CompetitorKeywordSeed
3650,河合塾 マナビス 合わ ない,CORE,代表,C10344,1,河合塾 マナビス 合わ ない,競合の不満・乗り換え,保護者,B,カテゴリ競合×比較/評判/料金/乗換え/特性,中,③B カテゴリ競合,ナビ個別指導学院,10,,,LOW,サービス探し（家庭教師・塾・支援） | 合わない・断られた・乗り換え | ブランド・指名検索,KWP_KeywordSeed
34917,マナブ テラス 合わ ない,CORE,代表,C10345,1,マナブ テラス 合わ ない,競合の不満・乗り換え,保護者,B,カテゴリ競合×比較/評判/料金/乗換え/特性,中,③B カテゴリ競合,まなぶてらす,,,,UNSPECIFIED,合わない・断られた・乗り換え | ブランド・指名検索,KWP_CompetitorKeywordSeed
34976,マナ リンク 合わ ない,CORE,代表,C10346,1,マナ リンク 合わ ない,競合の不満・乗り換え,保護者,B,カテゴリ競合×比較/評判/料金/乗換え/特性,中,③B カテゴリ競合,マナリンク,,,,UNSPECIFIED,合わない・断られた・乗り換え | ブランド・指名検索,KWP_CompetitorKeywordSeed
32092,メガスタ 合わ ない,CORE,代表,C10347,1,メガスタ 合わ ない,競合の不満・乗り換え,保護者,B,終了競合の乗換え需要,高,③X 終了サービス/乗換え,オンラインプロ教師のメガスタ,,,,UNSPECIFIED,合わない・断られた・乗り換え | ブランド・指名検索,KWP_CompetitorKeywordSeed
32156,メガスタ オンライン 合わ ない,CORE,代表,C10348,1,メガスタ オンライン 合わ ない,競合の不満・乗り換え,保護者,B,終了競合の乗換え需要,高,③X 終了サービス/乗換え,オンラインプロ教師のメガスタ,,,,UNSPECIFIED,サービス探し（家庭教師・塾・支援） | 合わない・断られた・乗り換え | ブランド・指名検索,KWP_CompetitorKeywordSeed
32776,ランナー 家庭 教師 合わ ない,CORE,代表,C10350,2,ランナー 家庭 教師 合わ ない,競合の不満・乗り換え,保護者,B,カテゴリ競合×比較/評判/料金/乗換え/特性,中,③B カテゴリ競合,家庭教師のランナー,,,,UNSPECIFIED,サービス探し（家庭教師・塾・支援） | 合わない・断られた・乗り換え | ブランド・指名検索,KWP_CompetitorKeywordSeed
35478,リ バランス 塾 合わ ない,CORE,代表,C10354,1,リ バランス 塾 合わ ない,競合の不満・乗り換え,保護者,B,直接競合（特性/不登校×1対1学習支援）,高,③A 直接競合,オンライン個別指導塾リバランス,,,,UNSPECIFIED,サービス探し（家庭教師・塾・支援） | 合わない・断られた・乗り換え | ブランド・指名検索,KWP_CompetitorKeywordSeed
37027,明光 義塾 成績 上がら ない,CORE,代表,C10364,1,明光 義塾 成績 上がら ない,競合の比較検討（評判・料金）,保護者,B,カテゴリ競合×比較/評判/料金/乗換え/特性,中,③B カテゴリ競合,個別指導の明光義塾,20,,,LOW,サービス探し（家庭教師・塾・支援） | 学習のやり方・学習課題 | ブランド・指名検索,KWP_CompetitorKeywordSeed
40361,森 塾 成績 上がら ない,CORE,代表,C10365,1,森 塾 成績 上がら ない,競合の比較検討（評判・料金）,保護者,B,カテゴリ競合×比較/評判/料金/乗換え/特性,中,③B カテゴリ競合,森塾,40,,,LOW,サービス探し（家庭教師・塾・支援） | 学習のやり方・学習課題 | ブランド・指名検索,KWP_CompetitorKeywordSeed
751,不 登校 塾 も 行か ない,CORE,代表,C10367,1,不 登校 塾 も 行か ない,サービス探し（特性/不登校×学習支援）,保護者,A,特性/不登校×家庭教師・塾・個別,高,②顕在,,10,,,LOW,サービス探し（家庭教師・塾・支援） | 学校生活・不登校・学校種別,KWP_KeywordSeed
37448,東京 個別 指導 学院 合わ ない,CORE,代表,C10400,1,東京 個別 指導 学院 合わ ない,競合の不満・乗り換え,保護者,B,カテゴリ競合×比較/評判/料金/乗換え/特性,中,③B カテゴリ競合,東京個別指導学院,,,,UNSPECIFIED,サービス探し（家庭教師・塾・支援） | 合わない・断られた・乗り換え | ブランド・指名検索 | 地域・近くで探す,KWP_CompetitorKeywordSeed
37800,東京 個別 合わ ない,CORE,代表,C10401,1,東京 個別 合わ ない,競合の不満・乗り換え,保護者,B,カテゴリ競合×比較/評判/料金/乗換え/特性,中,③B カテゴリ競合,東京個別指導学院,,,,UNSPECIFIED,合わない・断られた・乗り換え | ブランド・指名検索 | 地域・近くで探す,KWP_CompetitorKeywordSeed
33848,全国 家庭 教師 協会 合わ ない,CORE,代表,C10407,1,全国 家庭 教師 協会 合わ ない,競合の不満・乗り換え,保護者,B,カテゴリ競合×比較/評判/料金/乗換え/特性,中,③B カテゴリ競合,全国家庭教師協会,,,,UNSPECIFIED,サービス探し（家庭教師・塾・支援） | 合わない・断られた・乗り換え | ブランド・指名検索 | 地域・近くで探す,KWP_CompetitorKeywordSeed
33944,家庭 教師 協会 合わ ない,CORE,代表,C10428,1,家庭 教師 協会 合わ ない,競合の不満・乗り換え,保護者,B,カテゴリ競合×比較/評判/料金/乗換え/特性,中,③B カテゴリ競合,全国家庭教師協会,,,,UNSPECIFIED,サービス探し（家庭教師・塾・支援） | 合わない・断られた・乗り換え | ブランド・指名検索,KWP_CompetitorKeywordSeed
25796,境界 知能 集団 塾 合わ ない,CORE,代表,C10445,1,境界 知能 集団 塾 合わ ない,サービス探し（特性/不登校×学習支援）,保護者,A,特性/不登校×家庭教師・塾・個別,高,②顕在,,,,,UNSPECIFIED,サービス探し（家庭教師・塾・支援） | 合わない・断られた・乗り換え,KWP_KeywordSeed
25791,学習 障害 集団 塾 合わ ない,CORE,代表,C10446,1,学習 障害 集団 塾 合わ ない,サービス探し（特性/不登校×学習支援）,保護者,A,特性/不登校×家庭教師・塾・個別,高,②顕在,,,,,UNSPECIFIED,サービス探し（家庭教師・塾・支援） | 合わない・断られた・乗り換え,KWP_KeywordSeed
36936,明光 義塾 合わ ない,CORE,代表,C10447,1,明光 義塾 合わ ない,競合の不満・乗り換え,保護者,B,カテゴリ競合×比較/評判/料金/乗換え/特性,中,③B カテゴリ競合,個別指導の明光義塾,,,,UNSPECIFIED,サービス探し（家庭教師・塾・支援） | 合わない・断られた・乗り換え | ブランド・指名検索,KWP_CompetitorKeywordSeed
40422,森 塾 合わ ない,CORE,代表,C10449,1,森 塾 合わ ない,競合の不満・乗り換え,保護者,B,カテゴリ競合×比較/評判/料金/乗換え/特性,中,③B カテゴリ競合,森塾,,,,UNSPECIFIED,サービス探し（家庭教師・塾・支援） | 合わない・断られた・乗り換え | ブランド・指名検索,KWP_CompetitorKeywordSeed
3648,武田 塾 合わ ない,CORE,代表,C10450,2,武田 塾 合わ ない,競合の不満・乗り換え,保護者,B,カテゴリ競合×比較/評判/料金/乗換え/特性,中,③B カテゴリ競合,武田塾,10,,,LOW,サービス探し（家庭教師・塾・支援） | 合わない・断られた・乗り換え | ブランド・指名検索,KWP_KeywordSeed || KWP_CompetitorKeywordSeed
33335,学研 家庭 教師 合わ ない,CORE,代表,C10457,2,学研 家庭 教師 合わ ない,競合の不満・乗り換え,保護者,B,カテゴリ競合×比較/評判/料金/乗換え/特性,中,③B カテゴリ競合,学研の家庭教師,,,,UNSPECIFIED,サービス探し（家庭教師・塾・支援） | 合わない・断られた・乗り換え | ブランド・指名検索,KWP_CompetitorKeywordSeed
27894,発達 障害 家庭 教師 合わ ない,CORE,代表,C10461,1,発達 障害 家庭 教師 合わ ない,サービス探し（特性/不登校×学習支援）,保護者,A,特性/不登校×家庭教師・塾・個別,高,②顕在,,,,,UNSPECIFIED,サービス探し（家庭教師・塾・支援） | 合わない・断られた・乗り換え,KWP_KeywordAndUrlSeed
696,学校 行か ない で 塾,CORE,代表,C10485,1,学校 行か ない で 塾,サービス探し（特性/不登校×学習支援）,保護者,A,特性/不登校×家庭教師・塾・個別,高,②顕在,,10,,,MEDIUM,サービス探し（家庭教師・塾・支援） | 学校生活・不登校・学校種別,KWP_KeywordSeed
67902,武田塾 意味ない,CORE,代表,C10489,1,武田塾 意味ない,競合の不満・乗り換え,保護者,B,カテゴリ競合×比較/評判/料金/乗換え/特性,中,③B カテゴリ競合,武田塾,50,,,LOW,サービス探し（家庭教師・塾・支援） | 合わない・断られた・乗り換え | ブランド・指名検索 | 特性そのものを調べる（とは・特徴・チェック）,CompetitorMatrix
45060,発達障害 塾 意味ない,CORE,代表,C10490,1,発達障害 塾 意味ない,サービス探し（特性/不登校×学習支援）,保護者,A,特性/不登校×家庭教師・塾・個別,高,②顕在,,480,206.0,695.0,LOW,サービス探し（家庭教師・塾・支援） | 合わない・断られた・乗り換え | 特性そのものを調べる（とは・特徴・チェック）,Google_related_search || Google_suggest
47495,メガスタ 破産 なぜ,CORE,代表,C10562,1,メガスタ 破産 なぜ,競合指名・周辺,保護者,B,終了競合の乗換え需要,高,③X 終了サービス/乗換え,オンラインプロ教師のメガスタ,30,,,LOW,ブランド・指名検索 | 運営会社・企業情報,Google_competitor_suggest
47489,メガスターミー ぬいぐるみ,CORE,代表,C10598,1,メガスターミー ぬいぐるみ,競合指名・周辺,保護者,B,終了競合の乗換え需要,高,③X 終了サービス/乗換え,オンラインプロ教師のメガスタ,880,,,LOW,ブランド・指名検索,Google_competitor_suggest
41346,武田 塾 自習 室 のみ 料金,CORE,代表,C10610,1,武田 塾 自習 室 のみ 料金,競合の比較検討（評判・料金）,保護者,B,カテゴリ競合×比較/評判/料金/乗換え/特性,中,③B カテゴリ競合,武田塾,390,192.0,576.0,MEDIUM,サービス探し（家庭教師・塾・支援） | 比較検討・料金・申込 | 学習のやり方・学習課題 | ブランド・指名検索,KWP_CompetitorKeywordSeed
42843,は な た に 塾 グレー ゾーン 口コミ,CORE,代表,C10618,1,は な た に 塾 グレー ゾーン 口コミ,競合の比較検討（評判・料金）,保護者,B,特性/不登校×家庭教師・塾・個別,高,③B カテゴリ競合,はなたに塾,,,,UNSPECIFIED,サービス探し（家庭教師・塾・支援） | 比較検討・料金・申込 | ブランド・指名検索,KWP_CompetitorKeywordSeed
42829,は な た に 塾 グレー ゾーン,CORE,代表,C10619,1,は な た に 塾 グレー ゾーン,競合×特性/不登校対応の確認,保護者,B,特性/不登校×家庭教師・塾・個別,高,③B カテゴリ競合,はなたに塾,,,,UNSPECIFIED,サービス探し（家庭教師・塾・支援） | ブランド・指名検索,KWP_CompetitorKeywordSeed
42858,は な た に 塾 グレー ゾーン 料金,CORE,代表,C10620,1,は な た に 塾 グレー ゾーン 料金,競合の比較検討（評判・料金）,保護者,B,特性/不登校×家庭教師・塾・個別,高,③B カテゴリ競合,はなたに塾,,,,UNSPECIFIED,サービス探し（家庭教師・塾・支援） | 比較検討・料金・申込 | ブランド・指名検索,KWP_CompetitorKeywordSeed
42850,は な た に 塾 グレー ゾーン 評判,CORE,代表,C10621,1,は な た に 塾 グレー ゾーン 評判,競合の比較検討（評判・料金）,保護者,B,特性/不登校×家庭教師・塾・個別,高,③B カテゴリ競合,はなたに塾,,,,UNSPECIFIED,サービス探し（家庭教師・塾・支援） | 比較検討・料金・申込 | ブランド・指名検索,KWP_CompetitorKeywordSeed
42789,は な た に 塾 レビュー,CORE,代表,C10624,2,は な た に 塾 レビュー,競合の比較検討（評判・料金）,保護者,B,カテゴリ競合×比較/評判/料金/乗換え/特性,中,③B カテゴリ競合,はなたに塾,,,,UNSPECIFIED,サービス探し（家庭教師・塾・支援） | 比較検討・料金・申込 | ブランド・指名検索,KWP_CompetitorKeywordSeed
42848,は な た に 塾 不 登校 口コミ,CORE,代表,C10625,1,は な た に 塾 不 登校 口コミ,競合の比較検討（評判・料金）,保護者,B,特性/不登校×家庭教師・塾・個別,高,③B カテゴリ競合,はなたに塾,,,,UNSPECIFIED,サービス探し（家庭教師・塾・支援） | 比較検討・料金・申込 | 学校生活・不登校・学校種別 | ブランド・指名検索,KWP_CompetitorKeywordSeed
42864,は な た に 塾 不 登校 料金,CORE,代表,C10626,1,は な た に 塾 不 登校 料金,競合の比較検討（評判・料金）,保護者,B,特性/不登校×家庭教師・塾・個別,高,③B カテゴリ競合,はなたに塾,,,,UNSPECIFIED,サービス探し（家庭教師・塾・支援） | 比較検討・料金・申込 | 学校生活・不登校・学校種別 | ブランド・指名検索,KWP_CompetitorKeywordSeed
42835,は な た に 塾 不 登校,CORE,代表,C10627,1,は な た に 塾 不 登校,競合×特性/不登校対応の確認,保護者,B,特性/不登校×家庭教師・塾・個別,高,③B カテゴリ競合,はなたに塾,,,,UNSPECIFIED,サービス探し（家庭教師・塾・支援） | 学校生活・不登校・学校種別 | ブランド・指名検索,KWP_CompetitorKeywordSeed
42856,は な た に 塾 不 登校 評判,CORE,代表,C10628,1,は な た に 塾 不 登校 評判,競合の比較検討（評判・料金）,保護者,B,特性/不登校×家庭教師・塾・個別,高,③B カテゴリ競合,はなたに塾,,,,UNSPECIFIED,サービス探し（家庭教師・塾・支援） | 比較検討・料金・申込 | 学校生活・不登校・学校種別 | ブランド・指名検索,KWP_CompetitorKeywordSeed
42821,は な た に 塾 体験,CORE,代表,C10632,1,は な た に 塾 体験,競合の比較検討（評判・料金）,保護者,B,カテゴリ競合×比較/評判/料金/乗換え/特性,中,③B カテゴリ競合,はなたに塾,,,,UNSPECIFIED,サービス探し（家庭教師・塾・支援） | 比較検討・料金・申込 | ブランド・指名検索,KWP_CompetitorKeywordSeed
42822,は な た に 塾 体験 授業,CORE,代表,C10633,1,は な た に 塾 体験 授業,競合の比較検討（評判・料金）,保護者,B,カテゴリ競合×比較/評判/料金/乗換え/特性,中,③B カテゴリ競合,はなたに塾,,,,UNSPECIFIED,サービス探し（家庭教師・塾・支援） | 比較検討・料金・申込 | 学習のやり方・学習課題 | ブランド・指名検索,KWP_CompetitorKeywordSeed
42820,は な た に 塾 無料 体験,CORE,代表,C10634,1,は な た に 塾 無料 体験,競合の比較検討（評判・料金）,保護者,B,カテゴリ競合×比較/評判/料金/乗換え/特性,中,③B カテゴリ競合,はなたに塾,,,,UNSPECIFIED,サービス探し（家庭教師・塾・支援） | 比較検討・料金・申込 | ブランド・指名検索,KWP_CompetitorKeywordSeed
42790,は な た に 塾 体験 談,CORE,代表,C10635,1,は な た に 塾 体験 談,競合の比較検討（評判・料金）,保護者,B,カテゴリ競合×比較/評判/料金/乗換え/特性,中,③B カテゴリ競合,はなたに塾,,,,UNSPECIFIED,サービス探し（家庭教師・塾・支援） | 比較検討・料金・申込 | ブランド・指名検索,KWP_CompetitorKeywordSeed
42826,は な た に 塾 入会,CORE,代表,C10636,1,は な た に 塾 入会,競合の比較検討（評判・料金）,保護者,B,カテゴリ競合×比較/評判/料金/乗換え/特性,中,③B カテゴリ競合,はなたに塾,,,,UNSPECIFIED,サービス探し（家庭教師・塾・支援） | 比較検討・料金・申込 | ブランド・指名検索,KWP_CompetitorKeywordSeed
42798,は な た に 塾 入会 金,CORE,代表,C10637,1,は な た に 塾 入会 金,競合の比較検討（評判・料金）,保護者,B,カテゴリ競合×比較/評判/料金/乗換え/特性,中,③B カテゴリ競合,はなたに塾,,,,UNSPECIFIED,サービス探し（家庭教師・塾・支援） | 比較検討・料金・申込 | ブランド・指名検索,KWP_CompetitorKeywordSeed
42787,は な た に 塾 口コミ,CORE,代表,C10640,1,は な た に 塾 口コミ,競合の比較検討（評判・料金）,保護者,B,カテゴリ競合×比較/評判/料金/乗換え/特性,中,③B カテゴリ競合,はなたに塾,,,,UNSPECIFIED,サービス探し（家庭教師・塾・支援） | 比較検討・料金・申込 | ブランド・指名検索,KWP_CompetitorKeywordSeed
42847,は な た に 塾 境界 知能 口コミ,CORE,代表,C10641,1,は な た に 塾 境界 知能 口コミ,競合の比較検討（評判・料金）,保護者,B,特性/不登校×家庭教師・塾・個別,高,③B カテゴリ競合,はなたに塾,,,,UNSPECIFIED,サービス探し（家庭教師・塾・支援） | 比較検討・料金・申込 | ブランド・指名検索,KWP_CompetitorKeywordSeed
42846,は な た に 塾 ld 口コミ,CORE,代表,C10642,1,は な た に 塾 ld 口コミ,競合の比較検討（評判・料金）,保護者,B,特性/不登校×家庭教師・塾・個別,高,③B カテゴリ競合,はなたに塾,,,,UNSPECIFIED,サービス探し（家庭教師・塾・支援） | 比較検討・料金・申込 | ブランド・指名検索,KWP_CompetitorKeywordSeed
42842,は な た に 塾 発達 障がい 口コミ,CORE,代表,C10643,1,は な た に 塾 発達 障がい 口コミ,競合の比較検討（評判・料金）,保護者,B,特性/不登校×家庭教師・塾・個別,高,③B カテゴリ競合,はなたに塾,,,,UNSPECIFIED,サービス探し（家庭教師・塾・支援） | 比較検討・料金・申込 | ブランド・指名検索,KWP_CompetitorKeywordSeed
42863,は な た に 塾 境界 知能 料金,CORE,代表,C10645,1,は な た に 塾 境界 知能 料金,競合の比較検討（評判・料金）,保護者,B,特性/不登校×家庭教師・塾・個別,高,③B カテゴリ競合,はなたに塾,,,,UNSPECIFIED,サービス探し（家庭教師・塾・支援） | 比較検討・料金・申込 | ブランド・指名検索,KWP_CompetitorKeywordSeed
42834,は な た に 塾 境界 知能,CORE,代表,C10646,1,は な た に 塾 境界 知能,競合×特性/不登校対応の確認,保護者,B,特性/不登校×家庭教師・塾・個別,高,③B カテゴリ競合,はなたに塾,,,,UNSPECIFIED,サービス探し（家庭教師・塾・支援） | ブランド・指名検索,KWP_CompetitorKeywordSeed
42855,は な た に 塾 境界 知能 評判,CORE,代表,C10647,1,は な た に 塾 境界 知能 評判,競合の比較検討（評判・料金）,保護者,B,特性/不登校×家庭教師・塾・個別,高,③B カテゴリ競合,はなたに塾,,,,UNSPECIFIED,サービス探し（家庭教師・塾・支援） | 比較検討・料金・申込 | ブランド・指名検索,KWP_CompetitorKeywordSeed
42812,は な た に 塾 失敗,CORE,代表,C10648,1,は な た に 塾 失敗,競合の不満・乗り換え,保護者,B,カテゴリ競合×比較/評判/料金/乗換え/特性,中,③B カテゴリ競合,はなたに塾,,,,UNSPECIFIED,サービス探し（家庭教師・塾・支援） | 比較検討・料金・申込 | ブランド・指名検索,KWP_CompetitorKeywordSeed
42861,は な た に 塾 ld 料金,CORE,代表,C10649,2,は な た に 塾 ld 料金,競合の比較検討（評判・料金）,保護者,B,特性/不登校×家庭教師・塾・個別,高,③B カテゴリ競合,はなたに塾,,,,UNSPECIFIED,サービス探し（家庭教師・塾・支援） | 比較検討・料金・申込 | ブランド・指名検索,KWP_CompetitorKeywordSeed
42853,は な た に 塾 ld 評判,CORE,代表,C10650,2,は な た に 塾 ld 評判,競合の比較検討（評判・料金）,保護者,B,特性/不登校×家庭教師・塾・個別,高,③B カテゴリ競合,はなたに塾,,,,UNSPECIFIED,サービス探し（家庭教師・塾・支援） | 比較検討・料金・申込 | ブランド・指名検索,KWP_CompetitorKeywordSeed
42832,は な た に 塾 ld,CORE,代表,C10651,2,は な た に 塾 ld,競合×特性/不登校対応の確認,保護者,B,特性/不登校×家庭教師・塾・個別,高,③B カテゴリ競合,はなたに塾,,,,UNSPECIFIED,サービス探し（家庭教師・塾・支援） | ブランド・指名検索,KWP_CompetitorKeywordSeed
42801,は な た に 塾 安い,CORE,代表,C10652,1,は な た に 塾 安い,競合の比較検討（評判・料金）,保護者,B,カテゴリ競合×比較/評判/料金/乗換え/特性,中,③B カテゴリ競合,はなたに塾,,,,UNSPECIFIED,サービス探し（家庭教師・塾・支援） | 比較検討・料金・申込 | ブランド・指名検索,KWP_CompetitorKeywordSeed
42813,は な た に 塾 後悔,CORE,代表,C10654,1,は な た に 塾 後悔,競合の不満・乗り換え,保護者,B,カテゴリ競合×比較/評判/料金/乗換え/特性,中,③B カテゴリ競合,はなたに塾,,,,UNSPECIFIED,サービス探し（家庭教師・塾・支援） | 比較検討・料金・申込 | ブランド・指名検索,KWP_CompetitorKeywordSeed
42810,は な た に 塾 怪しい,CORE,代表,C10655,1,は な た に 塾 怪しい,競合の不満・乗り換え,保護者,B,カテゴリ競合×比較/評判/料金/乗換え/特性,中,③B カテゴリ競合,はなたに塾,,,,UNSPECIFIED,サービス探し（家庭教師・塾・支援） | 比較検討・料金・申込 | ブランド・指名検索,KWP_CompetitorKeywordSeed
42791,は な た に 塾 感想,CORE,代表,C10656,1,は な た に 塾 感想,競合の比較検討（評判・料金）,保護者,B,カテゴリ競合×比較/評判/料金/乗換え/特性,中,③B カテゴリ競合,はなたに塾,,,,UNSPECIFIED,サービス探し（家庭教師・塾・支援） | 比較検討・料金・申込 | ブランド・指名検索,KWP_CompetitorKeywordSeed
42793,は な た に 塾 料金,CORE,代表,C10658,4,は な た に 塾 料金,競合の比較検討（評判・料金）,保護者,B,カテゴリ競合×比較/評判/料金/乗換え/特性,中,③B カテゴリ競合,はなたに塾,,,,UNSPECIFIED,サービス探し（家庭教師・塾・支援） | 比較検討・料金・申込 | ブランド・指名検索,KWP_CompetitorKeywordSeed
42857,は な た に 塾 発達 障がい 料金,CORE,代表,C10659,1,は な た に 塾 発達 障がい 料金,競合の比較検討（評判・料金）,保護者,B,特性/不登校×家庭教師・塾・個別,高,③B カテゴリ競合,はなたに塾,,,,UNSPECIFIED,サービス探し（家庭教師・塾・支援） | 比較検討・料金・申込 | ブランド・指名検索,KWP_CompetitorKeywordSeed
42811,は な た に 塾 最悪,CORE,代表,C10660,1,は な た に 塾 最悪,競合の不満・乗り換え,保護者,B,カテゴリ競合×比較/評判/料金/乗換え/特性,中,③B カテゴリ競合,はなたに塾,,,,UNSPECIFIED,サービス探し（家庭教師・塾・支援） | 比較検討・料金・申込 | ブランド・指名検索,KWP_CompetitorKeywordSeed
42802,は な た に 塾 比較,CORE,代表,C10661,1,は な た に 塾 比較,競合の比較検討（評判・料金）,保護者,B,カテゴリ競合×比較/評判/料金/乗換え/特性,中,③B カテゴリ競合,はなたに塾,,,,UNSPECIFIED,サービス探し（家庭教師・塾・支援） | 比較検討・料金・申込 | ブランド・指名検索,KWP_CompetitorKeywordSeed
42825,は な た に 塾 申し込み,CORE,代表,C10663,1,は な た に 塾 申し込み,競合の比較検討（評判・料金）,保護者,B,カテゴリ競合×比較/評判/料金/乗換え/特性,中,③B カテゴリ競合,はなたに塾,,,,UNSPECIFIED,サービス探し（家庭教師・塾・支援） | 比較検討・料金・申込 | ブランド・指名検索,KWP_CompetitorKeywordSeed
42849,は な た に 塾 発達 障がい 評判,CORE,代表,C10664,1,は な た に 塾 発達 障がい 評判,競合の比較検討（評判・料金）,保護者,B,特性/不登校×家庭教師・塾・個別,高,③B カテゴリ競合,はなたに塾,,,,UNSPECIFIED,サービス探し（家庭教師・塾・支援） | 比較検討・料金・申込 | ブランド・指名検索,KWP_CompetitorKeywordSeed
42827,は な た に 塾 発達 障害,CORE,代表,C10665,2,は な た に 塾 発達 障害,競合×特性/不登校対応の確認,保護者,B,特性/不登校×家庭教師・塾・個別,高,③B カテゴリ競合,はなたに塾,,,,UNSPECIFIED,サービス探し（家庭教師・塾・支援） | ブランド・指名検索,KWP_CompetitorKeywordSeed
42819,は な た に 塾 解約,CORE,代表,C10666,1,は な た に 塾 解約,競合の不満・乗り換え,保護者,B,カテゴリ競合×比較/評判/料金/乗換え/特性,中,③B カテゴリ競合,はなたに塾,,,,UNSPECIFIED,サービス探し（家庭教師・塾・支援） | 比較検討・料金・申込 | ブランド・指名検索,KWP_CompetitorKeywordSeed
42792,は な た に 塾 評価,CORE,代表,C10667,1,は な た に 塾 評価,競合の比較検討（評判・料金）,保護者,B,カテゴリ競合×比較/評判/料金/乗換え/特性,中,③B カテゴリ競合,はなたに塾,,,,UNSPECIFIED,サービス探し（家庭教師・塾・支援） | 比較検討・料金・申込 | ブランド・指名検索,KWP_CompetitorKeywordSeed
42788,は な た に 塾 評判,CORE,代表,C10668,1,は な た に 塾 評判,競合の比較検討（評判・料金）,保護者,B,カテゴリ競合×比較/評判/料金/乗換え/特性,中,③B カテゴリ競合,はなたに塾,,,,UNSPECIFIED,サービス探し（家庭教師・塾・支援） | 比較検討・料金・申込 | ブランド・指名検索,KWP_CompetitorKeywordSeed
42824,は な た に 塾 資料 請求,CORE,代表,C10669,1,は な た に 塾 資料 請求,競合の比較検討（評判・料金）,保護者,B,カテゴリ競合×比較/評判/料金/乗換え/特性,中,③B カテゴリ競合,はなたに塾,,,,UNSPECIFIED,サービス探し（家庭教師・塾・支援） | 比較検討・料金・申込 | ブランド・指名検索,KWP_CompetitorKeywordSeed
42794,は な た に 塾 費用,CORE,代表,C10670,1,は な た に 塾 費用,競合の比較検討（評判・料金）,保護者,B,カテゴリ競合×比較/評判/料金/乗換え/特性,中,③B カテゴリ競合,はなたに塾,,,,UNSPECIFIED,サービス探し（家庭教師・塾・支援） | 比較検討・料金・申込 | ブランド・指名検索,KWP_CompetitorKeywordSeed
42818,は な た に 塾 退会,CORE,代表,C10671,1,は な た に 塾 退会,競合の不満・乗り換え,保護者,B,カテゴリ競合×比較/評判/料金/乗換え/特性,中,③B カテゴリ競合,はなたに塾,,,,UNSPECIFIED,サービス探し（家庭教師・塾・支援） | 合わない・断られた・乗り換え | ブランド・指名検索,KWP_CompetitorKeywordSeed
42800,は な た に 塾 高い,CORE,代表,C10673,1,は な た に 塾 高い,競合の比較検討（評判・料金）,保護者,B,カテゴリ競合×比較/評判/料金/乗換え/特性,中,③B カテゴリ競合,はなたに塾,,,,UNSPECIFIED,サービス探し（家庭教師・塾・支援） | 比較検討・料金・申込 | ブランド・指名検索,KWP_CompetitorKeywordSeed
37550,東京 個別 指導 学院 ひどい,CORE,代表,C10708,2,東京 個別 指導 学院 ひどい,競合の不満・乗り換え,保護者,B,カテゴリ競合×比較/評判/料金/乗換え/特性,中,③B カテゴリ競合,東京個別指導学院,320,83.0,267.0,LOW,サービス探し（家庭教師・塾・支援） | 比較検討・料金・申込 | ブランド・指名検索 | 地域・近くで探す,KWP_CompetitorKeywordSeed
3280,みやび 個別 指導 学院 テスト ターボ 料金,CORE,代表,C10732,1,みやび 個別 指導 学院 テスト ターボ 料金,競合の比較検討（評判・料金）,保護者,B,カテゴリ競合×比較/評判/料金/乗換え/特性,中,③B カテゴリ競合,みやび個別指導学院,30,110.0,314.0,LOW,サービス探し（家庭教師・塾・支援） | 比較検討・料金・申込 | 学習のやり方・学習課題 | ブランド・指名検索,KWP_KeywordSeed
3072,みやび 個別 指導 学院 夏期 講習 料金,CORE,代表,C10735,1,みやび 個別 指導 学院 夏期 講習 料金,競合の比較検討（評判・料金）,保護者,B,カテゴリ競合×比較/評判/料金/乗換え/特性,中,③B カテゴリ競合,みやび個別指導学院,50,60.0,336.0,MEDIUM,サービス探し（家庭教師・塾・支援） | 比較検討・料金・申込 | 学習のやり方・学習課題 | ブランド・指名検索,KWP_KeywordSeed
2498,みやび 個別 指導 学院 料金,CORE,代表,C10737,1,みやび 個別 指導 学院 料金,競合の比較検討（評判・料金）,保護者,B,カテゴリ競合×比較/評判/料金/乗換え/特性,中,③B カテゴリ競合,みやび個別指導学院,480,130.0,487.0,MEDIUM,サービス探し（家庭教師・塾・支援） | 比較検討・料金・申込 | ブランド・指名検索,KWP_KeywordSeed
47567,ノーバス まつ毛美容液 口コミ,CORE,代表,C10793,1,ノーバス まつ毛美容液 口コミ,競合の比較検討（評判・料金）,保護者,B,カテゴリ競合×比較/評判/料金/乗換え/特性,中,③B カテゴリ競合,家庭教師のノーバス,,,,UNSPECIFIED,比較検討・料金・申込 | ブランド・指名検索,Google_competitor_suggest
8928,まなび 場 私塾 フリー スクール,CORE,代表,C10810,1,まなび 場 私塾 フリー スクール,サービス探し（特性/不登校×学習支援）,保護者,A,特性/不登校×家庭教師・塾・個別,高,②顕在,,110,,,LOW,サービス探し（家庭教師・塾・支援） | 療育・福祉・居場所 | 学校生活・不登校・学校種別,KWP_KeywordSeed
36871,明光 義塾 みらい 英語 評判,CORE,代表,C10827,1,明光 義塾 みらい 英語 評判,競合の比較検討（評判・料金）,保護者,B,カテゴリ競合×比較/評判/料金/乗換え/特性,中,③B カテゴリ競合,個別指導の明光義塾,10,,,UNSPECIFIED,サービス探し（家庭教師・塾・支援） | 比較検討・料金・申込 | 学習のやり方・学習課題 | ブランド・指名検索,KWP_CompetitorKeywordSeed
36864,明光 みらい 英語 評判,CORE,代表,C10829,1,明光 みらい 英語 評判,競合の比較検討（評判・料金）,保護者,B,カテゴリ競合×比較/評判/料金/乗換え/特性,中,③B カテゴリ競合,個別指導の明光義塾,10,,,UNSPECIFIED,比較検討・料金・申込 | 学習のやり方・学習課題 | ブランド・指名検索,KWP_CompetitorKeywordSeed
67814,家庭教師アカデミー やばい,CORE,代表,C10875,1,家庭教師アカデミー やばい,競合の不満・乗り換え,保護者,B,カテゴリ競合×比較/評判/料金/乗換え/特性,中,③B カテゴリ競合,家庭教師アカデミー,10,478.0,1242.0,MEDIUM,サービス探し（家庭教師・塾・支援） | 比較検討・料金・申込 | ブランド・指名検索,CompetitorMatrix
47466,トライ オンライン やばい,CORE,代表,C10876,1,トライ オンライン やばい,競合の不満・乗り換え,保護者,B,カテゴリ競合×比較/評判/料金/乗換え/特性,中,③B カテゴリ競合,トライのオンライン個別指導塾,,,,UNSPECIFIED,サービス探し（家庭教師・塾・支援） | 比較検討・料金・申込 | ブランド・指名検索,Google_competitor_suggest
47645,家庭教師のガンバ やばい,CORE,代表,C10877,1,家庭教師のガンバ やばい,競合の不満・乗り換え,保護者,B,カテゴリ競合×比較/評判/料金/乗換え/特性,中,③B カテゴリ競合,家庭教師のガンバ,210,332.0,850.0,LOW,サービス探し（家庭教師・塾・支援） | 比較検討・料金・申込 | ブランド・指名検索,Google_competitor_suggest || CompetitorMatrix
67904,フリーステップ やばい,CORE,代表,C10881,1,フリーステップ やばい,競合の不満・乗り換え,保護者,B,カテゴリ競合×比較/評判/料金/乗換え/特性,中,③B カテゴリ競合,フリーステップ,480,152.0,562.0,LOW,比較検討・料金・申込 | ブランド・指名検索,CompetitorMatrix
68108,トライプラス やばい,CORE,代表,C10886,1,トライプラス やばい,競合の不満・乗り換え,保護者,B,カテゴリ競合×比較/評判/料金/乗換え/特性,中,③B カテゴリ競合,個別指導塾トライプラス,720,198.0,825.0,LOW,比較検討・料金・申込 | ブランド・指名検索,CompetitorMatrix
30828,個別 教室 の トライ やばい,CORE,代表,C10887,2,個別 教室 の トライ やばい,競合の不満・乗り換え,保護者,B,カテゴリ競合×比較/評判/料金/乗換え/特性,中,③B カテゴリ競合,個別教室のトライ,2400,170.0,577.0,LOW,比較検討・料金・申込 | ブランド・指名検索,KWP_CompetitorKeywordSeed
31182,家庭 教師 の トライ やばい,CORE,代表,C10889,2,家庭 教師 の トライ やばい,競合の不満・乗り換え,保護者,B,カテゴリ競合×比較/評判/料金/乗換え/特性,中,③B カテゴリ競合,家庭教師のトライ,720,247.0,691.0,LOW,サービス探し（家庭教師・塾・支援） | 比較検討・料金・申込 | ブランド・指名検索,KWP_CompetitorKeywordSeed
40494,トーマス 塾 やばい,CORE,代表,C10890,1,トーマス 塾 やばい,競合の不満・乗り換え,保護者,B,カテゴリ競合×比較/評判/料金/乗換え/特性,中,③B カテゴリ競合,TOMAS,720,101.0,543.0,LOW,サービス探し（家庭教師・塾・支援） | 比較検討・料金・申込 | ブランド・指名検索,KWP_CompetitorKeywordSeed || CompetitorMatrix
67860,ナビ個別指導学院 やばい,CORE,代表,C10891,1,ナビ個別指導学院 やばい,競合の不満・乗り換え,保護者,B,カテゴリ競合×比較/評判/料金/乗換え/特性,中,③B カテゴリ競合,ナビ個別指導学院,1000,128.0,442.0,LOW,サービス探し（家庭教師・塾・支援） | 比較検討・料金・申込 | ブランド・指名検索,CompetitorMatrix
67874,栄光ビザビ やばい,CORE,代表,C10892,1,栄光ビザビ やばい,競合の不満・乗り換え,保護者,B,カテゴリ競合×比較/評判/料金/乗換え/特性,中,③B カテゴリ競合,栄光の個別ビザビ,30,,,LOW,比較検討・料金・申込 | ブランド・指名検索,CompetitorMatrix
47664,家庭教師のマスター やばい,CORE,代表,C10894,1,家庭教師のマスター やばい,競合の不満・乗り換え,保護者,B,カテゴリ競合×比較/評判/料金/乗換え/特性,中,③B カテゴリ競合,家庭教師のマスター,110,364.0,1547.0,LOW,サービス探し（家庭教師・塾・支援） | 比較検討・料金・申込 | ブランド・指名検索,Google_competitor_suggest || CompetitorMatrix
45931,メガスタ やばい,CORE,代表,C10895,1,メガスタ やばい,競合の不満・乗り換え,保護者,B,終了競合の乗換え需要,高,③X 終了サービス/乗換え,オンラインプロ教師のメガスタ,480,,,LOW,比較検討・料金・申込 | ブランド・指名検索,Google_competitor_SERP || Google_competitor_suggest || CompetitorMatrix
47587,家庭教師のランナー やばい,CORE,代表,C10896,1,家庭教師のランナー やばい,競合の不満・乗り換え,保護者,B,カテゴリ競合×比較/評判/料金/乗換え/特性,中,③B カテゴリ競合,家庭教師のランナー,20,268.0,1591.0,LOW,サービス探し（家庭教師・塾・支援） | 比較検討・料金・申込 | ブランド・指名検索,Google_competitor_suggest || CompetitorMatrix
47844,東京個別指導学院 やばい,CORE,代表,C10899,1,東京個別指導学院 やばい,競合の不満・乗り換え,保護者,B,カテゴリ競合×比較/評判/料金/乗換え/特性,中,③B カテゴリ競合,東京個別指導学院,1300,120.0,478.0,LOW,サービス探し（家庭教師・塾・支援） | 比較検討・料金・申込 | ブランド・指名検索 | 地域・近くで探す,Google_competitor_suggest || CompetitorMatrix
67838,東京個別 やばい,CORE,代表,C10900,1,東京個別 やばい,競合の不満・乗り換え,保護者,B,カテゴリ競合×比較/評判/料金/乗換え/特性,中,③B カテゴリ競合,東京個別指導学院,10,,,LOW,比較検討・料金・申込 | ブランド・指名検索 | 地域・近くで探す,CompetitorMatrix
67825,明光義塾 やばい,CORE,代表,C10904,1,明光義塾 やばい,競合の不満・乗り換え,保護者,B,カテゴリ競合×比較/評判/料金/乗換え/特性,中,③B カテゴリ競合,個別指導の明光義塾,720,118.0,700.0,LOW,サービス探し（家庭教師・塾・支援） | 比較検討・料金・申込 | ブランド・指名検索,CompetitorMatrix
67881,森塾 やばい,CORE,代表,C10905,1,森塾 やばい,競合の不満・乗り換え,保護者,B,カテゴリ競合×比較/評判/料金/乗換え/特性,中,③B カテゴリ競合,森塾,1300,108.0,416.0,LOW,サービス探し（家庭教師・塾・支援） | 比較検討・料金・申込 | ブランド・指名検索,CompetitorMatrix
40792,武田 塾 やばい,CORE,代表,C10906,2,武田 塾 やばい,競合の不満・乗り換え,保護者,B,カテゴリ競合×比較/評判/料金/乗換え/特性,中,③B カテゴリ競合,武田塾,720,,,LOW,サービス探し（家庭教師・塾・支援） | 比較検討・料金・申込 | ブランド・指名検索,KWP_CompetitorKeywordSeed
48829,家庭教師の銀河 やばい,CORE,代表,C10907,1,家庭教師の銀河 やばい,競合の不満・乗り換え,保護者,B,カテゴリ競合×比較/評判/料金/乗換え/特性,中,③B カテゴリ競合,家庭教師の銀河,,,,UNSPECIFIED,サービス探し（家庭教師・塾・支援） | 比較検討・料金・申込 | ブランド・指名検索,Google_competitor_suggest
41757,京 進 スクール ワン やめる,CORE,代表,C10909,1,京 進 スクール ワン やめる,競合の不満・乗り換え,保護者,B,カテゴリ競合×比較/評判/料金/乗換え/特性,中,③B カテゴリ競合,京進スクール・ワン,10,,,LOW,合わない・断られた・乗り換え | ブランド・指名検索,KWP_CompetitorKeywordSeed
31631,個別 教室 の トライ やめる,CORE,代表,C10911,1,個別 教室 の トライ やめる,競合の不満・乗り換え,保護者,B,カテゴリ競合×比較/評判/料金/乗換え/特性,中,③B カテゴリ競合,個別教室のトライ,10,,,LOW,合わない・断られた・乗り換え | ブランド・指名検索,KWP_CompetitorKeywordSeed
31306,家庭 教師 の トライ やめる,CORE,代表,C10912,1,家庭 教師 の トライ やめる,競合の不満・乗り換え,保護者,B,カテゴリ競合×比較/評判/料金/乗換え/特性,中,③B カテゴリ競合,家庭教師のトライ,10,,,LOW,サービス探し（家庭教師・塾・支援） | 合わない・断られた・乗り換え | ブランド・指名検索,KWP_CompetitorKeywordSeed
37715,東京 個別 指導 学院 やめる,CORE,代表,C10915,1,東京 個別 指導 学院 やめる,競合の不満・乗り換え,保護者,B,カテゴリ競合×比較/評判/料金/乗換え/特性,中,③B カテゴリ競合,東京個別指導学院,10,,,LOW,サービス探し（家庭教師・塾・支援） | 合わない・断られた・乗り換え | ブランド・指名検索 | 地域・近くで探す,KWP_CompetitorKeywordSeed
33531,やる気 アシスト レビュー,CORE,代表,C11010,1,やる気 アシスト レビュー,競合の比較検討（評判・料金）,保護者,B,カテゴリ競合×比較/評判/料金/乗換え/特性,中,③B カテゴリ競合,家庭教師のやる気アシスト,,,,UNSPECIFIED,比較検討・料金・申込 | 学習のやり方・学習課題 | ブランド・指名検索,KWP_CompetitorKeywordSeed
33600,家庭 教師 の やる気 アシスト レビュー,CORE,代表,C11011,1,家庭 教師 の やる気 アシスト レビュー,競合の比較検討（評判・料金）,保護者,B,カテゴリ競合×比較/評判/料金/乗換え/特性,中,③B カテゴリ競合,家庭教師のやる気アシスト,,,,UNSPECIFIED,サービス探し（家庭教師・塾・支援） | 比較検討・料金・申込 | 学習のやり方・学習課題 | ブランド・指名検索,KWP_CompetitorKeywordSeed
33586,やる気 アシスト 不 登校 口コミ,CORE,代表,C11012,1,やる気 アシスト 不 登校 口コミ,競合の比較検討（評判・料金）,保護者,B,カテゴリ競合×比較/評判/料金/乗換え/特性,中,③B カテゴリ競合,家庭教師のやる気アシスト,,,,UNSPECIFIED,比較検討・料金・申込 | 学習のやり方・学習課題 | 学校生活・不登校・学校種別 | ブランド・指名検索,KWP_CompetitorKeywordSeed
33647,家庭 教師 の やる気 アシスト 不 登校,CORE,代表,C11013,1,家庭 教師 の やる気 アシスト 不 登校,競合×特性/不登校対応の確認,保護者,B,特性/不登校×家庭教師・塾・個別,高,③B カテゴリ競合,家庭教師のやる気アシスト,,,,UNSPECIFIED,サービス探し（家庭教師・塾・支援） | 学習のやり方・学習課題 | 学校生活・不登校・学校種別 | ブランド・指名検索,KWP_CompetitorKeywordSeed
33598,やる気 アシスト 不 登校 料金,CORE,代表,C11014,1,やる気 アシスト 不 登校 料金,競合の比較検討（評判・料金）,保護者,B,カテゴリ競合×比較/評判/料金/乗換え/特性,中,③B カテゴリ競合,家庭教師のやる気アシスト,,,,UNSPECIFIED,比較検討・料金・申込 | 学習のやり方・学習課題 | 学校生活・不登校・学校種別 | ブランド・指名検索,KWP_CompetitorKeywordSeed
33574,やる気 アシスト 不 登校,CORE,代表,C11015,1,やる気 アシスト 不 登校,競合×特性/不登校対応の確認,保護者,B,カテゴリ競合×比較/評判/料金/乗換え/特性,中,③B カテゴリ競合,家庭教師のやる気アシスト,,,,UNSPECIFIED,学習のやり方・学習課題 | 学校生活・不登校・学校種別 | ブランド・指名検索,KWP_CompetitorKeywordSeed
33592,やる気 アシスト 不 登校 評判,CORE,代表,C11016,1,やる気 アシスト 不 登校 評判,競合の比較検討（評判・料金）,保護者,B,カテゴリ競合×比較/評判/料金/乗換え/特性,中,③B カテゴリ競合,家庭教師のやる気アシスト,,,,UNSPECIFIED,比較検討・料金・申込 | 学習のやり方・学習課題 | 学校生活・不登校・学校種別 | ブランド・指名検索,KWP_CompetitorKeywordSeed
33563,やる気 アシスト 体験,CORE,代表,C11023,1,やる気 アシスト 体験,競合の比較検討（評判・料金）,保護者,B,カテゴリ競合×比較/評判/料金/乗換え/特性,中,③B カテゴリ競合,家庭教師のやる気アシスト,,,,UNSPECIFIED,比較検討・料金・申込 | 学習のやり方・学習課題 | ブランド・指名検索,KWP_CompetitorKeywordSeed
33633,家庭 教師 の やる気 アシスト 体験 授業,CORE,代表,C11024,1,家庭 教師 の やる気 アシスト 体験 授業,競合の比較検討（評判・料金）,保護者,B,カテゴリ競合×比較/評判/料金/乗換え/特性,中,③B カテゴリ競合,家庭教師のやる気アシスト,,,,UNSPECIFIED,サービス探し（家庭教師・塾・支援） | 比較検討・料金・申込 | 学習のやり方・学習課題 | ブランド・指名検索,KWP_CompetitorKeywordSeed
33632,家庭 教師 の やる気 アシスト 体験,CORE,代表,C11025,1,家庭 教師 の やる気 アシスト 体験,競合の比較検討（評判・料金）,保護者,B,カテゴリ競合×比較/評判/料金/乗換え/特性,中,③B カテゴリ競合,家庭教師のやる気アシスト,,,,UNSPECIFIED,サービス探し（家庭教師・塾・支援） | 比較検討・料金・申込 | 学習のやり方・学習課題 | ブランド・指名検索,KWP_CompetitorKeywordSeed
33631,家庭 教師 の やる気 アシスト 無料 体験,CORE,代表,C11026,1,家庭 教師 の やる気 アシスト 無料 体験,競合の比較検討（評判・料金）,保護者,B,カテゴリ競合×比較/評判/料金/乗換え/特性,中,③B カテゴリ競合,家庭教師のやる気アシスト,,,,UNSPECIFIED,サービス探し（家庭教師・塾・支援） | 比較検討・料金・申込 | 学習のやり方・学習課題 | ブランド・指名検索,KWP_CompetitorKeywordSeed
33601,家庭 教師 の やる気 アシスト 体験 談,CORE,代表,C11027,1,家庭 教師 の やる気 アシスト 体験 談,競合の比較検討（評判・料金）,保護者,B,カテゴリ競合×比較/評判/料金/乗換え/特性,中,③B カテゴリ競合,家庭教師のやる気アシスト,,,,UNSPECIFIED,サービス探し（家庭教師・塾・支援） | 比較検討・料金・申込 | 学習のやり方・学習課題 | ブランド・指名検索,KWP_CompetitorKeywordSeed
33564,やる気 アシスト 体験 授業,CORE,代表,C11028,1,やる気 アシスト 体験 授業,競合の比較検討（評判・料金）,保護者,B,カテゴリ競合×比較/評判/料金/乗換え/特性,中,③B カテゴリ競合,家庭教師のやる気アシスト,,,,UNSPECIFIED,比較検討・料金・申込 | 学習のやり方・学習課題 | ブランド・指名検索,KWP_CompetitorKeywordSeed
33562,やる気 アシスト 無料 体験,CORE,代表,C11029,1,やる気 アシスト 無料 体験,競合の比較検討（評判・料金）,保護者,B,カテゴリ競合×比較/評判/料金/乗換え/特性,中,③B カテゴリ競合,家庭教師のやる気アシスト,,,,UNSPECIFIED,比較検討・料金・申込 | 学習のやり方・学習課題 | ブランド・指名検索,KWP_CompetitorKeywordSeed
33532,やる気 アシスト 体験 談,CORE,代表,C11030,1,やる気 アシスト 体験 談,競合の比較検討（評判・料金）,保護者,B,カテゴリ競合×比較/評判/料金/乗換え/特性,中,③B カテゴリ競合,家庭教師のやる気アシスト,,,,UNSPECIFIED,比較検討・料金・申込 | 学習のやり方・学習課題 | ブランド・指名検索,KWP_CompetitorKeywordSeed
33568,やる気 アシスト 入会,CORE,代表,C11031,1,やる気 アシスト 入会,競合の比較検討（評判・料金）,保護者,B,カテゴリ競合×比較/評判/料金/乗換え/特性,中,③B カテゴリ競合,家庭教師のやる気アシスト,,,,UNSPECIFIED,比較検討・料金・申込 | 学習のやり方・学習課題 | ブランド・指名検索,KWP_CompetitorKeywordSeed
33637,家庭 教師 の やる気 アシスト 入会,CORE,代表,C11032,1,家庭 教師 の やる気 アシスト 入会,競合の比較検討（評判・料金）,保護者,B,カテゴリ競合×比較/評判/料金/乗換え/特性,中,③B カテゴリ競合,家庭教師のやる気アシスト,,,,UNSPECIFIED,サービス探し（家庭教師・塾・支援） | 比較検討・料金・申込 | 学習のやり方・学習課題 | ブランド・指名検索,KWP_CompetitorKeywordSeed
33609,家庭 教師 の やる気 アシスト 入会 金,CORE,代表,C11033,1,家庭 教師 の やる気 アシスト 入会 金,競合の比較検討（評判・料金）,保護者,B,カテゴリ競合×比較/評判/料金/乗換え/特性,中,③B カテゴリ競合,家庭教師のやる気アシスト,,,,UNSPECIFIED,サービス探し（家庭教師・塾・支援） | 比較検討・料金・申込 | 学習のやり方・学習課題 | ブランド・指名検索,KWP_CompetitorKeywordSeed
33540,やる気 アシスト 入会 金,CORE,代表,C11034,1,やる気 アシスト 入会 金,競合の比較検討（評判・料金）,保護者,B,カテゴリ競合×比較/評判/料金/乗換え/特性,中,③B カテゴリ競合,家庭教師のやる気アシスト,,,,UNSPECIFIED,比較検討・料金・申込 | 学習のやり方・学習課題 | ブランド・指名検索,KWP_CompetitorKeywordSeed
33530,やる気 アシスト 口コミ,CORE,代表,C11039,1,やる気 アシスト 口コミ,競合の比較検討（評判・料金）,保護者,B,カテゴリ競合×比較/評判/料金/乗換え/特性,中,③B カテゴリ競合,家庭教師のやる気アシスト,,,,UNSPECIFIED,比較検討・料金・申込 | 学習のやり方・学習課題 | ブランド・指名検索,KWP_CompetitorKeywordSeed
33585,やる気 アシスト 境界 知能 口コミ,CORE,代表,C11040,1,やる気 アシスト 境界 知能 口コミ,競合の比較検討（評判・料金）,保護者,B,カテゴリ競合×比較/評判/料金/乗換え/特性,中,③B カテゴリ競合,家庭教師のやる気アシスト,,,,UNSPECIFIED,比較検討・料金・申込 | 学習のやり方・学習課題 | ブランド・指名検索,KWP_CompetitorKeywordSeed
33583,やる気 アシスト ld 口コミ,CORE,代表,C11041,2,やる気 アシスト ld 口コミ,競合の比較検討（評判・料金）,保護者,B,カテゴリ競合×比較/評判/料金/乗換え/特性,中,③B カテゴリ競合,家庭教師のやる気アシスト,,,,UNSPECIFIED,比較検討・料金・申込 | 学習のやり方・学習課題 | ブランド・指名検索,KWP_CompetitorKeywordSeed
33599,家庭 教師 の やる気 アシスト 口コミ,CORE,代表,C11042,2,家庭 教師 の やる気 アシスト 口コミ,競合の比較検討（評判・料金）,保護者,B,カテゴリ競合×比較/評判/料金/乗換え/特性,中,③B カテゴリ競合,家庭教師のやる気アシスト,,,,UNSPECIFIED,サービス探し（家庭教師・塾・支援） | 比較検討・料金・申込 | 学習のやり方・学習課題 | ブランド・指名検索,KWP_CompetitorKeywordSeed
33646,家庭 教師 の やる気 アシスト 境界 知能,CORE,代表,C11043,1,家庭 教師 の やる気 アシスト 境界 知能,競合×特性/不登校対応の確認,保護者,B,特性/不登校×家庭教師・塾・個別,高,③B カテゴリ競合,家庭教師のやる気アシスト,,,,UNSPECIFIED,サービス探し（家庭教師・塾・支援） | 学習のやり方・学習課題 | ブランド・指名検索,KWP_CompetitorKeywordSeed
33597,やる気 アシスト 境界 知能 料金,CORE,代表,C11044,1,やる気 アシスト 境界 知能 料金,競合の比較検討（評判・料金）,保護者,B,カテゴリ競合×比較/評判/料金/乗換え/特性,中,③B カテゴリ競合,家庭教師のやる気アシスト,,,,UNSPECIFIED,比較検討・料金・申込 | 学習のやり方・学習課題 | ブランド・指名検索,KWP_CompetitorKeywordSeed
33573,やる気 アシスト 境界 知能,CORE,代表,C11045,1,やる気 アシスト 境界 知能,競合×特性/不登校対応の確認,保護者,B,カテゴリ競合×比較/評判/料金/乗換え/特性,中,③B カテゴリ競合,家庭教師のやる気アシスト,,,,UNSPECIFIED,学習のやり方・学習課題 | ブランド・指名検索,KWP_CompetitorKeywordSeed
33591,やる気 アシスト 境界 知能 評判,CORE,代表,C11046,1,やる気 アシスト 境界 知能 評判,競合の比較検討（評判・料金）,保護者,B,カテゴリ競合×比較/評判/料金/乗換え/特性,中,③B カテゴリ競合,家庭教師のやる気アシスト,,,,UNSPECIFIED,比較検討・料金・申込 | 学習のやり方・学習課題 | ブランド・指名検索,KWP_CompetitorKeywordSeed
33554,やる気 アシスト 失敗,CORE,代表,C11047,1,やる気 アシスト 失敗,競合の不満・乗り換え,保護者,B,カテゴリ競合×比較/評判/料金/乗換え/特性,中,③B カテゴリ競合,家庭教師のやる気アシスト,,,,UNSPECIFIED,比較検討・料金・申込 | 学習のやり方・学習課題 | ブランド・指名検索,KWP_CompetitorKeywordSeed
33623,家庭 教師 の やる気 アシスト 失敗,CORE,代表,C11048,1,家庭 教師 の やる気 アシスト 失敗,競合の不満・乗り換え,保護者,B,カテゴリ競合×比較/評判/料金/乗換え/特性,中,③B カテゴリ競合,家庭教師のやる気アシスト,,,,UNSPECIFIED,サービス探し（家庭教師・塾・支援） | 比較検討・料金・申込 | 学習のやり方・学習課題 | ブランド・指名検索,KWP_CompetitorKeywordSeed
33644,家庭 教師 の やる気 アシスト ld,CORE,代表,C11049,2,家庭 教師 の やる気 アシスト ld,競合×特性/不登校対応の確認,保護者,B,特性/不登校×家庭教師・塾・個別,高,③B カテゴリ競合,家庭教師のやる気アシスト,,,,UNSPECIFIED,サービス探し（家庭教師・塾・支援） | 学習のやり方・学習課題 | ブランド・指名検索,KWP_CompetitorKeywordSeed
33595,やる気 アシスト ld 料金,CORE,代表,C11050,2,やる気 アシスト ld 料金,競合の比較検討（評判・料金）,保護者,B,カテゴリ競合×比較/評判/料金/乗換え/特性,中,③B カテゴリ競合,家庭教師のやる気アシスト,,,,UNSPECIFIED,比較検討・料金・申込 | 学習のやり方・学習課題 | ブランド・指名検索,KWP_CompetitorKeywordSeed
33589,やる気 アシスト ld 評判,CORE,代表,C11051,2,やる気 アシスト ld 評判,競合の比較検討（評判・料金）,保護者,B,カテゴリ競合×比較/評判/料金/乗換え/特性,中,③B カテゴリ競合,家庭教師のやる気アシスト,,,,UNSPECIFIED,比較検討・料金・申込 | 学習のやり方・学習課題 | ブランド・指名検索,KWP_CompetitorKeywordSeed
33571,やる気 アシスト ld,CORE,代表,C11052,2,やる気 アシスト ld,競合×特性/不登校対応の確認,保護者,B,カテゴリ競合×比較/評判/料金/乗換え/特性,中,③B カテゴリ競合,家庭教師のやる気アシスト,,,,UNSPECIFIED,学習のやり方・学習課題 | ブランド・指名検索,KWP_CompetitorKeywordSeed
33543,やる気 アシスト 安い,CORE,代表,C11053,1,やる気 アシスト 安い,競合の比較検討（評判・料金）,保護者,B,カテゴリ競合×比較/評判/料金/乗換え/特性,中,③B カテゴリ競合,家庭教師のやる気アシスト,,,,UNSPECIFIED,比較検討・料金・申込 | 学習のやり方・学習課題 | ブランド・指名検索,KWP_CompetitorKeywordSeed
33612,家庭 教師 の やる気 アシスト 安い,CORE,代表,C11054,1,家庭 教師 の やる気 アシスト 安い,競合の比較検討（評判・料金）,保護者,B,カテゴリ競合×比較/評判/料金/乗換え/特性,中,③B カテゴリ競合,家庭教師のやる気アシスト,,,,UNSPECIFIED,サービス探し（家庭教師・塾・支援） | 比較検討・料金・申込 | 学習のやり方・学習課題 | ブランド・指名検索,KWP_CompetitorKeywordSeed
33624,家庭 教師 の やる気 アシスト 後悔,CORE,代表,C11056,1,家庭 教師 の やる気 アシスト 後悔,競合の不満・乗り換え,保護者,B,カテゴリ競合×比較/評判/料金/乗換え/特性,中,③B カテゴリ競合,家庭教師のやる気アシスト,,,,UNSPECIFIED,サービス探し（家庭教師・塾・支援） | 比較検討・料金・申込 | 学習のやり方・学習課題 | ブランド・指名検索,KWP_CompetitorKeywordSeed
33621,家庭 教師 の やる気 アシスト 怪しい,CORE,代表,C11057,1,家庭 教師 の やる気 アシスト 怪しい,競合の不満・乗り換え,保護者,B,カテゴリ競合×比較/評判/料金/乗換え/特性,中,③B カテゴリ競合,家庭教師のやる気アシスト,,,,UNSPECIFIED,サービス探し（家庭教師・塾・支援） | 比較検討・料金・申込 | 学習のやり方・学習課題 | ブランド・指名検索,KWP_CompetitorKeywordSeed
33602,家庭 教師 の やる気 アシスト 感想,CORE,代表,C11058,1,家庭 教師 の やる気 アシスト 感想,競合の比較検討（評判・料金）,保護者,B,カテゴリ競合×比較/評判/料金/乗換え/特性,中,③B カテゴリ競合,家庭教師のやる気アシスト,,,,UNSPECIFIED,サービス探し（家庭教師・塾・支援） | 比較検討・料金・申込 | 学習のやり方・学習課題 | ブランド・指名検索,KWP_CompetitorKeywordSeed
33604,家庭 教師 の やる気 アシスト 料金,CORE,代表,C11061,4,家庭 教師 の やる気 アシスト 料金,競合の比較検討（評判・料金）,保護者,B,カテゴリ競合×比較/評判/料金/乗換え/特性,中,③B カテゴリ競合,家庭教師のやる気アシスト,,,,UNSPECIFIED,サービス探し（家庭教師・塾・支援） | 比較検討・料金・申込 | 学習のやり方・学習課題 | ブランド・指名検索,KWP_CompetitorKeywordSeed
33622,家庭 教師 の やる気 アシスト 最悪,CORE,代表,C11062,1,家庭 教師 の やる気 アシスト 最悪,競合の不満・乗り換え,保護者,B,カテゴリ競合×比較/評判/料金/乗換え/特性,中,③B カテゴリ競合,家庭教師のやる気アシスト,,,,UNSPECIFIED,サービス探し（家庭教師・塾・支援） | 比較検討・料金・申込 | 学習のやり方・学習課題 | ブランド・指名検索,KWP_CompetitorKeywordSeed
33613,家庭 教師 の やる気 アシスト 比較,CORE,代表,C11063,1,家庭 教師 の やる気 アシスト 比較,競合の比較検討（評判・料金）,保護者,B,カテゴリ競合×比較/評判/料金/乗換え/特性,中,③B カテゴリ競合,家庭教師のやる気アシスト,,,,UNSPECIFIED,サービス探し（家庭教師・塾・支援） | 比較検討・料金・申込 | 学習のやり方・学習課題 | ブランド・指名検索,KWP_CompetitorKeywordSeed
33636,家庭 教師 の やる気 アシスト 申し込み,CORE,代表,C11065,1,家庭 教師 の やる気 アシスト 申し込み,競合の比較検討（評判・料金）,保護者,B,カテゴリ競合×比較/評判/料金/乗換え/特性,中,③B カテゴリ競合,家庭教師のやる気アシスト,,,,UNSPECIFIED,サービス探し（家庭教師・塾・支援） | 比較検討・料金・申込 | 学習のやり方・学習課題 | ブランド・指名検索,KWP_CompetitorKeywordSeed
33638,家庭 教師 の やる気 アシスト 発達 障害,CORE,代表,C11066,2,家庭 教師 の やる気 アシスト 発達 障害,競合×特性/不登校対応の確認,保護者,B,特性/不登校×家庭教師・塾・個別,高,③B カテゴリ競合,家庭教師のやる気アシスト,,,,UNSPECIFIED,サービス探し（家庭教師・塾・支援） | 学習のやり方・学習課題 | ブランド・指名検索,KWP_CompetitorKeywordSeed
33643,家庭 教師 の やる気 アシスト 自 閉 症,CORE,代表,C11067,1,家庭 教師 の やる気 アシスト 自 閉 症,競合×特性/不登校対応の確認,保護者,B,特性/不登校×家庭教師・塾・個別,高,③B カテゴリ競合,家庭教師のやる気アシスト,,,,UNSPECIFIED,サービス探し（家庭教師・塾・支援） | 学習のやり方・学習課題 | ブランド・指名検索,KWP_CompetitorKeywordSeed
33630,家庭 教師 の やる気 アシスト 解約,CORE,代表,C11068,1,家庭 教師 の やる気 アシスト 解約,競合の不満・乗り換え,保護者,B,カテゴリ競合×比較/評判/料金/乗換え/特性,中,③B カテゴリ競合,家庭教師のやる気アシスト,,,,UNSPECIFIED,サービス探し（家庭教師・塾・支援） | 比較検討・料金・申込 | 学習のやり方・学習課題 | ブランド・指名検索,KWP_CompetitorKeywordSeed
33603,家庭 教師 の やる気 アシスト 評価,CORE,代表,C11069,1,家庭 教師 の やる気 アシスト 評価,競合の比較検討（評判・料金）,保護者,B,カテゴリ競合×比較/評判/料金/乗換え/特性,中,③B カテゴリ競合,家庭教師のやる気アシスト,,,,UNSPECIFIED,サービス探し（家庭教師・塾・支援） | 比較検討・料金・申込 | 学習のやり方・学習課題 | ブランド・指名検索,KWP_CompetitorKeywordSeed
33527,家庭 教師 の やる気 アシスト 評判,CORE,代表,C11070,2,家庭 教師 の やる気 アシスト 評判,競合の比較検討（評判・料金）,保護者,B,カテゴリ競合×比較/評判/料金/乗換え/特性,中,③B カテゴリ競合,家庭教師のやる気アシスト,10,,,UNSPECIFIED,サービス探し（家庭教師・塾・支援） | 比較検討・料金・申込 | 学習のやり方・学習課題 | ブランド・指名検索,KWP_CompetitorKeywordSeed
33635,家庭 教師 の やる気 アシスト 資料 請求,CORE,代表,C11071,1,家庭 教師 の やる気 アシスト 資料 請求,競合の比較検討（評判・料金）,保護者,B,カテゴリ競合×比較/評判/料金/乗換え/特性,中,③B カテゴリ競合,家庭教師のやる気アシスト,,,,UNSPECIFIED,サービス探し（家庭教師・塾・支援） | 比較検討・料金・申込 | 学習のやり方・学習課題 | ブランド・指名検索,KWP_CompetitorKeywordSeed
33605,家庭 教師 の やる気 アシスト 費用,CORE,代表,C11072,1,家庭 教師 の やる気 アシスト 費用,競合の比較検討（評判・料金）,保護者,B,カテゴリ競合×比較/評判/料金/乗換え/特性,中,③B カテゴリ競合,家庭教師のやる気アシスト,,,,UNSPECIFIED,サービス探し（家庭教師・塾・支援） | 比較検討・料金・申込 | 学習のやり方・学習課題 | ブランド・指名検索,KWP_CompetitorKeywordSeed
33629,家庭 教師 の やる気 アシスト 退会,CORE,代表,C11073,1,家庭 教師 の やる気 アシスト 退会,競合の不満・乗り換え,保護者,B,カテゴリ競合×比較/評判/料金/乗換え/特性,中,③B カテゴリ競合,家庭教師のやる気アシスト,,,,UNSPECIFIED,サービス探し（家庭教師・塾・支援） | 学習のやり方・学習課題 | 合わない・断られた・乗り換え | ブランド・指名検索,KWP_CompetitorKeywordSeed
33611,家庭 教師 の やる気 アシスト 高い,CORE,代表,C11075,1,家庭 教師 の やる気 アシスト 高い,競合の比較検討（評判・料金）,保護者,B,カテゴリ競合×比較/評判/料金/乗換え/特性,中,③B カテゴリ競合,家庭教師のやる気アシスト,,,,UNSPECIFIED,サービス探し（家庭教師・塾・支援） | 比較検討・料金・申込 | 学習のやり方・学習課題 | ブランド・指名検索,KWP_CompetitorKeywordSeed
33555,やる気 アシスト 後悔,CORE,代表,C11078,1,やる気 アシスト 後悔,競合の不満・乗り換え,保護者,B,カテゴリ競合×比較/評判/料金/乗換え/特性,中,③B カテゴリ競合,家庭教師のやる気アシスト,,,,UNSPECIFIED,比較検討・料金・申込 | 学習のやり方・学習課題 | ブランド・指名検索,KWP_CompetitorKeywordSeed
33552,やる気 アシスト 怪しい,CORE,代表,C11079,1,やる気 アシスト 怪しい,競合の不満・乗り換え,保護者,B,カテゴリ競合×比較/評判/料金/乗換え/特性,中,③B カテゴリ競合,家庭教師のやる気アシスト,,,,UNSPECIFIED,比較検討・料金・申込 | 学習のやり方・学習課題 | ブランド・指名検索,KWP_CompetitorKeywordSeed
33533,やる気 アシスト 感想,CORE,代表,C11080,1,やる気 アシスト 感想,競合の比較検討（評判・料金）,保護者,B,カテゴリ競合×比較/評判/料金/乗換え/特性,中,③B カテゴリ競合,家庭教師のやる気アシスト,,,,UNSPECIFIED,比較検討・料金・申込 | 学習のやり方・学習課題 | ブランド・指名検索,KWP_CompetitorKeywordSeed
33535,やる気 アシスト 料金,CORE,代表,C11082,4,やる気 アシスト 料金,競合の比較検討（評判・料金）,保護者,B,カテゴリ競合×比較/評判/料金/乗換え/特性,中,③B カテゴリ競合,家庭教師のやる気アシスト,,,,UNSPECIFIED,比較検討・料金・申込 | 学習のやり方・学習課題 | ブランド・指名検索,KWP_CompetitorKeywordSeed
33553,やる気 アシスト 最悪,CORE,代表,C11083,1,やる気 アシスト 最悪,競合の不満・乗り換え,保護者,B,カテゴリ競合×比較/評判/料金/乗換え/特性,中,③B カテゴリ競合,家庭教師のやる気アシスト,,,,UNSPECIFIED,比較検討・料金・申込 | 学習のやり方・学習課題 | ブランド・指名検索,KWP_CompetitorKeywordSeed
33544,やる気 アシスト 比較,CORE,代表,C11084,1,やる気 アシスト 比較,競合の比較検討（評判・料金）,保護者,B,カテゴリ競合×比較/評判/料金/乗換え/特性,中,③B カテゴリ競合,家庭教師のやる気アシスト,,,,UNSPECIFIED,比較検討・料金・申込 | 学習のやり方・学習課題 | ブランド・指名検索,KWP_CompetitorKeywordSeed
33567,やる気 アシスト 申し込み,CORE,代表,C11086,1,やる気 アシスト 申し込み,競合の比較検討（評判・料金）,保護者,B,カテゴリ競合×比較/評判/料金/乗換え/特性,中,③B カテゴリ競合,家庭教師のやる気アシスト,,,,UNSPECIFIED,比較検討・料金・申込 | 学習のやり方・学習課題 | ブランド・指名検索,KWP_CompetitorKeywordSeed
33561,やる気 アシスト 解約,CORE,代表,C11087,1,やる気 アシスト 解約,競合の不満・乗り換え,保護者,B,カテゴリ競合×比較/評判/料金/乗換え/特性,中,③B カテゴリ競合,家庭教師のやる気アシスト,,,,UNSPECIFIED,比較検討・料金・申込 | 学習のやり方・学習課題 | ブランド・指名検索,KWP_CompetitorKeywordSeed
33534,やる気 アシスト 評価,CORE,代表,C11088,1,やる気 アシスト 評価,競合の比較検討（評判・料金）,保護者,B,カテゴリ競合×比較/評判/料金/乗換え/特性,中,③B カテゴリ競合,家庭教師のやる気アシスト,,,,UNSPECIFIED,比較検討・料金・申込 | 学習のやり方・学習課題 | ブランド・指名検索,KWP_CompetitorKeywordSeed
33528,やる気 アシスト 評判,CORE,代表,C11089,2,やる気 アシスト 評判,競合の比較検討（評判・料金）,保護者,B,カテゴリ競合×比較/評判/料金/乗換え/特性,中,③B カテゴリ競合,家庭教師のやる気アシスト,10,253.0,1030.0,MEDIUM,比較検討・料金・申込 | 学習のやり方・学習課題 | ブランド・指名検索,KWP_CompetitorKeywordSeed
33566,やる気 アシスト 資料 請求,CORE,代表,C11090,1,やる気 アシスト 資料 請求,競合の比較検討（評判・料金）,保護者,B,カテゴリ競合×比較/評判/料金/乗換え/特性,中,③B カテゴリ競合,家庭教師のやる気アシスト,,,,UNSPECIFIED,比較検討・料金・申込 | 学習のやり方・学習課題 | ブランド・指名検索,KWP_CompetitorKeywordSeed
33536,やる気 アシスト 費用,CORE,代表,C11091,1,やる気 アシスト 費用,競合の比較検討（評判・料金）,保護者,B,カテゴリ競合×比較/評判/料金/乗換え/特性,中,③B カテゴリ競合,家庭教師のやる気アシスト,,,,UNSPECIFIED,比較検討・料金・申込 | 学習のやり方・学習課題 | ブランド・指名検索,KWP_CompetitorKeywordSeed
33560,やる気 アシスト 退会,CORE,代表,C11092,1,やる気 アシスト 退会,競合の不満・乗り換え,保護者,B,カテゴリ競合×比較/評判/料金/乗換え/特性,中,③B カテゴリ競合,家庭教師のやる気アシスト,,,,UNSPECIFIED,学習のやり方・学習課題 | 合わない・断られた・乗り換え | ブランド・指名検索,KWP_CompetitorKeywordSeed
33542,やる気 アシスト 高い,CORE,代表,C11094,1,やる気 アシスト 高い,競合の比較検討（評判・料金）,保護者,B,カテゴリ競合×比較/評判/料金/乗換え/特性,中,③B カテゴリ競合,家庭教師のやる気アシスト,,,,UNSPECIFIED,比較検討・料金・申込 | 学習のやり方・学習課題 | ブランド・指名検索,KWP_CompetitorKeywordSeed
33569,やる気 アシスト グレー ゾーン,CORE,代表,C11096,1,やる気 アシスト グレー ゾーン,競合×特性/不登校対応の確認,保護者,B,カテゴリ競合×比較/評判/料金/乗換え/特性,中,③B カテゴリ競合,家庭教師のやる気アシスト,,,,UNSPECIFIED,学習のやり方・学習課題 | ブランド・指名検索,KWP_CompetitorKeywordSeed
33581,やる気 アシスト グレー ゾーン 口コミ,CORE,代表,C11097,1,やる気 アシスト グレー ゾーン 口コミ,競合の比較検討（評判・料金）,保護者,B,カテゴリ競合×比較/評判/料金/乗換え/特性,中,③B カテゴリ競合,家庭教師のやる気アシスト,,,,UNSPECIFIED,比較検討・料金・申込 | 学習のやり方・学習課題 | ブランド・指名検索,KWP_CompetitorKeywordSeed
33640,家庭 教師 の やる気 アシスト グレー ゾーン,CORE,代表,C11098,1,家庭 教師 の やる気 アシスト グレー ゾーン,競合×特性/不登校対応の確認,保護者,B,特性/不登校×家庭教師・塾・個別,高,③B カテゴリ競合,家庭教師のやる気アシスト,,,,UNSPECIFIED,サービス探し（家庭教師・塾・支援） | 学習のやり方・学習課題 | ブランド・指名検索,KWP_CompetitorKeywordSeed
33593,やる気 アシスト グレー ゾーン 料金,CORE,代表,C11099,1,やる気 アシスト グレー ゾーン 料金,競合の比較検討（評判・料金）,保護者,B,カテゴリ競合×比較/評判/料金/乗換え/特性,中,③B カテゴリ競合,家庭教師のやる気アシスト,,,,UNSPECIFIED,比較検討・料金・申込 | 学習のやり方・学習課題 | ブランド・指名検索,KWP_CompetitorKeywordSeed
33587,やる気 アシスト グレー ゾーン 評判,CORE,代表,C11100,1,やる気 アシスト グレー ゾーン 評判,競合の比較検討（評判・料金）,保護者,B,カテゴリ競合×比較/評判/料金/乗換え/特性,中,③B カテゴリ競合,家庭教師のやる気アシスト,,,,UNSPECIFIED,比較検討・料金・申込 | 学習のやり方・学習課題 | ブランド・指名検索,KWP_CompetitorKeywordSeed
38428,やる気 スイッチ 料金 中学生,CORE,代表,C11103,1,やる気 スイッチ 料金 中学生,競合の比較検討（評判・料金）,保護者,B,カテゴリ競合×比較/評判/料金/乗換え/特性,中,③B カテゴリ競合,スクールIE,30,115.0,268.0,LOW,比較検討・料金・申込 | 学習のやり方・学習課題 | ブランド・指名検索,KWP_CompetitorKeywordSeed
38933,やる気 スイッチ 塾 口コミ,CORE,代表,C11106,1,やる気 スイッチ 塾 口コミ,競合の比較検討（評判・料金）,保護者,B,カテゴリ競合×比較/評判/料金/乗換え/特性,中,③B カテゴリ競合,スクールIE,30,53.0,282.0,LOW,サービス探し（家庭教師・塾・支援） | 比較検討・料金・申込 | 学習のやり方・学習課題 | ブランド・指名検索,KWP_CompetitorKeywordSeed
20658,やる気 スイッチ 塾 料金,CORE,代表,C11109,1,やる気 スイッチ 塾 料金,競合の比較検討（評判・料金）,保護者,B,カテゴリ競合×比較/評判/料金/乗換え/特性,中,③B カテゴリ競合,スクールIE,210,93.0,331.0,LOW,サービス探し（家庭教師・塾・支援） | 比較検討・料金・申込 | 学習のやり方・学習課題 | ブランド・指名検索,KWP_UrlSeed || KWP_CompetitorKeywordSeed
38941,やる気 スイッチ 塾 評判,CORE,代表,C11111,1,やる気 スイッチ 塾 評判,競合の比較検討（評判・料金）,保護者,B,カテゴリ競合×比較/評判/料金/乗換え/特性,中,③B カテゴリ競合,スクールIE,10,,,LOW,サービス探し（家庭教師・塾・支援） | 比較検討・料金・申込 | 学習のやり方・学習課題 | ブランド・指名検索,KWP_CompetitorKeywordSeed
3067,やる気 スイッチ 夏期 講習 料金,CORE,代表,C11112,1,やる気 スイッチ 夏期 講習 料金,競合の比較検討（評判・料金）,保護者,B,カテゴリ競合×比較/評判/料金/乗換え/特性,中,③B カテゴリ競合,スクールIE,30,88.0,278.0,LOW,比較検討・料金・申込 | 学習のやり方・学習課題 | ブランド・指名検索,KWP_KeywordSeed || KWP_CompetitorKeywordSeed
38473,やる気 スイッチ 小学生 料金,CORE,代表,C11113,1,やる気 スイッチ 小学生 料金,競合の比較検討（評判・料金）,保護者,B,カテゴリ競合×比較/評判/料金/乗換え/特性,中,③B カテゴリ競合,スクールIE,20,94.0,351.0,MEDIUM,比較検討・料金・申込 | 学習のやり方・学習課題 | ブランド・指名検索,KWP_CompetitorKeywordSeed
38113,やる気 スイッチ 料金,CORE,代表,C11116,1,やる気 スイッチ 料金,競合の比較検討（評判・料金）,保護者,B,カテゴリ競合×比較/評判/料金/乗換え/特性,中,③B カテゴリ競合,スクールIE,390,75.0,221.0,LOW,比較検討・料金・申込 | 学習のやり方・学習課題 | ブランド・指名検索,KWP_CompetitorKeywordSeed
45066,発達障害 塾 断 られる,CORE,代表,C11152,1,発達障害 塾 断 られる,サービス探し（特性/不登校×学習支援）,保護者,A,特性/不登校×家庭教師・塾・個別,高,②顕在,,,,,UNSPECIFIED,サービス探し（家庭教師・塾・支援） | 合わない・断られた・乗り換え,Google_related_search || Google_suggest
48835,家庭教師アカデミー フリースクール,CORE,代表,C11192,1,家庭教師アカデミー フリースクール,競合×特性/不登校対応の確認,保護者,B,特性/不登校×家庭教師・塾・個別,高,③B カテゴリ競合,家庭教師アカデミー,10,,,LOW,サービス探し（家庭教師・塾・支援） | 療育・福祉・居場所 | 学校生活・不登校・学校種別 | ブランド・指名検索,Google_competitor_suggest
67809,家庭教師アカデミー 体験,CORE,代表,C11199,1,家庭教師アカデミー 体験,競合の比較検討（評判・料金）,保護者,B,カテゴリ競合×比較/評判/料金/乗換え/特性,中,③B カテゴリ競合,家庭教師アカデミー,10,,,UNSPECIFIED,サービス探し（家庭教師・塾・支援） | 比較検討・料金・申込 | ブランド・指名検索,CompetitorMatrix
48844,家庭教師アカデミー 無料体験,CORE,代表,C11200,1,家庭教師アカデミー 無料体験,競合の比較検討（評判・料金）,保護者,B,カテゴリ競合×比較/評判/料金/乗換え/特性,中,③B カテゴリ競合,家庭教師アカデミー,10,,,UNSPECIFIED,サービス探し（家庭教師・塾・支援） | 比較検討・料金・申込 | ブランド・指名検索,Google_competitor_suggest || CompetitorMatrix
67803,家庭教師アカデミー 口コミ,CORE,代表,C11211,1,家庭教師アカデミー 口コミ,競合の比較検討（評判・料金）,保護者,B,カテゴリ競合×比較/評判/料金/乗換え/特性,中,③B カテゴリ競合,家庭教師アカデミー,210,348.0,1107.0,MEDIUM,サービス探し（家庭教師・塾・支援） | 比較検討・料金・申込 | ブランド・指名検索,CompetitorMatrix
2098,家庭 教師 アカデミー 料金,CORE,代表,C11221,3,家庭 教師 アカデミー 料金,競合の比較検討（評判・料金）,保護者,B,カテゴリ競合×比較/評判/料金/乗換え/特性,中,③B カテゴリ競合,家庭教師アカデミー,210,328.0,1516.0,LOW,サービス探し（家庭教師・塾・支援） | 比較検討・料金・申込 | ブランド・指名検索,KWP_KeywordSeed
67816,家庭教師アカデミー 料金表,CORE,代表,C11222,1,家庭教師アカデミー 料金表,競合の比較検討（評判・料金）,保護者,B,カテゴリ競合×比較/評判/料金/乗換え/特性,中,③B カテゴリ競合,家庭教師アカデミー,10,,,UNSPECIFIED,サービス探し（家庭教師・塾・支援） | 比較検討・料金・申込 | ブランド・指名検索,CompetitorMatrix
67815,家庭教師アカデミー 知恵袋,CORE,代表,C11223,1,家庭教師アカデミー 知恵袋,競合の比較検討（評判・料金）,保護者,B,カテゴリ競合×比較/評判/料金/乗換え/特性,中,③B カテゴリ競合,家庭教師アカデミー,170,,,LOW,サービス探し（家庭教師・塾・支援） | 比較検討・料金・申込 | ブランド・指名検索,CompetitorMatrix
67808,家庭教師アカデミー 解約,CORE,代表,C11224,1,家庭教師アカデミー 解約,競合の不満・乗り換え,保護者,B,カテゴリ競合×比較/評判/料金/乗換え/特性,中,③B カテゴリ競合,家庭教師アカデミー,140,,,LOW,サービス探し（家庭教師・塾・支援） | 比較検討・料金・申込 | ブランド・指名検索,CompetitorMatrix
67804,家庭教師アカデミー 評判,CORE,代表,C11226,1,家庭教師アカデミー 評判,競合の比較検討（評判・料金）,保護者,B,カテゴリ競合×比較/評判/料金/乗換え/特性,中,③B カテゴリ競合,家庭教師アカデミー,720,328.0,1159.0,LOW,サービス探し（家庭教師・塾・支援） | 比較検討・料金・申込 | ブランド・指名検索,CompetitorMatrix
67810,家庭教師アカデミー 資料請求,CORE,代表,C11227,1,家庭教師アカデミー 資料請求,競合の比較検討（評判・料金）,保護者,B,カテゴリ競合×比較/評判/料金/乗換え/特性,中,③B カテゴリ競合,家庭教師アカデミー,20,,,UNSPECIFIED,サービス探し（家庭教師・塾・支援） | 比較検討・料金・申込 | ブランド・指名検索,CompetitorMatrix
39917,アクシス 塾 グレー ゾーン 口コミ,CORE,代表,C11244,1,アクシス 塾 グレー ゾーン 口コミ,競合の比較検討（評判・料金）,保護者,B,特性/不登校×家庭教師・塾・個別,高,③B カテゴリ競合,個別指導Axis,,,,UNSPECIFIED,サービス探し（家庭教師・塾・支援） | 比較検討・料金・申込 | ブランド・指名検索,KWP_CompetitorKeywordSeed
39906,アクシス 塾 グレー ゾーン,CORE,代表,C11245,1,アクシス 塾 グレー ゾーン,競合×特性/不登校対応の確認,保護者,B,特性/不登校×家庭教師・塾・個別,高,③B カテゴリ競合,個別指導Axis,,,,UNSPECIFIED,サービス探し（家庭教師・塾・支援） | ブランド・指名検索,KWP_CompetitorKeywordSeed
39928,アクシス 塾 グレー ゾーン 料金,CORE,代表,C11246,1,アクシス 塾 グレー ゾーン 料金,競合の比較検討（評判・料金）,保護者,B,特性/不登校×家庭教師・塾・個別,高,③B カテゴリ競合,個別指導Axis,,,,UNSPECIFIED,サービス探し（家庭教師・塾・支援） | 比較検討・料金・申込 | ブランド・指名検索,KWP_CompetitorKeywordSeed
39922,アクシス 塾 グレー ゾーン 評判,CORE,代表,C11247,1,アクシス 塾 グレー ゾーン 評判,競合の比較検討（評判・料金）,保護者,B,特性/不登校×家庭教師・塾・個別,高,③B カテゴリ競合,個別指導Axis,,,,UNSPECIFIED,サービス探し（家庭教師・塾・支援） | 比較検討・料金・申込 | ブランド・指名検索,KWP_CompetitorKeywordSeed
39869,アクシス 塾 レビュー,CORE,代表,C11250,1,アクシス 塾 レビュー,競合の比較検討（評判・料金）,保護者,B,カテゴリ競合×比較/評判/料金/乗換え/特性,中,③B カテゴリ競合,個別指導Axis,,,,UNSPECIFIED,サービス探し（家庭教師・塾・支援） | 比較検討・料金・申込 | ブランド・指名検索,KWP_CompetitorKeywordSeed
39921,アクシス 塾 不 登校 口コミ,CORE,代表,C11251,1,アクシス 塾 不 登校 口コミ,競合の比較検討（評判・料金）,保護者,B,特性/不登校×家庭教師・塾・個別,高,③B カテゴリ競合,個別指導Axis,,,,UNSPECIFIED,サービス探し（家庭教師・塾・支援） | 比較検討・料金・申込 | 学校生活・不登校・学校種別 | ブランド・指名検索,KWP_CompetitorKeywordSeed
39933,アクシス 塾 不 登校 料金,CORE,代表,C11252,1,アクシス 塾 不 登校 料金,競合の比較検討（評判・料金）,保護者,B,特性/不登校×家庭教師・塾・個別,高,③B カテゴリ競合,個別指導Axis,,,,UNSPECIFIED,サービス探し（家庭教師・塾・支援） | 比較検討・料金・申込 | 学校生活・不登校・学校種別 | ブランド・指名検索,KWP_CompetitorKeywordSeed
39910,アクシス 塾 不 登校,CORE,代表,C11253,1,アクシス 塾 不 登校,競合×特性/不登校対応の確認,保護者,B,特性/不登校×家庭教師・塾・個別,高,③B カテゴリ競合,個別指導Axis,,,,UNSPECIFIED,サービス探し（家庭教師・塾・支援） | 学校生活・不登校・学校種別 | ブランド・指名検索,KWP_CompetitorKeywordSeed
39927,アクシス 塾 不 登校 評判,CORE,代表,C11254,1,アクシス 塾 不 登校 評判,競合の比較検討（評判・料金）,保護者,B,特性/不登校×家庭教師・塾・個別,高,③B カテゴリ競合,個別指導Axis,,,,UNSPECIFIED,サービス探し（家庭教師・塾・支援） | 比較検討・料金・申込 | 学校生活・不登校・学校種別 | ブランド・指名検索,KWP_CompetitorKeywordSeed
3190,アクシス 塾 料金 中学生,CORE,代表,C11258,1,アクシス 塾 料金 中学生,競合の比較検討（評判・料金）,保護者,B,カテゴリ競合×比較/評判/料金/乗換え/特性,中,③B カテゴリ競合,個別指導Axis,90,158.0,539.0,LOW,サービス探し（家庭教師・塾・支援） | 比較検討・料金・申込 | ブランド・指名検索,KWP_KeywordSeed || KWP_CompetitorKeywordSeed || Google_competitor_suggest
39900,アクシス 塾 体験,CORE,代表,C11263,1,アクシス 塾 体験,競合の比較検討（評判・料金）,保護者,B,カテゴリ競合×比較/評判/料金/乗換え/特性,中,③B カテゴリ競合,個別指導Axis,,,,UNSPECIFIED,サービス探し（家庭教師・塾・支援） | 比較検討・料金・申込 | ブランド・指名検索,KWP_CompetitorKeywordSeed
39901,アクシス 塾 体験 授業,CORE,代表,C11264,1,アクシス 塾 体験 授業,競合の比較検討（評判・料金）,保護者,B,カテゴリ競合×比較/評判/料金/乗換え/特性,中,③B カテゴリ競合,個別指導Axis,,,,UNSPECIFIED,サービス探し（家庭教師・塾・支援） | 比較検討・料金・申込 | 学習のやり方・学習課題 | ブランド・指名検索,KWP_CompetitorKeywordSeed
39899,アクシス 塾 無料 体験,CORE,代表,C11265,1,アクシス 塾 無料 体験,競合の比較検討（評判・料金）,保護者,B,カテゴリ競合×比較/評判/料金/乗換え/特性,中,③B カテゴリ競合,個別指導Axis,,,,UNSPECIFIED,サービス探し（家庭教師・塾・支援） | 比較検討・料金・申込 | ブランド・指名検索,KWP_CompetitorKeywordSeed
39870,アクシス 塾 体験 談,CORE,代表,C11266,1,アクシス 塾 体験 談,競合の比較検討（評判・料金）,保護者,B,カテゴリ競合×比較/評判/料金/乗換え/特性,中,③B カテゴリ競合,個別指導Axis,,,,UNSPECIFIED,サービス探し（家庭教師・塾・支援） | 比較検討・料金・申込 | ブランド・指名検索,KWP_CompetitorKeywordSeed
39866,個別 指導 アクシス 口コミ,CORE,代表,C11270,1,個別 指導 アクシス 口コミ,競合の比較検討（評判・料金）,保護者,B,カテゴリ競合×比較/評判/料金/乗換え/特性,中,③B カテゴリ競合,個別指導Axis,70,169.0,673.0,LOW,サービス探し（家庭教師・塾・支援） | 比較検討・料金・申込 | ブランド・指名検索,KWP_CompetitorKeywordSeed
3530,個別 指導 塾 アクシス 料金,CORE,代表,C11273,1,個別 指導 塾 アクシス 料金,競合の比較検討（評判・料金）,保護者,B,カテゴリ競合×比較/評判/料金/乗換え/特性,中,③B カテゴリ競合,個別指導Axis,30,137.0,477.0,MEDIUM,サービス探し（家庭教師・塾・支援） | 比較検討・料金・申込 | ブランド・指名検索,KWP_KeywordSeed || KWP_CompetitorKeywordSeed
48006,個別 指導 塾 アクシス 評判,CORE,代表,C11274,1,個別 指導 塾 アクシス 評判,競合の比較検討（評判・料金）,保護者,B,カテゴリ競合×比較/評判/料金/乗換え/特性,中,③B カテゴリ競合,個別指導Axis,,,,UNSPECIFIED,サービス探し（家庭教師・塾・支援） | 比較検討・料金・申込 | ブランド・指名検索,Google_competitor_suggest
3519,個別 指導 アクシス 夏期 講習 料金,CORE,代表,C11275,1,個別 指導 アクシス 夏期 講習 料金,競合の比較検討（評判・料金）,保護者,B,カテゴリ競合×比較/評判/料金/乗換え/特性,中,③B カテゴリ競合,個別指導Axis,10,,,LOW,サービス探し（家庭教師・塾・支援） | 比較検討・料金・申込 | 学習のやり方・学習課題 | ブランド・指名検索,KWP_KeywordSeed || KWP_CompetitorKeywordSeed
2536,個別 指導 アクシス 料金,CORE,代表,C11279,3,個別 指導 アクシス 料金,競合の比較検討（評判・料金）,保護者,B,カテゴリ競合×比較/評判/料金/乗換え/特性,中,③B カテゴリ競合,個別指導Axis,590,139.0,524.0,MEDIUM,サービス探し（家庭教師・塾・支援） | 比較検討・料金・申込 | ブランド・指名検索,KWP_KeywordSeed || KWP_CompetitorKeywordSeed
39842,個別 指導 アクシス 知恵袋,CORE,代表,C11280,1,個別 指導 アクシス 知恵袋,競合の比較検討（評判・料金）,保護者,B,カテゴリ競合×比較/評判/料金/乗換え/特性,中,③B カテゴリ競合,個別指導Axis,30,,,LOW,サービス探し（家庭教師・塾・支援） | 比較検討・料金・申込 | ブランド・指名検索,KWP_CompetitorKeywordSeed
39856,個別 指導 アクシス 評判,CORE,代表,C11282,1,個別 指導 アクシス 評判,競合の比較検討（評判・料金）,保護者,B,カテゴリ競合×比較/評判/料金/乗換え/特性,中,③B カテゴリ競合,個別指導Axis,140,157.0,605.0,LOW,サービス探し（家庭教師・塾・支援） | 比較検討・料金・申込 | ブランド・指名検索,KWP_CompetitorKeywordSeed
39893,個別 指導 アクシス 退会,CORE,代表,C11284,1,個別 指導 アクシス 退会,競合の不満・乗り換え,保護者,B,カテゴリ競合×比較/評判/料金/乗換え/特性,中,③B カテゴリ競合,個別指導Axis,20,,,UNSPECIFIED,サービス探し（家庭教師・塾・支援） | 合わない・断られた・乗り換え | ブランド・指名検索,KWP_CompetitorKeywordSeed
3334,個別 アクシス 料金,CORE,代表,C11286,2,個別 アクシス 料金,競合の比較検討（評判・料金）,保護者,B,カテゴリ競合×比較/評判/料金/乗換え/特性,中,③B カテゴリ競合,個別指導Axis,20,,,LOW,比較検討・料金・申込 | ブランド・指名検索,KWP_KeywordSeed || KWP_CompetitorKeywordSeed
39905,アクシス 塾 入会,CORE,代表,C11287,1,アクシス 塾 入会,競合の比較検討（評判・料金）,保護者,B,カテゴリ競合×比較/評判/料金/乗換え/特性,中,③B カテゴリ競合,個別指導Axis,,,,UNSPECIFIED,サービス探し（家庭教師・塾・支援） | 比較検討・料金・申込 | ブランド・指名検索,KWP_CompetitorKeywordSeed
39875,アクシス 塾 入会 金,CORE,代表,C11288,1,アクシス 塾 入会 金,競合の比較検討（評判・料金）,保護者,B,カテゴリ競合×比較/評判/料金/乗換え/特性,中,③B カテゴリ競合,個別指導Axis,,,,UNSPECIFIED,サービス探し（家庭教師・塾・支援） | 比較検討・料金・申込 | ブランド・指名検索,KWP_CompetitorKeywordSeed
39854,アクシス 塾 口コミ,CORE,代表,C11293,1,アクシス 塾 口コミ,競合の比較検討（評判・料金）,保護者,B,カテゴリ競合×比較/評判/料金/乗換え/特性,中,③B カテゴリ競合,個別指導Axis,140,85.0,366.0,LOW,サービス探し（家庭教師・塾・支援） | 比較検討・料金・申込 | ブランド・指名検索,KWP_CompetitorKeywordSeed || Google_competitor_suggest || CompetitorMatrix
39920,アクシス 塾 境界 知能 口コミ,CORE,代表,C11294,1,アクシス 塾 境界 知能 口コミ,競合の比較検討（評判・料金）,保護者,B,特性/不登校×家庭教師・塾・個別,高,③B カテゴリ競合,個別指導Axis,,,,UNSPECIFIED,サービス探し（家庭教師・塾・支援） | 比較検討・料金・申込 | ブランド・指名検索,KWP_CompetitorKeywordSeed
39919,アクシス 塾 ld 口コミ,CORE,代表,C11295,1,アクシス 塾 ld 口コミ,競合の比較検討（評判・料金）,保護者,B,特性/不登校×家庭教師・塾・個別,高,③B カテゴリ競合,個別指導Axis,,,,UNSPECIFIED,サービス探し（家庭教師・塾・支援） | 比較検討・料金・申込 | ブランド・指名検索,KWP_CompetitorKeywordSeed
39868,能 開 アクシス 口コミ,CORE,代表,C11296,1,能 開 アクシス 口コミ,競合の比較検討（評判・料金）,保護者,B,カテゴリ競合×比較/評判/料金/乗換え/特性,中,③B カテゴリ競合,個別指導Axis,10,,,LOW,比較検討・料金・申込 | ブランド・指名検索,KWP_CompetitorKeywordSeed
68241,アクシス 塾 合格実績,CORE,代表,C11297,1,アクシス 塾 合格実績,競合の比較検討（評判・料金）,保護者,B,カテゴリ競合×比較/評判/料金/乗換え/特性,中,③B カテゴリ競合,個別指導Axis,20,,,LOW,サービス探し（家庭教師・塾・支援） | 比較検討・料金・申込 | 受験・進路 | ブランド・指名検索,CompetitorMatrix
39932,アクシス 塾 境界 知能 料金,CORE,代表,C11300,1,アクシス 塾 境界 知能 料金,競合の比較検討（評判・料金）,保護者,B,特性/不登校×家庭教師・塾・個別,高,③B カテゴリ競合,個別指導Axis,,,,UNSPECIFIED,サービス探し（家庭教師・塾・支援） | 比較検討・料金・申込 | ブランド・指名検索,KWP_CompetitorKeywordSeed
39909,アクシス 塾 境界 知能,CORE,代表,C11301,1,アクシス 塾 境界 知能,競合×特性/不登校対応の確認,保護者,B,特性/不登校×家庭教師・塾・個別,高,③B カテゴリ競合,個別指導Axis,,,,UNSPECIFIED,サービス探し（家庭教師・塾・支援） | ブランド・指名検索,KWP_CompetitorKeywordSeed
39926,アクシス 塾 境界 知能 評判,CORE,代表,C11302,1,アクシス 塾 境界 知能 評判,競合の比較検討（評判・料金）,保護者,B,特性/不登校×家庭教師・塾・個別,高,③B カテゴリ競合,個別指導Axis,,,,UNSPECIFIED,サービス探し（家庭教師・塾・支援） | 比較検討・料金・申込 | ブランド・指名検索,KWP_CompetitorKeywordSeed
39889,アクシス 塾 失敗,CORE,代表,C11304,1,アクシス 塾 失敗,競合の不満・乗り換え,保護者,B,カテゴリ競合×比較/評判/料金/乗換え/特性,中,③B カテゴリ競合,個別指導Axis,,,,UNSPECIFIED,サービス探し（家庭教師・塾・支援） | 比較検討・料金・申込 | ブランド・指名検索,KWP_CompetitorKeywordSeed
39930,アクシス 塾 ld 料金,CORE,代表,C11306,2,アクシス 塾 ld 料金,競合の比較検討（評判・料金）,保護者,B,特性/不登校×家庭教師・塾・個別,高,③B カテゴリ競合,個別指導Axis,,,,UNSPECIFIED,サービス探し（家庭教師・塾・支援） | 比較検討・料金・申込 | ブランド・指名検索,KWP_CompetitorKeywordSeed
39924,アクシス 塾 ld 評判,CORE,代表,C11307,2,アクシス 塾 ld 評判,競合の比較検討（評判・料金）,保護者,B,特性/不登校×家庭教師・塾・個別,高,③B カテゴリ競合,個別指導Axis,,,,UNSPECIFIED,サービス探し（家庭教師・塾・支援） | 比較検討・料金・申込 | ブランド・指名検索,KWP_CompetitorKeywordSeed
39908,アクシス 塾 ld,CORE,代表,C11308,1,アクシス 塾 ld,競合×特性/不登校対応の確認,保護者,B,特性/不登校×家庭教師・塾・個別,高,③B カテゴリ競合,個別指導Axis,,,,UNSPECIFIED,サービス探し（家庭教師・塾・支援） | ブランド・指名検索,KWP_CompetitorKeywordSeed
39878,アクシス 塾 安い,CORE,代表,C11309,1,アクシス 塾 安い,競合の比較検討（評判・料金）,保護者,B,カテゴリ競合×比較/評判/料金/乗換え/特性,中,③B カテゴリ競合,個別指導Axis,,,,UNSPECIFIED,サービス探し（家庭教師・塾・支援） | 比較検討・料金・申込 | ブランド・指名検索,KWP_CompetitorKeywordSeed
3405,アクシス 塾 料金 小学生,CORE,代表,C11312,1,アクシス 塾 料金 小学生,競合の比較検討（評判・料金）,保護者,B,カテゴリ競合×比較/評判/料金/乗換え/特性,中,③B カテゴリ競合,個別指導Axis,20,,,LOW,サービス探し（家庭教師・塾・支援） | 比較検討・料金・申込 | ブランド・指名検索,KWP_KeywordSeed || KWP_CompetitorKeywordSeed || Google_competitor_suggest
39890,アクシス 塾 後悔,CORE,代表,C11313,1,アクシス 塾 後悔,競合の不満・乗り換え,保護者,B,カテゴリ競合×比較/評判/料金/乗換え/特性,中,③B カテゴリ競合,個別指導Axis,,,,UNSPECIFIED,サービス探し（家庭教師・塾・支援） | 比較検討・料金・申込 | ブランド・指名検索,KWP_CompetitorKeywordSeed
39887,アクシス 塾 怪しい,CORE,代表,C11314,1,アクシス 塾 怪しい,競合の不満・乗り換え,保護者,B,カテゴリ競合×比較/評判/料金/乗換え/特性,中,③B カテゴリ競合,個別指導Axis,,,,UNSPECIFIED,サービス探し（家庭教師・塾・支援） | 比較検討・料金・申込 | ブランド・指名検索,KWP_CompetitorKeywordSeed
39871,アクシス 塾 感想,CORE,代表,C11315,1,アクシス 塾 感想,競合の比較検討（評判・料金）,保護者,B,カテゴリ競合×比較/評判/料金/乗換え/特性,中,③B カテゴリ競合,個別指導Axis,,,,UNSPECIFIED,サービス探し（家庭教師・塾・支援） | 比較検討・料金・申込 | ブランド・指名検索,KWP_CompetitorKeywordSeed
2529,アクシス 塾 料金,CORE,代表,C11318,5,アクシス 塾 料金,競合の比較検討（評判・料金）,保護者,B,カテゴリ競合×比較/評判/料金/乗換え/特性,中,③B カテゴリ競合,個別指導Axis,480,127.0,366.0,MEDIUM,サービス探し（家庭教師・塾・支援） | 比較検討・料金・申込 | ブランド・指名検索,KWP_KeywordSeed || KWP_CompetitorKeywordSeed || Google_competitor_suggest || CompetitorMatrix
3261,アクシス 塾 料金 高校生,CORE,代表,C11319,1,アクシス 塾 料金 高校生,競合の比較検討（評判・料金）,保護者,B,カテゴリ競合×比較/評判/料金/乗換え/特性,中,③B カテゴリ競合,個別指導Axis,40,136.0,457.0,LOW,サービス探し（家庭教師・塾・支援） | 比較検討・料金・申込 | ブランド・指名検索,KWP_KeywordSeed || KWP_CompetitorKeywordSeed || Google_competitor_suggest
39888,アクシス 塾 最悪,CORE,代表,C11320,1,アクシス 塾 最悪,競合の不満・乗り換え,保護者,B,カテゴリ競合×比較/評判/料金/乗換え/特性,中,③B カテゴリ競合,個別指導Axis,,,,UNSPECIFIED,サービス探し（家庭教師・塾・支援） | 比較検討・料金・申込 | ブランド・指名検索,KWP_CompetitorKeywordSeed
39879,アクシス 塾 比較,CORE,代表,C11321,1,アクシス 塾 比較,競合の比較検討（評判・料金）,保護者,B,カテゴリ競合×比較/評判/料金/乗換え/特性,中,③B カテゴリ競合,個別指導Axis,,,,UNSPECIFIED,サービス探し（家庭教師・塾・支援） | 比較検討・料金・申込 | ブランド・指名検索,KWP_CompetitorKeywordSeed
39904,アクシス 塾 申し込み,CORE,代表,C11324,1,アクシス 塾 申し込み,競合の比較検討（評判・料金）,保護者,B,カテゴリ競合×比較/評判/料金/乗換え/特性,中,③B カテゴリ競合,個別指導Axis,,,,UNSPECIFIED,サービス探し（家庭教師・塾・支援） | 比較検討・料金・申込 | ブランド・指名検索,KWP_CompetitorKeywordSeed
39898,アクシス 塾 解約,CORE,代表,C11325,1,アクシス 塾 解約,競合の不満・乗り換え,保護者,B,カテゴリ競合×比較/評判/料金/乗換え/特性,中,③B カテゴリ競合,個別指導Axis,,,,UNSPECIFIED,サービス探し（家庭教師・塾・支援） | 比較検討・料金・申込 | ブランド・指名検索,KWP_CompetitorKeywordSeed
39872,アクシス 塾 評価,CORE,代表,C11326,1,アクシス 塾 評価,競合の比較検討（評判・料金）,保護者,B,カテゴリ競合×比較/評判/料金/乗換え/特性,中,③B カテゴリ競合,個別指導Axis,,,,UNSPECIFIED,サービス探し（家庭教師・塾・支援） | 比較検討・料金・申込 | ブランド・指名検索,KWP_CompetitorKeywordSeed
39855,アクシス 塾 評判,CORE,代表,C11327,2,アクシス 塾 評判,競合の比較検討（評判・料金）,保護者,B,カテゴリ競合×比較/評判/料金/乗換え/特性,中,③B カテゴリ競合,個別指導Axis,40,222.0,491.0,LOW,サービス探し（家庭教師・塾・支援） | 比較検討・料金・申込 | ブランド・指名検索,KWP_CompetitorKeywordSeed || Google_competitor_suggest || CompetitorMatrix
39903,アクシス 塾 資料 請求,CORE,代表,C11328,1,アクシス 塾 資料 請求,競合の比較検討（評判・料金）,保護者,B,カテゴリ競合×比較/評判/料金/乗換え/特性,中,③B カテゴリ競合,個別指導Axis,,,,UNSPECIFIED,サービス探し（家庭教師・塾・支援） | 比較検討・料金・申込 | ブランド・指名検索,KWP_CompetitorKeywordSeed
3407,アクシス 塾 費用,CORE,代表,C11329,1,アクシス 塾 費用,競合の比較検討（評判・料金）,保護者,B,カテゴリ競合×比較/評判/料金/乗換え/特性,中,③B カテゴリ競合,個別指導Axis,20,145.0,297.0,LOW,サービス探し（家庭教師・塾・支援） | 比較検討・料金・申込 | ブランド・指名検索,KWP_KeywordSeed || KWP_CompetitorKeywordSeed || CompetitorMatrix
39891,アクシス 塾 退会,CORE,代表,C11330,1,アクシス 塾 退会,競合の不満・乗り換え,保護者,B,カテゴリ競合×比較/評判/料金/乗換え/特性,中,③B カテゴリ競合,個別指導Axis,20,,,LOW,サービス探し（家庭教師・塾・支援） | 合わない・断られた・乗り換え | ブランド・指名検索,KWP_CompetitorKeywordSeed || CompetitorMatrix
39877,アクシス 塾 高い,CORE,代表,C11332,1,アクシス 塾 高い,競合の比較検討（評判・料金）,保護者,B,カテゴリ競合×比較/評判/料金/乗換え/特性,中,③B カテゴリ競合,個別指導Axis,30,102.0,560.0,LOW,サービス探し（家庭教師・塾・支援） | 比較検討・料金・申込 | ブランド・指名検索,KWP_CompetitorKeywordSeed || CompetitorMatrix
3012,アクシス 夏期 講習 料金,CORE,代表,C11334,1,アクシス 夏期 講習 料金,競合の比較検討（評判・料金）,保護者,B,カテゴリ競合×比較/評判/料金/乗換え/特性,中,③B カテゴリ競合,個別指導Axis,50,,,LOW,比較検討・料金・申込 | 学習のやり方・学習課題 | ブランド・指名検索,KWP_KeywordSeed || KWP_CompetitorKeywordSeed
3186,能 開 アクシス 料金,CORE,代表,C11340,1,能 開 アクシス 料金,競合の比較検討（評判・料金）,保護者,B,カテゴリ競合×比較/評判/料金/乗換え/特性,中,③B カテゴリ競合,個別指導Axis,70,,,LOW,比較検討・料金・申込 | ブランド・指名検索,KWP_KeywordSeed || KWP_CompetitorKeywordSeed
48817,アクシス オンライン 家庭 教師 料金,CORE,代表,C11350,1,アクシス オンライン 家庭 教師 料金,競合の比較検討（評判・料金）,保護者,B,カテゴリ競合×比較/評判/料金/乗換え/特性,中,③B カテゴリ競合,個別指導Axis,,,,UNSPECIFIED,サービス探し（家庭教師・塾・支援） | 比較検討・料金・申込 | ブランド・指名検索,Google_competitor_suggest
41404,武田 塾 料金 アクセス,CORE,代表,C11355,1,武田 塾 料金 アクセス,競合の比較検討（評判・料金）,保護者,B,カテゴリ競合×比較/評判/料金/乗換え/特性,中,③B カテゴリ競合,武田塾,0,,,UNSPECIFIED,サービス探し（家庭教師・塾・支援） | 比較検討・料金・申込 | ブランド・指名検索,KWP_CompetitorKeywordSeed
58,アスペルガー 塾,CORE,代表,C11409,1,アスペルガー 塾,サービス探し（特性/不登校×学習支援）,保護者,A,特性/不登校×家庭教師・塾・個別,高,②顕在,,10,175.0,456.0,HIGH,サービス探し（家庭教師・塾・支援）,KWP_KeywordSeed || KWP_UrlSeed || KWP_SiteSeed
27,アスペルガー 家庭 教師,CORE,代表,C11433,1,アスペルガー 家庭 教師,サービス探し（特性/不登校×学習支援）,保護者,A,特性/不登校×家庭教師・塾・個別,高,②顕在,,10,299.0,1920.0,HIGH,サービス探し（家庭教師・塾・支援）,KWP_KeywordSeed
31,アップル 家庭 教師 発達 障害,CORE,代表,C11559,1,アップル 家庭 教師 発達 障害,サービス探し（特性/不登校×学習支援）,保護者,A,特性/不登校×家庭教師・塾・個別,高,②顕在,,10,,,HIGH,サービス探し（家庭教師・塾・支援）,KWP_KeywordSeed
41333,武田 塾 評判 アプリ,CORE,代表,C11597,1,武田 塾 評判 アプリ,競合の比較検討（評判・料金）,保護者,B,カテゴリ競合×比較/評判/料金/乗換え/特性,中,③B カテゴリ競合,武田塾,10,,,LOW,サービス探し（家庭教師・塾・支援） | 比較検討・料金・申込 | 教材・通信教育 | ブランド・指名検索,KWP_CompetitorKeywordSeed
4430,発達 障害 学習 支援 アプリ,CORE,代表,C11600,1,発達 障害 学習 支援 アプリ,サービス探し（特性/不登校×学習支援）,保護者（推定）,A,特性/不登校×家庭教師・塾・個別,高,②顕在,,10,,,MEDIUM,サービス探し（家庭教師・塾・支援） | 教材・通信教育,KWP_KeywordSeed
15,家庭 教師 アルファ 発達 障害,CORE,代表,C11635,1,家庭 教師 アルファ 発達 障害,サービス探し（特性/不登校×学習支援）,保護者,A,特性/不登校×家庭教師・塾・個別,高,②顕在,,10,,,MEDIUM,サービス探し（家庭教師・塾・支援）,KWP_KeywordSeed
679,家庭 教師 の アーチ 不 登校,CORE,代表,C11662,1,家庭 教師 の アーチ 不 登校,サービス探し（特性/不登校×学習支援）,保護者,A,特性/不登校×家庭教師・塾・個別,高,②顕在,,10,,,UNSPECIFIED,サービス探し（家庭教師・塾・支援） | 学校生活・不登校・学校種別,KWP_KeywordSeed
30889,トライ イット 口コミ,CORE,代表,C11689,1,トライ イット 口コミ,競合の比較検討（評判・料金）,保護者,B,カテゴリ競合×比較/評判/料金/乗換え/特性,中,③B カテゴリ競合,家庭教師のトライ,70,,,LOW,比較検討・料金・申込 | ブランド・指名検索,KWP_CompetitorKeywordSeed || Google_competitor_suggest
19446,トライ イット 料金,CORE,代表,C11692,2,トライ イット 料金,競合の比較検討（評判・料金）,保護者,B,カテゴリ競合×比較/評判/料金/乗換え/特性,中,③B カテゴリ競合,家庭教師のトライ,20,,,LOW,比較検討・料金・申込 | ブランド・指名検索,KWP_UrlSeed || KWP_CompetitorKeywordSeed || Google_competitor_suggest
30891,トライ イット 評判,CORE,代表,C11697,1,トライ イット 評判,競合の比較検討（評判・料金）,保護者,B,カテゴリ競合×比較/評判/料金/乗換え/特性,中,③B カテゴリ競合,家庭教師のトライ,20,,,LOW,比較検討・料金・申込 | ブランド・指名検索,KWP_CompetitorKeywordSeed
38105,イットー 不 登校,CORE,代表,C11708,1,イットー 不 登校,競合×特性/不登校対応の確認,保護者,B,カテゴリ競合×比較/評判/料金/乗換え/特性,中,③B カテゴリ競合,ITTO個別指導学院,,,,UNSPECIFIED,学校生活・不登校・学校種別 | ブランド・指名検索,KWP_CompetitorKeywordSeed
38094,イットー 体験,CORE,代表,C11713,1,イットー 体験,競合の比較検討（評判・料金）,保護者,B,カテゴリ競合×比較/評判/料金/乗換え/特性,中,③B カテゴリ競合,ITTO個別指導学院,,,,UNSPECIFIED,比較検討・料金・申込 | ブランド・指名検索,KWP_CompetitorKeywordSeed
38095,イットー 体験 授業,CORE,代表,C11714,1,イットー 体験 授業,競合の比較検討（評判・料金）,保護者,B,カテゴリ競合×比較/評判/料金/乗換え/特性,中,③B カテゴリ競合,ITTO個別指導学院,,,,UNSPECIFIED,比較検討・料金・申込 | 学習のやり方・学習課題 | ブランド・指名検索,KWP_CompetitorKeywordSeed
38093,イットー 無料 体験,CORE,代表,C11715,1,イットー 無料 体験,競合の比較検討（評判・料金）,保護者,B,カテゴリ競合×比較/評判/料金/乗換え/特性,中,③B カテゴリ競合,ITTO個別指導学院,,,,UNSPECIFIED,比較検討・料金・申込 | ブランド・指名検索,KWP_CompetitorKeywordSeed
38064,イットー 体験 談,CORE,代表,C11716,1,イットー 体験 談,競合の比較検討（評判・料金）,保護者,B,カテゴリ競合×比較/評判/料金/乗換え/特性,中,③B カテゴリ競合,ITTO個別指導学院,,,,UNSPECIFIED,比較検討・料金・申込 | ブランド・指名検索,KWP_CompetitorKeywordSeed
38099,イットー 入会,CORE,代表,C11717,1,イットー 入会,競合の比較検討（評判・料金）,保護者,B,カテゴリ競合×比較/評判/料金/乗換え/特性,中,③B カテゴリ競合,ITTO個別指導学院,,,,UNSPECIFIED,比較検討・料金・申込 | ブランド・指名検索,KWP_CompetitorKeywordSeed
37964,イットー 塾 入会 金,CORE,代表,C11718,1,イットー 塾 入会 金,競合の比較検討（評判・料金）,保護者,B,カテゴリ競合×比較/評判/料金/乗換え/特性,中,③B カテゴリ競合,ITTO個別指導学院,40,139.0,609.0,MEDIUM,サービス探し（家庭教師・塾・支援） | 比較検討・料金・申込 | ブランド・指名検索,KWP_CompetitorKeywordSeed
38067,イットー 入会 金,CORE,代表,C11719,1,イットー 入会 金,競合の比較検討（評判・料金）,保護者,B,カテゴリ競合×比較/評判/料金/乗換え/特性,中,③B カテゴリ競合,ITTO個別指導学院,0,,,UNSPECIFIED,比較検討・料金・申込 | ブランド・指名検索,KWP_CompetitorKeywordSeed
37945,イットー 口コミ,CORE,代表,C11722,1,イットー 口コミ,競合の比較検討（評判・料金）,保護者,B,カテゴリ競合×比較/評判/料金/乗換え/特性,中,③B カテゴリ競合,ITTO個別指導学院,10,,,MEDIUM,比較検討・料金・申込 | ブランド・指名検索,KWP_CompetitorKeywordSeed || CompetitorMatrix
37913,イットー 塾 口コミ,CORE,代表,C11723,1,イットー 塾 口コミ,競合の比較検討（評判・料金）,保護者,B,カテゴリ競合×比較/評判/料金/乗換え/特性,中,③B カテゴリ競合,ITTO個別指導学院,320,145.0,622.0,MEDIUM,サービス探し（家庭教師・塾・支援） | 比較検討・料金・申込 | ブランド・指名検索,KWP_CompetitorKeywordSeed
37947,イットー 塾 合格 実績,CORE,代表,C11724,1,イットー 塾 合格 実績,競合の比較検討（評判・料金）,保護者,B,カテゴリ競合×比較/評判/料金/乗換え/特性,中,③B カテゴリ競合,ITTO個別指導学院,10,,,LOW,サービス探し（家庭教師・塾・支援） | 比較検討・料金・申込 | 受験・進路 | ブランド・指名検索,KWP_CompetitorKeywordSeed
3297,イットー 塾 夏期 講習 料金,CORE,代表,C11726,1,イットー 塾 夏期 講習 料金,競合の比較検討（評判・料金）,保護者,B,カテゴリ競合×比較/評判/料金/乗換え/特性,中,③B カテゴリ競合,ITTO個別指導学院,30,11.0,423.0,MEDIUM,サービス探し（家庭教師・塾・支援） | 比較検討・料金・申込 | 学習のやり方・学習課題 | ブランド・指名検索,KWP_KeywordSeed || KWP_CompetitorKeywordSeed
2456,イットー 塾 料金,CORE,代表,C11730,2,イットー 塾 料金,競合の比較検討（評判・料金）,保護者,B,カテゴリ競合×比較/評判/料金/乗換え/特性,中,③B カテゴリ競合,ITTO個別指導学院,480,140.0,557.0,MEDIUM,サービス探し（家庭教師・塾・支援） | 比較検討・料金・申込 | ブランド・指名検索,KWP_KeywordSeed || KWP_CompetitorKeywordSeed
20918,イットー 塾 評判,CORE,代表,C11731,1,イットー 塾 評判,競合の比較検討（評判・料金）,保護者,B,カテゴリ競合×比較/評判/料金/乗換え/特性,中,③B カテゴリ競合,ITTO個別指導学院,10,,,LOW,サービス探し（家庭教師・塾・支援） | 比較検討・料金・申込 | ブランド・指名検索,KWP_UrlSeed || KWP_CompetitorKeywordSeed
37996,イットー 塾 退会,CORE,代表,C11732,1,イットー 塾 退会,競合の不満・乗り換え,保護者,B,カテゴリ競合×比較/評判/料金/乗換え/特性,中,③B カテゴリ競合,ITTO個別指導学院,30,,,LOW,サービス探し（家庭教師・塾・支援） | 合わない・断られた・乗り換え | ブランド・指名検索,KWP_CompetitorKeywordSeed
38102,イットー ld,CORE,代表,C11737,2,イットー ld,競合×特性/不登校対応の確認,保護者,B,カテゴリ競合×比較/評判/料金/乗換え/特性,中,③B カテゴリ競合,ITTO個別指導学院,,,,UNSPECIFIED,ブランド・指名検索,KWP_CompetitorKeywordSeed
38074,イットー 安い,CORE,代表,C11738,1,イットー 安い,競合の比較検討（評判・料金）,保護者,B,カテゴリ競合×比較/評判/料金/乗換え/特性,中,③B カテゴリ競合,ITTO個別指導学院,,,,UNSPECIFIED,比較検討・料金・申込 | ブランド・指名検索,KWP_CompetitorKeywordSeed
3094,イットー 料金,CORE,代表,C11746,4,イットー 料金,競合の比較検討（評判・料金）,保護者,B,カテゴリ競合×比較/評判/料金/乗換え/特性,中,③B カテゴリ競合,ITTO個別指導学院,20,129.0,263.0,MEDIUM,比較検討・料金・申込 | ブランド・指名検索,KWP_KeywordSeed || KWP_CompetitorKeywordSeed || CompetitorMatrix
38092,イットー 解約,CORE,代表,C11752,1,イットー 解約,競合の不満・乗り換え,保護者,B,カテゴリ競合×比較/評判/料金/乗換え/特性,中,③B カテゴリ競合,ITTO個別指導学院,,,,UNSPECIFIED,比較検討・料金・申込 | ブランド・指名検索,KWP_CompetitorKeywordSeed
37948,イットー 評判,CORE,代表,C11754,1,イットー 評判,競合の比較検討（評判・料金）,保護者,B,カテゴリ競合×比較/評判/料金/乗換え/特性,中,③B カテゴリ競合,ITTO個別指導学院,10,,,LOW,比較検討・料金・申込 | ブランド・指名検索,KWP_CompetitorKeywordSeed || CompetitorMatrix
38097,イットー 資料 請求,CORE,代表,C11755,1,イットー 資料 請求,競合の比較検討（評判・料金）,保護者,B,カテゴリ競合×比較/評判/料金/乗換え/特性,中,③B カテゴリ競合,ITTO個別指導学院,,,,UNSPECIFIED,比較検討・料金・申込 | ブランド・指名検索,KWP_CompetitorKeywordSeed
38068,イットー 費用,CORE,代表,C11756,1,イットー 費用,競合の比較検討（評判・料金）,保護者,B,カテゴリ競合×比較/評判/料金/乗換え/特性,中,③B カテゴリ競合,ITTO個別指導学院,,,,UNSPECIFIED,比較検討・料金・申込 | ブランド・指名検索,KWP_CompetitorKeywordSeed
38091,イットー 退会,CORE,代表,C11757,1,イットー 退会,競合の不満・乗り換え,保護者,B,カテゴリ競合×比較/評判/料金/乗換え/特性,中,③B カテゴリ競合,ITTO個別指導学院,,,,UNSPECIFIED,合わない・断られた・乗り換え | ブランド・指名検索,KWP_CompetitorKeywordSeed
38073,イットー 高い,CORE,代表,C11759,1,イットー 高い,競合の比較検討（評判・料金）,保護者,B,カテゴリ競合×比較/評判/料金/乗換え/特性,中,③B カテゴリ競合,ITTO個別指導学院,,,,UNSPECIFIED,比較検討・料金・申込 | ブランド・指名検索,KWP_CompetitorKeywordSeed
38100,イットー グレー ゾーン,CORE,代表,C11761,1,イットー グレー ゾーン,競合×特性/不登校対応の確認,保護者,B,カテゴリ競合×比較/評判/料金/乗換え/特性,中,③B カテゴリ競合,ITTO個別指導学院,,,,UNSPECIFIED,ブランド・指名検索,KWP_CompetitorKeywordSeed
38063,イットー レビュー,CORE,代表,C11764,1,イットー レビュー,競合の比較検討（評判・料金）,保護者,B,カテゴリ競合×比較/評判/料金/乗換え/特性,中,③B カテゴリ競合,ITTO個別指導学院,,,,UNSPECIFIED,比較検討・料金・申込 | ブランド・指名検索,KWP_CompetitorKeywordSeed
41405,武田 塾 料金 イベント,CORE,代表,C11771,1,武田 塾 料金 イベント,競合の比較検討（評判・料金）,保護者,B,カテゴリ競合×比較/評判/料金/乗換え/特性,中,③B カテゴリ競合,武田塾,0,,,UNSPECIFIED,サービス探し（家庭教師・塾・支援） | 比較検討・料金・申込 | ブランド・指名検索,KWP_CompetitorKeywordSeed
41399,武田 塾 イングリッシュ 高い,CORE,代表,C11804,1,武田 塾 イングリッシュ 高い,競合の比較検討（評判・料金）,保護者,B,カテゴリ競合×比較/評判/料金/乗換え/特性,中,③B カテゴリ競合,武田塾,10,,,LOW,サービス探し（家庭教師・塾・支援） | 比較検討・料金・申込 | ブランド・指名検索,KWP_CompetitorKeywordSeed
40673,インター トーマス 口コミ,CORE,代表,C11809,1,インター トーマス 口コミ,競合の比較検討（評判・料金）,保護者,B,カテゴリ競合×比較/評判/料金/乗換え/特性,中,③B カテゴリ競合,TOMAS,20,314.0,549.0,LOW,比較検討・料金・申込 | 学校生活・不登校・学校種別 | ブランド・指名検索,KWP_CompetitorKeywordSeed
40667,インター トーマス 料金,CORE,代表,C11810,1,インター トーマス 料金,競合の比較検討（評判・料金）,保護者,B,カテゴリ競合×比較/評判/料金/乗換え/特性,中,③B カテゴリ競合,TOMAS,70,110.0,381.0,LOW,比較検討・料金・申込 | 学校生活・不登校・学校種別 | ブランド・指名検索,KWP_CompetitorKeywordSeed
40681,インター トーマス 評判,CORE,代表,C11811,1,インター トーマス 評判,競合の比較検討（評判・料金）,保護者,B,カテゴリ競合×比較/評判/料金/乗換え/特性,中,③B カテゴリ競合,TOMAS,10,,,UNSPECIFIED,比較検討・料金・申込 | 学校生活・不登校・学校種別 | ブランド・指名検索,KWP_CompetitorKeywordSeed
41400,武田 塾 インターネット コース 料金,CORE,代表,C11823,1,武田 塾 インターネット コース 料金,競合の比較検討（評判・料金）,保護者,B,カテゴリ競合×比較/評判/料金/乗換え/特性,中,③B カテゴリ競合,武田塾,10,,,UNSPECIFIED,サービス探し（家庭教師・塾・支援） | 比較検討・料金・申込 | 学校生活・不登校・学校種別 | ブランド・指名検索,KWP_CompetitorKeywordSeed
42374,キズキ 教育 塾 オンライン,CORE,代表,C12157,1,キズキ 教育 塾 オンライン,競合指名・周辺,保護者,B,直接競合（特性/不登校×1対1学習支援）,高,③A 直接競合,キズキ共育塾,10,117.0,246.0,MEDIUM,サービス探し（家庭教師・塾・支援） | ブランド・指名検索,KWP_CompetitorKeywordSeed
48798,キズキ 教育 塾 オンライン 料金,CORE,代表,C12158,1,キズキ 教育 塾 オンライン 料金,競合の比較検討（評判・料金）,保護者,B,直接競合（特性/不登校×1対1学習支援）,高,③A 直接競合,キズキ共育塾,10,150.0,617.0,HIGH,サービス探し（家庭教師・塾・支援） | 比較検討・料金・申込 | ブランド・指名検索,Google_competitor_suggest
32020,トライ の オンライン 個別 指導 塾 グレー ゾーン,CORE,代表,C12161,1,トライ の オンライン 個別 指導 塾 グレー ゾーン,競合×特性/不登校対応の確認,保護者,B,特性/不登校×家庭教師・塾・個別,高,③B カテゴリ競合,トライのオンライン個別指導塾,,,,UNSPECIFIED,サービス探し（家庭教師・塾・支援） | ブランド・指名検索,KWP_CompetitorKeywordSeed
27822,グレー ゾーン 不 登校 オンライン 家庭 教師,CORE,代表,C12162,1,グレー ゾーン 不 登校 オンライン 家庭 教師,サービス探し（特性/不登校×学習支援）,保護者,A,特性/不登校×家庭教師・塾・個別,高,②顕在,,,,,UNSPECIFIED,サービス探し（家庭教師・塾・支援） | 学校生活・不登校・学校種別,KWP_KeywordSeed
27813,グレー ゾーン 中学生 オンライン 家庭 教師,CORE,代表,C12163,1,グレー ゾーン 中学生 オンライン 家庭 教師,サービス探し（特性/不登校×学習支援）,保護者,A,特性/不登校×家庭教師・塾・個別,高,②顕在,,,,,UNSPECIFIED,サービス探し（家庭教師・塾・支援）,KWP_KeywordSeed
27819,グレー ゾーン 受験 オンライン 家庭 教師,CORE,代表,C12164,1,グレー ゾーン 受験 オンライン 家庭 教師,サービス探し（特性/不登校×学習支援）,保護者,A,特性/不登校×家庭教師・塾・個別,高,②顕在,,,,,UNSPECIFIED,サービス探し（家庭教師・塾・支援） | 受験・進路,KWP_KeywordSeed
46263,発達障害グレーゾーン 塾 オンライン,CORE,代表,C12165,1,発達障害グレーゾーン 塾 オンライン,サービス探し（特性/不登校×学習支援）,保護者,A,特性/不登校×家庭教師・塾・個別,高,②顕在,,,,,UNSPECIFIED,サービス探し（家庭教師・塾・支援）,Google_suggest
27811,グレー ゾーン 小学生 オンライン 家庭 教師,CORE,代表,C12166,1,グレー ゾーン 小学生 オンライン 家庭 教師,サービス探し（特性/不登校×学習支援）,保護者,A,特性/不登校×家庭教師・塾・個別,高,②顕在,,,,,UNSPECIFIED,サービス探し（家庭教師・塾・支援）,KWP_KeywordSeed
42,グレー ゾーン オンライン 家庭 教師,CORE,代表,C12167,2,グレー ゾーン オンライン 家庭 教師,サービス探し（特性/不登校×学習支援）,保護者,A,特性/不登校×家庭教師・塾・個別,高,②顕在,,,,,UNSPECIFIED,サービス探し（家庭教師・塾・支援）,KWP_KeywordSeed
27816,グレー ゾーン 高校生 オンライン 家庭 教師,CORE,代表,C12168,1,グレー ゾーン 高校生 オンライン 家庭 教師,サービス探し（特性/不登校×学習支援）,保護者,A,特性/不登校×家庭教師・塾・個別,高,②顕在,,,,,UNSPECIFIED,サービス探し（家庭教師・塾・支援）,KWP_KeywordSeed
47616,オンライン 家庭教師 サクシード 口コミ,CORE,代表,C12172,1,オンライン 家庭教師 サクシード 口コミ,競合の比較検討（評判・料金）,保護者,B,カテゴリ競合×比較/評判/料金/乗換え/特性,中,③B カテゴリ競合,家庭教師のサクシード,10,,,HIGH,サービス探し（家庭教師・塾・支援） | 比較検討・料金・申込 | ブランド・指名検索,Google_competitor_suggest
47622,オンライン家庭教師 サクシード 評判,CORE,代表,C12174,1,オンライン家庭教師 サクシード 評判,競合の比較検討（評判・料金）,保護者,B,カテゴリ競合×比較/評判/料金/乗換え/特性,中,③B カテゴリ競合,家庭教師のサクシード,10,63.0,341.0,MEDIUM,サービス探し（家庭教師・塾・支援） | 比較検討・料金・申込 | ブランド・指名検索,Google_competitor_suggest
48107,フリーステップ オンライン 口コミ,CORE,代表,C12181,1,フリーステップ オンライン 口コミ,競合の比較検討（評判・料金）,保護者,B,カテゴリ競合×比較/評判/料金/乗換え/特性,中,③B カテゴリ競合,フリーステップ,20,125.0,1067.0,MEDIUM,サービス探し（家庭教師・塾・支援） | 比較検討・料金・申込 | ブランド・指名検索,Google_competitor_suggest
32051,オンライン プロ 教師 の メガスタ 一橋 セイシン 会,CORE,代表,C12188,1,オンライン プロ 教師 の メガスタ 一橋 セイシン 会,競合指名・周辺,保護者,B,終了競合の乗換え需要,高,③X 終了サービス/乗換え,オンラインプロ教師のメガスタ,10,,,UNSPECIFIED,サービス探し（家庭教師・塾・支援） | ブランド・指名検索,KWP_CompetitorKeywordSeed
30837,トライ 式 オンライン 集団 ライブ 授業 口コミ,CORE,代表,C12201,1,トライ 式 オンライン 集団 ライブ 授業 口コミ,競合の比較検討（評判・料金）,保護者,B,カテゴリ競合×比較/評判/料金/乗換え/特性,中,③B カテゴリ競合,家庭教師のトライ,10,,,UNSPECIFIED,サービス探し（家庭教師・塾・支援） | 比較検討・料金・申込 | 学習のやり方・学習課題 | ブランド・指名検索,KWP_CompetitorKeywordSeed
31055,トライ 式 オンライン 集団 ライブ 授業 解約,CORE,代表,C12202,1,トライ 式 オンライン 集団 ライブ 授業 解約,競合の不満・乗り換え,保護者,B,カテゴリ競合×比較/評判/料金/乗換え/特性,中,③B カテゴリ競合,家庭教師のトライ,0,,,UNSPECIFIED,サービス探し（家庭教師・塾・支援） | 比較検討・料金・申込 | 学習のやり方・学習課題 | ブランド・指名検索,KWP_CompetitorKeywordSeed
30961,トライ オンライン 集団 ライブ 料金,CORE,代表,C12203,1,トライ オンライン 集団 ライブ 料金,競合の比較検討（評判・料金）,保護者,B,カテゴリ競合×比較/評判/料金/乗換え/特性,中,③B カテゴリ競合,トライのオンライン個別指導塾,10,,,UNSPECIFIED,サービス探し（家庭教師・塾・支援） | 比較検討・料金・申込 | ブランド・指名検索,KWP_CompetitorKeywordSeed
31980,トライ の オンライン 個別 指導 塾 レビュー,CORE,代表,C12204,1,トライ の オンライン 個別 指導 塾 レビュー,競合の比較検討（評判・料金）,保護者,B,カテゴリ競合×比較/評判/料金/乗換え/特性,中,③B カテゴリ競合,トライのオンライン個別指導塾,,,,UNSPECIFIED,サービス探し（家庭教師・塾・支援） | 比較検討・料金・申込 | ブランド・指名検索,KWP_CompetitorKeywordSeed
32027,トライ の オンライン 個別 指導 塾 不 登校,CORE,代表,C12205,1,トライ の オンライン 個別 指導 塾 不 登校,競合×特性/不登校対応の確認,保護者,B,特性/不登校×家庭教師・塾・個別,高,③B カテゴリ競合,トライのオンライン個別指導塾,,,,UNSPECIFIED,サービス探し（家庭教師・塾・支援） | 学校生活・不登校・学校種別 | ブランド・指名検索,KWP_CompetitorKeywordSeed
47473,トライ オンライン 口コミ 中学 受験,CORE,代表,C12208,1,トライ オンライン 口コミ 中学 受験,競合の比較検討（評判・料金）,保護者,B,カテゴリ競合×比較/評判/料金/乗換え/特性,中,③B カテゴリ競合,トライのオンライン個別指導塾,,,,UNSPECIFIED,サービス探し（家庭教師・塾・支援） | 比較検討・料金・申込 | 受験・進路 | ブランド・指名検索,Google_competitor_suggest
13837,トライ オンライン 料金 中学生,CORE,代表,C12211,1,トライ オンライン 料金 中学生,競合の比較検討（評判・料金）,保護者,B,カテゴリ競合×比較/評判/料金/乗換え/特性,中,③B カテゴリ競合,トライのオンライン個別指導塾,90,201.0,415.0,MEDIUM,サービス探し（家庭教師・塾・支援） | 比較検討・料金・申込 | ブランド・指名検索,KWP_UrlSeed || KWP_SiteSeed || KWP_CompetitorKeywordSeed || Google_competitor_suggest
31945,トライ オンライン 体験,CORE,代表,C12215,1,トライ オンライン 体験,競合の比較検討（評判・料金）,保護者,B,カテゴリ競合×比較/評判/料金/乗換え/特性,中,③B カテゴリ競合,トライのオンライン個別指導塾,,,,UNSPECIFIED,サービス探し（家庭教師・塾・支援） | 比較検討・料金・申込 | ブランド・指名検索,KWP_CompetitorKeywordSeed
32012,トライ の オンライン 個別 指導 塾 体験,CORE,代表,C12216,1,トライ の オンライン 個別 指導 塾 体験,競合の比較検討（評判・料金）,保護者,B,カテゴリ競合×比較/評判/料金/乗換え/特性,中,③B カテゴリ競合,トライのオンライン個別指導塾,,,,UNSPECIFIED,サービス探し（家庭教師・塾・支援） | 比較検討・料金・申込 | ブランド・指名検索,KWP_CompetitorKeywordSeed
32013,トライ の オンライン 個別 指導 塾 体験 授業,CORE,代表,C12217,1,トライ の オンライン 個別 指導 塾 体験 授業,競合の比較検討（評判・料金）,保護者,B,カテゴリ競合×比較/評判/料金/乗換え/特性,中,③B カテゴリ競合,トライのオンライン個別指導塾,,,,UNSPECIFIED,サービス探し（家庭教師・塾・支援） | 比較検討・料金・申込 | 学習のやり方・学習課題 | ブランド・指名検索,KWP_CompetitorKeywordSeed
32011,トライ の オンライン 個別 指導 塾 無料 体験,CORE,代表,C12218,1,トライ の オンライン 個別 指導 塾 無料 体験,競合の比較検討（評判・料金）,保護者,B,カテゴリ競合×比較/評判/料金/乗換え/特性,中,③B カテゴリ競合,トライのオンライン個別指導塾,,,,UNSPECIFIED,サービス探し（家庭教師・塾・支援） | 比較検討・料金・申込 | ブランド・指名検索,KWP_CompetitorKeywordSeed
31981,トライ の オンライン 個別 指導 塾 体験 談,CORE,代表,C12219,1,トライ の オンライン 個別 指導 塾 体験 談,競合の比較検討（評判・料金）,保護者,B,カテゴリ競合×比較/評判/料金/乗換え/特性,中,③B カテゴリ競合,トライのオンライン個別指導塾,,,,UNSPECIFIED,サービス探し（家庭教師・塾・支援） | 比較検討・料金・申込 | ブランド・指名検索,KWP_CompetitorKeywordSeed
31946,トライ オンライン 体験 授業,CORE,代表,C12220,1,トライ オンライン 体験 授業,競合の比較検討（評判・料金）,保護者,B,カテゴリ競合×比較/評判/料金/乗換え/特性,中,③B カテゴリ競合,トライのオンライン個別指導塾,,,,UNSPECIFIED,サービス探し（家庭教師・塾・支援） | 比較検討・料金・申込 | 学習のやり方・学習課題 | ブランド・指名検索,KWP_CompetitorKeywordSeed
31944,トライ オンライン 無料 体験,CORE,代表,C12221,1,トライ オンライン 無料 体験,競合の比較検討（評判・料金）,保護者,B,カテゴリ競合×比較/評判/料金/乗換え/特性,中,③B カテゴリ競合,トライのオンライン個別指導塾,,,,UNSPECIFIED,サービス探し（家庭教師・塾・支援） | 比較検討・料金・申込 | ブランド・指名検索,KWP_CompetitorKeywordSeed
31916,トライ オンライン 体験 談,CORE,代表,C12222,1,トライ オンライン 体験 談,競合の比較検討（評判・料金）,保護者,B,カテゴリ競合×比較/評判/料金/乗換え/特性,中,③B カテゴリ競合,トライのオンライン個別指導塾,,,,UNSPECIFIED,サービス探し（家庭教師・塾・支援） | 比較検討・料金・申込 | ブランド・指名検索,KWP_CompetitorKeywordSeed
32017,トライ の オンライン 個別 指導 塾 入会,CORE,代表,C12225,1,トライ の オンライン 個別 指導 塾 入会,競合の比較検討（評判・料金）,保護者,B,カテゴリ競合×比較/評判/料金/乗換え/特性,中,③B カテゴリ競合,トライのオンライン個別指導塾,,,,UNSPECIFIED,サービス探し（家庭教師・塾・支援） | 比較検討・料金・申込 | ブランド・指名検索,KWP_CompetitorKeywordSeed
31989,トライ の オンライン 個別 指導 塾 入会 金,CORE,代表,C12226,1,トライ の オンライン 個別 指導 塾 入会 金,競合の比較検討（評判・料金）,保護者,B,カテゴリ競合×比較/評判/料金/乗換え/特性,中,③B カテゴリ競合,トライのオンライン個別指導塾,,,,UNSPECIFIED,サービス探し（家庭教師・塾・支援） | 比較検討・料金・申込 | ブランド・指名検索,KWP_CompetitorKeywordSeed
31978,トライ の オンライン 個別 指導 塾 口コミ,CORE,代表,C12229,2,トライ の オンライン 個別 指導 塾 口コミ,競合の比較検討（評判・料金）,保護者,B,カテゴリ競合×比較/評判/料金/乗換え/特性,中,③B カテゴリ競合,トライのオンライン個別指導塾,110,91.0,371.0,MEDIUM,サービス探し（家庭教師・塾・支援） | 比較検討・料金・申込 | ブランド・指名検索,KWP_CompetitorKeywordSeed
47474,トライ オンライン 個別指導 口コミ,CORE,代表,C12230,1,トライ オンライン 個別指導 口コミ,競合の比較検討（評判・料金）,保護者,B,カテゴリ競合×比較/評判/料金/乗換え/特性,中,③B カテゴリ競合,トライのオンライン個別指導塾,30,112.0,368.0,MEDIUM,サービス探し（家庭教師・塾・支援） | 比較検討・料金・申込 | ブランド・指名検索,Google_competitor_suggest
32026,トライ の オンライン 個別 指導 塾 境界 知能,CORE,代表,C12231,1,トライ の オンライン 個別 指導 塾 境界 知能,競合×特性/不登校対応の確認,保護者,B,特性/不登校×家庭教師・塾・個別,高,③B カテゴリ競合,トライのオンライン個別指導塾,,,,UNSPECIFIED,サービス探し（家庭教師・塾・支援） | ブランド・指名検索,KWP_CompetitorKeywordSeed
32003,トライ の オンライン 個別 指導 塾 失敗,CORE,代表,C12232,1,トライ の オンライン 個別 指導 塾 失敗,競合の不満・乗り換え,保護者,B,カテゴリ競合×比較/評判/料金/乗換え/特性,中,③B カテゴリ競合,トライのオンライン個別指導塾,,,,UNSPECIFIED,サービス探し（家庭教師・塾・支援） | 比較検討・料金・申込 | ブランド・指名検索,KWP_CompetitorKeywordSeed
32024,トライ の オンライン 個別 指導 塾 ld,CORE,代表,C12233,2,トライ の オンライン 個別 指導 塾 ld,競合×特性/不登校対応の確認,保護者,B,特性/不登校×家庭教師・塾・個別,高,③B カテゴリ競合,トライのオンライン個別指導塾,,,,UNSPECIFIED,サービス探し（家庭教師・塾・支援） | ブランド・指名検索,KWP_CompetitorKeywordSeed
31992,トライ の オンライン 個別 指導 塾 安い,CORE,代表,C12234,1,トライ の オンライン 個別 指導 塾 安い,競合の比較検討（評判・料金）,保護者,B,カテゴリ競合×比較/評判/料金/乗換え/特性,中,③B カテゴリ競合,トライのオンライン個別指導塾,,,,UNSPECIFIED,サービス探し（家庭教師・塾・支援） | 比較検討・料金・申込 | ブランド・指名検索,KWP_CompetitorKeywordSeed
32004,トライ の オンライン 個別 指導 塾 後悔,CORE,代表,C12236,1,トライ の オンライン 個別 指導 塾 後悔,競合の不満・乗り換え,保護者,B,カテゴリ競合×比較/評判/料金/乗換え/特性,中,③B カテゴリ競合,トライのオンライン個別指導塾,,,,UNSPECIFIED,サービス探し（家庭教師・塾・支援） | 比較検討・料金・申込 | ブランド・指名検索,KWP_CompetitorKeywordSeed
32001,トライ の オンライン 個別 指導 塾 怪しい,CORE,代表,C12237,1,トライ の オンライン 個別 指導 塾 怪しい,競合の不満・乗り換え,保護者,B,カテゴリ競合×比較/評判/料金/乗換え/特性,中,③B カテゴリ競合,トライのオンライン個別指導塾,,,,UNSPECIFIED,サービス探し（家庭教師・塾・支援） | 比較検討・料金・申込 | ブランド・指名検索,KWP_CompetitorKeywordSeed
31982,トライ の オンライン 個別 指導 塾 感想,CORE,代表,C12238,1,トライ の オンライン 個別 指導 塾 感想,競合の比較検討（評判・料金）,保護者,B,カテゴリ競合×比較/評判/料金/乗換え/特性,中,③B カテゴリ競合,トライのオンライン個別指導塾,,,,UNSPECIFIED,サービス探し（家庭教師・塾・支援） | 比較検討・料金・申込 | ブランド・指名検索,KWP_CompetitorKeywordSeed
31984,トライ の オンライン 個別 指導 塾 料金,CORE,代表,C12241,5,トライ の オンライン 個別 指導 塾 料金,競合の比較検討（評判・料金）,保護者,B,カテゴリ競合×比較/評判/料金/乗換え/特性,中,③B カテゴリ競合,トライのオンライン個別指導塾,210,172.0,370.0,MEDIUM,サービス探し（家庭教師・塾・支援） | 比較検討・料金・申込 | ブランド・指名検索,KWP_CompetitorKeywordSeed
32002,トライ の オンライン 個別 指導 塾 最悪,CORE,代表,C12242,1,トライ の オンライン 個別 指導 塾 最悪,競合の不満・乗り換え,保護者,B,カテゴリ競合×比較/評判/料金/乗換え/特性,中,③B カテゴリ競合,トライのオンライン個別指導塾,,,,UNSPECIFIED,サービス探し（家庭教師・塾・支援） | 比較検討・料金・申込 | ブランド・指名検索,KWP_CompetitorKeywordSeed
31993,トライ の オンライン 個別 指導 塾 比較,CORE,代表,C12243,1,トライ の オンライン 個別 指導 塾 比較,競合の比較検討（評判・料金）,保護者,B,カテゴリ競合×比較/評判/料金/乗換え/特性,中,③B カテゴリ競合,トライのオンライン個別指導塾,,,,UNSPECIFIED,サービス探し（家庭教師・塾・支援） | 比較検討・料金・申込 | ブランド・指名検索,KWP_CompetitorKeywordSeed
32016,トライ の オンライン 個別 指導 塾 申し込み,CORE,代表,C12245,1,トライ の オンライン 個別 指導 塾 申し込み,競合の比較検討（評判・料金）,保護者,B,カテゴリ競合×比較/評判/料金/乗換え/特性,中,③B カテゴリ競合,トライのオンライン個別指導塾,,,,UNSPECIFIED,サービス探し（家庭教師・塾・支援） | 比較検討・料金・申込 | ブランド・指名検索,KWP_CompetitorKeywordSeed
32018,トライ の オンライン 個別 指導 塾 発達 障害,CORE,代表,C12246,2,トライ の オンライン 個別 指導 塾 発達 障害,競合×特性/不登校対応の確認,保護者,B,特性/不登校×家庭教師・塾・個別,高,③B カテゴリ競合,トライのオンライン個別指導塾,,,,UNSPECIFIED,サービス探し（家庭教師・塾・支援） | ブランド・指名検索,KWP_CompetitorKeywordSeed
32023,トライ の オンライン 個別 指導 塾 自 閉 症,CORE,代表,C12247,1,トライ の オンライン 個別 指導 塾 自 閉 症,競合×特性/不登校対応の確認,保護者,B,特性/不登校×家庭教師・塾・個別,高,③B カテゴリ競合,トライのオンライン個別指導塾,,,,UNSPECIFIED,サービス探し（家庭教師・塾・支援） | ブランド・指名検索,KWP_CompetitorKeywordSeed
32010,トライ の オンライン 個別 指導 塾 解約,CORE,代表,C12248,1,トライ の オンライン 個別 指導 塾 解約,競合の不満・乗り換え,保護者,B,カテゴリ競合×比較/評判/料金/乗換え/特性,中,③B カテゴリ競合,トライのオンライン個別指導塾,,,,UNSPECIFIED,サービス探し（家庭教師・塾・支援） | 比較検討・料金・申込 | ブランド・指名検索,KWP_CompetitorKeywordSeed
31983,トライ の オンライン 個別 指導 塾 評価,CORE,代表,C12249,1,トライ の オンライン 個別 指導 塾 評価,競合の比較検討（評判・料金）,保護者,B,カテゴリ競合×比較/評判/料金/乗換え/特性,中,③B カテゴリ競合,トライのオンライン個別指導塾,,,,UNSPECIFIED,サービス探し（家庭教師・塾・支援） | 比較検討・料金・申込 | ブランド・指名検索,KWP_CompetitorKeywordSeed
31979,トライ の オンライン 個別 指導 塾 評判,CORE,代表,C12250,2,トライ の オンライン 個別 指導 塾 評判,競合の比較検討（評判・料金）,保護者,B,カテゴリ競合×比較/評判/料金/乗換え/特性,中,③B カテゴリ競合,トライのオンライン個別指導塾,10,,,MEDIUM,サービス探し（家庭教師・塾・支援） | 比較検討・料金・申込 | ブランド・指名検索,KWP_CompetitorKeywordSeed
32015,トライ の オンライン 個別 指導 塾 資料 請求,CORE,代表,C12251,1,トライ の オンライン 個別 指導 塾 資料 請求,競合の比較検討（評判・料金）,保護者,B,カテゴリ競合×比較/評判/料金/乗換え/特性,中,③B カテゴリ競合,トライのオンライン個別指導塾,,,,UNSPECIFIED,サービス探し（家庭教師・塾・支援） | 比較検討・料金・申込 | ブランド・指名検索,KWP_CompetitorKeywordSeed
31985,トライ の オンライン 個別 指導 塾 費用,CORE,代表,C12252,1,トライ の オンライン 個別 指導 塾 費用,競合の比較検討（評判・料金）,保護者,B,カテゴリ競合×比較/評判/料金/乗換え/特性,中,③B カテゴリ競合,トライのオンライン個別指導塾,,,,UNSPECIFIED,サービス探し（家庭教師・塾・支援） | 比較検討・料金・申込 | ブランド・指名検索,KWP_CompetitorKeywordSeed
32009,トライ の オンライン 個別 指導 塾 退会,CORE,代表,C12253,1,トライ の オンライン 個別 指導 塾 退会,競合の不満・乗り換え,保護者,B,カテゴリ競合×比較/評判/料金/乗換え/特性,中,③B カテゴリ競合,トライのオンライン個別指導塾,,,,UNSPECIFIED,サービス探し（家庭教師・塾・支援） | 合わない・断られた・乗り換え | ブランド・指名検索,KWP_CompetitorKeywordSeed
31991,トライ の オンライン 個別 指導 塾 高い,CORE,代表,C12255,1,トライ の オンライン 個別 指導 塾 高い,競合の比較検討（評判・料金）,保護者,B,カテゴリ競合×比較/評判/料金/乗換え/特性,中,③B カテゴリ競合,トライのオンライン個別指導塾,,,,UNSPECIFIED,サービス探し（家庭教師・塾・支援） | 比較検討・料金・申込 | ブランド・指名検索,KWP_CompetitorKeywordSeed
2604,トライ オンライン 個別 指導 料金,CORE,代表,C12260,1,トライ オンライン 個別 指導 料金,競合の比較検討（評判・料金）,保護者,B,カテゴリ競合×比較/評判/料金/乗換え/特性,中,③B カテゴリ競合,トライのオンライン個別指導塾,70,211.0,400.0,MEDIUM,サービス探し（家庭教師・塾・支援） | 比較検討・料金・申込 | ブランド・指名検索,KWP_KeywordSeed || KWP_UrlSeed || KWP_CompetitorKeywordSeed
1847,個別 教室 の トライ オンライン 料金,CORE,代表,C12263,1,個別 教室 の トライ オンライン 料金,競合の比較検討（評判・料金）,保護者,B,カテゴリ競合×比較/評判/料金/乗換え/特性,中,③B カテゴリ競合,個別教室のトライ,20,136.0,365.0,MEDIUM,サービス探し（家庭教師・塾・支援） | 比較検討・料金・申込 | ブランド・指名検索,KWP_KeywordSeed || KWP_UrlSeed || KWP_CompetitorKeywordSeed
31950,トライ オンライン 入会,CORE,代表,C12264,1,トライ オンライン 入会,競合の比較検討（評判・料金）,保護者,B,カテゴリ競合×比較/評判/料金/乗換え/特性,中,③B カテゴリ競合,トライのオンライン個別指導塾,,,,UNSPECIFIED,サービス探し（家庭教師・塾・支援） | 比較検討・料金・申込 | ブランド・指名検索,KWP_CompetitorKeywordSeed
31923,トライ オンライン 入会 金,CORE,代表,C12265,1,トライ オンライン 入会 金,競合の比較検討（評判・料金）,保護者,B,カテゴリ競合×比較/評判/料金/乗換え/特性,中,③B カテゴリ競合,トライのオンライン個別指導塾,,,,UNSPECIFIED,サービス探し（家庭教師・塾・支援） | 比較検討・料金・申込 | ブランド・指名検索,KWP_CompetitorKeywordSeed
47472,トライ オンライン 口コミ 大学受験,CORE,代表,C12267,1,トライ オンライン 口コミ 大学受験,競合の比較検討（評判・料金）,保護者,B,カテゴリ競合×比較/評判/料金/乗換え/特性,中,③B カテゴリ競合,トライのオンライン個別指導塾,,,,UNSPECIFIED,サービス探し（家庭教師・塾・支援） | 比較検討・料金・申込 | 受験・進路 | ブランド・指名検索,Google_competitor_suggest
17020,トライ オンライン 口コミ,CORE,代表,C12270,1,トライ オンライン 口コミ,競合の比較検討（評判・料金）,保護者,B,カテゴリ競合×比較/評判/料金/乗換え/特性,中,③B カテゴリ競合,トライのオンライン個別指導塾,390,95.0,372.0,MEDIUM,サービス探し（家庭教師・塾・支援） | 比較検討・料金・申込 | ブランド・指名検索,KWP_UrlSeed || KWP_SiteSeed || KWP_CompetitorKeywordSeed || Google_competitor_suggest || CompetitorMatrix
47476,トライ オンライン 塾 口コミ,CORE,代表,C12271,1,トライ オンライン 塾 口コミ,競合の比較検討（評判・料金）,保護者,B,カテゴリ競合×比較/評判/料金/乗換え/特性,中,③B カテゴリ競合,トライのオンライン個別指導塾,,,,UNSPECIFIED,サービス探し（家庭教師・塾・支援） | 比較検討・料金・申込 | ブランド・指名検索,Google_competitor_suggest
31967,トライ オンライン 境界 知能 口コミ,CORE,代表,C12272,1,トライ オンライン 境界 知能 口コミ,競合の比較検討（評判・料金）,保護者,B,カテゴリ競合×比較/評判/料金/乗換え/特性,中,③B カテゴリ競合,トライのオンライン個別指導塾,,,,UNSPECIFIED,サービス探し（家庭教師・塾・支援） | 比較検討・料金・申込 | ブランド・指名検索,KWP_CompetitorKeywordSeed
30892,トライ オンライン 夏期 講習 口コミ,CORE,代表,C12273,1,トライ オンライン 夏期 講習 口コミ,競合の比較検討（評判・料金）,保護者,B,カテゴリ競合×比較/評判/料金/乗換え/特性,中,③B カテゴリ競合,トライのオンライン個別指導塾,0,,,UNSPECIFIED,サービス探し（家庭教師・塾・支援） | 比較検討・料金・申込 | 学習のやり方・学習課題 | ブランド・指名検索,KWP_CompetitorKeywordSeed
31965,トライ オンライン ld 口コミ,CORE,代表,C12274,2,トライ オンライン ld 口コミ,競合の比較検討（評判・料金）,保護者,B,カテゴリ競合×比較/評判/料金/乗換え/特性,中,③B カテゴリ競合,トライのオンライン個別指導塾,,,,UNSPECIFIED,サービス探し（家庭教師・塾・支援） | 比較検討・料金・申込 | ブランド・指名検索,KWP_CompetitorKeywordSeed
30857,トライ オンライン 自習 室 口コミ,CORE,代表,C12275,1,トライ オンライン 自習 室 口コミ,競合の比較検討（評判・料金）,保護者,B,カテゴリ競合×比較/評判/料金/乗換え/特性,中,③B カテゴリ競合,トライのオンライン個別指導塾,10,,,UNSPECIFIED,サービス探し（家庭教師・塾・支援） | 比較検討・料金・申込 | 学習のやり方・学習課題 | ブランド・指名検索,KWP_CompetitorKeywordSeed
1703,トライ オンライン 家庭 教師 口コミ,CORE,代表,C12276,4,トライ オンライン 家庭 教師 口コミ,競合の比較検討（評判・料金）,保護者,B,カテゴリ競合×比較/評判/料金/乗換え/特性,中,③B カテゴリ競合,トライのオンライン個別指導塾,110,169.0,415.0,MEDIUM,サービス探し（家庭教師・塾・支援） | 比較検討・料金・申込 | ブランド・指名検索,KWP_KeywordSeed || KWP_CompetitorKeywordSeed
1829,家庭 教師 の トライ オンライン 口コミ,CORE,代表,C12277,2,家庭 教師 の トライ オンライン 口コミ,競合の比較検討（評判・料金）,保護者,B,カテゴリ競合×比較/評判/料金/乗換え/特性,中,③B カテゴリ競合,家庭教師のトライ,30,174.0,424.0,MEDIUM,サービス探し（家庭教師・塾・支援） | 比較検討・料金・申込 | ブランド・指名検索,KWP_KeywordSeed || KWP_CompetitorKeywordSeed
47475,トライ オンライン 英検対策 口コミ,CORE,代表,C12278,1,トライ オンライン 英検対策 口コミ,競合の比較検討（評判・料金）,保護者,B,カテゴリ競合×比較/評判/料金/乗換え/特性,中,③B カテゴリ競合,トライのオンライン個別指導塾,10,192.0,371.0,LOW,サービス探し（家庭教師・塾・支援） | 比較検討・料金・申込 | 学習のやり方・学習課題 | ブランド・指名検索,Google_competitor_suggest
30894,トライ オンライン 講師 口コミ,CORE,代表,C12279,1,トライ オンライン 講師 口コミ,競合の比較検討（評判・料金）,保護者,B,カテゴリ競合×比較/評判/料金/乗換え/特性,中,③B カテゴリ競合,トライのオンライン個別指導塾,10,,,LOW,サービス探し（家庭教師・塾・支援） | 比較検討・料金・申込 | ブランド・指名検索,KWP_CompetitorKeywordSeed || Google_competitor_suggest
31977,トライ オンライン 境界 知能 料金,CORE,代表,C12284,1,トライ オンライン 境界 知能 料金,競合の比較検討（評判・料金）,保護者,B,カテゴリ競合×比較/評判/料金/乗換え/特性,中,③B カテゴリ競合,トライのオンライン個別指導塾,,,,UNSPECIFIED,サービス探し（家庭教師・塾・支援） | 比較検討・料金・申込 | ブランド・指名検索,KWP_CompetitorKeywordSeed
31956,トライ オンライン 境界 知能,CORE,代表,C12285,1,トライ オンライン 境界 知能,競合×特性/不登校対応の確認,保護者,B,カテゴリ競合×比較/評判/料金/乗換え/特性,中,③B カテゴリ競合,トライのオンライン個別指導塾,,,,UNSPECIFIED,サービス探し（家庭教師・塾・支援） | ブランド・指名検索,KWP_CompetitorKeywordSeed
31972,トライ オンライン 境界 知能 評判,CORE,代表,C12286,1,トライ オンライン 境界 知能 評判,競合の比較検討（評判・料金）,保護者,B,カテゴリ競合×比較/評判/料金/乗換え/特性,中,③B カテゴリ競合,トライのオンライン個別指導塾,,,,UNSPECIFIED,サービス探し（家庭教師・塾・支援） | 比較検討・料金・申込 | ブランド・指名検索,KWP_CompetitorKeywordSeed
31937,トライ オンライン 失敗,CORE,代表,C12288,1,トライ オンライン 失敗,競合の不満・乗り換え,保護者,B,カテゴリ競合×比較/評判/料金/乗換え/特性,中,③B カテゴリ競合,トライのオンライン個別指導塾,,,,UNSPECIFIED,サービス探し（家庭教師・塾・支援） | 比較検討・料金・申込 | ブランド・指名検索,KWP_CompetitorKeywordSeed
31975,トライ オンライン ld 料金,CORE,代表,C12289,2,トライ オンライン ld 料金,競合の比較検討（評判・料金）,保護者,B,カテゴリ競合×比較/評判/料金/乗換え/特性,中,③B カテゴリ競合,トライのオンライン個別指導塾,,,,UNSPECIFIED,サービス探し（家庭教師・塾・支援） | 比較検討・料金・申込 | ブランド・指名検索,KWP_CompetitorKeywordSeed
31970,トライ オンライン ld 評判,CORE,代表,C12290,2,トライ オンライン ld 評判,競合の比較検討（評判・料金）,保護者,B,カテゴリ競合×比較/評判/料金/乗換え/特性,中,③B カテゴリ競合,トライのオンライン個別指導塾,,,,UNSPECIFIED,サービス探し（家庭教師・塾・支援） | 比較検討・料金・申込 | ブランド・指名検索,KWP_CompetitorKeywordSeed
31954,トライ オンライン ld,CORE,代表,C12291,2,トライ オンライン ld,競合×特性/不登校対応の確認,保護者,B,カテゴリ競合×比較/評判/料金/乗換え/特性,中,③B カテゴリ競合,トライのオンライン個別指導塾,,,,UNSPECIFIED,サービス探し（家庭教師・塾・支援） | ブランド・指名検索,KWP_CompetitorKeywordSeed
31926,トライ オンライン 安い,CORE,代表,C12292,1,トライ オンライン 安い,競合の比較検討（評判・料金）,保護者,B,カテゴリ競合×比較/評判/料金/乗換え/特性,中,③B カテゴリ競合,トライのオンライン個別指導塾,,,,UNSPECIFIED,サービス探し（家庭教師・塾・支援） | 比較検討・料金・申込 | ブランド・指名検索,KWP_CompetitorKeywordSeed
1615,トライ オンライン 家庭 教師 料金,CORE,代表,C12298,3,トライ オンライン 家庭 教師 料金,競合の比較検討（評判・料金）,保護者,B,カテゴリ競合×比較/評判/料金/乗換え/特性,中,③B カテゴリ競合,トライのオンライン個別指導塾,70,254.0,399.0,MEDIUM,サービス探し（家庭教師・塾・支援） | 比較検討・料金・申込 | ブランド・指名検索,KWP_KeywordSeed || KWP_UrlSeed || KWP_CompetitorKeywordSeed || Google_competitor_suggest
1590,家庭 教師 の トライ オンライン 料金,CORE,代表,C12299,4,家庭 教師 の トライ オンライン 料金,競合の比較検討（評判・料金）,保護者,B,カテゴリ競合×比較/評判/料金/乗換え/特性,中,③B カテゴリ競合,家庭教師のトライ,70,238.0,463.0,MEDIUM,サービス探し（家庭教師・塾・支援） | 比較検討・料金・申込 | ブランド・指名検索,KWP_KeywordSeed || KWP_UrlSeed || KWP_CompetitorKeywordSeed
30893,トライ オンライン 家庭 教師 評判,CORE,代表,C12301,1,トライ オンライン 家庭 教師 評判,競合の比較検討（評判・料金）,保護者,B,カテゴリ競合×比較/評判/料金/乗換え/特性,中,③B カテゴリ競合,トライのオンライン個別指導塾,10,,,LOW,サービス探し（家庭教師・塾・支援） | 比較検討・料金・申込 | ブランド・指名検索,KWP_CompetitorKeywordSeed || Google_competitor_suggest
30821,家庭 教師 の トライ オンライン 評判,CORE,代表,C12302,1,家庭 教師 の トライ オンライン 評判,競合の比較検討（評判・料金）,保護者,B,カテゴリ競合×比較/評判/料金/乗換え/特性,中,③B カテゴリ競合,家庭教師のトライ,10,,,MEDIUM,サービス探し（家庭教師・塾・支援） | 比較検討・料金・申込 | ブランド・指名検索,KWP_CompetitorKeywordSeed
47481,トライ オンライン 料金 小学生,CORE,代表,C12306,1,トライ オンライン 料金 小学生,競合の比較検討（評判・料金）,保護者,B,カテゴリ競合×比較/評判/料金/乗換え/特性,中,③B カテゴリ競合,トライのオンライン個別指導塾,,,,UNSPECIFIED,サービス探し（家庭教師・塾・支援） | 比較検討・料金・申込 | ブランド・指名検索,Google_competitor_suggest
31938,トライ オンライン 後悔,CORE,代表,C12308,1,トライ オンライン 後悔,競合の不満・乗り換え,保護者,B,カテゴリ競合×比較/評判/料金/乗換え/特性,中,③B カテゴリ競合,トライのオンライン個別指導塾,,,,UNSPECIFIED,サービス探し（家庭教師・塾・支援） | 比較検討・料金・申込 | ブランド・指名検索,KWP_CompetitorKeywordSeed
31935,トライ オンライン 怪しい,CORE,代表,C12309,1,トライ オンライン 怪しい,競合の不満・乗り換え,保護者,B,カテゴリ競合×比較/評判/料金/乗換え/特性,中,③B カテゴリ競合,トライのオンライン個別指導塾,,,,UNSPECIFIED,サービス探し（家庭教師・塾・支援） | 比較検討・料金・申込 | ブランド・指名検索,KWP_CompetitorKeywordSeed
31917,トライ オンライン 感想,CORE,代表,C12310,1,トライ オンライン 感想,競合の比較検討（評判・料金）,保護者,B,カテゴリ競合×比較/評判/料金/乗換え/特性,中,③B カテゴリ競合,トライのオンライン個別指導塾,,,,UNSPECIFIED,サービス探し（家庭教師・塾・支援） | 比較検討・料金・申込 | ブランド・指名検索,KWP_CompetitorKeywordSeed
30988,トライ オンライン 授業 料金,CORE,代表,C12315,1,トライ オンライン 授業 料金,競合の比較検討（評判・料金）,保護者,B,カテゴリ競合×比較/評判/料金/乗換え/特性,中,③B カテゴリ競合,トライのオンライン個別指導塾,10,,,HIGH,サービス探し（家庭教師・塾・支援） | 比較検討・料金・申込 | 学習のやり方・学習課題 | ブランド・指名検索,KWP_CompetitorKeywordSeed
13296,トライ オンライン 料金,CORE,代表,C12319,4,トライ オンライン 料金,競合の比較検討（評判・料金）,保護者,B,カテゴリ競合×比較/評判/料金/乗換え/特性,中,③B カテゴリ競合,トライのオンライン個別指導塾,720,183.0,381.0,MEDIUM,サービス探し（家庭教師・塾・支援） | 比較検討・料金・申込 | ブランド・指名検索,KWP_UrlSeed || KWP_SiteSeed || KWP_CompetitorKeywordSeed || Google_competitor_suggest || CompetitorMatrix
13834,オンライン トライ 料金,CORE,代表,C12320,2,オンライン トライ 料金,競合の比較検討（評判・料金）,保護者,B,カテゴリ競合×比較/評判/料金/乗換え/特性,中,③B カテゴリ競合,家庭教師のトライ,70,167.0,369.0,MEDIUM,サービス探し（家庭教師・塾・支援） | 比較検討・料金・申込 | ブランド・指名検索,KWP_UrlSeed || KWP_SiteSeed || KWP_CompetitorKeywordSeed
47470,トライ オンライン 英検 料金,CORE,代表,C12321,1,トライ オンライン 英検 料金,競合の比較検討（評判・料金）,保護者,B,カテゴリ競合×比較/評判/料金/乗換え/特性,中,③B カテゴリ競合,トライのオンライン個別指導塾,30,194.0,371.0,MEDIUM,サービス探し（家庭教師・塾・支援） | 比較検討・料金・申込 | 学習のやり方・学習課題 | ブランド・指名検索,Google_competitor_suggest
47478,トライ オンライン 料金 知恵袋,CORE,代表,C12322,1,トライ オンライン 料金 知恵袋,競合の比較検討（評判・料金）,保護者,B,カテゴリ競合×比較/評判/料金/乗換え/特性,中,③B カテゴリ競合,トライのオンライン個別指導塾,90,365.0,417.0,LOW,サービス探し（家庭教師・塾・支援） | 比較検討・料金・申込 | ブランド・指名検索,Google_competitor_suggest
47480,トライ オンライン 料金表,CORE,代表,C12323,1,トライ オンライン 料金表,競合の比較検討（評判・料金）,保護者,B,カテゴリ競合×比較/評判/料金/乗換え/特性,中,③B カテゴリ競合,トライのオンライン個別指導塾,10,194.0,371.0,MEDIUM,サービス探し（家庭教師・塾・支援） | 比較検討・料金・申込 | ブランド・指名検索,Google_competitor_suggest || CompetitorMatrix
47479,トライ オンライン 料金 高校生,CORE,代表,C12324,1,トライ オンライン 料金 高校生,競合の比較検討（評判・料金）,保護者,B,カテゴリ競合×比較/評判/料金/乗換え/特性,中,③B カテゴリ競合,トライのオンライン個別指導塾,40,199.0,372.0,MEDIUM,サービス探し（家庭教師・塾・支援） | 比較検討・料金・申込 | ブランド・指名検索,Google_competitor_suggest
31936,トライ オンライン 最悪,CORE,代表,C12326,1,トライ オンライン 最悪,競合の不満・乗り換え,保護者,B,カテゴリ競合×比較/評判/料金/乗換え/特性,中,③B カテゴリ競合,トライのオンライン個別指導塾,,,,UNSPECIFIED,サービス探し（家庭教師・塾・支援） | 比較検討・料金・申込 | ブランド・指名検索,KWP_CompetitorKeywordSeed
31927,トライ オンライン 比較,CORE,代表,C12327,1,トライ オンライン 比較,競合の比較検討（評判・料金）,保護者,B,カテゴリ競合×比較/評判/料金/乗換え/特性,中,③B カテゴリ競合,トライのオンライン個別指導塾,,,,UNSPECIFIED,サービス探し（家庭教師・塾・支援） | 比較検討・料金・申込 | ブランド・指名検索,KWP_CompetitorKeywordSeed
31949,トライ オンライン 申し込み,CORE,代表,C12331,1,トライ オンライン 申し込み,競合の比較検討（評判・料金）,保護者,B,カテゴリ競合×比較/評判/料金/乗換え/特性,中,③B カテゴリ競合,トライのオンライン個別指導塾,,,,UNSPECIFIED,サービス探し（家庭教師・塾・支援） | 比較検討・料金・申込 | ブランド・指名検索,KWP_CompetitorKeywordSeed
45917,トライ オンライン 発達障害,CORE,代表,C12332,1,トライ オンライン 発達障害,競合×特性/不登校対応の確認,保護者,B,カテゴリ競合×比較/評判/料金/乗換え/特性,中,③B カテゴリ競合,トライのオンライン個別指導塾,,,,UNSPECIFIED,サービス探し（家庭教師・塾・支援） | ブランド・指名検索,Google_competitor_SERP || Google_competitor_suggest
67757,トライ オンライン 知恵袋,CORE,代表,C12333,1,トライ オンライン 知恵袋,競合の比較検討（評判・料金）,保護者,B,カテゴリ競合×比較/評判/料金/乗換え/特性,中,③B カテゴリ競合,トライのオンライン個別指導塾,20,,,LOW,サービス探し（家庭教師・塾・支援） | 比較検討・料金・申込 | ブランド・指名検索,CompetitorMatrix
19577,トライ オンライン 解約,CORE,代表,C12334,1,トライ オンライン 解約,競合の不満・乗り換え,保護者,B,カテゴリ競合×比較/評判/料金/乗換え/特性,中,③B カテゴリ競合,トライのオンライン個別指導塾,40,,,LOW,サービス探し（家庭教師・塾・支援） | 比較検討・料金・申込 | ブランド・指名検索,KWP_UrlSeed || KWP_CompetitorKeywordSeed || CompetitorMatrix
31918,トライ オンライン 評価,CORE,代表,C12335,1,トライ オンライン 評価,競合の比較検討（評判・料金）,保護者,B,カテゴリ競合×比較/評判/料金/乗換え/特性,中,③B カテゴリ競合,トライのオンライン個別指導塾,,,,UNSPECIFIED,サービス探し（家庭教師・塾・支援） | 比較検討・料金・申込 | ブランド・指名検索,KWP_CompetitorKeywordSeed
17064,トライ オンライン 評判,CORE,代表,C12336,1,トライ オンライン 評判,競合の比較検討（評判・料金）,保護者,B,カテゴリ競合×比較/評判/料金/乗換え/特性,中,③B カテゴリ競合,トライのオンライン個別指導塾,10,39.0,367.0,MEDIUM,サービス探し（家庭教師・塾・支援） | 比較検討・料金・申込 | ブランド・指名検索,KWP_UrlSeed || KWP_SiteSeed || KWP_CompetitorKeywordSeed || Google_competitor_suggest || CompetitorMatrix
31948,トライ オンライン 資料 請求,CORE,代表,C12337,1,トライ オンライン 資料 請求,競合の比較検討（評判・料金）,保護者,B,カテゴリ競合×比較/評判/料金/乗換え/特性,中,③B カテゴリ競合,トライのオンライン個別指導塾,,,,UNSPECIFIED,サービス探し（家庭教師・塾・支援） | 比較検討・料金・申込 | ブランド・指名検索,KWP_CompetitorKeywordSeed
31919,トライ オンライン 費用,CORE,代表,C12339,1,トライ オンライン 費用,競合の比較検討（評判・料金）,保護者,B,カテゴリ競合×比較/評判/料金/乗換え/特性,中,③B カテゴリ競合,トライのオンライン個別指導塾,,,,UNSPECIFIED,サービス探し（家庭教師・塾・支援） | 比較検討・料金・申込 | ブランド・指名検索,KWP_CompetitorKeywordSeed
31943,トライ オンライン 退会,CORE,代表,C12340,1,トライ オンライン 退会,競合の不満・乗り換え,保護者,B,カテゴリ競合×比較/評判/料金/乗換え/特性,中,③B カテゴリ競合,トライのオンライン個別指導塾,10,,,LOW,サービス探し（家庭教師・塾・支援） | 合わない・断られた・乗り換え | ブランド・指名検索,KWP_CompetitorKeywordSeed || CompetitorMatrix
31925,トライ オンライン 高い,CORE,代表,C12342,1,トライ オンライン 高い,競合の比較検討（評判・料金）,保護者,B,カテゴリ競合×比較/評判/料金/乗換え/特性,中,③B カテゴリ競合,トライのオンライン個別指導塾,,,,UNSPECIFIED,サービス探し（家庭教師・塾・支援） | 比較検討・料金・申込 | ブランド・指名検索,KWP_CompetitorKeywordSeed
32814,オンライン 家庭 教師 ファースト 口コミ,CORE,代表,C12361,2,オンライン 家庭 教師 ファースト 口コミ,競合の比較検討（評判・料金）,保護者,B,カテゴリ競合×比較/評判/料金/乗換え/特性,中,③B カテゴリ競合,家庭教師ファースト,10,,,HIGH,サービス探し（家庭教師・塾・支援） | 比較検討・料金・申込 | ブランド・指名検索,KWP_CompetitorKeywordSeed
1774,オンライン プロ 教師 メガスタ,CORE,代表,C12372,2,オンライン プロ 教師 メガスタ,競合指名・周辺,保護者,B,終了競合の乗換え需要,高,③X 終了サービス/乗換え,オンラインプロ教師のメガスタ,10,,,LOW,サービス探し（家庭教師・塾・支援） | ブランド・指名検索,KWP_KeywordSeed || KWP_CompetitorKeywordSeed
1926,オンライン 家庭 教師 マナ リンク 口コミ,CORE,代表,C12384,2,オンライン 家庭 教師 マナ リンク 口コミ,競合の比較検討（評判・料金）,保護者,B,カテゴリ競合×比較/評判/料金/乗換え/特性,中,③B カテゴリ競合,マナリンク,10,306.0,598.0,LOW,サービス探し（家庭教師・塾・支援） | 比較検討・料金・申込 | ブランド・指名検索,KWP_KeywordSeed || KWP_CompetitorKeywordSeed
34949,オンライン 家庭 教師 マナ リンク 評判,CORE,代表,C12386,2,オンライン 家庭 教師 マナ リンク 評判,競合の比較検討（評判・料金）,保護者,B,カテゴリ競合×比較/評判/料金/乗換え/特性,中,③B カテゴリ競合,マナリンク,10,,,MEDIUM,サービス探し（家庭教師・塾・支援） | 比較検討・料金・申込 | ブランド・指名検索,KWP_CompetitorKeywordSeed
47502,オンラインのメガスタ 口コミ,CORE,代表,C12390,1,オンラインのメガスタ 口コミ,競合の比較検討（評判・料金）,保護者,B,終了競合の乗換え需要,高,③X 終了サービス/乗換え,オンラインプロ教師のメガスタ,10,,,UNSPECIFIED,サービス探し（家庭教師・塾・支援） | 比較検討・料金・申込 | ブランド・指名検索,Google_competitor_suggest
47503,オンライン 塾 メガスタ 口コミ,CORE,代表,C12391,1,オンライン 塾 メガスタ 口コミ,競合の比較検討（評判・料金）,保護者,B,終了競合の乗換え需要,高,③X 終了サービス/乗換え,オンラインプロ教師のメガスタ,,,,UNSPECIFIED,サービス探し（家庭教師・塾・支援） | 比較検討・料金・申込 | ブランド・指名検索,Google_competitor_suggest
1927,オンライン 家庭 教師 メガスタ 口コミ,CORE,代表,C12392,2,オンライン 家庭 教師 メガスタ 口コミ,競合の比較検討（評判・料金）,保護者,B,終了競合の乗換え需要,高,③X 終了サービス/乗換え,オンラインプロ教師のメガスタ,10,,,UNSPECIFIED,サービス探し（家庭教師・塾・支援） | 比較検討・料金・申込 | ブランド・指名検索,KWP_KeywordSeed || KWP_CompetitorKeywordSeed
1642,オンライン 家庭 教師 メガスタ,CORE,代表,C12393,2,オンライン 家庭 教師 メガスタ,競合指名・周辺,保護者,B,終了競合の乗換え需要,高,③X 終了サービス/乗換え,オンラインプロ教師のメガスタ,110,196.0,569.0,MEDIUM,サービス探し（家庭教師・塾・支援） | ブランド・指名検索,KWP_KeywordSeed || KWP_CompetitorKeywordSeed
47508,オンライン家庭教師 メガスタ 料金,CORE,代表,C12394,1,オンライン家庭教師 メガスタ 料金,競合の比較検討（評判・料金）,保護者,B,終了競合の乗換え需要,高,③X 終了サービス/乗換え,オンラインプロ教師のメガスタ,10,,,UNSPECIFIED,サービス探し（家庭教師・塾・支援） | 比較検討・料金・申込 | ブランド・指名検索,Google_competitor_suggest
32041,オンライン 家庭 教師 メガスタ 評判,CORE,代表,C12395,1,オンライン 家庭 教師 メガスタ 評判,競合の比較検討（評判・料金）,保護者,B,終了競合の乗換え需要,高,③X 終了サービス/乗換え,オンラインプロ教師のメガスタ,10,,,MEDIUM,サービス探し（家庭教師・塾・支援） | 比較検討・料金・申込 | ブランド・指名検索,KWP_CompetitorKeywordSeed
1910,オンライン ワム 口コミ,CORE,代表,C12403,1,オンライン ワム 口コミ,競合の比較検討（評判・料金）,保護者,B,カテゴリ競合×比較/評判/料金/乗換え/特性,中,③B カテゴリ競合,個別指導WAM,0,,,UNSPECIFIED,サービス探し（家庭教師・塾・支援） | 比較検討・料金・申込 | ブランド・指名検索,KWP_KeywordSeed
543,オンライン 塾 中学生 不 登校,CORE,代表,C12405,2,オンライン 塾 中学生 不 登校,サービス探し（特性/不登校×学習支援）,保護者,A,特性/不登校×家庭教師・塾・個別,高,②顕在,,30,489.0,2106.0,MEDIUM,サービス探し（家庭教師・塾・支援） | 学校生活・不登校・学校種別,KWP_KeywordSeed || KWP_UrlSeed
613,オンライン 家庭 教師 中学生 不 登校,CORE,代表,C12406,2,オンライン 家庭 教師 中学生 不 登校,サービス探し（特性/不登校×学習支援）,保護者,A,特性/不登校×家庭教師・塾・個別,高,②顕在,,10,632.0,1627.0,HIGH,サービス探し（家庭教師・塾・支援） | 学校生活・不登校・学校種別,KWP_KeywordSeed
17162,不 登校 オンライン 授業 中学生,CORE,代表,C12407,2,不 登校 オンライン 授業 中学生,サービス探し（特性/不登校×学習支援）,保護者,A,特性/不登校×家庭教師・塾・個別,高,④インテント,,50,151.0,588.0,LOW,サービス探し（家庭教師・塾・支援） | 学習のやり方・学習課題 | 学校生活・不登校・学校種別,KWP_UrlSeed
46226,オンライン塾 小学生 不登校,CORE,代表,C12409,1,オンライン塾 小学生 不登校,サービス探し（特性/不登校×学習支援）,保護者,A,特性/不登校×家庭教師・塾・個別,高,②顕在,,,,,UNSPECIFIED,サービス探し（家庭教師・塾・支援） | 学校生活・不登校・学校種別,Google_suggest
545,不 登校 オンライン 塾,CORE,代表,C12410,4,不 登校 オンライン 塾,サービス探し（特性/不登校×学習支援）,保護者,A,特性/不登校×家庭教師・塾・個別,高,②顕在,,70,295.0,920.0,HIGH,サービス探し（家庭教師・塾・支援） | 学校生活・不登校・学校種別,KWP_KeywordSeed || KWP_UrlSeed
27862,境界 知能 不 登校 オンライン 家庭 教師,CORE,代表,C12411,1,境界 知能 不 登校 オンライン 家庭 教師,サービス探し（特性/不登校×学習支援）,保護者,A,特性/不登校×家庭教師・塾・個別,高,②顕在,,,,,UNSPECIFIED,サービス探し（家庭教師・塾・支援） | 学校生活・不登校・学校種別,KWP_KeywordSeed
610,不 登校 学習 支援 オンライン,CORE,代表,C12412,1,不 登校 学習 支援 オンライン,サービス探し（特性/不登校×学習支援）,保護者,A,特性/不登校×家庭教師・塾・個別,高,②顕在,,30,130.0,529.0,HIGH,サービス探し（家庭教師・塾・支援） | 学校生活・不登校・学校種別,KWP_KeywordSeed || KWP_UrlSeed
603,不 登校 オンライン 学習,CORE,代表,C12413,2,不 登校 オンライン 学習,サービス探し（特性/不登校×学習支援）,保護者,A,特性/不登校×家庭教師・塾・個別,高,④インテント,,40,210.0,757.0,MEDIUM,サービス探し（家庭教師・塾・支援） | 学校生活・不登校・学校種別,KWP_KeywordSeed
46218,オンライン家庭教師 小学生 不登校,CORE,代表,C12414,1,オンライン家庭教師 小学生 不登校,サービス探し（特性/不登校×学習支援）,保護者,A,特性/不登校×家庭教師・塾・個別,高,②顕在,,,,,UNSPECIFIED,サービス探し（家庭教師・塾・支援） | 学校生活・不登校・学校種別,Google_suggest
533,不 登校 オンライン 家庭 教師,CORE,代表,C12415,4,不 登校 オンライン 家庭 教師,サービス探し（特性/不登校×学習支援）,保護者,A,特性/不登校×家庭教師・塾・個別,高,②顕在,,140,270.0,1012.0,MEDIUM,サービス探し（家庭教師・塾・支援） | 学校生活・不登校・学校種別,KWP_KeywordSeed || KWP_UrlSeed
17154,不 登校 オンライン 授業,CORE,代表,C12417,1,不 登校 オンライン 授業,サービス探し（特性/不登校×学習支援）,保護者,A,特性/不登校×家庭教師・塾・個別,高,④インテント,,320,195.0,750.0,MEDIUM,サービス探し（家庭教師・塾・支援） | 学習のやり方・学習課題 | 学校生活・不登校・学校種別,KWP_UrlSeed
27853,境界 知能 中学生 オンライン 家庭 教師,CORE,代表,C12436,1,境界 知能 中学生 オンライン 家庭 教師,サービス探し（特性/不登校×学習支援）,保護者,A,特性/不登校×家庭教師・塾・個別,高,②顕在,,,,,UNSPECIFIED,サービス探し（家庭教師・塾・支援）,KWP_KeywordSeed
27840,学習 障害 中学生 オンライン 家庭 教師,CORE,代表,C12437,1,学習 障害 中学生 オンライン 家庭 教師,サービス探し（特性/不登校×学習支援）,保護者,A,特性/不登校×家庭教師・塾・個別,高,②顕在,,,,,UNSPECIFIED,サービス探し（家庭教師・塾・支援）,KWP_KeywordSeed
27806,発達 障害 中学生 オンライン 家庭 教師,CORE,代表,C12439,1,発達 障害 中学生 オンライン 家庭 教師,サービス探し（特性/不登校×学習支援）,保護者,A,特性/不登校×家庭教師・塾・個別,高,②顕在,,,,,UNSPECIFIED,サービス探し（家庭教師・塾・支援）,KWP_KeywordSeed
46151,オンライン 個別指導 発達障害,CORE,代表,C12474,1,オンライン 個別指導 発達障害,サービス探し（特性/不登校×学習支援）,保護者,A,特性/不登校×家庭教師・塾・個別,高,②顕在,,,,,UNSPECIFIED,サービス探し（家庭教師・塾・支援）,Google_suggest
27859,境界 知能 受験 オンライン 家庭 教師,CORE,代表,C12497,1,境界 知能 受験 オンライン 家庭 教師,サービス探し（特性/不登校×学習支援）,保護者,A,特性/不登校×家庭教師・塾・個別,高,②顕在,,,,,UNSPECIFIED,サービス探し（家庭教師・塾・支援） | 受験・進路,KWP_KeywordSeed
27846,学習 障害 受験 オンライン 家庭 教師,CORE,代表,C12499,1,学習 障害 受験 オンライン 家庭 教師,サービス探し（特性/不登校×学習支援）,保護者,A,特性/不登校×家庭教師・塾・個別,高,②顕在,,,,,UNSPECIFIED,サービス探し（家庭教師・塾・支援） | 受験・進路,KWP_KeywordSeed
27809,発達 障害 受験 オンライン 家庭 教師,CORE,代表,C12500,1,発達 障害 受験 オンライン 家庭 教師,サービス探し（特性/不登校×学習支援）,保護者,A,特性/不登校×家庭教師・塾・個別,高,②顕在,,,,,UNSPECIFIED,サービス探し（家庭教師・塾・支援） | 受験・進路,KWP_KeywordSeed
27836,自 閉 症 受験 オンライン 家庭 教師,CORE,代表,C12501,1,自 閉 症 受験 オンライン 家庭 教師,サービス探し（特性/不登校×学習支援）,保護者,A,特性/不登校×家庭教師・塾・個別,高,②顕在,,,,,UNSPECIFIED,サービス探し（家庭教師・塾・支援） | 受験・進路,KWP_KeywordSeed
41286,武田 塾 オンライン 口コミ,CORE,代表,C12505,1,武田 塾 オンライン 口コミ,競合の比較検討（評判・料金）,保護者,B,カテゴリ競合×比較/評判/料金/乗換え/特性,中,③B カテゴリ競合,武田塾,50,185.0,590.0,MEDIUM,サービス探し（家庭教師・塾・支援） | 比較検討・料金・申込 | ブランド・指名検索,KWP_CompetitorKeywordSeed
3617,明光 義塾 オンライン 授業 料金,CORE,代表,C12527,1,明光 義塾 オンライン 授業 料金,競合の比較検討（評判・料金）,保護者,B,カテゴリ競合×比較/評判/料金/乗換え/特性,中,③B カテゴリ競合,個別指導の明光義塾,10,,,UNSPECIFIED,サービス探し（家庭教師・塾・支援） | 比較検討・料金・申込 | 学習のやり方・学習課題 | ブランド・指名検索,KWP_KeywordSeed || KWP_CompetitorKeywordSeed
35634,明光 義塾 オンライン 料金,CORE,代表,C12532,1,明光 義塾 オンライン 料金,競合の比較検討（評判・料金）,保護者,B,カテゴリ競合×比較/評判/料金/乗換え/特性,中,③B カテゴリ競合,個別指導の明光義塾,30,112.0,1726.0,MEDIUM,サービス探し（家庭教師・塾・支援） | 比較検討・料金・申込 | ブランド・指名検索,KWP_CompetitorKeywordSeed
41356,武田 塾 オンライン 料金,CORE,代表,C12533,2,武田 塾 オンライン 料金,競合の比較検討（評判・料金）,保護者,B,カテゴリ競合×比較/評判/料金/乗換え/特性,中,③B カテゴリ競合,武田塾,140,133.0,482.0,MEDIUM,サービス探し（家庭教師・塾・支援） | 比較検討・料金・申込 | ブランド・指名検索,KWP_CompetitorKeywordSeed
41307,武田 塾 オンライン 評判,CORE,代表,C12542,1,武田 塾 オンライン 評判,競合の比較検討（評判・料金）,保護者,B,カテゴリ競合×比較/評判/料金/乗換え/特性,中,③B カテゴリ競合,武田塾,10,,,UNSPECIFIED,サービス探し（家庭教師・塾・支援） | 比較検討・料金・申込 | ブランド・指名検索,KWP_CompetitorKeywordSeed
41351,武田 塾 オンライン 費用,CORE,代表,C12543,1,武田 塾 オンライン 費用,競合の比較検討（評判・料金）,保護者,B,カテゴリ競合×比較/評判/料金/乗換え/特性,中,③B カテゴリ競合,武田塾,90,121.0,355.0,MEDIUM,サービス探し（家庭教師・塾・支援） | 比較検討・料金・申込 | ブランド・指名検索,KWP_CompetitorKeywordSeed
45354,発達障害 塾 オンライン,CORE,代表,C12545,1,発達障害 塾 オンライン,サービス探し（特性/不登校×学習支援）,保護者,A,特性/不登校×家庭教師・塾・個別,高,②顕在,,,,,UNSPECIFIED,サービス探し（家庭教師・塾・支援）,Google_related_search || Google_suggest
27850,境界 知能 小学生 オンライン 家庭 教師,CORE,代表,C12553,1,境界 知能 小学生 オンライン 家庭 教師,サービス探し（特性/不登校×学習支援）,保護者,A,特性/不登校×家庭教師・塾・個別,高,②顕在,,,,,UNSPECIFIED,サービス探し（家庭教師・塾・支援）,KWP_KeywordSeed
25635,境界 知能 オンライン 家庭 教師,CORE,代表,C12554,1,境界 知能 オンライン 家庭 教師,サービス探し（特性/不登校×学習支援）,保護者,A,特性/不登校×家庭教師・塾・個別,高,②顕在,,,,,UNSPECIFIED,サービス探し（家庭教師・塾・支援）,KWP_KeywordSeed
27856,境界 知能 高校生 オンライン 家庭 教師,CORE,代表,C12555,1,境界 知能 高校生 オンライン 家庭 教師,サービス探し（特性/不登校×学習支援）,保護者,A,特性/不登校×家庭教師・塾・個別,高,②顕在,,,,,UNSPECIFIED,サービス探し（家庭教師・塾・支援）,KWP_KeywordSeed
48818,学研 オンライン 家庭 教師 料金,CORE,代表,C12566,1,学研 オンライン 家庭 教師 料金,競合の比較検討（評判・料金）,保護者,B,カテゴリ競合×比較/評判/料金/乗換え/特性,中,③B カテゴリ競合,学研の家庭教師,,,,UNSPECIFIED,サービス探し（家庭教師・塾・支援） | 比較検討・料金・申込 | ブランド・指名検索,Google_competitor_suggest
27838,学習 障害 小学生 オンライン 家庭 教師,CORE,代表,C12570,1,学習 障害 小学生 オンライン 家庭 教師,サービス探し（特性/不登校×学習支援）,保護者,A,特性/不登校×家庭教師・塾・個別,高,②顕在,,,,,UNSPECIFIED,サービス探し（家庭教師・塾・支援）,KWP_KeywordSeed
25631,学習 障害 オンライン 家庭 教師,CORE,代表,C12571,2,学習 障害 オンライン 家庭 教師,サービス探し（特性/不登校×学習支援）,保護者,A,特性/不登校×家庭教師・塾・個別,高,②顕在,,,,,UNSPECIFIED,サービス探し（家庭教師・塾・支援）,KWP_KeywordSeed
27842,学習 障害 高校生 オンライン 家庭 教師,CORE,代表,C12572,1,学習 障害 高校生 オンライン 家庭 教師,サービス探し（特性/不登校×学習支援）,保護者,A,特性/不登校×家庭教師・塾・個別,高,②顕在,,,,,UNSPECIFIED,サービス探し（家庭教師・塾・支援）,KWP_KeywordSeed
12,オンライン 家庭 教師 発達 障害,CORE,代表,C12599,5,オンライン 家庭 教師 発達 障害,サービス探し（特性/不登校×学習支援）,保護者,A,特性/不登校×家庭教師・塾・個別,高,②顕在,,50,269.0,1405.0,MEDIUM,サービス探し（家庭教師・塾・支援）,KWP_KeywordSeed || KWP_UrlSeed
27807,発達 障害 高校生 オンライン 家庭 教師,CORE,代表,C12600,1,発達 障害 高校生 オンライン 家庭 教師,サービス探し（特性/不登校×学習支援）,保護者,A,特性/不登校×家庭教師・塾・個別,高,②顕在,,,,,UNSPECIFIED,サービス探し（家庭教師・塾・支援）,KWP_KeywordSeed
27834,自 閉 症 高校生 オンライン 家庭 教師,CORE,代表,C12608,1,自 閉 症 高校生 オンライン 家庭 教師,サービス探し（特性/不登校×学習支援）,保護者,A,特性/不登校×家庭教師・塾・個別,高,②顕在,,,,,UNSPECIFIED,サービス探し（家庭教師・塾・支援）,KWP_KeywordSeed
1705,オンライン メガスタ,CORE,代表,C12670,1,オンライン メガスタ,競合指名・周辺,保護者,B,終了競合の乗換え需要,高,③X 終了サービス/乗換え,オンラインプロ教師のメガスタ,50,,,HIGH,サービス探し（家庭教師・塾・支援） | ブランド・指名検索,KWP_KeywordSeed || KWP_SiteSeed || KWP_CompetitorKeywordSeed
1823,オンライン メガスタ 料金,CORE,代表,C12671,1,オンライン メガスタ 料金,競合の比較検討（評判・料金）,保護者,B,終了競合の乗換え需要,高,③X 終了サービス/乗換え,オンラインプロ教師のメガスタ,10,,,UNSPECIFIED,サービス探し（家庭教師・塾・支援） | 比較検討・料金・申込 | ブランド・指名検索,KWP_KeywordSeed || KWP_CompetitorKeywordSeed || Google_competitor_suggest
29,家庭 教師 オンリー ワン 発達 障害,CORE,代表,C12674,1,家庭 教師 オンリー ワン 発達 障害,サービス探し（特性/不登校×学習支援）,保護者,A,特性/不登校×家庭教師・塾・個別,高,②顕在,,10,,,UNSPECIFIED,サービス探し（家庭教師・塾・支援）,KWP_KeywordSeed
32050,メガスタ 手元 カメラ,CORE,代表,C12713,1,メガスタ 手元 カメラ,競合指名・周辺,保護者,B,終了競合の乗換え需要,高,③X 終了サービス/乗換え,オンラインプロ教師のメガスタ,10,,,UNSPECIFIED,ブランド・指名検索,KWP_CompetitorKeywordSeed
32059,メガスタ 書画 カメラ,CORE,代表,C12714,1,メガスタ 書画 カメラ,競合指名・周辺,保護者,B,終了競合の乗換え需要,高,③X 終了サービス/乗換え,オンラインプロ教師のメガスタ,10,,,UNSPECIFIED,ブランド・指名検索,KWP_CompetitorKeywordSeed
40401,森 塾 森 の カンヅメ 合宿 料金,CORE,代表,C12754,1,森 塾 森 の カンヅメ 合宿 料金,競合の比較検討（評判・料金）,保護者,B,カテゴリ競合×比較/評判/料金/乗換え/特性,中,③B カテゴリ競合,森塾,20,,,LOW,サービス探し（家庭教師・塾・支援） | 比較検討・料金・申込 | 学習のやり方・学習課題 | ブランド・指名検索,KWP_CompetitorKeywordSeed
33367,家庭 教師 ガンバ クレーム,CORE,代表,C12815,1,家庭 教師 ガンバ クレーム,競合の不満・乗り換え,保護者,B,カテゴリ競合×比較/評判/料金/乗換え/特性,中,③B カテゴリ競合,家庭教師のガンバ,10,,,UNSPECIFIED,サービス探し（家庭教師・塾・支援） | ブランド・指名検索,KWP_CompetitorKeywordSeed
33510,ガンバ 家庭 教師 グレー ゾーン,CORE,代表,C12816,1,ガンバ 家庭 教師 グレー ゾーン,競合×特性/不登校対応の確認,保護者,B,特性/不登校×家庭教師・塾・個別,高,③B カテゴリ競合,家庭教師のガンバ,,,,UNSPECIFIED,サービス探し（家庭教師・塾・支援） | ブランド・指名検索,KWP_CompetitorKeywordSeed
33365,家庭 教師 ガンバ トラブル,CORE,代表,C12819,1,家庭 教師 ガンバ トラブル,競合の不満・乗り換え,保護者,B,カテゴリ競合×比較/評判/料金/乗換え/特性,中,③B カテゴリ競合,家庭教師のガンバ,20,,,LOW,サービス探し（家庭教師・塾・支援） | ブランド・指名検索,KWP_CompetitorKeywordSeed
33387,家庭 教師 の ガンバ レビュー,CORE,代表,C12821,3,家庭 教師 の ガンバ レビュー,競合の比較検討（評判・料金）,保護者,B,カテゴリ競合×比較/評判/料金/乗換え/特性,中,③B カテゴリ競合,家庭教師のガンバ,50,,,LOW,サービス探し（家庭教師・塾・支援） | 比較検討・料金・申込 | ブランド・指名検索,KWP_CompetitorKeywordSeed
33448,家庭 教師 の ガンバ 不 登校 口コミ,CORE,代表,C12822,1,家庭 教師 の ガンバ 不 登校 口コミ,競合の比較検討（評判・料金）,保護者,B,特性/不登校×家庭教師・塾・個別,高,③B カテゴリ競合,家庭教師のガンバ,,,,UNSPECIFIED,サービス探し（家庭教師・塾・支援） | 比較検討・料金・申込 | 学校生活・不登校・学校種別 | ブランド・指名検索,KWP_CompetitorKeywordSeed
33468,家庭 教師 の ガンバ 不 登校 料金,CORE,代表,C12823,1,家庭 教師 の ガンバ 不 登校 料金,競合の比較検討（評判・料金）,保護者,B,特性/不登校×家庭教師・塾・個別,高,③B カテゴリ競合,家庭教師のガンバ,,,,UNSPECIFIED,サービス探し（家庭教師・塾・支援） | 比較検討・料金・申込 | 学校生活・不登校・学校種別 | ブランド・指名検索,KWP_CompetitorKeywordSeed
33423,家庭 教師 の ガンバ 不 登校,CORE,代表,C12824,3,家庭 教師 の ガンバ 不 登校,競合×特性/不登校対応の確認,保護者,B,特性/不登校×家庭教師・塾・個別,高,③B カテゴリ競合,家庭教師のガンバ,10,,,LOW,サービス探し（家庭教師・塾・支援） | 学校生活・不登校・学校種別 | ブランド・指名検索,KWP_CompetitorKeywordSeed
33458,家庭 教師 の ガンバ 不 登校 評判,CORE,代表,C12825,1,家庭 教師 の ガンバ 不 登校 評判,競合の比較検討（評判・料金）,保護者,B,特性/不登校×家庭教師・塾・個別,高,③B カテゴリ競合,家庭教師のガンバ,,,,UNSPECIFIED,サービス探し（家庭教師・塾・支援） | 比較検討・料金・申込 | 学校生活・不登校・学校種別 | ブランド・指名検索,KWP_CompetitorKeywordSeed
33416,家庭 教師 の ガンバ 体験 授業,CORE,代表,C12829,3,家庭 教師 の ガンバ 体験 授業,競合の比較検討（評判・料金）,保護者,B,カテゴリ競合×比較/評判/料金/乗換え/特性,中,③B カテゴリ競合,家庭教師のガンバ,10,,,UNSPECIFIED,サービス探し（家庭教師・塾・支援） | 比較検討・料金・申込 | 学習のやり方・学習課題 | ブランド・指名検索,KWP_CompetitorKeywordSeed
33502,ガンバ 家庭 教師 体験,CORE,代表,C12830,2,ガンバ 家庭 教師 体験,競合の比較検討（評判・料金）,保護者,B,カテゴリ競合×比較/評判/料金/乗換え/特性,中,③B カテゴリ競合,家庭教師のガンバ,,,,UNSPECIFIED,サービス探し（家庭教師・塾・支援） | 比較検討・料金・申込 | ブランド・指名検索,KWP_CompetitorKeywordSeed
33501,ガンバ 家庭 教師 無料 体験,CORE,代表,C12831,2,ガンバ 家庭 教師 無料 体験,競合の比較検討（評判・料金）,保護者,B,カテゴリ競合×比較/評判/料金/乗換え/特性,中,③B カテゴリ競合,家庭教師のガンバ,,,,UNSPECIFIED,サービス探し（家庭教師・塾・支援） | 比較検討・料金・申込 | ブランド・指名検索,KWP_CompetitorKeywordSeed
33471,ガンバ 家庭 教師 体験 談,CORE,代表,C12832,2,ガンバ 家庭 教師 体験 談,競合の比較検討（評判・料金）,保護者,B,カテゴリ競合×比較/評判/料金/乗換え/特性,中,③B カテゴリ競合,家庭教師のガンバ,,,,UNSPECIFIED,サービス探し（家庭教師・塾・支援） | 比較検討・料金・申込 | ブランド・指名検索,KWP_CompetitorKeywordSeed
33507,ガンバ 家庭 教師 入会,CORE,代表,C12833,2,ガンバ 家庭 教師 入会,競合の比較検討（評判・料金）,保護者,B,カテゴリ競合×比較/評判/料金/乗換え/特性,中,③B カテゴリ競合,家庭教師のガンバ,,,,UNSPECIFIED,サービス探し（家庭教師・塾・支援） | 比較検討・料金・申込 | ブランド・指名検索,KWP_CompetitorKeywordSeed
2269,家庭 教師 の ガンバ 入会 金,CORE,代表,C12834,3,家庭 教師 の ガンバ 入会 金,競合の比較検討（評判・料金）,保護者,B,カテゴリ競合×比較/評判/料金/乗換え/特性,中,③B カテゴリ競合,家庭教師のガンバ,10,,,HIGH,サービス探し（家庭教師・塾・支援） | 比較検討・料金・申込 | ブランド・指名検索,KWP_KeywordSeed || KWP_CompetitorKeywordSeed
33447,家庭 教師 の ガンバ 境界 知能 口コミ,CORE,代表,C12837,1,家庭 教師 の ガンバ 境界 知能 口コミ,競合の比較検討（評判・料金）,保護者,B,特性/不登校×家庭教師・塾・個別,高,③B カテゴリ競合,家庭教師のガンバ,,,,UNSPECIFIED,サービス探し（家庭教師・塾・支援） | 比較検討・料金・申込 | ブランド・指名検索,KWP_CompetitorKeywordSeed
33445,家庭 教師 の ガンバ ld 口コミ,CORE,代表,C12838,2,家庭 教師 の ガンバ ld 口コミ,競合の比較検討（評判・料金）,保護者,B,特性/不登校×家庭教師・塾・個別,高,③B カテゴリ競合,家庭教師のガンバ,,,,UNSPECIFIED,サービス探し（家庭教師・塾・支援） | 比較検討・料金・申込 | ブランド・指名検索,KWP_CompetitorKeywordSeed
33361,家庭 教師 ガンバ 口コミ,CORE,代表,C12839,6,家庭 教師 ガンバ 口コミ,競合の比較検討（評判・料金）,保護者,B,カテゴリ競合×比較/評判/料金/乗換え/特性,中,③B カテゴリ競合,家庭教師のガンバ,210,324.0,847.0,MEDIUM,サービス探し（家庭教師・塾・支援） | 比較検討・料金・申込 | ブランド・指名検索,KWP_CompetitorKeywordSeed
33439,家庭 教師 の ガンバ 発達 障害 口コミ,CORE,代表,C12840,2,家庭 教師 の ガンバ 発達 障害 口コミ,競合の比較検討（評判・料金）,保護者,B,特性/不登校×家庭教師・塾・個別,高,③B カテゴリ競合,家庭教師のガンバ,,,,UNSPECIFIED,サービス探し（家庭教師・塾・支援） | 比較検討・料金・申込 | ブランド・指名検索,KWP_CompetitorKeywordSeed
33444,家庭 教師 の ガンバ 自 閉 症 口コミ,CORE,代表,C12841,1,家庭 教師 の ガンバ 自 閉 症 口コミ,競合の比較検討（評判・料金）,保護者,B,特性/不登校×家庭教師・塾・個別,高,③B カテゴリ競合,家庭教師のガンバ,,,,UNSPECIFIED,サービス探し（家庭教師・塾・支援） | 比較検討・料金・申込 | ブランド・指名検索,KWP_CompetitorKeywordSeed
33467,家庭 教師 の ガンバ 境界 知能 料金,CORE,代表,C12843,1,家庭 教師 の ガンバ 境界 知能 料金,競合の比較検討（評判・料金）,保護者,B,特性/不登校×家庭教師・塾・個別,高,③B カテゴリ競合,家庭教師のガンバ,,,,UNSPECIFIED,サービス探し（家庭教師・塾・支援） | 比較検討・料金・申込 | ブランド・指名検索,KWP_CompetitorKeywordSeed
33516,ガンバ 家庭 教師 境界 知能,CORE,代表,C12844,2,ガンバ 家庭 教師 境界 知能,競合×特性/不登校対応の確認,保護者,B,特性/不登校×家庭教師・塾・個別,高,③B カテゴリ競合,家庭教師のガンバ,,,,UNSPECIFIED,サービス探し（家庭教師・塾・支援） | ブランド・指名検索,KWP_CompetitorKeywordSeed
33457,家庭 教師 の ガンバ 境界 知能 評判,CORE,代表,C12845,1,家庭 教師 の ガンバ 境界 知能 評判,競合の比較検討（評判・料金）,保護者,B,特性/不登校×家庭教師・塾・個別,高,③B カテゴリ競合,家庭教師のガンバ,,,,UNSPECIFIED,サービス探し（家庭教師・塾・支援） | 比較検討・料金・申込 | ブランド・指名検索,KWP_CompetitorKeywordSeed
33493,ガンバ 家庭 教師 失敗,CORE,代表,C12846,2,ガンバ 家庭 教師 失敗,競合の不満・乗り換え,保護者,B,カテゴリ競合×比較/評判/料金/乗換え/特性,中,③B カテゴリ競合,家庭教師のガンバ,,,,UNSPECIFIED,サービス探し（家庭教師・塾・支援） | 比較検討・料金・申込 | ブランド・指名検索,KWP_CompetitorKeywordSeed
33465,家庭 教師 の ガンバ ld 料金,CORE,代表,C12847,2,家庭 教師 の ガンバ ld 料金,競合の比較検討（評判・料金）,保護者,B,特性/不登校×家庭教師・塾・個別,高,③B カテゴリ競合,家庭教師のガンバ,,,,UNSPECIFIED,サービス探し（家庭教師・塾・支援） | 比較検討・料金・申込 | ブランド・指名検索,KWP_CompetitorKeywordSeed
33455,家庭 教師 の ガンバ ld 評判,CORE,代表,C12848,2,家庭 教師 の ガンバ ld 評判,競合の比較検討（評判・料金）,保護者,B,特性/不登校×家庭教師・塾・個別,高,③B カテゴリ競合,家庭教師のガンバ,,,,UNSPECIFIED,サービス探し（家庭教師・塾・支援） | 比較検討・料金・申込 | ブランド・指名検索,KWP_CompetitorKeywordSeed
33514,ガンバ 家庭 教師 ld,CORE,代表,C12849,4,ガンバ 家庭 教師 ld,競合×特性/不登校対応の確認,保護者,B,特性/不登校×家庭教師・塾・個別,高,③B カテゴリ競合,家庭教師のガンバ,,,,UNSPECIFIED,サービス探し（家庭教師・塾・支援） | ブランド・指名検索,KWP_CompetitorKeywordSeed
33482,ガンバ 家庭 教師 安い,CORE,代表,C12850,2,ガンバ 家庭 教師 安い,競合の比較検討（評判・料金）,保護者,B,カテゴリ競合×比較/評判/料金/乗換え/特性,中,③B カテゴリ競合,家庭教師のガンバ,,,,UNSPECIFIED,サービス探し（家庭教師・塾・支援） | 比較検討・料金・申込 | ブランド・指名検索,KWP_CompetitorKeywordSeed
33494,ガンバ 家庭 教師 後悔,CORE,代表,C12852,2,ガンバ 家庭 教師 後悔,競合の不満・乗り換え,保護者,B,カテゴリ競合×比較/評判/料金/乗換え/特性,中,③B カテゴリ競合,家庭教師のガンバ,,,,UNSPECIFIED,サービス探し（家庭教師・塾・支援） | 比較検討・料金・申込 | ブランド・指名検索,KWP_CompetitorKeywordSeed
33491,ガンバ 家庭 教師 怪しい,CORE,代表,C12853,2,ガンバ 家庭 教師 怪しい,競合の不満・乗り換え,保護者,B,カテゴリ競合×比較/評判/料金/乗換え/特性,中,③B カテゴリ競合,家庭教師のガンバ,,,,UNSPECIFIED,サービス探し（家庭教師・塾・支援） | 比較検討・料金・申込 | ブランド・指名検索,KWP_CompetitorKeywordSeed
33472,ガンバ 家庭 教師 感想,CORE,代表,C12854,2,ガンバ 家庭 教師 感想,競合の比較検討（評判・料金）,保護者,B,カテゴリ競合×比較/評判/料金/乗換え/特性,中,③B カテゴリ競合,家庭教師のガンバ,,,,UNSPECIFIED,サービス探し（家庭教師・塾・支援） | 比較検討・料金・申込 | ブランド・指名検索,KWP_CompetitorKeywordSeed
2058,家庭 教師 ガンバ 料金,CORE,代表,C12858,10,家庭 教師 ガンバ 料金,競合の比較検討（評判・料金）,保護者,B,カテゴリ競合×比較/評判/料金/乗換え/特性,中,③B カテゴリ競合,家庭教師のガンバ,40,203.0,504.0,MEDIUM,サービス探し（家庭教師・塾・支援） | 比較検討・料金・申込 | ブランド・指名検索,KWP_KeywordSeed || KWP_CompetitorKeywordSeed
33459,家庭 教師 の ガンバ 発達 障害 料金,CORE,代表,C12859,2,家庭 教師 の ガンバ 発達 障害 料金,競合の比較検討（評判・料金）,保護者,B,特性/不登校×家庭教師・塾・個別,高,③B カテゴリ競合,家庭教師のガンバ,,,,UNSPECIFIED,サービス探し（家庭教師・塾・支援） | 比較検討・料金・申込 | ブランド・指名検索,KWP_CompetitorKeywordSeed
33464,家庭 教師 の ガンバ 自 閉 症 料金,CORE,代表,C12860,1,家庭 教師 の ガンバ 自 閉 症 料金,競合の比較検討（評判・料金）,保護者,B,特性/不登校×家庭教師・塾・個別,高,③B カテゴリ競合,家庭教師のガンバ,,,,UNSPECIFIED,サービス探し（家庭教師・塾・支援） | 比較検討・料金・申込 | ブランド・指名検索,KWP_CompetitorKeywordSeed
33492,ガンバ 家庭 教師 最悪,CORE,代表,C12861,2,ガンバ 家庭 教師 最悪,競合の不満・乗り換え,保護者,B,カテゴリ競合×比較/評判/料金/乗換え/特性,中,③B カテゴリ競合,家庭教師のガンバ,,,,UNSPECIFIED,サービス探し（家庭教師・塾・支援） | 比較検討・料金・申込 | ブランド・指名検索,KWP_CompetitorKeywordSeed
33483,ガンバ 家庭 教師 比較,CORE,代表,C12863,2,ガンバ 家庭 教師 比較,競合の比較検討（評判・料金）,保護者,B,カテゴリ競合×比較/評判/料金/乗換え/特性,中,③B カテゴリ競合,家庭教師のガンバ,,,,UNSPECIFIED,サービス探し（家庭教師・塾・支援） | 比較検討・料金・申込 | ブランド・指名検索,KWP_CompetitorKeywordSeed
33506,ガンバ 家庭 教師 申し込み,CORE,代表,C12865,2,ガンバ 家庭 教師 申し込み,競合の比較検討（評判・料金）,保護者,B,カテゴリ競合×比較/評判/料金/乗換え/特性,中,③B カテゴリ競合,家庭教師のガンバ,,,,UNSPECIFIED,サービス探し（家庭教師・塾・支援） | 比較検討・料金・申込 | ブランド・指名検索,KWP_CompetitorKeywordSeed
33449,家庭 教師 の ガンバ 発達 障害 評判,CORE,代表,C12866,2,家庭 教師 の ガンバ 発達 障害 評判,競合の比較検討（評判・料金）,保護者,B,特性/不登校×家庭教師・塾・個別,高,③B カテゴリ競合,家庭教師のガンバ,,,,UNSPECIFIED,サービス探し（家庭教師・塾・支援） | 比較検討・料金・申込 | ブランド・指名検索,KWP_CompetitorKeywordSeed
33508,ガンバ 家庭 教師 発達 障害,CORE,代表,C12867,4,ガンバ 家庭 教師 発達 障害,競合×特性/不登校対応の確認,保護者,B,特性/不登校×家庭教師・塾・個別,高,③B カテゴリ競合,家庭教師のガンバ,,,,UNSPECIFIED,サービス探し（家庭教師・塾・支援） | ブランド・指名検索,KWP_CompetitorKeywordSeed
33513,ガンバ 家庭 教師 自 閉 症,CORE,代表,C12869,2,ガンバ 家庭 教師 自 閉 症,競合×特性/不登校対応の確認,保護者,B,特性/不登校×家庭教師・塾・個別,高,③B カテゴリ競合,家庭教師のガンバ,,,,UNSPECIFIED,サービス探し（家庭教師・塾・支援） | ブランド・指名検索,KWP_CompetitorKeywordSeed
33454,家庭 教師 の ガンバ 自 閉 症 評判,CORE,代表,C12870,1,家庭 教師 の ガンバ 自 閉 症 評判,競合の比較検討（評判・料金）,保護者,B,特性/不登校×家庭教師・塾・個別,高,③B カテゴリ競合,家庭教師のガンバ,,,,UNSPECIFIED,サービス探し（家庭教師・塾・支援） | 比較検討・料金・申込 | ブランド・指名検索,KWP_CompetitorKeywordSeed
33500,ガンバ 家庭 教師 解約,CORE,代表,C12871,2,ガンバ 家庭 教師 解約,競合の不満・乗り換え,保護者,B,カテゴリ競合×比較/評判/料金/乗換え/特性,中,③B カテゴリ競合,家庭教師のガンバ,,,,UNSPECIFIED,サービス探し（家庭教師・塾・支援） | 比較検討・料金・申込 | ブランド・指名検索,KWP_CompetitorKeywordSeed
33473,ガンバ 家庭 教師 評価,CORE,代表,C12872,2,ガンバ 家庭 教師 評価,競合の比較検討（評判・料金）,保護者,B,カテゴリ競合×比較/評判/料金/乗換え/特性,中,③B カテゴリ競合,家庭教師のガンバ,,,,UNSPECIFIED,サービス探し（家庭教師・塾・支援） | 比較検討・料金・申込 | ブランド・指名検索,KWP_CompetitorKeywordSeed
33362,家庭 教師 ガンバ 評判,CORE,代表,C12873,5,家庭 教師 ガンバ 評判,競合の比較検討（評判・料金）,保護者,B,カテゴリ競合×比較/評判/料金/乗換え/特性,中,③B カテゴリ競合,家庭教師のガンバ,30,183.0,682.0,MEDIUM,サービス探し（家庭教師・塾・支援） | 比較検討・料金・申込 | ブランド・指名検索,KWP_CompetitorKeywordSeed
33505,ガンバ 家庭 教師 資料 請求,CORE,代表,C12874,2,ガンバ 家庭 教師 資料 請求,競合の比較検討（評判・料金）,保護者,B,カテゴリ競合×比較/評判/料金/乗換え/特性,中,③B カテゴリ競合,家庭教師のガンバ,,,,UNSPECIFIED,サービス探し（家庭教師・塾・支援） | 比較検討・料金・申込 | ブランド・指名検索,KWP_CompetitorKeywordSeed
33475,ガンバ 家庭 教師 費用,CORE,代表,C12876,2,ガンバ 家庭 教師 費用,競合の比較検討（評判・料金）,保護者,B,カテゴリ競合×比較/評判/料金/乗換え/特性,中,③B カテゴリ競合,家庭教師のガンバ,,,,UNSPECIFIED,サービス探し（家庭教師・塾・支援） | 比較検討・料金・申込 | ブランド・指名検索,KWP_CompetitorKeywordSeed
33410,家庭 教師 の ガンバ 退会,CORE,代表,C12877,3,家庭 教師 の ガンバ 退会,競合の不満・乗り換え,保護者,B,カテゴリ競合×比較/評判/料金/乗換え/特性,中,③B カテゴリ競合,家庭教師のガンバ,10,,,LOW,サービス探し（家庭教師・塾・支援） | 合わない・断られた・乗り換え | ブランド・指名検索,KWP_CompetitorKeywordSeed
33481,ガンバ 家庭 教師 高い,CORE,代表,C12879,2,ガンバ 家庭 教師 高い,競合の比較検討（評判・料金）,保護者,B,カテゴリ競合×比較/評判/料金/乗換え/特性,中,③B カテゴリ競合,家庭教師のガンバ,,,,UNSPECIFIED,サービス探し（家庭教師・塾・支援） | 比較検討・料金・申込 | ブランド・指名検索,KWP_CompetitorKeywordSeed
33441,家庭 教師 の ガンバ グレー ゾーン 口コミ,CORE,代表,C12881,1,家庭 教師 の ガンバ グレー ゾーン 口コミ,競合の比較検討（評判・料金）,保護者,B,特性/不登校×家庭教師・塾・個別,高,③B カテゴリ競合,家庭教師のガンバ,,,,UNSPECIFIED,サービス探し（家庭教師・塾・支援） | 比較検討・料金・申込 | ブランド・指名検索,KWP_CompetitorKeywordSeed
33426,家庭 教師 の ガンバ グレー ゾーン,CORE,代表,C12882,1,家庭 教師 の ガンバ グレー ゾーン,競合×特性/不登校対応の確認,保護者,B,特性/不登校×家庭教師・塾・個別,高,③B カテゴリ競合,家庭教師のガンバ,,,,UNSPECIFIED,サービス探し（家庭教師・塾・支援） | ブランド・指名検索,KWP_CompetitorKeywordSeed
33461,家庭 教師 の ガンバ グレー ゾーン 料金,CORE,代表,C12883,1,家庭 教師 の ガンバ グレー ゾーン 料金,競合の比較検討（評判・料金）,保護者,B,特性/不登校×家庭教師・塾・個別,高,③B カテゴリ競合,家庭教師のガンバ,,,,UNSPECIFIED,サービス探し（家庭教師・塾・支援） | 比較検討・料金・申込 | ブランド・指名検索,KWP_CompetitorKeywordSeed
33451,家庭 教師 の ガンバ グレー ゾーン 評判,CORE,代表,C12884,1,家庭 教師 の ガンバ グレー ゾーン 評判,競合の比較検討（評判・料金）,保護者,B,特性/不登校×家庭教師・塾・個別,高,③B カテゴリ競合,家庭教師のガンバ,,,,UNSPECIFIED,サービス探し（家庭教師・塾・支援） | 比較検討・料金・申込 | ブランド・指名検索,KWP_CompetitorKeywordSeed
42453,キズキ,CORE,代表,C12886,1,キズキ,競合指名・周辺,保護者,B,直接競合（特性/不登校×1対1学習支援）,高,③A 直接競合,キズキ共育塾,2900,110.0,168.0,LOW,ブランド・指名検索,KWP_CompetitorKeywordSeed
42435,キズキ 共 育 塾 グレー ゾーン 口コミ,CORE,代表,C12887,1,キズキ 共 育 塾 グレー ゾーン 口コミ,競合の比較検討（評判・料金）,保護者,B,特性/不登校×家庭教師・塾・個別,高,③A 直接競合,キズキ共育塾,,,,UNSPECIFIED,サービス探し（家庭教師・塾・支援） | 比較検討・料金・申込 | ブランド・指名検索,KWP_CompetitorKeywordSeed
42447,キズキ 共 育 塾 グレー ゾーン 料金,CORE,代表,C12888,1,キズキ 共 育 塾 グレー ゾーン 料金,競合の比較検討（評判・料金）,保護者,B,特性/不登校×家庭教師・塾・個別,高,③A 直接競合,キズキ共育塾,,,,UNSPECIFIED,サービス探し（家庭教師・塾・支援） | 比較検討・料金・申込 | ブランド・指名検索,KWP_CompetitorKeywordSeed
42423,キズキ 共 育 塾 グレー ゾーン,CORE,代表,C12889,1,キズキ 共 育 塾 グレー ゾーン,競合×特性/不登校対応の確認,保護者,B,特性/不登校×家庭教師・塾・個別,高,③A 直接競合,キズキ共育塾,,,,UNSPECIFIED,サービス探し（家庭教師・塾・支援） | ブランド・指名検索,KWP_CompetitorKeywordSeed
42441,キズキ 共 育 塾 グレー ゾーン 評判,CORE,代表,C12890,1,キズキ 共 育 塾 グレー ゾーン 評判,競合の比較検討（評判・料金）,保護者,B,特性/不登校×家庭教師・塾・個別,高,③A 直接競合,キズキ共育塾,,,,UNSPECIFIED,サービス探し（家庭教師・塾・支援） | 比較検討・料金・申込 | ブランド・指名検索,KWP_CompetitorKeywordSeed
34556,キズキ 家庭 教師 グレー ゾーン,CORE,代表,C12891,1,キズキ 家庭 教師 グレー ゾーン,競合×特性/不登校対応の確認,保護者,B,特性/不登校×家庭教師・塾・個別,高,③A 直接競合,キズキプロ家庭教師,,,,UNSPECIFIED,サービス探し（家庭教師・塾・支援） | ブランド・指名検索,KWP_CompetitorKeywordSeed
42404,キズキ 共 育 塾 デメリット,CORE,代表,C12892,1,キズキ 共 育 塾 デメリット,競合指名・周辺,保護者,B,直接競合（特性/不登校×1対1学習支援）,高,③A 直接競合,キズキ共育塾,,,,UNSPECIFIED,サービス探し（家庭教師・塾・支援） | 比較検討・料金・申込 | ブランド・指名検索,KWP_CompetitorKeywordSeed
34535,キズキ 家庭 教師 デメリット,CORE,代表,C12893,1,キズキ 家庭 教師 デメリット,競合指名・周辺,保護者,B,直接競合（特性/不登校×1対1学習支援）,高,③A 直接競合,キズキプロ家庭教師,,,,UNSPECIFIED,サービス探し（家庭教師・塾・支援） | 比較検討・料金・申込 | ブランド・指名検索,KWP_CompetitorKeywordSeed
42405,キズキ 共 育 塾 メリット,CORE,代表,C12894,1,キズキ 共 育 塾 メリット,競合指名・周辺,保護者,B,直接競合（特性/不登校×1対1学習支援）,高,③A 直接競合,キズキ共育塾,,,,UNSPECIFIED,サービス探し（家庭教師・塾・支援） | ブランド・指名検索,KWP_CompetitorKeywordSeed
34536,キズキ 家庭 教師 メリット,CORE,代表,C12895,1,キズキ 家庭 教師 メリット,競合指名・周辺,保護者,B,直接競合（特性/不登校×1対1学習支援）,高,③A 直接競合,キズキプロ家庭教師,,,,UNSPECIFIED,サービス探し（家庭教師・塾・支援） | ブランド・指名検索,KWP_CompetitorKeywordSeed
48207,キズキ共育塾 吉祥寺校 レビュー,CORE,代表,C12896,1,キズキ共育塾 吉祥寺校 レビュー,競合の比較検討（評判・料金）,保護者,B,直接競合（特性/不登校×1対1学習支援）,高,③A 直接競合,キズキ共育塾,,,,UNSPECIFIED,サービス探し（家庭教師・塾・支援） | 比較検討・料金・申込 | ブランド・指名検索,Google_competitor_suggest
48204,キズキ共育塾 池袋校 レビュー,CORE,代表,C12897,1,キズキ共育塾 池袋校 レビュー,競合の比較検討（評判・料金）,保護者,B,直接競合（特性/不登校×1対1学習支援）,高,③A 直接競合,キズキ共育塾,,,,UNSPECIFIED,サービス探し（家庭教師・塾・支援） | 比較検討・料金・申込 | ブランド・指名検索,Google_competitor_suggest
42387,キズキ 共 育 塾 レビュー,CORE,代表,C12898,1,キズキ 共 育 塾 レビュー,競合の比較検討（評判・料金）,保護者,B,直接競合（特性/不登校×1対1学習支援）,高,③A 直接競合,キズキ共育塾,,,,UNSPECIFIED,サービス探し（家庭教師・塾・支援） | 比較検討・料金・申込 | ブランド・指名検索,KWP_CompetitorKeywordSeed
34516,キズキ 家庭 教師 レビュー,CORE,代表,C12899,1,キズキ 家庭 教師 レビュー,競合の比較検討（評判・料金）,保護者,B,直接競合（特性/不登校×1対1学習支援）,高,③A 直接競合,キズキプロ家庭教師,,,,UNSPECIFIED,サービス探し（家庭教師・塾・支援） | 比較検討・料金・申込 | ブランド・指名検索,KWP_CompetitorKeywordSeed
48203,キズキ共育塾 三軒茶屋校,CORE,代表,C12900,1,キズキ共育塾 三軒茶屋校,競合指名・周辺,保護者,B,直接競合（特性/不登校×1対1学習支援）,高,③A 直接競合,キズキ共育塾,210,108.0,192.0,LOW,サービス探し（家庭教師・塾・支援） | ブランド・指名検索,Google_competitor_suggest
42440,キズキ 共 育 塾 不 登校 口コミ,CORE,代表,C12901,1,キズキ 共 育 塾 不 登校 口コミ,競合の比較検討（評判・料金）,保護者,B,特性/不登校×家庭教師・塾・個別,高,③A 直接競合,キズキ共育塾,,,,UNSPECIFIED,サービス探し（家庭教師・塾・支援） | 比較検討・料金・申込 | 学校生活・不登校・学校種別 | ブランド・指名検索,KWP_CompetitorKeywordSeed
42452,キズキ 共 育 塾 不 登校 料金,CORE,代表,C12902,1,キズキ 共 育 塾 不 登校 料金,競合の比較検討（評判・料金）,保護者,B,特性/不登校×家庭教師・塾・個別,高,③A 直接競合,キズキ共育塾,,,,UNSPECIFIED,サービス探し（家庭教師・塾・支援） | 比較検討・料金・申込 | 学校生活・不登校・学校種別 | ブランド・指名検索,KWP_CompetitorKeywordSeed
42428,キズキ 共 育 塾 不 登校,CORE,代表,C12903,1,キズキ 共 育 塾 不 登校,競合×特性/不登校対応の確認,保護者,B,特性/不登校×家庭教師・塾・個別,高,③A 直接競合,キズキ共育塾,,,,UNSPECIFIED,サービス探し（家庭教師・塾・支援） | 学校生活・不登校・学校種別 | ブランド・指名検索,KWP_CompetitorKeywordSeed
42446,キズキ 共 育 塾 不 登校 評判,CORE,代表,C12904,1,キズキ 共 育 塾 不 登校 評判,競合の比較検討（評判・料金）,保護者,B,特性/不登校×家庭教師・塾・個別,高,③A 直接競合,キズキ共育塾,,,,UNSPECIFIED,サービス探し（家庭教師・塾・支援） | 比較検討・料金・申込 | 学校生活・不登校・学校種別 | ブランド・指名検索,KWP_CompetitorKeywordSeed
34563,キズキ 家庭 教師 不 登校,CORE,代表,C12905,1,キズキ 家庭 教師 不 登校,競合×特性/不登校対応の確認,保護者,B,特性/不登校×家庭教師・塾・個別,高,③A 直接競合,キズキプロ家庭教師,,,,UNSPECIFIED,サービス探し（家庭教師・塾・支援） | 学校生活・不登校・学校種別 | ブランド・指名検索,KWP_CompetitorKeywordSeed
697,キズキ 不 登校,CORE,代表,C12906,3,キズキ 不 登校,競合×特性/不登校対応の確認,保護者,B,直接競合（特性/不登校×1対1学習支援）,高,③A 直接競合,キズキ共育塾,50,103.0,297.0,MEDIUM,学校生活・不登校・学校種別 | ブランド・指名検索,KWP_KeywordSeed || KWP_CompetitorKeywordSeed
42433,キズキ 共 育 塾 中学 受験,CORE,代表,C12907,1,キズキ 共 育 塾 中学 受験,競合指名・周辺,保護者,B,直接競合（特性/不登校×1対1学習支援）,高,③A 直接競合,キズキ共育塾,,,,UNSPECIFIED,サービス探し（家庭教師・塾・支援） | 受験・進路 | ブランド・指名検索,KWP_CompetitorKeywordSeed
42525,キズキ 中学 受験,CORE,代表,C12908,1,キズキ 中学 受験,競合指名・周辺,保護者,B,直接競合（特性/不登校×1対1学習支援）,高,③A 直接競合,キズキ共育塾,,,,UNSPECIFIED,受験・進路 | ブランド・指名検索,KWP_CompetitorKeywordSeed
34568,キズキ 家庭 教師 中学 受験,CORE,代表,C12909,1,キズキ 家庭 教師 中学 受験,競合指名・周辺,保護者,B,直接競合（特性/不登校×1対1学習支援）,高,③A 直接競合,キズキプロ家庭教師,,,,UNSPECIFIED,サービス探し（家庭教師・塾・支援） | 受験・進路 | ブランド・指名検索,KWP_CompetitorKeywordSeed
42522,キズキ 中学生,CORE,代表,C12910,1,キズキ 中学生,競合指名・周辺,保護者,B,直接競合（特性/不登校×1対1学習支援）,高,③A 直接競合,キズキ共育塾,,,,UNSPECIFIED,ブランド・指名検索,KWP_CompetitorKeywordSeed
42430,キズキ 共 育 塾 中学生,CORE,代表,C12911,1,キズキ 共 育 塾 中学生,競合指名・周辺,保護者,B,直接競合（特性/不登校×1対1学習支援）,高,③A 直接競合,キズキ共育塾,,,,UNSPECIFIED,サービス探し（家庭教師・塾・支援） | ブランド・指名検索,KWP_CompetitorKeywordSeed
34565,キズキ 家庭 教師 中学生,CORE,代表,C12912,1,キズキ 家庭 教師 中学生,競合指名・周辺,保護者,B,直接競合（特性/不登校×1対1学習支援）,高,③A 直接競合,キズキプロ家庭教師,,,,UNSPECIFIED,サービス探し（家庭教師・塾・支援） | ブランド・指名検索,KWP_CompetitorKeywordSeed
42402,キズキ 共 育 塾 他社,CORE,代表,C12914,1,キズキ 共 育 塾 他社,競合指名・周辺,保護者,B,直接競合（特性/不登校×1対1学習支援）,高,③A 直接競合,キズキ共育塾,,,,UNSPECIFIED,サービス探し（家庭教師・塾・支援） | 比較検討・料金・申込 | ブランド・指名検索,KWP_CompetitorKeywordSeed
34533,キズキ 家庭 教師 他社,CORE,代表,C12915,1,キズキ 家庭 教師 他社,競合指名・周辺,保護者,B,直接競合（特性/不登校×1対1学習支援）,高,③A 直接競合,キズキプロ家庭教師,,,,UNSPECIFIED,サービス探し（家庭教師・塾・支援） | 比較検討・料金・申込 | ブランド・指名検索,KWP_CompetitorKeywordSeed
42510,キズキ 体験,CORE,代表,C12916,1,キズキ 体験,競合の比較検討（評判・料金）,保護者,B,直接競合（特性/不登校×1対1学習支援）,高,③A 直接競合,キズキ共育塾,,,,UNSPECIFIED,比較検討・料金・申込 | ブランド・指名検索,KWP_CompetitorKeywordSeed
42418,キズキ 共 育 塾 体験 授業,CORE,代表,C12917,1,キズキ 共 育 塾 体験 授業,競合の比較検討（評判・料金）,保護者,B,直接競合（特性/不登校×1対1学習支援）,高,③A 直接競合,キズキ共育塾,,,,UNSPECIFIED,サービス探し（家庭教師・塾・支援） | 比較検討・料金・申込 | 学習のやり方・学習課題 | ブランド・指名検索,KWP_CompetitorKeywordSeed
42416,キズキ 共 育 塾 無料 体験,CORE,代表,C12918,1,キズキ 共 育 塾 無料 体験,競合の比較検討（評判・料金）,保護者,B,直接競合（特性/不登校×1対1学習支援）,高,③A 直接競合,キズキ共育塾,,,,UNSPECIFIED,サービス探し（家庭教師・塾・支援） | 比較検討・料金・申込 | ブランド・指名検索,KWP_CompetitorKeywordSeed
42417,キズキ 共 育 塾 体験,CORE,代表,C12919,1,キズキ 共 育 塾 体験,競合の比較検討（評判・料金）,保護者,B,直接競合（特性/不登校×1対1学習支援）,高,③A 直接競合,キズキ共育塾,,,,UNSPECIFIED,サービス探し（家庭教師・塾・支援） | 比較検討・料金・申込 | ブランド・指名検索,KWP_CompetitorKeywordSeed
42388,キズキ 共 育 塾 体験 談,CORE,代表,C12920,1,キズキ 共 育 塾 体験 談,競合の比較検討（評判・料金）,保護者,B,直接競合（特性/不登校×1対1学習支援）,高,③A 直接競合,キズキ共育塾,,,,UNSPECIFIED,サービス探し（家庭教師・塾・支援） | 比較検討・料金・申込 | ブランド・指名検索,KWP_CompetitorKeywordSeed
34549,キズキ 家庭 教師 体験 授業,CORE,代表,C12921,1,キズキ 家庭 教師 体験 授業,競合の比較検討（評判・料金）,保護者,B,直接競合（特性/不登校×1対1学習支援）,高,③A 直接競合,キズキプロ家庭教師,,,,UNSPECIFIED,サービス探し（家庭教師・塾・支援） | 比較検討・料金・申込 | 学習のやり方・学習課題 | ブランド・指名検索,KWP_CompetitorKeywordSeed
34548,キズキ 家庭 教師 体験,CORE,代表,C12922,1,キズキ 家庭 教師 体験,競合の比較検討（評判・料金）,保護者,B,直接競合（特性/不登校×1対1学習支援）,高,③A 直接競合,キズキプロ家庭教師,,,,UNSPECIFIED,サービス探し（家庭教師・塾・支援） | 比較検討・料金・申込 | ブランド・指名検索,KWP_CompetitorKeywordSeed
34547,キズキ 家庭 教師 無料 体験,CORE,代表,C12923,1,キズキ 家庭 教師 無料 体験,競合の比較検討（評判・料金）,保護者,B,直接競合（特性/不登校×1対1学習支援）,高,③A 直接競合,キズキプロ家庭教師,,,,UNSPECIFIED,サービス探し（家庭教師・塾・支援） | 比較検討・料金・申込 | ブランド・指名検索,KWP_CompetitorKeywordSeed
34517,キズキ 家庭 教師 体験 談,CORE,代表,C12924,1,キズキ 家庭 教師 体験 談,競合の比較検討（評判・料金）,保護者,B,直接競合（特性/不登校×1対1学習支援）,高,③A 直接競合,キズキプロ家庭教師,,,,UNSPECIFIED,サービス探し（家庭教師・塾・支援） | 比較検討・料金・申込 | ブランド・指名検索,KWP_CompetitorKeywordSeed
42511,キズキ 体験 授業,CORE,代表,C12925,1,キズキ 体験 授業,競合の比較検討（評判・料金）,保護者,B,直接競合（特性/不登校×1対1学習支援）,高,③A 直接競合,キズキ共育塾,,,,UNSPECIFIED,比較検討・料金・申込 | 学習のやり方・学習課題 | ブランド・指名検索,KWP_CompetitorKeywordSeed
42509,キズキ 無料 体験,CORE,代表,C12926,1,キズキ 無料 体験,競合の比較検討（評判・料金）,保護者,B,直接競合（特性/不登校×1対1学習支援）,高,③A 直接競合,キズキ共育塾,,,,UNSPECIFIED,比較検討・料金・申込 | ブランド・指名検索,KWP_CompetitorKeywordSeed
42479,キズキ 体験 談,CORE,代表,C12927,1,キズキ 体験 談,競合の比較検討（評判・料金）,保護者,B,直接競合（特性/不登校×1対1学習支援）,高,③A 直接競合,キズキ共育塾,,,,UNSPECIFIED,比較検討・料金・申込 | ブランド・指名検索,KWP_CompetitorKeywordSeed
42515,キズキ 入会,CORE,代表,C12928,1,キズキ 入会,競合の比較検討（評判・料金）,保護者,B,直接競合（特性/不登校×1対1学習支援）,高,③A 直接競合,キズキ共育塾,,,,UNSPECIFIED,比較検討・料金・申込 | ブランド・指名検索,KWP_CompetitorKeywordSeed
42422,キズキ 共 育 塾 入会,CORE,代表,C12929,1,キズキ 共 育 塾 入会,競合の比較検討（評判・料金）,保護者,B,直接競合（特性/不登校×1対1学習支援）,高,③A 直接競合,キズキ共育塾,,,,UNSPECIFIED,サービス探し（家庭教師・塾・支援） | 比較検討・料金・申込 | ブランド・指名検索,KWP_CompetitorKeywordSeed
42394,キズキ 共 育 塾 入会 金,CORE,代表,C12930,1,キズキ 共 育 塾 入会 金,競合の比較検討（評判・料金）,保護者,B,直接競合（特性/不登校×1対1学習支援）,高,③A 直接競合,キズキ共育塾,,,,UNSPECIFIED,サービス探し（家庭教師・塾・支援） | 比較検討・料金・申込 | ブランド・指名検索,KWP_CompetitorKeywordSeed
34553,キズキ 家庭 教師 入会,CORE,代表,C12931,1,キズキ 家庭 教師 入会,競合の比較検討（評判・料金）,保護者,B,直接競合（特性/不登校×1対1学習支援）,高,③A 直接競合,キズキプロ家庭教師,,,,UNSPECIFIED,サービス探し（家庭教師・塾・支援） | 比較検討・料金・申込 | ブランド・指名検索,KWP_CompetitorKeywordSeed
34525,キズキ 家庭 教師 入会 金,CORE,代表,C12932,1,キズキ 家庭 教師 入会 金,競合の比較検討（評判・料金）,保護者,B,直接競合（特性/不登校×1対1学習支援）,高,③A 直接競合,キズキプロ家庭教師,,,,UNSPECIFIED,サービス探し（家庭教師・塾・支援） | 比較検討・料金・申込 | ブランド・指名検索,KWP_CompetitorKeywordSeed
42487,キズキ 入会 金,CORE,代表,C12933,1,キズキ 入会 金,競合の比較検討（評判・料金）,保護者,B,直接競合（特性/不登校×1対1学習支援）,高,③A 直接競合,キズキ共育塾,,,,UNSPECIFIED,比較検討・料金・申込 | ブランド・指名検索,KWP_CompetitorKeywordSeed
42434,キズキ 共 育 塾 大学 受験,CORE,代表,C12934,1,キズキ 共 育 塾 大学 受験,競合指名・周辺,保護者,B,直接競合（特性/不登校×1対1学習支援）,高,③A 直接競合,キズキ共育塾,,,,UNSPECIFIED,サービス探し（家庭教師・塾・支援） | 受験・進路 | ブランド・指名検索,KWP_CompetitorKeywordSeed
42432,キズキ 共 育 塾 高校 受験,CORE,代表,C12935,1,キズキ 共 育 塾 高校 受験,競合指名・周辺,保護者,B,直接競合（特性/不登校×1対1学習支援）,高,③A 直接競合,キズキ共育塾,,,,UNSPECIFIED,サービス探し（家庭教師・塾・支援） | 受験・進路 | ブランド・指名検索,KWP_CompetitorKeywordSeed
42439,キズキ 共 育 塾 境界 知能 口コミ,CORE,代表,C12936,1,キズキ 共 育 塾 境界 知能 口コミ,競合の比較検討（評判・料金）,保護者,B,特性/不登校×家庭教師・塾・個別,高,③A 直接競合,キズキ共育塾,,,,UNSPECIFIED,サービス探し（家庭教師・塾・支援） | 比較検討・料金・申込 | ブランド・指名検索,KWP_CompetitorKeywordSeed
42437,キズキ 共 育 塾 ld 口コミ,CORE,代表,C12937,2,キズキ 共 育 塾 ld 口コミ,競合の比較検討（評判・料金）,保護者,B,特性/不登校×家庭教師・塾・個別,高,③A 直接競合,キズキ共育塾,,,,UNSPECIFIED,サービス探し（家庭教師・塾・支援） | 比較検討・料金・申込 | ブランド・指名検索,KWP_CompetitorKeywordSeed
42384,キズキ 共 育 塾 口コミ,CORE,代表,C12938,2,キズキ 共 育 塾 口コミ,競合の比較検討（評判・料金）,保護者,B,直接競合（特性/不登校×1対1学習支援）,高,③A 直接競合,キズキ共育塾,140,53.0,171.0,MEDIUM,サービス探し（家庭教師・塾・支援） | 比較検討・料金・申込 | ブランド・指名検索,KWP_CompetitorKeywordSeed
21729,キズキ 共 育 塾 合格 実績,CORE,代表,C12939,2,キズキ 共 育 塾 合格 実績,競合の比較検討（評判・料金）,保護者,B,直接競合（特性/不登校×1対1学習支援）,高,③A 直接競合,キズキ共育塾,10,,,LOW,サービス探し（家庭教師・塾・支援） | 比較検討・料金・申込 | 受験・進路 | ブランド・指名検索,KWP_UrlSeed || KWP_CompetitorKeywordSeed
48200,キズキ共育塾 吉祥寺校,CORE,代表,C12940,1,キズキ共育塾 吉祥寺校,競合指名・周辺,保護者,B,直接競合（特性/不登校×1対1学習支援）,高,③A 直接競合,キズキ共育塾,480,101.0,214.0,LOW,サービス探し（家庭教師・塾・支援） | ブランド・指名検索,Google_competitor_suggest
42451,キズキ 共 育 塾 境界 知能 料金,CORE,代表,C12941,1,キズキ 共 育 塾 境界 知能 料金,競合の比較検討（評判・料金）,保護者,B,特性/不登校×家庭教師・塾・個別,高,③A 直接競合,キズキ共育塾,,,,UNSPECIFIED,サービス探し（家庭教師・塾・支援） | 比較検討・料金・申込 | ブランド・指名検索,KWP_CompetitorKeywordSeed
42427,キズキ 共 育 塾 境界 知能,CORE,代表,C12942,1,キズキ 共 育 塾 境界 知能,競合×特性/不登校対応の確認,保護者,B,特性/不登校×家庭教師・塾・個別,高,③A 直接競合,キズキ共育塾,,,,UNSPECIFIED,サービス探し（家庭教師・塾・支援） | ブランド・指名検索,KWP_CompetitorKeywordSeed
42445,キズキ 共 育 塾 境界 知能 評判,CORE,代表,C12943,1,キズキ 共 育 塾 境界 知能 評判,競合の比較検討（評判・料金）,保護者,B,特性/不登校×家庭教師・塾・個別,高,③A 直接競合,キズキ共育塾,,,,UNSPECIFIED,サービス探し（家庭教師・塾・支援） | 比較検討・料金・申込 | ブランド・指名検索,KWP_CompetitorKeywordSeed
42408,キズキ 共 育 塾 失敗,CORE,代表,C12944,1,キズキ 共 育 塾 失敗,競合の不満・乗り換え,保護者,B,直接競合（特性/不登校×1対1学習支援）,高,③A 直接競合,キズキ共育塾,,,,UNSPECIFIED,サービス探し（家庭教師・塾・支援） | 比較検討・料金・申込 | ブランド・指名検索,KWP_CompetitorKeywordSeed
42449,キズキ 共 育 塾 ld 料金,CORE,代表,C12945,2,キズキ 共 育 塾 ld 料金,競合の比較検討（評判・料金）,保護者,B,特性/不登校×家庭教師・塾・個別,高,③A 直接競合,キズキ共育塾,,,,UNSPECIFIED,サービス探し（家庭教師・塾・支援） | 比較検討・料金・申込 | ブランド・指名検索,KWP_CompetitorKeywordSeed
42443,キズキ 共 育 塾 ld 評判,CORE,代表,C12946,2,キズキ 共 育 塾 ld 評判,競合の比較検討（評判・料金）,保護者,B,特性/不登校×家庭教師・塾・個別,高,③A 直接競合,キズキ共育塾,,,,UNSPECIFIED,サービス探し（家庭教師・塾・支援） | 比較検討・料金・申込 | ブランド・指名検索,KWP_CompetitorKeywordSeed
42425,キズキ 共 育 塾 ld,CORE,代表,C12947,2,キズキ 共 育 塾 ld,競合×特性/不登校対応の確認,保護者,B,特性/不登校×家庭教師・塾・個別,高,③A 直接競合,キズキ共育塾,,,,UNSPECIFIED,サービス探し（家庭教師・塾・支援） | ブランド・指名検索,KWP_CompetitorKeywordSeed
42397,キズキ 共 育 塾 安い,CORE,代表,C12948,1,キズキ 共 育 塾 安い,競合の比較検討（評判・料金）,保護者,B,直接競合（特性/不登校×1対1学習支援）,高,③A 直接競合,キズキ共育塾,,,,UNSPECIFIED,サービス探し（家庭教師・塾・支援） | 比較検討・料金・申込 | ブランド・指名検索,KWP_CompetitorKeywordSeed
42429,キズキ 共 育 塾 小学生,CORE,代表,C12949,1,キズキ 共 育 塾 小学生,競合指名・周辺,保護者,B,直接競合（特性/不登校×1対1学習支援）,高,③A 直接競合,キズキ共育塾,,,,UNSPECIFIED,サービス探し（家庭教師・塾・支援） | ブランド・指名検索,KWP_CompetitorKeywordSeed
42409,キズキ 共 育 塾 後悔,CORE,代表,C12950,1,キズキ 共 育 塾 後悔,競合の不満・乗り換え,保護者,B,直接競合（特性/不登校×1対1学習支援）,高,③A 直接競合,キズキ共育塾,,,,UNSPECIFIED,サービス探し（家庭教師・塾・支援） | 比較検討・料金・申込 | ブランド・指名検索,KWP_CompetitorKeywordSeed
42406,キズキ 共 育 塾 怪しい,CORE,代表,C12951,1,キズキ 共 育 塾 怪しい,競合の不満・乗り換え,保護者,B,直接競合（特性/不登校×1対1学習支援）,高,③A 直接競合,キズキ共育塾,,,,UNSPECIFIED,サービス探し（家庭教師・塾・支援） | 比較検討・料金・申込 | ブランド・指名検索,KWP_CompetitorKeywordSeed
42389,キズキ 共 育 塾 感想,CORE,代表,C12952,1,キズキ 共 育 塾 感想,競合の比較検討（評判・料金）,保護者,B,直接競合（特性/不登校×1対1学習支援）,高,③A 直接競合,キズキ共育塾,,,,UNSPECIFIED,サービス探し（家庭教師・塾・支援） | 比較検討・料金・申込 | ブランド・指名検索,KWP_CompetitorKeywordSeed
42395,キズキ 共 育 塾 教材 費,CORE,代表,C12953,1,キズキ 共 育 塾 教材 費,競合指名・周辺,保護者,B,直接競合（特性/不登校×1対1学習支援）,高,③A 直接競合,キズキ共育塾,,,,UNSPECIFIED,サービス探し（家庭教師・塾・支援） | 比較検討・料金・申込 | 教材・通信教育 | ブランド・指名検索,KWP_CompetitorKeywordSeed
42371,キズキ 共 育 塾 料金,CORE,代表,C12954,6,キズキ 共 育 塾 料金,競合の比較検討（評判・料金）,保護者,B,直接競合（特性/不登校×1対1学習支援）,高,③A 直接競合,キズキ共育塾,50,92.0,278.0,MEDIUM,サービス探し（家庭教師・塾・支援） | 比較検討・料金・申込 | ブランド・指名検索,KWP_CompetitorKeywordSeed
42407,キズキ 共 育 塾 最悪,CORE,代表,C12955,1,キズキ 共 育 塾 最悪,競合の不満・乗り換え,保護者,B,直接競合（特性/不登校×1対1学習支援）,高,③A 直接競合,キズキ共育塾,,,,UNSPECIFIED,サービス探し（家庭教師・塾・支援） | 比較検討・料金・申込 | ブランド・指名検索,KWP_CompetitorKeywordSeed
48199,キズキ共育塾 池袋校,CORE,代表,C12956,1,キズキ共育塾 池袋校,競合指名・周辺,保護者,B,直接競合（特性/不登校×1対1学習支援）,高,③A 直接競合,キズキ共育塾,320,97.0,171.0,LOW,サービス探し（家庭教師・塾・支援） | ブランド・指名検索,Google_competitor_suggest
48202,キズキ共育塾 秋葉原校,CORE,代表,C12957,1,キズキ共育塾 秋葉原校,競合指名・周辺,保護者,B,直接競合（特性/不登校×1対1学習支援）,高,③A 直接競合,キズキ共育塾,390,104.0,170.0,LOW,サービス探し（家庭教師・塾・支援） | ブランド・指名検索,Google_competitor_suggest
42398,キズキ 共 育 塾 比較,CORE,代表,C12958,1,キズキ 共 育 塾 比較,競合の比較検討（評判・料金）,保護者,B,直接競合（特性/不登校×1対1学習支援）,高,③A 直接競合,キズキ共育塾,,,,UNSPECIFIED,サービス探し（家庭教師・塾・支援） | 比較検討・料金・申込 | ブランド・指名検索,KWP_CompetitorKeywordSeed
42419,キズキ 共 育 塾 無料 相談,CORE,代表,C12959,1,キズキ 共 育 塾 無料 相談,競合指名・周辺,保護者,B,直接競合（特性/不登校×1対1学習支援）,高,③A 直接競合,キズキ共育塾,,,,UNSPECIFIED,サービス探し（家庭教師・塾・支援） | 比較検討・料金・申込 | ブランド・指名検索,KWP_CompetitorKeywordSeed
42421,キズキ 共 育 塾 申し込み,CORE,代表,C12960,1,キズキ 共 育 塾 申し込み,競合の比較検討（評判・料金）,保護者,B,直接競合（特性/不登校×1対1学習支援）,高,③A 直接競合,キズキ共育塾,,,,UNSPECIFIED,サービス探し（家庭教師・塾・支援） | 比較検討・料金・申込 | ブランド・指名検索,KWP_CompetitorKeywordSeed
48205,キズキ共育塾 秋葉原,CORE,代表,C12961,1,キズキ共育塾 秋葉原,競合指名・周辺,保護者,B,直接競合（特性/不登校×1対1学習支援）,高,③A 直接競合,キズキ共育塾,10,,,LOW,サービス探し（家庭教師・塾・支援） | ブランド・指名検索,Google_competitor_suggest
557,キズキ 共 育 塾,CORE,代表,C12962,2,キズキ 共 育 塾,競合指名・周辺,保護者,B,直接競合（特性/不登校×1対1学習支援）,高,③A 直接競合,キズキ共育塾,1900,75.0,247.0,MEDIUM,サービス探し（家庭教師・塾・支援） | ブランド・指名検索,KWP_KeywordSeed || KWP_CompetitorKeywordSeed
42415,キズキ 共 育 塾 解約,CORE,代表,C12963,1,キズキ 共 育 塾 解約,競合の不満・乗り換え,保護者,B,直接競合（特性/不登校×1対1学習支援）,高,③A 直接競合,キズキ共育塾,,,,UNSPECIFIED,サービス探し（家庭教師・塾・支援） | 比較検討・料金・申込 | ブランド・指名検索,KWP_CompetitorKeywordSeed
42390,キズキ 共 育 塾 評価,CORE,代表,C12964,1,キズキ 共 育 塾 評価,競合の比較検討（評判・料金）,保護者,B,直接競合（特性/不登校×1対1学習支援）,高,③A 直接競合,キズキ共育塾,,,,UNSPECIFIED,サービス探し（家庭教師・塾・支援） | 比較検討・料金・申込 | ブランド・指名検索,KWP_CompetitorKeywordSeed
42379,キズキ 共 育 塾 評判,CORE,代表,C12965,2,キズキ 共 育 塾 評判,競合の比較検討（評判・料金）,保護者,B,直接競合（特性/不登校×1対1学習支援）,高,③A 直接競合,キズキ共育塾,20,66.0,151.0,MEDIUM,サービス探し（家庭教師・塾・支援） | 比較検討・料金・申込 | ブランド・指名検索,KWP_CompetitorKeywordSeed
42420,キズキ 共 育 塾 資料 請求,CORE,代表,C12966,1,キズキ 共 育 塾 資料 請求,競合の比較検討（評判・料金）,保護者,B,直接競合（特性/不登校×1対1学習支援）,高,③A 直接競合,キズキ共育塾,,,,UNSPECIFIED,サービス探し（家庭教師・塾・支援） | 比較検討・料金・申込 | ブランド・指名検索,KWP_CompetitorKeywordSeed
42381,キズキ 共 育 塾 費用,CORE,代表,C12967,2,キズキ 共 育 塾 費用,競合の比較検討（評判・料金）,保護者,B,直接競合（特性/不登校×1対1学習支援）,高,③A 直接競合,キズキ共育塾,30,61.0,187.0,MEDIUM,サービス探し（家庭教師・塾・支援） | 比較検討・料金・申込 | ブランド・指名検索,KWP_CompetitorKeywordSeed
42414,キズキ 共 育 塾 退会,CORE,代表,C12968,1,キズキ 共 育 塾 退会,競合の不満・乗り換え,保護者,B,直接競合（特性/不登校×1対1学習支援）,高,③A 直接競合,キズキ共育塾,,,,UNSPECIFIED,サービス探し（家庭教師・塾・支援） | 合わない・断られた・乗り換え | ブランド・指名検索,KWP_CompetitorKeywordSeed
42399,キズキ 共 育 塾 違い,CORE,代表,C12969,1,キズキ 共 育 塾 違い,競合指名・周辺,保護者,B,直接競合（特性/不登校×1対1学習支援）,高,③A 直接競合,キズキ共育塾,,,,UNSPECIFIED,サービス探し（家庭教師・塾・支援） | 比較検討・料金・申込 | ブランド・指名検索 | 特性そのものを調べる（とは・特徴・チェック）,KWP_CompetitorKeywordSeed
42396,キズキ 共 育 塾 高い,CORE,代表,C12970,1,キズキ 共 育 塾 高い,競合の比較検討（評判・料金）,保護者,B,直接競合（特性/不登校×1対1学習支援）,高,③A 直接競合,キズキ共育塾,,,,UNSPECIFIED,サービス探し（家庭教師・塾・支援） | 比較検討・料金・申込 | ブランド・指名検索,KWP_CompetitorKeywordSeed
42431,キズキ 共 育 塾 高校生,CORE,代表,C12971,1,キズキ 共 育 塾 高校生,競合指名・周辺,保護者,B,直接競合（特性/不登校×1対1学習支援）,高,③A 直接競合,キズキ共育塾,,,,UNSPECIFIED,サービス探し（家庭教師・塾・支援） | ブランド・指名検索,KWP_CompetitorKeywordSeed
713,キズキ 共 育,CORE,代表,C12972,1,キズキ 共 育,競合指名・周辺,保護者,B,直接競合（特性/不登校×1対1学習支援）,高,③A 直接競合,キズキ共育塾,40,93.0,151.0,MEDIUM,ブランド・指名検索,KWP_KeywordSeed || KWP_CompetitorKeywordSeed
42382,キズキ 共有 塾 評判,CORE,代表,C12973,1,キズキ 共有 塾 評判,競合の比較検討（評判・料金）,保護者,B,直接競合（特性/不登校×1対1学習支援）,高,③A 直接競合,キズキ共育塾,10,35.0,189.0,MEDIUM,サービス探し（家庭教師・塾・支援） | 比較検討・料金・申込 | ブランド・指名検索,KWP_CompetitorKeywordSeed
42526,キズキ 大学 受験,CORE,代表,C12974,1,キズキ 大学 受験,競合指名・周辺,保護者,B,直接競合（特性/不登校×1対1学習支援）,高,③A 直接競合,キズキ共育塾,,,,UNSPECIFIED,受験・進路 | ブランド・指名検索,KWP_CompetitorKeywordSeed
34569,キズキ 家庭 教師 大学 受験,CORE,代表,C12975,1,キズキ 家庭 教師 大学 受験,競合指名・周辺,保護者,B,直接競合（特性/不登校×1対1学習支援）,高,③A 直接競合,キズキプロ家庭教師,,,,UNSPECIFIED,サービス探し（家庭教師・塾・支援） | 受験・進路 | ブランド・指名検索,KWP_CompetitorKeywordSeed
34567,キズキ 家庭 教師 高校 受験,CORE,代表,C12976,1,キズキ 家庭 教師 高校 受験,競合指名・周辺,保護者,B,直接競合（特性/不登校×1対1学習支援）,高,③A 直接競合,キズキプロ家庭教師,,,,UNSPECIFIED,サービス探し（家庭教師・塾・支援） | 受験・進路 | ブランド・指名検索,KWP_CompetitorKeywordSeed
42524,キズキ 高校 受験,CORE,代表,C12977,1,キズキ 高校 受験,競合指名・周辺,保護者,B,直接競合（特性/不登校×1対1学習支援）,高,③A 直接競合,キズキ共育塾,,,,UNSPECIFIED,受験・進路 | ブランド・指名検索,KWP_CompetitorKeywordSeed
42477,キズキ 口コミ,CORE,代表,C12978,1,キズキ 口コミ,競合の比較検討（評判・料金）,保護者,B,直接競合（特性/不登校×1対1学習支援）,高,③A 直接競合,キズキ共育塾,30,53.0,150.0,MEDIUM,比較検討・料金・申込 | ブランド・指名検索,KWP_CompetitorKeywordSeed || CompetitorMatrix
42386,キズキ 塾 口コミ,CORE,代表,C12979,1,キズキ 塾 口コミ,競合の比較検討（評判・料金）,保護者,B,直接競合（特性/不登校×1対1学習支援）,高,③A 直接競合,キズキ共育塾,20,48.0,191.0,MEDIUM,サービス探し（家庭教師・塾・支援） | 比較検討・料金・申込 | ブランド・指名検索,KWP_CompetitorKeywordSeed
17058,キズキ 教育 塾 口コミ,CORE,代表,C12980,1,キズキ 教育 塾 口コミ,競合の比較検討（評判・料金）,保護者,B,直接競合（特性/不登校×1対1学習支援）,高,③A 直接競合,キズキ共育塾,40,79.0,185.0,MEDIUM,サービス探し（家庭教師・塾・支援） | 比較検討・料金・申込 | ブランド・指名検索,KWP_UrlSeed || KWP_CompetitorKeywordSeed
34514,キズキ 家庭 教師 口コミ,CORE,代表,C12981,1,キズキ 家庭 教師 口コミ,競合の比較検討（評判・料金）,保護者,B,直接競合（特性/不登校×1対1学習支援）,高,③A 直接競合,キズキプロ家庭教師,,,,UNSPECIFIED,サービス探し（家庭教師・塾・支援） | 比較検討・料金・申込 | ブランド・指名検索,KWP_CompetitorKeywordSeed
21728,キズキ 教育 塾 合格 実績,CORE,代表,C12982,1,キズキ 教育 塾 合格 実績,競合の比較検討（評判・料金）,保護者,B,直接競合（特性/不登校×1対1学習支援）,高,③A 直接競合,キズキ共育塾,10,,,LOW,サービス探し（家庭教師・塾・支援） | 比較検討・料金・申込 | 受験・進路 | ブランド・指名検索,KWP_UrlSeed || KWP_CompetitorKeywordSeed
42369,キズキ 塾,CORE,代表,C12983,1,キズキ 塾,競合指名・周辺,保護者,B,直接競合（特性/不登校×1対1学習支援）,高,③A 直接競合,キズキ共育塾,390,94.0,288.0,MEDIUM,サービス探し（家庭教師・塾・支援） | ブランド・指名検索,KWP_CompetitorKeywordSeed
684,キズキ 学習 塾,CORE,代表,C12984,1,キズキ 学習 塾,競合指名・周辺,保護者,B,直接競合（特性/不登校×1対1学習支援）,高,③A 直接競合,キズキ共育塾,70,66.0,170.0,MEDIUM,サービス探し（家庭教師・塾・支援） | ブランド・指名検索,KWP_KeywordSeed || KWP_CompetitorKeywordSeed
42373,キズキ 教育 塾 武蔵 小杉,CORE,代表,C12985,1,キズキ 教育 塾 武蔵 小杉,競合指名・周辺,保護者,B,直接競合（特性/不登校×1対1学習支援）,高,③A 直接競合,キズキ共育塾,30,93.0,150.0,MEDIUM,サービス探し（家庭教師・塾・支援） | ブランド・指名検索,KWP_CompetitorKeywordSeed
6419,キズキ 教育 塾,CORE,代表,C12986,1,キズキ 教育 塾,競合指名・周辺,保護者,B,直接競合（特性/不登校×1対1学習支援）,高,③A 直接競合,キズキ共育塾,1600,96.0,282.0,MEDIUM,サービス探し（家庭教師・塾・支援） | ブランド・指名検索,KWP_KeywordSeed || KWP_CompetitorKeywordSeed
17023,キズキ 教育 塾 料金,CORE,代表,C12987,1,キズキ 教育 塾 料金,競合の比較検討（評判・料金）,保護者,B,直接競合（特性/不登校×1対1学習支援）,高,③A 直接競合,キズキ共育塾,140,76.0,218.0,MEDIUM,サービス探し（家庭教師・塾・支援） | 比較検討・料金・申込 | ブランド・指名検索,KWP_UrlSeed || KWP_CompetitorKeywordSeed || Google_competitor_SERP || Google_competitor_suggest
48799,キズキ 教育 塾 料金 知恵袋,CORE,代表,C12988,1,キズキ 教育 塾 料金 知恵袋,競合の比較検討（評判・料金）,保護者,B,直接競合（特性/不登校×1対1学習支援）,高,③A 直接競合,キズキ共育塾,40,,,LOW,サービス探し（家庭教師・塾・支援） | 比較検討・料金・申込 | ブランド・指名検索,Google_competitor_suggest
42458,キズキ 教育 塾 発達 障害,CORE,代表,C12989,2,キズキ 教育 塾 発達 障害,競合×特性/不登校対応の確認,保護者,B,特性/不登校×家庭教師・塾・個別,高,③A 直接競合,キズキ共育塾,20,100.0,436.0,MEDIUM,サービス探し（家庭教師・塾・支援） | ブランド・指名検索,KWP_CompetitorKeywordSeed
21741,キズキ 教育 塾 知恵袋,CORE,代表,C12990,1,キズキ 教育 塾 知恵袋,競合の比較検討（評判・料金）,保護者,B,直接競合（特性/不登校×1対1学習支援）,高,③A 直接競合,キズキ共育塾,20,,,LOW,サービス探し（家庭教師・塾・支援） | 比較検討・料金・申込 | ブランド・指名検索,KWP_UrlSeed || KWP_CompetitorKeywordSeed || Google_competitor_SERP || Google_competitor_suggest
21727,キズキ 教育 塾 評判,CORE,代表,C12991,1,キズキ 教育 塾 評判,競合の比較検討（評判・料金）,保護者,B,直接競合（特性/不登校×1対1学習支援）,高,③A 直接競合,キズキ共育塾,90,66.0,203.0,MEDIUM,サービス探し（家庭教師・塾・支援） | 比較検討・料金・申込 | ブランド・指名検索,KWP_UrlSeed || KWP_CompetitorKeywordSeed
17050,キズキ 教育 塾 費用,CORE,代表,C12992,1,キズキ 教育 塾 費用,競合の比較検討（評判・料金）,保護者,B,直接競合（特性/不登校×1対1学習支援）,高,③A 直接競合,キズキ共育塾,50,78.0,210.0,MEDIUM,サービス探し（家庭教師・塾・支援） | 比較検討・料金・申込 | ブランド・指名検索,KWP_UrlSeed || KWP_CompetitorKeywordSeed
46018,キズキ 教育 塾 高い,CORE,代表,C12993,1,キズキ 教育 塾 高い,競合の比較検討（評判・料金）,保護者,B,直接競合（特性/不登校×1対1学習支援）,高,③A 直接競合,キズキ共育塾,50,80.0,261.0,LOW,サービス探し（家庭教師・塾・支援） | 比較検討・料金・申込 | ブランド・指名検索,Google_competitor_SERP || Google_competitor_suggest
42370,キズキ 塾 料金,CORE,代表,C12994,1,キズキ 塾 料金,競合の比較検討（評判・料金）,保護者,B,直接競合（特性/不登校×1対1学習支援）,高,③A 直接競合,キズキ共育塾,30,90.0,275.0,MEDIUM,サービス探し（家庭教師・塾・支援） | 比較検討・料金・申込 | ブランド・指名検索,KWP_CompetitorKeywordSeed
42375,キズキ 塾 評判,CORE,代表,C12995,1,キズキ 塾 評判,競合の比較検討（評判・料金）,保護者,B,直接競合（特性/不登校×1対1学習支援）,高,③A 直接競合,キズキ共育塾,20,68.0,345.0,MEDIUM,サービス探し（家庭教師・塾・支援） | 比較検討・料金・申込 | ブランド・指名検索,KWP_CompetitorKeywordSeed
34562,キズキ 家庭 教師 境界 知能,CORE,代表,C12996,1,キズキ 家庭 教師 境界 知能,競合×特性/不登校対応の確認,保護者,B,特性/不登校×家庭教師・塾・個別,高,③A 直接競合,キズキプロ家庭教師,,,,UNSPECIFIED,サービス探し（家庭教師・塾・支援） | ブランド・指名検索,KWP_CompetitorKeywordSeed
34539,キズキ 家庭 教師 失敗,CORE,代表,C12999,1,キズキ 家庭 教師 失敗,競合の不満・乗り換え,保護者,B,直接競合（特性/不登校×1対1学習支援）,高,③A 直接競合,キズキプロ家庭教師,,,,UNSPECIFIED,サービス探し（家庭教師・塾・支援） | 比較検討・料金・申込 | ブランド・指名検索,KWP_CompetitorKeywordSeed
34560,キズキ 家庭 教師 ld,CORE,代表,C13000,2,キズキ 家庭 教師 ld,競合×特性/不登校対応の確認,保護者,B,特性/不登校×家庭教師・塾・個別,高,③A 直接競合,キズキプロ家庭教師,,,,UNSPECIFIED,サービス探し（家庭教師・塾・支援） | ブランド・指名検索,KWP_CompetitorKeywordSeed
42518,キズキ ld,CORE,代表,C13001,2,キズキ ld,競合×特性/不登校対応の確認,保護者,B,直接競合（特性/不登校×1対1学習支援）,高,③A 直接競合,キズキ共育塾,,,,UNSPECIFIED,ブランド・指名検索,KWP_CompetitorKeywordSeed
42490,キズキ 安い,CORE,代表,C13002,1,キズキ 安い,競合の比較検討（評判・料金）,保護者,B,直接競合（特性/不登校×1対1学習支援）,高,③A 直接競合,キズキ共育塾,,,,UNSPECIFIED,比較検討・料金・申込 | ブランド・指名検索,KWP_CompetitorKeywordSeed
34528,キズキ 家庭 教師 安い,CORE,代表,C13003,1,キズキ 家庭 教師 安い,競合の比較検討（評判・料金）,保護者,B,直接競合（特性/不登校×1対1学習支援）,高,③A 直接競合,キズキプロ家庭教師,,,,UNSPECIFIED,サービス探し（家庭教師・塾・支援） | 比較検討・料金・申込 | ブランド・指名検索,KWP_CompetitorKeywordSeed
42456,家庭 教師 キズキ 家 学,CORE,代表,C13007,1,家庭 教師 キズキ 家 学,競合指名・周辺,保護者,B,直接競合（特性/不登校×1対1学習支援）,高,③A 直接競合,キズキ共育塾,10,201.0,1490.0,MEDIUM,サービス探し（家庭教師・塾・支援） | ブランド・指名検索,KWP_CompetitorKeywordSeed
34564,キズキ 家庭 教師 小学生,CORE,代表,C13008,1,キズキ 家庭 教師 小学生,競合指名・周辺,保護者,B,直接競合（特性/不登校×1対1学習支援）,高,③A 直接競合,キズキプロ家庭教師,,,,UNSPECIFIED,サービス探し（家庭教師・塾・支援） | ブランド・指名検索,KWP_CompetitorKeywordSeed
34540,キズキ 家庭 教師 後悔,CORE,代表,C13009,1,キズキ 家庭 教師 後悔,競合の不満・乗り換え,保護者,B,直接競合（特性/不登校×1対1学習支援）,高,③A 直接競合,キズキプロ家庭教師,,,,UNSPECIFIED,サービス探し（家庭教師・塾・支援） | 比較検討・料金・申込 | ブランド・指名検索,KWP_CompetitorKeywordSeed
34537,キズキ 家庭 教師 怪しい,CORE,代表,C13010,1,キズキ 家庭 教師 怪しい,競合の不満・乗り換え,保護者,B,直接競合（特性/不登校×1対1学習支援）,高,③A 直接競合,キズキプロ家庭教師,,,,UNSPECIFIED,サービス探し（家庭教師・塾・支援） | 比較検討・料金・申込 | ブランド・指名検索,KWP_CompetitorKeywordSeed
34518,キズキ 家庭 教師 感想,CORE,代表,C13011,1,キズキ 家庭 教師 感想,競合の比較検討（評判・料金）,保護者,B,直接競合（特性/不登校×1対1学習支援）,高,③A 直接競合,キズキプロ家庭教師,,,,UNSPECIFIED,サービス探し（家庭教師・塾・支援） | 比較検討・料金・申込 | ブランド・指名検索,KWP_CompetitorKeywordSeed
34513,キズキ 家庭 教師,CORE,代表,C13012,1,キズキ 家庭 教師,競合指名・周辺,保護者,B,直接競合（特性/不登校×1対1学習支援）,高,③A 直接競合,キズキプロ家庭教師,40,296.0,712.0,MEDIUM,サービス探し（家庭教師・塾・支援） | ブランド・指名検索,KWP_CompetitorKeywordSeed
619,家庭 教師 キズキ,CORE,代表,C13013,1,家庭 教師 キズキ,競合指名・周辺,保護者,B,直接競合（特性/不登校×1対1学習支援）,高,③A 直接競合,キズキ共育塾,10,,,MEDIUM,サービス探し（家庭教師・塾・支援） | ブランド・指名検索,KWP_KeywordSeed || KWP_CompetitorKeywordSeed
34526,キズキ 家庭 教師 教材 費,CORE,代表,C13014,1,キズキ 家庭 教師 教材 費,競合指名・周辺,保護者,B,直接競合（特性/不登校×1対1学習支援）,高,③A 直接競合,キズキプロ家庭教師,,,,UNSPECIFIED,サービス探し（家庭教師・塾・支援） | 比較検討・料金・申込 | 教材・通信教育 | ブランド・指名検索,KWP_CompetitorKeywordSeed
34520,キズキ 家庭 教師 料金,CORE,代表,C13015,4,キズキ 家庭 教師 料金,競合の比較検討（評判・料金）,保護者,B,直接競合（特性/不登校×1対1学習支援）,高,③A 直接競合,キズキプロ家庭教師,,,,UNSPECIFIED,サービス探し（家庭教師・塾・支援） | 比較検討・料金・申込 | ブランド・指名検索,KWP_CompetitorKeywordSeed
34538,キズキ 家庭 教師 最悪,CORE,代表,C13016,1,キズキ 家庭 教師 最悪,競合の不満・乗り換え,保護者,B,直接競合（特性/不登校×1対1学習支援）,高,③A 直接競合,キズキプロ家庭教師,,,,UNSPECIFIED,サービス探し（家庭教師・塾・支援） | 比較検討・料金・申込 | ブランド・指名検索,KWP_CompetitorKeywordSeed
34529,キズキ 家庭 教師 比較,CORE,代表,C13017,1,キズキ 家庭 教師 比較,競合の比較検討（評判・料金）,保護者,B,直接競合（特性/不登校×1対1学習支援）,高,③A 直接競合,キズキプロ家庭教師,,,,UNSPECIFIED,サービス探し（家庭教師・塾・支援） | 比較検討・料金・申込 | ブランド・指名検索,KWP_CompetitorKeywordSeed
34550,キズキ 家庭 教師 無料 相談,CORE,代表,C13018,1,キズキ 家庭 教師 無料 相談,競合指名・周辺,保護者,B,直接競合（特性/不登校×1対1学習支援）,高,③A 直接競合,キズキプロ家庭教師,,,,UNSPECIFIED,サービス探し（家庭教師・塾・支援） | 比較検討・料金・申込 | ブランド・指名検索,KWP_CompetitorKeywordSeed
34552,キズキ 家庭 教師 申し込み,CORE,代表,C13019,1,キズキ 家庭 教師 申し込み,競合の比較検討（評判・料金）,保護者,B,直接競合（特性/不登校×1対1学習支援）,高,③A 直接競合,キズキプロ家庭教師,,,,UNSPECIFIED,サービス探し（家庭教師・塾・支援） | 比較検討・料金・申込 | ブランド・指名検索,KWP_CompetitorKeywordSeed
34554,キズキ 家庭 教師 発達 障害,CORE,代表,C13020,2,キズキ 家庭 教師 発達 障害,競合×特性/不登校対応の確認,保護者,B,特性/不登校×家庭教師・塾・個別,高,③A 直接競合,キズキプロ家庭教師,,,,UNSPECIFIED,サービス探し（家庭教師・塾・支援） | ブランド・指名検索,KWP_CompetitorKeywordSeed
34559,キズキ 家庭 教師 自 閉 症,CORE,代表,C13021,1,キズキ 家庭 教師 自 閉 症,競合×特性/不登校対応の確認,保護者,B,特性/不登校×家庭教師・塾・個別,高,③A 直接競合,キズキプロ家庭教師,,,,UNSPECIFIED,サービス探し（家庭教師・塾・支援） | ブランド・指名検索,KWP_CompetitorKeywordSeed
34546,キズキ 家庭 教師 解約,CORE,代表,C13022,1,キズキ 家庭 教師 解約,競合の不満・乗り換え,保護者,B,直接競合（特性/不登校×1対1学習支援）,高,③A 直接競合,キズキプロ家庭教師,,,,UNSPECIFIED,サービス探し（家庭教師・塾・支援） | 比較検討・料金・申込 | ブランド・指名検索,KWP_CompetitorKeywordSeed
34519,キズキ 家庭 教師 評価,CORE,代表,C13023,1,キズキ 家庭 教師 評価,競合の比較検討（評判・料金）,保護者,B,直接競合（特性/不登校×1対1学習支援）,高,③A 直接競合,キズキプロ家庭教師,,,,UNSPECIFIED,サービス探し（家庭教師・塾・支援） | 比較検討・料金・申込 | ブランド・指名検索,KWP_CompetitorKeywordSeed
34515,キズキ 家庭 教師 評判,CORE,代表,C13024,1,キズキ 家庭 教師 評判,競合の比較検討（評判・料金）,保護者,B,直接競合（特性/不登校×1対1学習支援）,高,③A 直接競合,キズキプロ家庭教師,,,,UNSPECIFIED,サービス探し（家庭教師・塾・支援） | 比較検討・料金・申込 | ブランド・指名検索,KWP_CompetitorKeywordSeed
34551,キズキ 家庭 教師 資料 請求,CORE,代表,C13025,1,キズキ 家庭 教師 資料 請求,競合の比較検討（評判・料金）,保護者,B,直接競合（特性/不登校×1対1学習支援）,高,③A 直接競合,キズキプロ家庭教師,,,,UNSPECIFIED,サービス探し（家庭教師・塾・支援） | 比較検討・料金・申込 | ブランド・指名検索,KWP_CompetitorKeywordSeed
34521,キズキ 家庭 教師 費用,CORE,代表,C13026,1,キズキ 家庭 教師 費用,競合の比較検討（評判・料金）,保護者,B,直接競合（特性/不登校×1対1学習支援）,高,③A 直接競合,キズキプロ家庭教師,,,,UNSPECIFIED,サービス探し（家庭教師・塾・支援） | 比較検討・料金・申込 | ブランド・指名検索,KWP_CompetitorKeywordSeed
34545,キズキ 家庭 教師 退会,CORE,代表,C13027,1,キズキ 家庭 教師 退会,競合の不満・乗り換え,保護者,B,直接競合（特性/不登校×1対1学習支援）,高,③A 直接競合,キズキプロ家庭教師,,,,UNSPECIFIED,サービス探し（家庭教師・塾・支援） | 合わない・断られた・乗り換え | ブランド・指名検索,KWP_CompetitorKeywordSeed
34530,キズキ 家庭 教師 違い,CORE,代表,C13028,1,キズキ 家庭 教師 違い,競合指名・周辺,保護者,B,直接競合（特性/不登校×1対1学習支援）,高,③A 直接競合,キズキプロ家庭教師,,,,UNSPECIFIED,サービス探し（家庭教師・塾・支援） | 比較検討・料金・申込 | ブランド・指名検索 | 特性そのものを調べる（とは・特徴・チェック）,KWP_CompetitorKeywordSeed
34527,キズキ 家庭 教師 高い,CORE,代表,C13029,1,キズキ 家庭 教師 高い,競合の比較検討（評判・料金）,保護者,B,直接競合（特性/不登校×1対1学習支援）,高,③A 直接競合,キズキプロ家庭教師,,,,UNSPECIFIED,サービス探し（家庭教師・塾・支援） | 比較検討・料金・申込 | ブランド・指名検索,KWP_CompetitorKeywordSeed
34566,キズキ 家庭 教師 高校生,CORE,代表,C13030,1,キズキ 家庭 教師 高校生,競合指名・周辺,保護者,B,直接競合（特性/不登校×1対1学習支援）,高,③A 直接競合,キズキプロ家庭教師,,,,UNSPECIFIED,サービス探し（家庭教師・塾・支援） | ブランド・指名検索,KWP_CompetitorKeywordSeed
42521,キズキ 小学生,CORE,代表,C13031,1,キズキ 小学生,競合指名・周辺,保護者,B,直接競合（特性/不登校×1対1学習支援）,高,③A 直接競合,キズキ共育塾,,,,UNSPECIFIED,ブランド・指名検索,KWP_CompetitorKeywordSeed
42488,キズキ 教材 費,CORE,代表,C13036,1,キズキ 教材 費,競合指名・周辺,保護者,B,直接競合（特性/不登校×1対1学習支援）,高,③A 直接競合,キズキ共育塾,,,,UNSPECIFIED,比較検討・料金・申込 | 教材・通信教育 | ブランド・指名検索,KWP_CompetitorKeywordSeed
42482,キズキ 料金,CORE,代表,C13038,4,キズキ 料金,競合の比較検討（評判・料金）,保護者,B,直接競合（特性/不登校×1対1学習支援）,高,③A 直接競合,キズキ共育塾,10,,,HIGH,比較検討・料金・申込 | ブランド・指名検索,KWP_CompetitorKeywordSeed || CompetitorMatrix
42512,キズキ 無料 相談,CORE,代表,C13043,1,キズキ 無料 相談,競合指名・周辺,保護者,B,直接競合（特性/不登校×1対1学習支援）,高,③A 直接競合,キズキ共育塾,,,,UNSPECIFIED,比較検討・料金・申込 | ブランド・指名検索,KWP_CompetitorKeywordSeed
42508,キズキ 解約,CORE,代表,C13045,1,キズキ 解約,競合の不満・乗り換え,保護者,B,直接競合（特性/不登校×1対1学習支援）,高,③A 直接競合,キズキ共育塾,,,,UNSPECIFIED,比較検討・料金・申込 | ブランド・指名検索,KWP_CompetitorKeywordSeed
21702,キズキ 評判,CORE,代表,C13047,1,キズキ 評判,競合の比較検討（評判・料金）,保護者,B,直接競合（特性/不登校×1対1学習支援）,高,③A 直接競合,キズキ共育塾,30,,,LOW,比較検討・料金・申込 | ブランド・指名検索,KWP_UrlSeed || KWP_SiteSeed || KWP_CompetitorKeywordSeed || CompetitorMatrix
42513,キズキ 資料 請求,CORE,代表,C13048,1,キズキ 資料 請求,競合の比較検討（評判・料金）,保護者,B,直接競合（特性/不登校×1対1学習支援）,高,③A 直接競合,キズキ共育塾,,,,UNSPECIFIED,比較検討・料金・申込 | ブランド・指名検索,KWP_CompetitorKeywordSeed
42483,キズキ 費用,CORE,代表,C13049,1,キズキ 費用,競合の比較検討（評判・料金）,保護者,B,直接競合（特性/不登校×1対1学習支援）,高,③A 直接競合,キズキ共育塾,,,,UNSPECIFIED,比較検討・料金・申込 | ブランド・指名検索,KWP_CompetitorKeywordSeed
42507,キズキ 退会,CORE,代表,C13050,1,キズキ 退会,競合の不満・乗り換え,保護者,B,直接競合（特性/不登校×1対1学習支援）,高,③A 直接競合,キズキ共育塾,,,,UNSPECIFIED,合わない・断られた・乗り換え | ブランド・指名検索,KWP_CompetitorKeywordSeed
42489,キズキ 高い,CORE,代表,C13052,1,キズキ 高い,競合の比較検討（評判・料金）,保護者,B,直接競合（特性/不登校×1対1学習支援）,高,③A 直接競合,キズキ共育塾,,,,UNSPECIFIED,比較検討・料金・申込 | ブランド・指名検索,KWP_CompetitorKeywordSeed
42523,キズキ 高校生,CORE,代表,C13053,1,キズキ 高校生,競合指名・周辺,保護者,B,直接競合（特性/不登校×1対1学習支援）,高,③A 直接競合,キズキ共育塾,,,,UNSPECIFIED,ブランド・指名検索,KWP_CompetitorKeywordSeed
42476,キズキ グループ 評判,CORE,代表,C13056,1,キズキ グループ 評判,競合の比較検討（評判・料金）,保護者,B,直接競合（特性/不登校×1対1学習支援）,高,③A 直接競合,キズキ共育塾,10,,,UNSPECIFIED,比較検討・料金・申込 | ブランド・指名検索,KWP_CompetitorKeywordSeed
42516,キズキ グレー ゾーン,CORE,代表,C13057,1,キズキ グレー ゾーン,競合×特性/不登校対応の確認,保護者,B,直接競合（特性/不登校×1対1学習支援）,高,③A 直接競合,キズキ共育塾,,,,UNSPECIFIED,ブランド・指名検索,KWP_CompetitorKeywordSeed
34485,キズキプロ 家庭 教師 グレー ゾーン 口コミ,CORE,代表,C13060,1,キズキプロ 家庭 教師 グレー ゾーン 口コミ,競合の比較検討（評判・料金）,保護者,B,特性/不登校×家庭教師・塾・個別,高,③A 直接競合,キズキプロ家庭教師,,,,UNSPECIFIED,サービス探し（家庭教師・塾・支援） | 比較検討・料金・申込 | ブランド・指名検索,KWP_CompetitorKeywordSeed
34469,キズキプロ 家庭 教師 グレー ゾーン,CORE,代表,C13061,1,キズキプロ 家庭 教師 グレー ゾーン,競合×特性/不登校対応の確認,保護者,B,特性/不登校×家庭教師・塾・個別,高,③A 直接競合,キズキプロ家庭教師,,,,UNSPECIFIED,サービス探し（家庭教師・塾・支援） | ブランド・指名検索,KWP_CompetitorKeywordSeed
34505,キズキプロ 家庭 教師 グレー ゾーン 料金,CORE,代表,C13062,1,キズキプロ 家庭 教師 グレー ゾーン 料金,競合の比較検討（評判・料金）,保護者,B,特性/不登校×家庭教師・塾・個別,高,③A 直接競合,キズキプロ家庭教師,,,,UNSPECIFIED,サービス探し（家庭教師・塾・支援） | 比較検討・料金・申込 | ブランド・指名検索,KWP_CompetitorKeywordSeed
34495,キズキプロ 家庭 教師 グレー ゾーン 評判,CORE,代表,C13063,1,キズキプロ 家庭 教師 グレー ゾーン 評判,競合の比較検討（評判・料金）,保護者,B,特性/不登校×家庭教師・塾・個別,高,③A 直接競合,キズキプロ家庭教師,,,,UNSPECIFIED,サービス探し（家庭教師・塾・支援） | 比較検討・料金・申込 | ブランド・指名検索,KWP_CompetitorKeywordSeed
34448,キズキプロ 家庭 教師 デメリット,CORE,代表,C13064,1,キズキプロ 家庭 教師 デメリット,競合指名・周辺,保護者,B,直接競合（特性/不登校×1対1学習支援）,高,③A 直接競合,キズキプロ家庭教師,,,,UNSPECIFIED,サービス探し（家庭教師・塾・支援） | 比較検討・料金・申込 | ブランド・指名検索,KWP_CompetitorKeywordSeed
34449,キズキプロ 家庭 教師 メリット,CORE,代表,C13065,1,キズキプロ 家庭 教師 メリット,競合指名・周辺,保護者,B,直接競合（特性/不登校×1対1学習支援）,高,③A 直接競合,キズキプロ家庭教師,,,,UNSPECIFIED,サービス探し（家庭教師・塾・支援） | ブランド・指名検索,KWP_CompetitorKeywordSeed
34429,キズキプロ 家庭 教師 レビュー,CORE,代表,C13066,1,キズキプロ 家庭 教師 レビュー,競合の比較検討（評判・料金）,保護者,B,直接競合（特性/不登校×1対1学習支援）,高,③A 直接競合,キズキプロ家庭教師,,,,UNSPECIFIED,サービス探し（家庭教師・塾・支援） | 比較検討・料金・申込 | ブランド・指名検索,KWP_CompetitorKeywordSeed
34492,キズキプロ 家庭 教師 不 登校 口コミ,CORE,代表,C13067,1,キズキプロ 家庭 教師 不 登校 口コミ,競合の比較検討（評判・料金）,保護者,B,特性/不登校×家庭教師・塾・個別,高,③A 直接競合,キズキプロ家庭教師,,,,UNSPECIFIED,サービス探し（家庭教師・塾・支援） | 比較検討・料金・申込 | 学校生活・不登校・学校種別 | ブランド・指名検索,KWP_CompetitorKeywordSeed
34512,キズキプロ 家庭 教師 不 登校 料金,CORE,代表,C13068,1,キズキプロ 家庭 教師 不 登校 料金,競合の比較検討（評判・料金）,保護者,B,特性/不登校×家庭教師・塾・個別,高,③A 直接競合,キズキプロ家庭教師,,,,UNSPECIFIED,サービス探し（家庭教師・塾・支援） | 比較検討・料金・申込 | 学校生活・不登校・学校種別 | ブランド・指名検索,KWP_CompetitorKeywordSeed
34476,キズキプロ 家庭 教師 不 登校,CORE,代表,C13069,1,キズキプロ 家庭 教師 不 登校,競合×特性/不登校対応の確認,保護者,B,特性/不登校×家庭教師・塾・個別,高,③A 直接競合,キズキプロ家庭教師,,,,UNSPECIFIED,サービス探し（家庭教師・塾・支援） | 学校生活・不登校・学校種別 | ブランド・指名検索,KWP_CompetitorKeywordSeed
34502,キズキプロ 家庭 教師 不 登校 評判,CORE,代表,C13070,1,キズキプロ 家庭 教師 不 登校 評判,競合の比較検討（評判・料金）,保護者,B,特性/不登校×家庭教師・塾・個別,高,③A 直接競合,キズキプロ家庭教師,,,,UNSPECIFIED,サービス探し（家庭教師・塾・支援） | 比較検討・料金・申込 | 学校生活・不登校・学校種別 | ブランド・指名検索,KWP_CompetitorKeywordSeed
34481,キズキプロ 家庭 教師 中学 受験,CORE,代表,C13071,1,キズキプロ 家庭 教師 中学 受験,競合指名・周辺,保護者,B,直接競合（特性/不登校×1対1学習支援）,高,③A 直接競合,キズキプロ家庭教師,,,,UNSPECIFIED,サービス探し（家庭教師・塾・支援） | 受験・進路 | ブランド・指名検索,KWP_CompetitorKeywordSeed
34478,キズキプロ 家庭 教師 中学生,CORE,代表,C13072,1,キズキプロ 家庭 教師 中学生,競合指名・周辺,保護者,B,直接競合（特性/不登校×1対1学習支援）,高,③A 直接競合,キズキプロ家庭教師,,,,UNSPECIFIED,サービス探し（家庭教師・塾・支援） | ブランド・指名検索,KWP_CompetitorKeywordSeed
34446,キズキプロ 家庭 教師 他社,CORE,代表,C13073,1,キズキプロ 家庭 教師 他社,競合指名・周辺,保護者,B,直接競合（特性/不登校×1対1学習支援）,高,③A 直接競合,キズキプロ家庭教師,,,,UNSPECIFIED,サービス探し（家庭教師・塾・支援） | 比較検討・料金・申込 | ブランド・指名検索,KWP_CompetitorKeywordSeed
34462,キズキプロ 家庭 教師 体験 授業,CORE,代表,C13074,1,キズキプロ 家庭 教師 体験 授業,競合の比較検討（評判・料金）,保護者,B,直接競合（特性/不登校×1対1学習支援）,高,③A 直接競合,キズキプロ家庭教師,,,,UNSPECIFIED,サービス探し（家庭教師・塾・支援） | 比較検討・料金・申込 | 学習のやり方・学習課題 | ブランド・指名検索,KWP_CompetitorKeywordSeed
34461,キズキプロ 家庭 教師 体験,CORE,代表,C13075,1,キズキプロ 家庭 教師 体験,競合の比較検討（評判・料金）,保護者,B,直接競合（特性/不登校×1対1学習支援）,高,③A 直接競合,キズキプロ家庭教師,,,,UNSPECIFIED,サービス探し（家庭教師・塾・支援） | 比較検討・料金・申込 | ブランド・指名検索,KWP_CompetitorKeywordSeed
34460,キズキプロ 家庭 教師 無料 体験,CORE,代表,C13076,1,キズキプロ 家庭 教師 無料 体験,競合の比較検討（評判・料金）,保護者,B,直接競合（特性/不登校×1対1学習支援）,高,③A 直接競合,キズキプロ家庭教師,,,,UNSPECIFIED,サービス探し（家庭教師・塾・支援） | 比較検討・料金・申込 | ブランド・指名検索,KWP_CompetitorKeywordSeed
34430,キズキプロ 家庭 教師 体験 談,CORE,代表,C13077,1,キズキプロ 家庭 教師 体験 談,競合の比較検討（評判・料金）,保護者,B,直接競合（特性/不登校×1対1学習支援）,高,③A 直接競合,キズキプロ家庭教師,,,,UNSPECIFIED,サービス探し（家庭教師・塾・支援） | 比較検討・料金・申込 | ブランド・指名検索,KWP_CompetitorKeywordSeed
34466,キズキプロ 家庭 教師 入会,CORE,代表,C13078,1,キズキプロ 家庭 教師 入会,競合の比較検討（評判・料金）,保護者,B,直接競合（特性/不登校×1対1学習支援）,高,③A 直接競合,キズキプロ家庭教師,,,,UNSPECIFIED,サービス探し（家庭教師・塾・支援） | 比較検討・料金・申込 | ブランド・指名検索,KWP_CompetitorKeywordSeed
34438,キズキプロ 家庭 教師 入会 金,CORE,代表,C13079,1,キズキプロ 家庭 教師 入会 金,競合の比較検討（評判・料金）,保護者,B,直接競合（特性/不登校×1対1学習支援）,高,③A 直接競合,キズキプロ家庭教師,,,,UNSPECIFIED,サービス探し（家庭教師・塾・支援） | 比較検討・料金・申込 | ブランド・指名検索,KWP_CompetitorKeywordSeed
34482,キズキプロ 家庭 教師 大学 受験,CORE,代表,C13080,1,キズキプロ 家庭 教師 大学 受験,競合指名・周辺,保護者,B,直接競合（特性/不登校×1対1学習支援）,高,③A 直接競合,キズキプロ家庭教師,,,,UNSPECIFIED,サービス探し（家庭教師・塾・支援） | 受験・進路 | ブランド・指名検索,KWP_CompetitorKeywordSeed
34480,キズキプロ 家庭 教師 高校 受験,CORE,代表,C13081,1,キズキプロ 家庭 教師 高校 受験,競合指名・周辺,保護者,B,直接競合（特性/不登校×1対1学習支援）,高,③A 直接競合,キズキプロ家庭教師,,,,UNSPECIFIED,サービス探し（家庭教師・塾・支援） | 受験・進路 | ブランド・指名検索,KWP_CompetitorKeywordSeed
34491,キズキプロ 家庭 教師 境界 知能 口コミ,CORE,代表,C13082,1,キズキプロ 家庭 教師 境界 知能 口コミ,競合の比較検討（評判・料金）,保護者,B,特性/不登校×家庭教師・塾・個別,高,③A 直接競合,キズキプロ家庭教師,,,,UNSPECIFIED,サービス探し（家庭教師・塾・支援） | 比較検討・料金・申込 | ブランド・指名検索,KWP_CompetitorKeywordSeed
34489,キズキプロ 家庭 教師 ld 口コミ,CORE,代表,C13083,2,キズキプロ 家庭 教師 ld 口コミ,競合の比較検討（評判・料金）,保護者,B,特性/不登校×家庭教師・塾・個別,高,③A 直接競合,キズキプロ家庭教師,,,,UNSPECIFIED,サービス探し（家庭教師・塾・支援） | 比較検討・料金・申込 | ブランド・指名検索,KWP_CompetitorKeywordSeed
34427,キズキプロ 家庭 教師 口コミ,CORE,代表,C13084,1,キズキプロ 家庭 教師 口コミ,競合の比較検討（評判・料金）,保護者,B,直接競合（特性/不登校×1対1学習支援）,高,③A 直接競合,キズキプロ家庭教師,,,,UNSPECIFIED,サービス探し（家庭教師・塾・支援） | 比較検討・料金・申込 | ブランド・指名検索,KWP_CompetitorKeywordSeed
34483,キズキプロ 家庭 教師 発達 障害 口コミ,CORE,代表,C13085,2,キズキプロ 家庭 教師 発達 障害 口コミ,競合の比較検討（評判・料金）,保護者,B,特性/不登校×家庭教師・塾・個別,高,③A 直接競合,キズキプロ家庭教師,,,,UNSPECIFIED,サービス探し（家庭教師・塾・支援） | 比較検討・料金・申込 | ブランド・指名検索,KWP_CompetitorKeywordSeed
34488,キズキプロ 家庭 教師 自 閉 症 口コミ,CORE,代表,C13086,1,キズキプロ 家庭 教師 自 閉 症 口コミ,競合の比較検討（評判・料金）,保護者,B,特性/不登校×家庭教師・塾・個別,高,③A 直接競合,キズキプロ家庭教師,,,,UNSPECIFIED,サービス探し（家庭教師・塾・支援） | 比較検討・料金・申込 | ブランド・指名検索,KWP_CompetitorKeywordSeed
34511,キズキプロ 家庭 教師 境界 知能 料金,CORE,代表,C13087,1,キズキプロ 家庭 教師 境界 知能 料金,競合の比較検討（評判・料金）,保護者,B,特性/不登校×家庭教師・塾・個別,高,③A 直接競合,キズキプロ家庭教師,,,,UNSPECIFIED,サービス探し（家庭教師・塾・支援） | 比較検討・料金・申込 | ブランド・指名検索,KWP_CompetitorKeywordSeed
34475,キズキプロ 家庭 教師 境界 知能,CORE,代表,C13088,1,キズキプロ 家庭 教師 境界 知能,競合×特性/不登校対応の確認,保護者,B,特性/不登校×家庭教師・塾・個別,高,③A 直接競合,キズキプロ家庭教師,,,,UNSPECIFIED,サービス探し（家庭教師・塾・支援） | ブランド・指名検索,KWP_CompetitorKeywordSeed
34501,キズキプロ 家庭 教師 境界 知能 評判,CORE,代表,C13089,1,キズキプロ 家庭 教師 境界 知能 評判,競合の比較検討（評判・料金）,保護者,B,特性/不登校×家庭教師・塾・個別,高,③A 直接競合,キズキプロ家庭教師,,,,UNSPECIFIED,サービス探し（家庭教師・塾・支援） | 比較検討・料金・申込 | ブランド・指名検索,KWP_CompetitorKeywordSeed
34452,キズキプロ 家庭 教師 失敗,CORE,代表,C13090,1,キズキプロ 家庭 教師 失敗,競合の不満・乗り換え,保護者,B,直接競合（特性/不登校×1対1学習支援）,高,③A 直接競合,キズキプロ家庭教師,,,,UNSPECIFIED,サービス探し（家庭教師・塾・支援） | 比較検討・料金・申込 | ブランド・指名検索,KWP_CompetitorKeywordSeed
34509,キズキプロ 家庭 教師 ld 料金,CORE,代表,C13091,2,キズキプロ 家庭 教師 ld 料金,競合の比較検討（評判・料金）,保護者,B,特性/不登校×家庭教師・塾・個別,高,③A 直接競合,キズキプロ家庭教師,,,,UNSPECIFIED,サービス探し（家庭教師・塾・支援） | 比較検討・料金・申込 | ブランド・指名検索,KWP_CompetitorKeywordSeed
34499,キズキプロ 家庭 教師 ld 評判,CORE,代表,C13092,2,キズキプロ 家庭 教師 ld 評判,競合の比較検討（評判・料金）,保護者,B,特性/不登校×家庭教師・塾・個別,高,③A 直接競合,キズキプロ家庭教師,,,,UNSPECIFIED,サービス探し（家庭教師・塾・支援） | 比較検討・料金・申込 | ブランド・指名検索,KWP_CompetitorKeywordSeed
34473,キズキプロ 家庭 教師 ld,CORE,代表,C13093,2,キズキプロ 家庭 教師 ld,競合×特性/不登校対応の確認,保護者,B,特性/不登校×家庭教師・塾・個別,高,③A 直接競合,キズキプロ家庭教師,,,,UNSPECIFIED,サービス探し（家庭教師・塾・支援） | ブランド・指名検索,KWP_CompetitorKeywordSeed
34441,キズキプロ 家庭 教師 安い,CORE,代表,C13094,1,キズキプロ 家庭 教師 安い,競合の比較検討（評判・料金）,保護者,B,直接競合（特性/不登校×1対1学習支援）,高,③A 直接競合,キズキプロ家庭教師,,,,UNSPECIFIED,サービス探し（家庭教師・塾・支援） | 比較検討・料金・申込 | ブランド・指名検索,KWP_CompetitorKeywordSeed
34477,キズキプロ 家庭 教師 小学生,CORE,代表,C13095,1,キズキプロ 家庭 教師 小学生,競合指名・周辺,保護者,B,直接競合（特性/不登校×1対1学習支援）,高,③A 直接競合,キズキプロ家庭教師,,,,UNSPECIFIED,サービス探し（家庭教師・塾・支援） | ブランド・指名検索,KWP_CompetitorKeywordSeed
34453,キズキプロ 家庭 教師 後悔,CORE,代表,C13096,1,キズキプロ 家庭 教師 後悔,競合の不満・乗り換え,保護者,B,直接競合（特性/不登校×1対1学習支援）,高,③A 直接競合,キズキプロ家庭教師,,,,UNSPECIFIED,サービス探し（家庭教師・塾・支援） | 比較検討・料金・申込 | ブランド・指名検索,KWP_CompetitorKeywordSeed
34450,キズキプロ 家庭 教師 怪しい,CORE,代表,C13097,1,キズキプロ 家庭 教師 怪しい,競合の不満・乗り換え,保護者,B,直接競合（特性/不登校×1対1学習支援）,高,③A 直接競合,キズキプロ家庭教師,,,,UNSPECIFIED,サービス探し（家庭教師・塾・支援） | 比較検討・料金・申込 | ブランド・指名検索,KWP_CompetitorKeywordSeed
34431,キズキプロ 家庭 教師 感想,CORE,代表,C13098,1,キズキプロ 家庭 教師 感想,競合の比較検討（評判・料金）,保護者,B,直接競合（特性/不登校×1対1学習支援）,高,③A 直接競合,キズキプロ家庭教師,,,,UNSPECIFIED,サービス探し（家庭教師・塾・支援） | 比較検討・料金・申込 | ブランド・指名検索,KWP_CompetitorKeywordSeed
34426,キズキプロ 家庭 教師,CORE,代表,C13099,1,キズキプロ 家庭 教師,競合指名・周辺,保護者,B,直接競合（特性/不登校×1対1学習支援）,高,③A 直接競合,キズキプロ家庭教師,,,,UNSPECIFIED,サービス探し（家庭教師・塾・支援） | ブランド・指名検索,KWP_CompetitorKeywordSeed
34439,キズキプロ 家庭 教師 教材 費,CORE,代表,C13100,1,キズキプロ 家庭 教師 教材 費,競合指名・周辺,保護者,B,直接競合（特性/不登校×1対1学習支援）,高,③A 直接競合,キズキプロ家庭教師,,,,UNSPECIFIED,サービス探し（家庭教師・塾・支援） | 比較検討・料金・申込 | 教材・通信教育 | ブランド・指名検索,KWP_CompetitorKeywordSeed
34433,キズキプロ 家庭 教師 料金,CORE,代表,C13101,4,キズキプロ 家庭 教師 料金,競合の比較検討（評判・料金）,保護者,B,直接競合（特性/不登校×1対1学習支援）,高,③A 直接競合,キズキプロ家庭教師,,,,UNSPECIFIED,サービス探し（家庭教師・塾・支援） | 比較検討・料金・申込 | ブランド・指名検索,KWP_CompetitorKeywordSeed
34503,キズキプロ 家庭 教師 発達 障害 料金,CORE,代表,C13102,2,キズキプロ 家庭 教師 発達 障害 料金,競合の比較検討（評判・料金）,保護者,B,特性/不登校×家庭教師・塾・個別,高,③A 直接競合,キズキプロ家庭教師,,,,UNSPECIFIED,サービス探し（家庭教師・塾・支援） | 比較検討・料金・申込 | ブランド・指名検索,KWP_CompetitorKeywordSeed
34508,キズキプロ 家庭 教師 自 閉 症 料金,CORE,代表,C13103,1,キズキプロ 家庭 教師 自 閉 症 料金,競合の比較検討（評判・料金）,保護者,B,特性/不登校×家庭教師・塾・個別,高,③A 直接競合,キズキプロ家庭教師,,,,UNSPECIFIED,サービス探し（家庭教師・塾・支援） | 比較検討・料金・申込 | ブランド・指名検索,KWP_CompetitorKeywordSeed
34451,キズキプロ 家庭 教師 最悪,CORE,代表,C13104,1,キズキプロ 家庭 教師 最悪,競合の不満・乗り換え,保護者,B,直接競合（特性/不登校×1対1学習支援）,高,③A 直接競合,キズキプロ家庭教師,,,,UNSPECIFIED,サービス探し（家庭教師・塾・支援） | 比較検討・料金・申込 | ブランド・指名検索,KWP_CompetitorKeywordSeed
34442,キズキプロ 家庭 教師 比較,CORE,代表,C13105,1,キズキプロ 家庭 教師 比較,競合の比較検討（評判・料金）,保護者,B,直接競合（特性/不登校×1対1学習支援）,高,③A 直接競合,キズキプロ家庭教師,,,,UNSPECIFIED,サービス探し（家庭教師・塾・支援） | 比較検討・料金・申込 | ブランド・指名検索,KWP_CompetitorKeywordSeed
34463,キズキプロ 家庭 教師 無料 相談,CORE,代表,C13106,1,キズキプロ 家庭 教師 無料 相談,競合指名・周辺,保護者,B,直接競合（特性/不登校×1対1学習支援）,高,③A 直接競合,キズキプロ家庭教師,,,,UNSPECIFIED,サービス探し（家庭教師・塾・支援） | 比較検討・料金・申込 | ブランド・指名検索,KWP_CompetitorKeywordSeed
34465,キズキプロ 家庭 教師 申し込み,CORE,代表,C13107,1,キズキプロ 家庭 教師 申し込み,競合の比較検討（評判・料金）,保護者,B,直接競合（特性/不登校×1対1学習支援）,高,③A 直接競合,キズキプロ家庭教師,,,,UNSPECIFIED,サービス探し（家庭教師・塾・支援） | 比較検討・料金・申込 | ブランド・指名検索,KWP_CompetitorKeywordSeed
34493,キズキプロ 家庭 教師 発達 障害 評判,CORE,代表,C13108,2,キズキプロ 家庭 教師 発達 障害 評判,競合の比較検討（評判・料金）,保護者,B,特性/不登校×家庭教師・塾・個別,高,③A 直接競合,キズキプロ家庭教師,,,,UNSPECIFIED,サービス探し（家庭教師・塾・支援） | 比較検討・料金・申込 | ブランド・指名検索,KWP_CompetitorKeywordSeed
34467,キズキプロ 家庭 教師 発達 障害,CORE,代表,C13109,2,キズキプロ 家庭 教師 発達 障害,競合×特性/不登校対応の確認,保護者,B,特性/不登校×家庭教師・塾・個別,高,③A 直接競合,キズキプロ家庭教師,,,,UNSPECIFIED,サービス探し（家庭教師・塾・支援） | ブランド・指名検索,KWP_CompetitorKeywordSeed
34472,キズキプロ 家庭 教師 自 閉 症,CORE,代表,C13110,1,キズキプロ 家庭 教師 自 閉 症,競合×特性/不登校対応の確認,保護者,B,特性/不登校×家庭教師・塾・個別,高,③A 直接競合,キズキプロ家庭教師,,,,UNSPECIFIED,サービス探し（家庭教師・塾・支援） | ブランド・指名検索,KWP_CompetitorKeywordSeed
34498,キズキプロ 家庭 教師 自 閉 症 評判,CORE,代表,C13111,1,キズキプロ 家庭 教師 自 閉 症 評判,競合の比較検討（評判・料金）,保護者,B,特性/不登校×家庭教師・塾・個別,高,③A 直接競合,キズキプロ家庭教師,,,,UNSPECIFIED,サービス探し（家庭教師・塾・支援） | 比較検討・料金・申込 | ブランド・指名検索,KWP_CompetitorKeywordSeed
34459,キズキプロ 家庭 教師 解約,CORE,代表,C13112,1,キズキプロ 家庭 教師 解約,競合の不満・乗り換え,保護者,B,直接競合（特性/不登校×1対1学習支援）,高,③A 直接競合,キズキプロ家庭教師,,,,UNSPECIFIED,サービス探し（家庭教師・塾・支援） | 比較検討・料金・申込 | ブランド・指名検索,KWP_CompetitorKeywordSeed
34432,キズキプロ 家庭 教師 評価,CORE,代表,C13113,1,キズキプロ 家庭 教師 評価,競合の比較検討（評判・料金）,保護者,B,直接競合（特性/不登校×1対1学習支援）,高,③A 直接競合,キズキプロ家庭教師,,,,UNSPECIFIED,サービス探し（家庭教師・塾・支援） | 比較検討・料金・申込 | ブランド・指名検索,KWP_CompetitorKeywordSeed
34428,キズキプロ 家庭 教師 評判,CORE,代表,C13114,1,キズキプロ 家庭 教師 評判,競合の比較検討（評判・料金）,保護者,B,直接競合（特性/不登校×1対1学習支援）,高,③A 直接競合,キズキプロ家庭教師,,,,UNSPECIFIED,サービス探し（家庭教師・塾・支援） | 比較検討・料金・申込 | ブランド・指名検索,KWP_CompetitorKeywordSeed
34464,キズキプロ 家庭 教師 資料 請求,CORE,代表,C13115,1,キズキプロ 家庭 教師 資料 請求,競合の比較検討（評判・料金）,保護者,B,直接競合（特性/不登校×1対1学習支援）,高,③A 直接競合,キズキプロ家庭教師,,,,UNSPECIFIED,サービス探し（家庭教師・塾・支援） | 比較検討・料金・申込 | ブランド・指名検索,KWP_CompetitorKeywordSeed
34434,キズキプロ 家庭 教師 費用,CORE,代表,C13116,1,キズキプロ 家庭 教師 費用,競合の比較検討（評判・料金）,保護者,B,直接競合（特性/不登校×1対1学習支援）,高,③A 直接競合,キズキプロ家庭教師,,,,UNSPECIFIED,サービス探し（家庭教師・塾・支援） | 比較検討・料金・申込 | ブランド・指名検索,KWP_CompetitorKeywordSeed
34458,キズキプロ 家庭 教師 退会,CORE,代表,C13117,1,キズキプロ 家庭 教師 退会,競合の不満・乗り換え,保護者,B,直接競合（特性/不登校×1対1学習支援）,高,③A 直接競合,キズキプロ家庭教師,,,,UNSPECIFIED,サービス探し（家庭教師・塾・支援） | 合わない・断られた・乗り換え | ブランド・指名検索,KWP_CompetitorKeywordSeed
34443,キズキプロ 家庭 教師 違い,CORE,代表,C13118,1,キズキプロ 家庭 教師 違い,競合指名・周辺,保護者,B,直接競合（特性/不登校×1対1学習支援）,高,③A 直接競合,キズキプロ家庭教師,,,,UNSPECIFIED,サービス探し（家庭教師・塾・支援） | 比較検討・料金・申込 | ブランド・指名検索 | 特性そのものを調べる（とは・特徴・チェック）,KWP_CompetitorKeywordSeed
34440,キズキプロ 家庭 教師 高い,CORE,代表,C13119,1,キズキプロ 家庭 教師 高い,競合の比較検討（評判・料金）,保護者,B,直接競合（特性/不登校×1対1学習支援）,高,③A 直接競合,キズキプロ家庭教師,,,,UNSPECIFIED,サービス探し（家庭教師・塾・支援） | 比較検討・料金・申込 | ブランド・指名検索,KWP_CompetitorKeywordSeed
34479,キズキプロ 家庭 教師 高校生,CORE,代表,C13120,1,キズキプロ 家庭 教師 高校生,競合指名・周辺,保護者,B,直接競合（特性/不登校×1対1学習支援）,高,③A 直接競合,キズキプロ家庭教師,,,,UNSPECIFIED,サービス探し（家庭教師・塾・支援） | ブランド・指名検索,KWP_CompetitorKeywordSeed
42478,キズキ レビュー,CORE,代表,C13122,1,キズキ レビュー,競合の比較検討（評判・料金）,保護者,B,直接競合（特性/不登校×1対1学習支援）,高,③A 直接競合,キズキ共育塾,,,,UNSPECIFIED,比較検討・料金・申込 | ブランド・指名検索,KWP_CompetitorKeywordSeed
37017,明光 キッズ 口コミ,CORE,代表,C13127,1,明光 キッズ 口コミ,競合の比較検討（評判・料金）,保護者,B,カテゴリ競合×比較/評判/料金/乗換え/特性,中,③B カテゴリ競合,個別指導の明光義塾,20,,,LOW,比較検討・料金・申込 | ブランド・指名検索,KWP_CompetitorKeywordSeed
37038,明光 キッズ 学童 料金,CORE,代表,C13130,1,明光 キッズ 学童 料金,競合の比較検討（評判・料金）,保護者,B,カテゴリ競合×比較/評判/料金/乗換え/特性,中,③B カテゴリ競合,個別指導の明光義塾,70,,,LOW,比較検討・料金・申込 | 療育・福祉・居場所 | ブランド・指名検索,KWP_CompetitorKeywordSeed
37013,明光 キッズ 学童 評判,CORE,代表,C13131,1,明光 キッズ 学童 評判,競合の比較検討（評判・料金）,保護者,B,カテゴリ競合×比較/評判/料金/乗換え/特性,中,③B カテゴリ競合,個別指導の明光義塾,30,,,LOW,比較検討・料金・申込 | 療育・福祉・居場所 | ブランド・指名検索,KWP_CompetitorKeywordSeed
37035,明光 キッズ 料金,CORE,代表,C13133,2,明光 キッズ 料金,競合の比較検討（評判・料金）,保護者,B,カテゴリ競合×比較/評判/料金/乗換え/特性,中,③B カテゴリ競合,個別指導の明光義塾,210,129.0,388.0,LOW,比較検討・料金・申込 | ブランド・指名検索,KWP_CompetitorKeywordSeed
37018,明光 キッズ 評判,CORE,代表,C13134,1,明光 キッズ 評判,競合の比較検討（評判・料金）,保護者,B,カテゴリ競合×比較/評判/料金/乗換え/特性,中,③B カテゴリ競合,個別指導の明光義塾,10,,,LOW,比較検討・料金・申込 | ブランド・指名検索,KWP_CompetitorKeywordSeed
30947,トライ プラス 入会 金 無料 キャンペーン,CORE,代表,C13188,1,トライ プラス 入会 金 無料 キャンペーン,競合の比較検討（評判・料金）,保護者,B,カテゴリ競合×比較/評判/料金/乗換え/特性,中,③B カテゴリ競合,個別指導塾トライプラス,40,138.0,428.0,LOW,比較検討・料金・申込 | ブランド・指名検索,KWP_CompetitorKeywordSeed
30951,家庭 教師 の トライ 入会 金 無料 キャンペーン,CORE,代表,C13191,1,家庭 教師 の トライ 入会 金 無料 キャンペーン,競合の比較検討（評判・料金）,保護者,B,カテゴリ競合×比較/評判/料金/乗換え/特性,中,③B カテゴリ競合,家庭教師のトライ,10,116.0,318.0,MEDIUM,サービス探し（家庭教師・塾・支援） | 比較検討・料金・申込 | ブランド・指名検索,KWP_CompetitorKeywordSeed
30941,トライ 入会 金 無料 キャンペーン,CORE,代表,C13192,1,トライ 入会 金 無料 キャンペーン,競合の比較検討（評判・料金）,保護者,B,カテゴリ競合×比較/評判/料金/乗換え/特性,中,③B カテゴリ競合,家庭教師のトライ,30,94.0,273.0,MEDIUM,比較検討・料金・申込 | ブランド・指名検索,KWP_CompetitorKeywordSeed
36901,明光 義塾 入会 金 無料 キャンペーン,CORE,代表,C13196,1,明光 義塾 入会 金 無料 キャンペーン,競合の比較検討（評判・料金）,保護者,B,カテゴリ競合×比較/評判/料金/乗換え/特性,中,③B カテゴリ競合,個別指導の明光義塾,30,169.0,914.0,MEDIUM,サービス探し（家庭教師・塾・支援） | 比較検討・料金・申込 | ブランド・指名検索,KWP_CompetitorKeywordSeed
36942,明光 義塾 入会 キャンペーン,CORE,代表,C13197,1,明光 義塾 入会 キャンペーン,競合の比較検討（評判・料金）,保護者,B,カテゴリ競合×比較/評判/料金/乗換え/特性,中,③B カテゴリ競合,個別指導の明光義塾,10,,,LOW,サービス探し（家庭教師・塾・支援） | 比較検討・料金・申込 | ブランド・指名検索,KWP_CompetitorKeywordSeed
4486,ギフテッド 中学 受験 塾,CORE,代表,C13223,1,ギフテッド 中学 受験 塾,サービス探し（特性/不登校×学習支援）,保護者,A,特性/不登校×家庭教師・塾・個別,高,②顕在,,10,,,MEDIUM,サービス探し（家庭教師・塾・支援） | 受験・進路,KWP_KeywordSeed
4484,ギフテッド 塾,CORE,代表,C13247,1,ギフテッド 塾,サービス探し（特性/不登校×学習支援）,保護者,A,特性/不登校×家庭教師・塾・個別,高,②顕在,,70,96.0,439.0,LOW,サービス探し（家庭教師・塾・支援）,KWP_KeywordSeed || KWP_UrlSeed
4487,ギフテッド 塾 東京,CORE,代表,C13248,1,ギフテッド 塾 東京,サービス探し（特性/不登校×学習支援）,保護者,A,特性/不登校×家庭教師・塾・個別,高,②顕在,,10,,,MEDIUM,サービス探し（家庭教師・塾・支援） | 地域・近くで探す,KWP_KeywordSeed || KWP_UrlSeed
4483,ギフテッド 家庭 教師,CORE,代表,C13260,1,ギフテッド 家庭 教師,サービス探し（特性/不登校×学習支援）,保護者,A,特性/不登校×家庭教師・塾・個別,高,②顕在,,20,204.0,460.0,MEDIUM,サービス探し（家庭教師・塾・支援）,KWP_KeywordSeed || KWP_UrlSeed
31637,個別 教室 の トライ クレーム,CORE,代表,C13494,1,個別 教室 の トライ クレーム,競合の不満・乗り換え,保護者,B,カテゴリ競合×比較/評判/料金/乗換え/特性,中,③B カテゴリ競合,個別教室のトライ,30,,,LOW,ブランド・指名検索,KWP_CompetitorKeywordSeed
31314,家庭 教師 の トライ クレーム,CORE,代表,C13495,1,家庭 教師 の トライ クレーム,競合の不満・乗り換え,保護者,B,カテゴリ競合×比較/評判/料金/乗換え/特性,中,③B カテゴリ競合,家庭教師のトライ,10,,,LOW,サービス探し（家庭教師・塾・支援） | ブランド・指名検索,KWP_CompetitorKeywordSeed
39389,ナビ 個別 指導 学院 クレーム,CORE,代表,C13496,1,ナビ 個別 指導 学院 クレーム,競合の不満・乗り換え,保護者,B,カテゴリ競合×比較/評判/料金/乗換え/特性,中,③B カテゴリ競合,ナビ個別指導学院,90,,,LOW,サービス探し（家庭教師・塾・支援） | ブランド・指名検索,KWP_CompetitorKeywordSeed
37718,東京 個別 指導 学院 クレーム,CORE,代表,C13497,1,東京 個別 指導 学院 クレーム,競合の不満・乗り換え,保護者,B,カテゴリ競合×比較/評判/料金/乗換え/特性,中,③B カテゴリ競合,東京個別指導学院,10,,,LOW,サービス探し（家庭教師・塾・支援） | ブランド・指名検索 | 地域・近くで探す,KWP_CompetitorKeywordSeed
46103,発達障害 家庭教師 グッド,CORE,代表,C13508,1,発達障害 家庭教師 グッド,サービス探し（特性/不登校×学習支援）,保護者,A,特性/不登校×家庭教師・塾・個別,高,②顕在,,,,,UNSPECIFIED,サービス探し（家庭教師・塾・支援）,Google_suggest
40383,森 塾 グリム スクール 口コミ,CORE,代表,C13523,1,森 塾 グリム スクール 口コミ,競合の比較検討（評判・料金）,保護者,B,カテゴリ競合×比較/評判/料金/乗換え/特性,中,③B カテゴリ競合,森塾,10,,,UNSPECIFIED,サービス探し（家庭教師・塾・支援） | 比較検討・料金・申込 | ブランド・指名検索,KWP_CompetitorKeywordSeed
40399,森 塾 グリム スクール 料金,CORE,代表,C13525,1,森 塾 グリム スクール 料金,競合の比較検討（評判・料金）,保護者,B,カテゴリ競合×比較/評判/料金/乗換え/特性,中,③B カテゴリ競合,森塾,10,,,UNSPECIFIED,サービス探し（家庭教師・塾・支援） | 比較検討・料金・申込 | ブランド・指名検索,KWP_CompetitorKeywordSeed
36865,明光 グループ 評判,CORE,代表,C13531,1,明光 グループ 評判,競合の比較検討（評判・料金）,保護者,B,カテゴリ競合×比較/評判/料金/乗換え/特性,中,③B カテゴリ競合,個別指導の明光義塾,10,,,LOW,比較検討・料金・申込 | ブランド・指名検索,KWP_CompetitorKeywordSeed
35256,ジップス 家庭 教師 グレー ゾーン,CORE,代表,C13538,1,ジップス 家庭 教師 グレー ゾーン,競合×特性/不登校対応の確認,保護者,B,特性/不登校×家庭教師・塾・個別,高,③B カテゴリ競合,オンライン家庭教師GIPS,,,,UNSPECIFIED,サービス探し（家庭教師・塾・支援） | ブランド・指名検索,KWP_CompetitorKeywordSeed
34379,ジャンプ 家庭 教師 グレー ゾーン,CORE,代表,C13539,1,ジャンプ 家庭 教師 グレー ゾーン,競合×特性/不登校対応の確認,保護者,B,特性/不登校×家庭教師・塾・個別,高,③A 直接競合,プロ家庭教師のジャンプ,,,,UNSPECIFIED,サービス探し（家庭教師・塾・支援） | ブランド・指名検索,KWP_CompetitorKeywordSeed
31893,トライ 個別 グレー ゾーン,CORE,代表,C13548,1,トライ 個別 グレー ゾーン,競合×特性/不登校対応の確認,保護者,B,カテゴリ競合×比較/評判/料金/乗換え/特性,中,③B カテゴリ競合,個別教室のトライ,,,,UNSPECIFIED,ブランド・指名検索,KWP_CompetitorKeywordSeed
40640,トーマス 塾 グレー ゾーン 口コミ,CORE,代表,C13549,1,トーマス 塾 グレー ゾーン 口コミ,競合の比較検討（評判・料金）,保護者,B,特性/不登校×家庭教師・塾・個別,高,③B カテゴリ競合,TOMAS,,,,UNSPECIFIED,サービス探し（家庭教師・塾・支援） | 比較検討・料金・申込 | ブランド・指名検索,KWP_CompetitorKeywordSeed
40624,トーマス 塾 グレー ゾーン,CORE,代表,C13550,1,トーマス 塾 グレー ゾーン,競合×特性/不登校対応の確認,保護者,B,特性/不登校×家庭教師・塾・個別,高,③B カテゴリ競合,TOMAS,,,,UNSPECIFIED,サービス探し（家庭教師・塾・支援） | ブランド・指名検索,KWP_CompetitorKeywordSeed
40652,トーマス 塾 グレー ゾーン 料金,CORE,代表,C13551,1,トーマス 塾 グレー ゾーン 料金,競合の比較検討（評判・料金）,保護者,B,特性/不登校×家庭教師・塾・個別,高,③B カテゴリ競合,TOMAS,,,,UNSPECIFIED,サービス探し（家庭教師・塾・支援） | 比較検討・料金・申込 | ブランド・指名検索,KWP_CompetitorKeywordSeed
40646,トーマス 塾 グレー ゾーン 評判,CORE,代表,C13552,1,トーマス 塾 グレー ゾーン 評判,競合の比較検討（評判・料金）,保護者,B,特性/不登校×家庭教師・塾・個別,高,③B カテゴリ競合,TOMAS,,,,UNSPECIFIED,サービス探し（家庭教師・塾・支援） | 比較検討・料金・申込 | ブランド・指名検索,KWP_CompetitorKeywordSeed
39530,ナビ 個別 グレー ゾーン,CORE,代表,C13553,1,ナビ 個別 グレー ゾーン,競合×特性/不登校対応の確認,保護者,B,カテゴリ競合×比較/評判/料金/乗換え/特性,中,③B カテゴリ競合,ナビ個別指導学院,,,,UNSPECIFIED,ブランド・指名検索,KWP_CompetitorKeywordSeed
39436,ナビ 個別 指導 学院 グレー ゾーン 口コミ,CORE,代表,C13554,1,ナビ 個別 指導 学院 グレー ゾーン 口コミ,競合の比較検討（評判・料金）,保護者,B,特性/不登校×家庭教師・塾・個別,高,③B カテゴリ競合,ナビ個別指導学院,,,,UNSPECIFIED,サービス探し（家庭教師・塾・支援） | 比較検討・料金・申込 | ブランド・指名検索,KWP_CompetitorKeywordSeed
39426,ナビ 個別 指導 学院 グレー ゾーン,CORE,代表,C13555,1,ナビ 個別 指導 学院 グレー ゾーン,競合×特性/不登校対応の確認,保護者,B,特性/不登校×家庭教師・塾・個別,高,③B カテゴリ競合,ナビ個別指導学院,,,,UNSPECIFIED,サービス探し（家庭教師・塾・支援） | ブランド・指名検索,KWP_CompetitorKeywordSeed
39456,ナビ 個別 指導 学院 グレー ゾーン 料金,CORE,代表,C13556,1,ナビ 個別 指導 学院 グレー ゾーン 料金,競合の比較検討（評判・料金）,保護者,B,特性/不登校×家庭教師・塾・個別,高,③B カテゴリ競合,ナビ個別指導学院,,,,UNSPECIFIED,サービス探し（家庭教師・塾・支援） | 比較検討・料金・申込 | ブランド・指名検索,KWP_CompetitorKeywordSeed
39446,ナビ 個別 指導 学院 グレー ゾーン 評判,CORE,代表,C13557,1,ナビ 個別 指導 学院 グレー ゾーン 評判,競合の比較検討（評判・料金）,保護者,B,特性/不登校×家庭教師・塾・個別,高,③B カテゴリ競合,ナビ個別指導学院,,,,UNSPECIFIED,サービス探し（家庭教師・塾・支援） | 比較検討・料金・申込 | ブランド・指名検索,KWP_CompetitorKeywordSeed
33807,マスター 家庭 教師 グレー ゾーン,CORE,代表,C13564,1,マスター 家庭 教師 グレー ゾーン,競合×特性/不登校対応の確認,保護者,B,特性/不登校×家庭教師・塾・個別,高,③B カテゴリ競合,家庭教師のマスター,,,,UNSPECIFIED,サービス探し（家庭教師・塾・支援） | ブランド・指名検索,KWP_CompetitorKeywordSeed
32791,ランナー 家庭 教師 グレー ゾーン,CORE,代表,C13565,1,ランナー 家庭 教師 グレー ゾーン,競合×特性/不登校対応の確認,保護者,B,特性/不登校×家庭教師・塾・個別,高,③B カテゴリ競合,家庭教師のランナー,,,,UNSPECIFIED,サービス探し（家庭教師・塾・支援） | ブランド・指名検索,KWP_CompetitorKeywordSeed
35491,リ バランス 塾 グレー ゾーン,CORE,代表,C13566,1,リ バランス 塾 グレー ゾーン,競合×特性/不登校対応の確認,保護者,B,特性/不登校×家庭教師・塾・個別,高,③A 直接競合,オンライン個別指導塾リバランス,,,,UNSPECIFIED,サービス探し（家庭教師・塾・支援） | ブランド・指名検索,KWP_CompetitorKeywordSeed
27823,グレー ゾーン 不 登校 塾,CORE,代表,C13569,1,グレー ゾーン 不 登校 塾,サービス探し（特性/不登校×学習支援）,保護者,A,特性/不登校×家庭教師・塾・個別,高,②顕在,,,,,UNSPECIFIED,サービス探し（家庭教師・塾・支援） | 学校生活・不登校・学校種別,KWP_KeywordSeed
27821,グレー ゾーン 不 登校 家庭 教師,CORE,代表,C13571,1,グレー ゾーン 不 登校 家庭 教師,サービス探し（特性/不登校×学習支援）,保護者,A,特性/不登校×家庭教師・塾・個別,高,②顕在,,,,,UNSPECIFIED,サービス探し（家庭教師・塾・支援） | 学校生活・不登校・学校種別,KWP_KeywordSeed
41,グレー ゾーン 中学 受験 塾,CORE,代表,C13576,1,グレー ゾーン 中学 受験 塾,サービス探し（特性/不登校×学習支援）,保護者,A,特性/不登校×家庭教師・塾・個別,高,②顕在,,10,,,MEDIUM,サービス探し（家庭教師・塾・支援） | 受験・進路,KWP_KeywordSeed || KWP_UrlSeed
45648,グレーゾーン 塾 中学生,CORE,代表,C13584,3,グレーゾーン 塾 中学生,サービス探し（特性/不登校×学習支援）,保護者,A,特性/不登校×家庭教師・塾・個別,高,②顕在,,30,260.0,701.0,HIGH,サービス探し（家庭教師・塾・支援）,Google_related_search || Google_suggest
38,発達 障害 グレー ゾーン 中学生 塾,CORE,代表,C13585,3,発達 障害 グレー ゾーン 中学生 塾,サービス探し（特性/不登校×学習支援）,保護者,A,特性/不登校×家庭教師・塾・個別,高,②顕在,,10,,,MEDIUM,サービス探し（家庭教師・塾・支援）,KWP_KeywordSeed || KWP_UrlSeed
27812,グレー ゾーン 中学生 家庭 教師,CORE,代表,C13587,2,グレー ゾーン 中学生 家庭 教師,サービス探し（特性/不登校×学習支援）,保護者,A,特性/不登校×家庭教師・塾・個別,高,②顕在,,,,,UNSPECIFIED,サービス探し（家庭教師・塾・支援）,KWP_KeywordSeed
37470,東京 個別 指導 学院 グレー ゾーン 口コミ,CORE,代表,C13597,1,東京 個別 指導 学院 グレー ゾーン 口コミ,競合の比較検討（評判・料金）,保護者,B,特性/不登校×家庭教師・塾・個別,高,③B カテゴリ競合,東京個別指導学院,,,,UNSPECIFIED,サービス探し（家庭教師・塾・支援） | 比較検討・料金・申込 | ブランド・指名検索 | 地域・近くで探す,KWP_CompetitorKeywordSeed
37490,東京 個別 指導 学院 グレー ゾーン 料金,CORE,代表,C13598,1,東京 個別 指導 学院 グレー ゾーン 料金,競合の比較検討（評判・料金）,保護者,B,特性/不登校×家庭教師・塾・個別,高,③B カテゴリ競合,東京個別指導学院,,,,UNSPECIFIED,サービス探し（家庭教師・塾・支援） | 比較検討・料金・申込 | ブランド・指名検索 | 地域・近くで探す,KWP_CompetitorKeywordSeed
37459,東京 個別 指導 学院 グレー ゾーン,CORE,代表,C13599,1,東京 個別 指導 学院 グレー ゾーン,競合×特性/不登校対応の確認,保護者,B,特性/不登校×家庭教師・塾・個別,高,③B カテゴリ競合,東京個別指導学院,,,,UNSPECIFIED,サービス探し（家庭教師・塾・支援） | ブランド・指名検索 | 地域・近くで探す,KWP_CompetitorKeywordSeed
37480,東京 個別 指導 学院 グレー ゾーン 評判,CORE,代表,C13600,1,東京 個別 指導 学院 グレー ゾーン 評判,競合の比較検討（評判・料金）,保護者,B,特性/不登校×家庭教師・塾・個別,高,③B カテゴリ競合,東京個別指導学院,,,,UNSPECIFIED,サービス探し（家庭教師・塾・支援） | 比較検討・料金・申込 | ブランド・指名検索 | 地域・近くで探す,KWP_CompetitorKeywordSeed
44,グレー ゾーン 個別 指導,CORE,代表,C13601,1,グレー ゾーン 個別 指導,サービス探し（特性/不登校×学習支援）,保護者,A,特性/不登校×家庭教師・塾・個別,高,②顕在,,10,410.0,860.0,HIGH,サービス探し（家庭教師・塾・支援）,KWP_KeywordSeed
37811,東京 個別 グレー ゾーン,CORE,代表,C13602,1,東京 個別 グレー ゾーン,競合×特性/不登校対応の確認,保護者,B,カテゴリ競合×比較/評判/料金/乗換え/特性,中,③B カテゴリ競合,東京個別指導学院,,,,UNSPECIFIED,ブランド・指名検索 | 地域・近くで探す,KWP_CompetitorKeywordSeed
33878,全国 家庭 教師 協会 グレー ゾーン 口コミ,CORE,代表,C13608,1,全国 家庭 教師 協会 グレー ゾーン 口コミ,競合の比較検討（評判・料金）,保護者,B,特性/不登校×家庭教師・塾・個別,高,③B カテゴリ競合,全国家庭教師協会,,,,UNSPECIFIED,サービス探し（家庭教師・塾・支援） | 比較検討・料金・申込 | ブランド・指名検索 | 地域・近くで探す,KWP_CompetitorKeywordSeed
33863,全国 家庭 教師 協会 グレー ゾーン,CORE,代表,C13609,1,全国 家庭 教師 協会 グレー ゾーン,競合×特性/不登校対応の確認,保護者,B,特性/不登校×家庭教師・塾・個別,高,③B カテゴリ競合,全国家庭教師協会,,,,UNSPECIFIED,サービス探し（家庭教師・塾・支援） | ブランド・指名検索 | 地域・近くで探す,KWP_CompetitorKeywordSeed
33896,全国 家庭 教師 協会 グレー ゾーン 料金,CORE,代表,C13610,1,全国 家庭 教師 協会 グレー ゾーン 料金,競合の比較検討（評判・料金）,保護者,B,特性/不登校×家庭教師・塾・個別,高,③B カテゴリ競合,全国家庭教師協会,,,,UNSPECIFIED,サービス探し（家庭教師・塾・支援） | 比較検討・料金・申込 | ブランド・指名検索 | 地域・近くで探す,KWP_CompetitorKeywordSeed
33887,全国 家庭 教師 協会 グレー ゾーン 評判,CORE,代表,C13611,1,全国 家庭 教師 協会 グレー ゾーン 評判,競合の比較検討（評判・料金）,保護者,B,特性/不登校×家庭教師・塾・個別,高,③B カテゴリ競合,全国家庭教師協会,,,,UNSPECIFIED,サービス探し（家庭教師・塾・支援） | 比較検討・料金・申込 | ブランド・指名検索 | 地域・近くで探す,KWP_CompetitorKeywordSeed
46262,発達障害グレーゾーン 塾 千葉,CORE,代表,C13618,1,発達障害グレーゾーン 塾 千葉,サービス探し（特性/不登校×学習支援）,保護者,A,特性/不登校×家庭教師・塾・個別,高,②顕在,,20,152.0,394.0,HIGH,サービス探し（家庭教師・塾・支援） | 地域・近くで探す,Google_suggest
33959,家庭 教師 協会 グレー ゾーン,CORE,代表,C13619,1,家庭 教師 協会 グレー ゾーン,競合×特性/不登校対応の確認,保護者,B,特性/不登校×家庭教師・塾・個別,高,③B カテゴリ競合,全国家庭教師協会,,,,UNSPECIFIED,サービス探し（家庭教師・塾・支援） | ブランド・指名検索,KWP_CompetitorKeywordSeed
27820,グレー ゾーン 受験 塾,CORE,代表,C13620,1,グレー ゾーン 受験 塾,サービス探し（特性/不登校×学習支援）,保護者,A,特性/不登校×家庭教師・塾・個別,高,②顕在,,,,,UNSPECIFIED,サービス探し（家庭教師・塾・支援） | 受験・進路,KWP_KeywordSeed
27818,グレー ゾーン 受験 家庭 教師,CORE,代表,C13622,1,グレー ゾーン 受験 家庭 教師,サービス探し（特性/不登校×学習支援）,保護者,A,特性/不登校×家庭教師・塾・個別,高,②顕在,,,,,UNSPECIFIED,サービス探し（家庭教師・塾・支援） | 受験・進路,KWP_KeywordSeed
36968,明光 義塾 グレー ゾーン 口コミ,CORE,代表,C13627,1,明光 義塾 グレー ゾーン 口コミ,競合の比較検討（評判・料金）,保護者,B,特性/不登校×家庭教師・塾・個別,高,③B カテゴリ競合,個別指導の明光義塾,,,,UNSPECIFIED,サービス探し（家庭教師・塾・支援） | 比較検討・料金・申込 | ブランド・指名検索,KWP_CompetitorKeywordSeed
40442,森 塾 グレー ゾーン 口コミ,CORE,代表,C13628,1,森 塾 グレー ゾーン 口コミ,競合の比較検討（評判・料金）,保護者,B,特性/不登校×家庭教師・塾・個別,高,③B カテゴリ競合,森塾,,,,UNSPECIFIED,サービス探し（家庭教師・塾・支援） | 比較検討・料金・申込 | ブランド・指名検索,KWP_CompetitorKeywordSeed
41488,武田 塾 グレー ゾーン 口コミ,CORE,代表,C13629,1,武田 塾 グレー ゾーン 口コミ,競合の比較検討（評判・料金）,保護者,B,特性/不登校×家庭教師・塾・個別,高,③B カテゴリ競合,武田塾,,,,UNSPECIFIED,サービス探し（家庭教師・塾・支援） | 比較検討・料金・申込 | ブランド・指名検索,KWP_CompetitorKeywordSeed
33283,学研 の 家庭 教師 グレー ゾーン 口コミ,CORE,代表,C13631,1,学研 の 家庭 教師 グレー ゾーン 口コミ,競合の比較検討（評判・料金）,保護者,B,特性/不登校×家庭教師・塾・個別,高,③B カテゴリ競合,学研の家庭教師,,,,UNSPECIFIED,サービス探し（家庭教師・塾・支援） | 比較検討・料金・申込 | ブランド・指名検索,KWP_CompetitorKeywordSeed
46260,発達障害グレーゾーン 塾 名古屋,CORE,代表,C13635,1,発達障害グレーゾーン 塾 名古屋,サービス探し（特性/不登校×学習支援）,保護者,A,特性/不登校×家庭教師・塾・個別,高,②顕在,,,,,UNSPECIFIED,サービス探し（家庭教師・塾・支援） | 地域・近くで探す,Google_suggest
46259,発達障害グレーゾーン 塾 埼玉,CORE,代表,C13640,1,発達障害グレーゾーン 塾 埼玉,サービス探し（特性/不登校×学習支援）,保護者,A,特性/不登校×家庭教師・塾・個別,高,②顕在,,30,191.0,551.0,HIGH,サービス探し（家庭教師・塾・支援） | 地域・近くで探す,Google_suggest
37,グレー ゾーン 塾,CORE,代表,C13641,1,グレー ゾーン 塾,サービス探し（特性/不登校×学習支援）,保護者,A,特性/不登校×家庭教師・塾・個別,高,②顕在,,90,243.0,945.0,HIGH,サービス探し（家庭教師・塾・支援）,KWP_KeywordSeed || KWP_UrlSeed
46258,発達障害グレーゾーン 塾 大阪,CORE,代表,C13642,1,発達障害グレーゾーン 塾 大阪,サービス探し（特性/不登校×学習支援）,保護者,A,特性/不登校×家庭教師・塾・個別,高,②顕在,,,,,UNSPECIFIED,サービス探し（家庭教師・塾・支援） | 地域・近くで探す,Google_suggest
39,学習 障害 グレー ゾーン 塾,CORE,代表,C13643,1,学習 障害 グレー ゾーン 塾,サービス探し（特性/不登校×学習支援）,保護者,A,特性/不登校×家庭教師・塾・個別,高,②顕在,,10,301.0,1004.0,HIGH,サービス探し（家庭教師・塾・支援）,KWP_KeywordSeed || KWP_UrlSeed
46376,グレーゾーン 塾 小学生,CORE,代表,C13644,3,グレーゾーン 塾 小学生,サービス探し（特性/不登校×学習支援）,保護者,A,特性/不登校×家庭教師・塾・個別,高,②顕在,,20,183.0,716.0,HIGH,サービス探し（家庭教師・塾・支援）,Google_suggest
36980,明光 義塾 グレー ゾーン 料金,CORE,代表,C13645,1,明光 義塾 グレー ゾーン 料金,競合の比較検討（評判・料金）,保護者,B,特性/不登校×家庭教師・塾・個別,高,③B カテゴリ競合,個別指導の明光義塾,,,,UNSPECIFIED,サービス探し（家庭教師・塾・支援） | 比較検討・料金・申込 | ブランド・指名検索,KWP_CompetitorKeywordSeed
40454,森 塾 グレー ゾーン 料金,CORE,代表,C13646,1,森 塾 グレー ゾーン 料金,競合の比較検討（評判・料金）,保護者,B,特性/不登校×家庭教師・塾・個別,高,③B カテゴリ競合,森塾,,,,UNSPECIFIED,サービス探し（家庭教師・塾・支援） | 比較検討・料金・申込 | ブランド・指名検索,KWP_CompetitorKeywordSeed
41499,武田 塾 グレー ゾーン 料金,CORE,代表,C13647,1,武田 塾 グレー ゾーン 料金,競合の比較検討（評判・料金）,保護者,B,特性/不登校×家庭教師・塾・個別,高,③B カテゴリ競合,武田塾,,,,UNSPECIFIED,サービス探し（家庭教師・塾・支援） | 比較検討・料金・申込 | ブランド・指名検索,KWP_CompetitorKeywordSeed
36946,明光 義塾 グレー ゾーン,CORE,代表,C13648,1,明光 義塾 グレー ゾーン,競合×特性/不登校対応の確認,保護者,B,特性/不登校×家庭教師・塾・個別,高,③B カテゴリ競合,個別指導の明光義塾,,,,UNSPECIFIED,サービス探し（家庭教師・塾・支援） | ブランド・指名検索,KWP_CompetitorKeywordSeed
36974,明光 義塾 グレー ゾーン 評判,CORE,代表,C13649,1,明光 義塾 グレー ゾーン 評判,競合の比較検討（評判・料金）,保護者,B,特性/不登校×家庭教師・塾・個別,高,③B カテゴリ競合,個別指導の明光義塾,,,,UNSPECIFIED,サービス探し（家庭教師・塾・支援） | 比較検討・料金・申込 | ブランド・指名検索,KWP_CompetitorKeywordSeed
46257,発達障害グレーゾーン 塾 札幌,CORE,代表,C13650,1,発達障害グレーゾーン 塾 札幌,サービス探し（特性/不登校×学習支援）,保護者,A,特性/不登校×家庭教師・塾・個別,高,②顕在,,,,,UNSPECIFIED,サービス探し（家庭教師・塾・支援） | 地域・近くで探す,Google_suggest
45083,発達障害グレーゾーン 塾 東京,CORE,代表,C13651,2,発達障害グレーゾーン 塾 東京,サービス探し（特性/不登校×学習支援）,保護者,A,特性/不登校×家庭教師・塾・個別,高,②顕在,,,,,UNSPECIFIED,サービス探し（家庭教師・塾・支援） | 地域・近くで探す,Google_related_search || Google_suggest
40433,森 塾 グレー ゾーン,CORE,代表,C13652,1,森 塾 グレー ゾーン,競合×特性/不登校対応の確認,保護者,B,特性/不登校×家庭教師・塾・個別,高,③B カテゴリ競合,森塾,,,,UNSPECIFIED,サービス探し（家庭教師・塾・支援） | ブランド・指名検索,KWP_CompetitorKeywordSeed
40448,森 塾 グレー ゾーン 評判,CORE,代表,C13653,1,森 塾 グレー ゾーン 評判,競合の比較検討（評判・料金）,保護者,B,特性/不登校×家庭教師・塾・個別,高,③B カテゴリ競合,森塾,,,,UNSPECIFIED,サービス探し（家庭教師・塾・支援） | 比較検討・料金・申込 | ブランド・指名検索,KWP_CompetitorKeywordSeed
46261,発達障害グレーゾーン 塾 横浜,CORE,代表,C13654,1,発達障害グレーゾーン 塾 横浜,サービス探し（特性/不登校×学習支援）,保護者,A,特性/不登校×家庭教師・塾・個別,高,②顕在,,,,,UNSPECIFIED,サービス探し（家庭教師・塾・支援） | 地域・近くで探す,Google_suggest
41471,武田 塾 グレー ゾーン,CORE,代表,C13655,1,武田 塾 グレー ゾーン,競合×特性/不登校対応の確認,保護者,B,特性/不登校×家庭教師・塾・個別,高,③B カテゴリ競合,武田塾,,,,UNSPECIFIED,サービス探し（家庭教師・塾・支援） | ブランド・指名検索,KWP_CompetitorKeywordSeed
41493,武田 塾 グレー ゾーン 評判,CORE,代表,C13656,1,武田 塾 グレー ゾーン 評判,競合の比較検討（評判・料金）,保護者,B,特性/不登校×家庭教師・塾・個別,高,③B カテゴリ競合,武田塾,,,,UNSPECIFIED,サービス探し（家庭教師・塾・支援） | 比較検討・料金・申込 | ブランド・指名検索,KWP_CompetitorKeywordSeed
45352,発達障害グレーゾーン 塾,CORE,代表,C13657,1,発達障害グレーゾーン 塾,サービス探し（特性/不登校×学習支援）,保護者,A,特性/不登校×家庭教師・塾・個別,高,②顕在,,,,,UNSPECIFIED,サービス探し（家庭教師・塾・支援）,Google_related_search || Google_suggest
27817,グレー ゾーン 高校生 塾,CORE,代表,C13658,1,グレー ゾーン 高校生 塾,サービス探し（特性/不登校×学習支援）,保護者,A,特性/不登校×家庭教師・塾・個別,高,②顕在,,,,,UNSPECIFIED,サービス探し（家庭教師・塾・支援）,KWP_KeywordSeed
33348,学研 家庭 教師 グレー ゾーン,CORE,代表,C13662,2,学研 家庭 教師 グレー ゾーン,競合×特性/不登校対応の確認,保護者,B,特性/不登校×家庭教師・塾・個別,高,③B カテゴリ競合,学研の家庭教師,,,,UNSPECIFIED,サービス探し（家庭教師・塾・支援） | ブランド・指名検索,KWP_CompetitorKeywordSeed
33303,学研 の 家庭 教師 グレー ゾーン 料金,CORE,代表,C13663,1,学研 の 家庭 教師 グレー ゾーン 料金,競合の比較検討（評判・料金）,保護者,B,特性/不登校×家庭教師・塾・個別,高,③B カテゴリ競合,学研の家庭教師,,,,UNSPECIFIED,サービス探し（家庭教師・塾・支援） | 比較検討・料金・申込 | ブランド・指名検索,KWP_CompetitorKeywordSeed
33293,学研 の 家庭 教師 グレー ゾーン 評判,CORE,代表,C13664,1,学研 の 家庭 教師 グレー ゾーン 評判,競合の比較検討（評判・料金）,保護者,B,特性/不登校×家庭教師・塾・個別,高,③B カテゴリ競合,学研の家庭教師,,,,UNSPECIFIED,サービス探し（家庭教師・塾・支援） | 比較検討・料金・申込 | ブランド・指名検索,KWP_CompetitorKeywordSeed
25584,グレー ゾーン 学習 支援,CORE,代表,C13672,2,グレー ゾーン 学習 支援,サービス探し（特性/不登校×学習支援）,保護者（推定）,A,特性/不登校×家庭教師・塾・個別,高,②顕在,,20,370.0,738.0,HIGH,サービス探し（家庭教師・塾・支援）,KWP_KeywordSeed
27810,グレー ゾーン 小学生 家庭 教師,CORE,代表,C13677,1,グレー ゾーン 小学生 家庭 教師,サービス探し（特性/不登校×学習支援）,保護者,A,特性/不登校×家庭教師・塾・個別,高,②顕在,,,,,UNSPECIFIED,サービス探し（家庭教師・塾・支援）,KWP_KeywordSeed
8,グレー ゾーン 家庭 教師,CORE,代表,C13678,3,グレー ゾーン 家庭 教師,サービス探し（特性/不登校×学習支援）,保護者,A,特性/不登校×家庭教師・塾・個別,高,②顕在,,30,295.0,1098.0,HIGH,サービス探し（家庭教師・塾・支援）,KWP_KeywordSeed || KWP_UrlSeed
46109,発達障害 グレーゾーン 家庭教師,CORE,代表,C13679,1,発達障害 グレーゾーン 家庭教師,サービス探し（特性/不登校×学習支援）,保護者,A,特性/不登校×家庭教師・塾・個別,高,②顕在,,10,89.0,958.0,MEDIUM,サービス探し（家庭教師・塾・支援）,Google_suggest
27815,グレー ゾーン 高校生 家庭 教師,CORE,代表,C13680,1,グレー ゾーン 高校生 家庭 教師,サービス探し（特性/不登校×学習支援）,保護者,A,特性/不登校×家庭教師・塾・個別,高,②顕在,,,,,UNSPECIFIED,サービス探し（家庭教師・塾・支援）,KWP_KeywordSeed
37081,明光 グレー ゾーン,CORE,代表,C13695,1,明光 グレー ゾーン,競合×特性/不登校対応の確認,保護者,B,カテゴリ競合×比較/評判/料金/乗換え/特性,中,③B カテゴリ競合,個別指導の明光義塾,,,,UNSPECIFIED,ブランド・指名検索,KWP_CompetitorKeywordSeed
43,発達 グレー 家庭 教師,CORE,代表,C13737,1,発達 グレー 家庭 教師,サービス探し（特性/不登校×学習支援）,保護者,A,特性/不登校×家庭教師・塾・個別,高,②顕在,,,,,UNSPECIFIED,サービス探し（家庭教師・塾・支援）,KWP_KeywordSeed
25587,グレー ゾーン トライ,CORE,代表,C13748,1,グレー ゾーン トライ,競合×特性/不登校対応の確認,保護者,B,カテゴリ競合×比較/評判/料金/乗換え/特性,中,③B カテゴリ競合,家庭教師のトライ,,,,UNSPECIFIED,ブランド・指名検索,KWP_KeywordSeed
2692,城南 コベッツ 料金 フリー プラン,CORE,代表,C13880,1,城南 コベッツ 料金 フリー プラン,競合の比較検討（評判・料金）,保護者,B,カテゴリ競合×比較/評判/料金/乗換え/特性,中,③B カテゴリ競合,城南コベッツ,20,105.0,592.0,LOW,比較検討・料金・申込 | ブランド・指名検索,KWP_KeywordSeed
3565,城南 コベッツ 料金 中学 受験,CORE,代表,C13881,1,城南 コベッツ 料金 中学 受験,競合の比較検討（評判・料金）,保護者,B,カテゴリ競合×比較/評判/料金/乗換え/特性,中,③B カテゴリ競合,城南コベッツ,10,,,UNSPECIFIED,比較検討・料金・申込 | 受験・進路 | ブランド・指名検索,KWP_KeywordSeed
3061,城南 コベッツ 冬期 講習 料金,CORE,代表,C13882,1,城南 コベッツ 冬期 講習 料金,競合の比較検討（評判・料金）,保護者,B,カテゴリ競合×比較/評判/料金/乗換え/特性,中,③B カテゴリ競合,城南コベッツ,10,,,LOW,比較検討・料金・申込 | 学習のやり方・学習課題 | ブランド・指名検索,KWP_KeywordSeed
3122,城南 コベッツ 料金 高校生,CORE,代表,C13883,2,城南 コベッツ 料金 高校生,競合の比較検討（評判・料金）,保護者,B,カテゴリ競合×比較/評判/料金/乗換え/特性,中,③B カテゴリ競合,城南コベッツ,30,126.0,458.0,LOW,比較検討・料金・申込 | ブランド・指名検索,KWP_KeywordSeed
3564,城南 コベッツ アタマ プラス 料金,CORE,代表,C13884,1,城南 コベッツ アタマ プラス 料金,競合の比較検討（評判・料金）,保護者,B,カテゴリ競合×比較/評判/料金/乗換え/特性,中,③B カテゴリ競合,城南コベッツ,10,,,LOW,比較検討・料金・申込 | ブランド・指名検索,KWP_KeywordSeed
19435,トライ 一 コマ 値段,CORE,代表,C14028,1,トライ 一 コマ 値段,競合の比較検討（評判・料金）,保護者,B,カテゴリ競合×比較/評判/料金/乗換え/特性,中,③B カテゴリ競合,家庭教師のトライ,70,58.0,210.0,LOW,比較検討・料金・申込 | ブランド・指名検索,KWP_UrlSeed || KWP_CompetitorKeywordSeed
40508,トーマス 一 コマ 料金,CORE,代表,C14029,1,トーマス 一 コマ 料金,競合の比較検討（評判・料金）,保護者,B,カテゴリ競合×比較/評判/料金/乗換え/特性,中,③B カテゴリ競合,TOMAS,50,66.0,547.0,LOW,比較検討・料金・申込 | ブランド・指名検索,KWP_CompetitorKeywordSeed
47870,東京個別指導学院 料金 一コマ,CORE,代表,C14030,1,東京個別指導学院 料金 一コマ,競合の比較検討（評判・料金）,保護者,B,カテゴリ競合×比較/評判/料金/乗換え/特性,中,③B カテゴリ競合,東京個別指導学院,,,,UNSPECIFIED,サービス探し（家庭教師・塾・支援） | 比較検討・料金・申込 | ブランド・指名検索 | 地域・近くで探す,Google_competitor_suggest
3618,明光 義塾 一 コマ 値段,CORE,代表,C14032,3,明光 義塾 一 コマ 値段,競合の比較検討（評判・料金）,保護者,B,カテゴリ競合×比較/評判/料金/乗換え/特性,中,③B カテゴリ競合,個別指導の明光義塾,30,66.0,406.0,LOW,サービス探し（家庭教師・塾・支援） | 比較検討・料金・申込 | ブランド・指名検索,KWP_KeywordSeed || KWP_CompetitorKeywordSeed
41401,武田 塾 スタジオ コース 料金,CORE,代表,C14071,1,武田 塾 スタジオ コース 料金,競合の比較検討（評判・料金）,保護者,B,カテゴリ競合×比較/評判/料金/乗換え/特性,中,③B カテゴリ競合,武田塾,10,,,UNSPECIFIED,サービス探し（家庭教師・塾・支援） | 比較検討・料金・申込 | ブランド・指名検索,KWP_CompetitorKeywordSeed
30844,トライ 難関 大学 コース 口コミ,CORE,代表,C14081,1,トライ 難関 大学 コース 口コミ,競合の比較検討（評判・料金）,保護者,B,カテゴリ競合×比較/評判/料金/乗換え/特性,中,③B カテゴリ競合,家庭教師のトライ,10,,,LOW,比較検討・料金・申込 | 受験・進路 | ブランド・指名検索,KWP_CompetitorKeywordSeed
19418,トライ 英 検 合格 コース 料金,CORE,代表,C14082,1,トライ 英 検 合格 コース 料金,競合の比較検討（評判・料金）,保護者,B,カテゴリ競合×比較/評判/料金/乗換え/特性,中,③B カテゴリ競合,家庭教師のトライ,50,122.0,319.0,LOW,比較検討・料金・申込 | 学習のやり方・学習課題 | 受験・進路 | ブランド・指名検索,KWP_UrlSeed || KWP_CompetitorKeywordSeed
2774,トライ 逆転 合格 コース 料金,CORE,代表,C14083,1,トライ 逆転 合格 コース 料金,競合の比較検討（評判・料金）,保護者,B,カテゴリ競合×比較/評判/料金/乗換え/特性,中,③B カテゴリ競合,家庭教師のトライ,10,,,LOW,比較検討・料金・申込 | 受験・進路 | ブランド・指名検索,KWP_KeywordSeed || KWP_CompetitorKeywordSeed
2669,トライ 難関 大学 コース 料金,CORE,代表,C14084,1,トライ 難関 大学 コース 料金,競合の比較検討（評判・料金）,保護者,B,カテゴリ競合×比較/評判/料金/乗換え/特性,中,③B カテゴリ競合,家庭教師のトライ,10,,,LOW,比較検討・料金・申込 | 受験・進路 | ブランド・指名検索,KWP_KeywordSeed || KWP_CompetitorKeywordSeed
41357,武田 塾 中学生 コース 料金,CORE,代表,C14090,2,武田 塾 中学生 コース 料金,競合の比較検討（評判・料金）,保護者,B,カテゴリ競合×比較/評判/料金/乗換え/特性,中,③B カテゴリ競合,武田塾,70,139.0,491.0,MEDIUM,サービス探し（家庭教師・塾・支援） | 比較検討・料金・申込 | ブランド・指名検索,KWP_CompetitorKeywordSeed
41420,武田 塾 評判 コース 別 料金,CORE,代表,C14096,1,武田 塾 評判 コース 別 料金,競合の比較検討（評判・料金）,保護者,B,カテゴリ競合×比較/評判/料金/乗換え/特性,中,③B カテゴリ競合,武田塾,0,,,UNSPECIFIED,サービス探し（家庭教師・塾・支援） | 比較検討・料金・申込 | ブランド・指名検索,KWP_CompetitorKeywordSeed
41375,武田 塾 在宅 受講 コース 料金,CORE,代表,C14097,1,武田 塾 在宅 受講 コース 料金,競合の比較検討（評判・料金）,保護者,B,カテゴリ競合×比較/評判/料金/乗換え/特性,中,③B カテゴリ競合,武田塾,10,,,UNSPECIFIED,サービス探し（家庭教師・塾・支援） | 比較検討・料金・申込 | ブランド・指名検索,KWP_CompetitorKeywordSeed
41394,武田 塾 安い コース,CORE,代表,C14100,1,武田 塾 安い コース,競合の比較検討（評判・料金）,保護者,B,カテゴリ競合×比較/評判/料金/乗換え/特性,中,③B カテゴリ競合,武田塾,10,162.0,733.0,MEDIUM,サービス探し（家庭教師・塾・支援） | 比較検討・料金・申込 | ブランド・指名検索,KWP_CompetitorKeywordSeed
41355,武田 塾 コース 料金,CORE,代表,C14101,2,武田 塾 コース 料金,競合の比較検討（評判・料金）,保護者,B,カテゴリ競合×比較/評判/料金/乗換え/特性,中,③B カテゴリ競合,武田塾,170,135.0,457.0,MEDIUM,サービス探し（家庭教師・塾・支援） | 比較検討・料金・申込 | ブランド・指名検索,KWP_CompetitorKeywordSeed
41406,武田 塾 料金 コース 紹介,CORE,代表,C14102,1,武田 塾 料金 コース 紹介,競合の比較検討（評判・料金）,保護者,B,カテゴリ競合×比較/評判/料金/乗換え/特性,中,③B カテゴリ競合,武田塾,,,,UNSPECIFIED,サービス探し（家庭教師・塾・支援） | 比較検討・料金・申込 | ブランド・指名検索,KWP_CompetitorKeywordSeed
41407,武田 塾 料金 コース 説明,CORE,代表,C14103,1,武田 塾 料金 コース 説明,競合の比較検討（評判・料金）,保護者,B,カテゴリ競合×比較/評判/料金/乗換え/特性,中,③B カテゴリ競合,武田塾,0,,,UNSPECIFIED,サービス探し（家庭教師・塾・支援） | 比較検討・料金・申込 | ブランド・指名検索,KWP_CompetitorKeywordSeed
48076,武田塾 評判 特別コース,CORE,代表,C14106,1,武田塾 評判 特別コース,競合の比較検討（評判・料金）,保護者,B,カテゴリ競合×比較/評判/料金/乗換え/特性,中,③B カテゴリ競合,武田塾,,,,UNSPECIFIED,サービス探し（家庭教師・塾・支援） | 比較検討・料金・申込 | ブランド・指名検索,Google_competitor_suggest
41422,武田 塾 費用 コース,CORE,代表,C14107,1,武田 塾 費用 コース,競合の比較検討（評判・料金）,保護者,B,カテゴリ競合×比較/評判/料金/乗換え/特性,中,③B カテゴリ競合,武田塾,10,,,HIGH,サービス探し（家庭教師・塾・支援） | 比較検討・料金・申込 | ブランド・指名検索,KWP_CompetitorKeywordSeed
41418,武田 塾 生 配信 コース 料金,CORE,代表,C14108,1,武田 塾 生 配信 コース 料金,競合の比較検討（評判・料金）,保護者,B,カテゴリ競合×比較/評判/料金/乗換え/特性,中,③B カテゴリ競合,武田塾,40,135.0,302.0,MEDIUM,サービス探し（家庭教師・塾・支援） | 比較検討・料金・申込 | ブランド・指名検索,KWP_CompetitorKeywordSeed
14976,コーチング ワン,CORE,代表,C14130,1,コーチング ワン,競合指名・周辺,保護者,B,直接競合（特性/不登校×1対1学習支援）,高,③A 直接競合,家庭教師のコーチング1,50,222.0,752.0,MEDIUM,ブランド・指名検索 | 習い事・トレーニング,KWP_UrlSeed || KWP_CompetitorKeywordSeed
34119,コーチング ワン 評判,CORE,代表,C14131,1,コーチング ワン 評判,競合の比較検討（評判・料金）,保護者,B,直接競合（特性/不登校×1対1学習支援）,高,③A 直接競合,家庭教師のコーチング1,10,,,UNSPECIFIED,比較検討・料金・申込 | ブランド・指名検索 | 習い事・トレーニング,KWP_CompetitorKeywordSeed
14980,コーチング ワン 飯田橋,CORE,代表,C14132,1,コーチング ワン 飯田橋,競合指名・周辺,保護者,B,直接競合（特性/不登校×1対1学習支援）,高,③A 直接競合,家庭教師のコーチング1,20,310.0,2114.0,MEDIUM,ブランド・指名検索 | 習い事・トレーニング,KWP_UrlSeed
37454,東京 個別 指導 学院 株主 優待 申込 サイト,CORE,代表,C14171,1,東京 個別 指導 学院 株主 優待 申込 サイト,競合の比較検討（評判・料金）,保護者,B,カテゴリ競合×比較/評判/料金/乗換え/特性,中,③B カテゴリ競合,東京個別指導学院,0,,,UNSPECIFIED,サービス探し（家庭教師・塾・支援） | 比較検討・料金・申込 | ブランド・指名検索 | 地域・近くで探す,KWP_CompetitorKeywordSeed
41288,武田 塾 サイバー 校 料金,CORE,代表,C14203,1,武田 塾 サイバー 校 料金,競合の比較検討（評判・料金）,保護者,B,カテゴリ競合×比較/評判/料金/乗換え/特性,中,③B カテゴリ競合,武田塾,10,,,HIGH,サービス探し（家庭教師・塾・支援） | 比較検討・料金・申込 | ブランド・指名検索,KWP_CompetitorKeywordSeed
41308,武田 塾 サイバー 校 評判,CORE,代表,C14204,1,武田 塾 サイバー 校 評判,競合の比較検討（評判・料金）,保護者,B,カテゴリ競合×比較/評判/料金/乗換え/特性,中,③B カテゴリ競合,武田塾,10,,,LOW,サービス探し（家庭教師・塾・支援） | 比較検討・料金・申込 | ブランド・指名検索,KWP_CompetitorKeywordSeed
33132,サクシード 不 登校 口コミ,CORE,代表,C14207,1,サクシード 不 登校 口コミ,競合の比較検討（評判・料金）,保護者,B,カテゴリ競合×比較/評判/料金/乗換え/特性,中,③B カテゴリ競合,家庭教師のサクシード,,,,UNSPECIFIED,比較検討・料金・申込 | 学校生活・不登校・学校種別 | ブランド・指名検索,KWP_CompetitorKeywordSeed
33201,家庭 教師 の サクシード 不 登校,CORE,代表,C14208,1,家庭 教師 の サクシード 不 登校,競合×特性/不登校対応の確認,保護者,B,特性/不登校×家庭教師・塾・個別,高,③B カテゴリ競合,家庭教師のサクシード,,,,UNSPECIFIED,サービス探し（家庭教師・塾・支援） | 学校生活・不登校・学校種別 | ブランド・指名検索,KWP_CompetitorKeywordSeed
33144,サクシード 不 登校 料金,CORE,代表,C14209,1,サクシード 不 登校 料金,競合の比較検討（評判・料金）,保護者,B,カテゴリ競合×比較/評判/料金/乗換え/特性,中,③B カテゴリ競合,家庭教師のサクシード,,,,UNSPECIFIED,比較検討・料金・申込 | 学校生活・不登校・学校種別 | ブランド・指名検索,KWP_CompetitorKeywordSeed
33119,サクシード 不 登校,CORE,代表,C14210,1,サクシード 不 登校,競合×特性/不登校対応の確認,保護者,B,カテゴリ競合×比較/評判/料金/乗換え/特性,中,③B カテゴリ競合,家庭教師のサクシード,,,,UNSPECIFIED,学校生活・不登校・学校種別 | ブランド・指名検索,KWP_CompetitorKeywordSeed
33138,サクシード 不 登校 評判,CORE,代表,C14211,1,サクシード 不 登校 評判,競合の比較検討（評判・料金）,保護者,B,カテゴリ競合×比較/評判/料金/乗換え/特性,中,③B カテゴリ競合,家庭教師のサクシード,,,,UNSPECIFIED,比較検討・料金・申込 | 学校生活・不登校・学校種別 | ブランド・指名検索,KWP_CompetitorKeywordSeed
33187,家庭 教師 の サクシード 体験 授業,CORE,代表,C14221,1,家庭 教師 の サクシード 体験 授業,競合の比較検討（評判・料金）,保護者,B,カテゴリ競合×比較/評判/料金/乗換え/特性,中,③B カテゴリ競合,家庭教師のサクシード,,,,UNSPECIFIED,サービス探し（家庭教師・塾・支援） | 比較検討・料金・申込 | 学習のやり方・学習課題 | ブランド・指名検索,KWP_CompetitorKeywordSeed
33186,家庭 教師 の サクシード 体験,CORE,代表,C14222,1,家庭 教師 の サクシード 体験,競合の比較検討（評判・料金）,保護者,B,カテゴリ競合×比較/評判/料金/乗換え/特性,中,③B カテゴリ競合,家庭教師のサクシード,,,,UNSPECIFIED,サービス探し（家庭教師・塾・支援） | 比較検討・料金・申込 | ブランド・指名検索,KWP_CompetitorKeywordSeed
33185,家庭 教師 の サクシード 無料 体験,CORE,代表,C14223,1,家庭 教師 の サクシード 無料 体験,競合の比較検討（評判・料金）,保護者,B,カテゴリ競合×比較/評判/料金/乗換え/特性,中,③B カテゴリ競合,家庭教師のサクシード,,,,UNSPECIFIED,サービス探し（家庭教師・塾・支援） | 比較検討・料金・申込 | ブランド・指名検索,KWP_CompetitorKeywordSeed
33156,家庭 教師 の サクシード 体験 談,CORE,代表,C14224,1,家庭 教師 の サクシード 体験 談,競合の比較検討（評判・料金）,保護者,B,カテゴリ競合×比較/評判/料金/乗換え/特性,中,③B カテゴリ競合,家庭教師のサクシード,,,,UNSPECIFIED,サービス探し（家庭教師・塾・支援） | 比較検討・料金・申込 | ブランド・指名検索,KWP_CompetitorKeywordSeed
33109,サクシード 体験 授業,CORE,代表,C14225,1,サクシード 体験 授業,競合の比較検討（評判・料金）,保護者,B,カテゴリ競合×比較/評判/料金/乗換え/特性,中,③B カテゴリ競合,家庭教師のサクシード,,,,UNSPECIFIED,比較検討・料金・申込 | 学習のやり方・学習課題 | ブランド・指名検索,KWP_CompetitorKeywordSeed
47618,個別 指導 サクシード 口コミ,CORE,代表,C14229,1,個別 指導 サクシード 口コミ,競合の比較検討（評判・料金）,保護者,B,カテゴリ競合×比較/評判/料金/乗換え/特性,中,③B カテゴリ競合,家庭教師のサクシード,,,,UNSPECIFIED,サービス探し（家庭教師・塾・支援） | 比較検討・料金・申込 | ブランド・指名検索,Google_competitor_suggest
3545,個別 指導 学院 サクシード 料金,CORE,代表,C14231,1,個別 指導 学院 サクシード 料金,競合の比較検討（評判・料金）,保護者,B,カテゴリ競合×比較/評判/料金/乗換え/特性,中,③B カテゴリ競合,家庭教師のサクシード,10,154.0,468.0,MEDIUM,サービス探し（家庭教師・塾・支援） | 比較検討・料金・申込 | ブランド・指名検索,KWP_KeywordSeed || KWP_CompetitorKeywordSeed
47631,個別指導 サクシード 料金,CORE,代表,C14232,1,個別指導 サクシード 料金,競合の比較検討（評判・料金）,保護者,B,カテゴリ競合×比較/評判/料金/乗換え/特性,中,③B カテゴリ競合,家庭教師のサクシード,,,,UNSPECIFIED,サービス探し（家庭教師・塾・支援） | 比較検討・料金・申込 | ブランド・指名検索,Google_competitor_suggest
33010,個別 指導 サクシード 評判,CORE,代表,C14233,1,個別 指導 サクシード 評判,競合の比較検討（評判・料金）,保護者,B,カテゴリ競合×比較/評判/料金/乗換え/特性,中,③B カテゴリ競合,家庭教師のサクシード,30,,,LOW,サービス探し（家庭教師・塾・支援） | 比較検討・料金・申込 | ブランド・指名検索,KWP_CompetitorKeywordSeed || Google_competitor_suggest
33191,家庭 教師 の サクシード 入会,CORE,代表,C14235,1,家庭 教師 の サクシード 入会,競合の比較検討（評判・料金）,保護者,B,カテゴリ競合×比較/評判/料金/乗換え/特性,中,③B カテゴリ競合,家庭教師のサクシード,,,,UNSPECIFIED,サービス探し（家庭教師・塾・支援） | 比較検討・料金・申込 | ブランド・指名検索,KWP_CompetitorKeywordSeed
33147,家庭 教師 サクシード 入会 金,CORE,代表,C14236,2,家庭 教師 サクシード 入会 金,競合の比較検討（評判・料金）,保護者,B,カテゴリ競合×比較/評判/料金/乗換え/特性,中,③B カテゴリ競合,家庭教師のサクシード,10,138.0,293.0,MEDIUM,サービス探し（家庭教師・塾・支援） | 比較検討・料金・申込 | ブランド・指名検索,KWP_CompetitorKeywordSeed
33008,サクシード 塾 口コミ,CORE,代表,C14245,1,サクシード 塾 口コミ,競合の比較検討（評判・料金）,保護者,B,カテゴリ競合×比較/評判/料金/乗換え/特性,中,③B カテゴリ競合,家庭教師のサクシード,10,112.0,300.0,LOW,サービス探し（家庭教師・塾・支援） | 比較検討・料金・申込 | ブランド・指名検索,KWP_CompetitorKeywordSeed
33129,サクシード ld 口コミ,CORE,代表,C14247,2,サクシード ld 口コミ,競合の比較検討（評判・料金）,保護者,B,カテゴリ競合×比較/評判/料金/乗換え/特性,中,③B カテゴリ競合,家庭教師のサクシード,,,,UNSPECIFIED,比較検討・料金・申込 | ブランド・指名検索,KWP_CompetitorKeywordSeed
33003,家庭 教師 サクシード 口コミ,CORE,代表,C14248,6,家庭 教師 サクシード 口コミ,競合の比較検討（評判・料金）,保護者,B,カテゴリ競合×比較/評判/料金/乗換え/特性,中,③B カテゴリ競合,家庭教師のサクシード,70,173.0,784.0,MEDIUM,サービス探し（家庭教師・塾・支援） | 比較検討・料金・申込 | ブランド・指名検索,KWP_CompetitorKeywordSeed
33036,授業 対策 サクシード 口コミ,CORE,代表,C14249,1,授業 対策 サクシード 口コミ,競合の比較検討（評判・料金）,保護者,B,カテゴリ競合×比較/評判/料金/乗換え/特性,中,③B カテゴリ競合,家庭教師のサクシード,10,,,UNSPECIFIED,比較検討・料金・申込 | 学習のやり方・学習課題 | ブランド・指名検索,KWP_CompetitorKeywordSeed
20495,サクシード 塾 料金,CORE,代表,C14253,1,サクシード 塾 料金,競合の比較検討（評判・料金）,保護者,B,カテゴリ競合×比較/評判/料金/乗換え/特性,中,③B カテゴリ競合,家庭教師のサクシード,70,147.0,398.0,MEDIUM,サービス探し（家庭教師・塾・支援） | 比較検討・料金・申込 | ブランド・指名検索,KWP_UrlSeed || KWP_CompetitorKeywordSeed || Google_competitor_suggest
33009,サクシード 塾 評判,CORE,代表,C14254,2,サクシード 塾 評判,競合の比較検討（評判・料金）,保護者,B,カテゴリ競合×比較/評判/料金/乗換え/特性,中,③B カテゴリ競合,家庭教師のサクシード,90,120.0,656.0,LOW,サービス探し（家庭教師・塾・支援） | 比較検討・料金・申込 | ブランド・指名検索,KWP_CompetitorKeywordSeed
33200,家庭 教師 の サクシード 境界 知能,CORE,代表,C14255,1,家庭 教師 の サクシード 境界 知能,競合×特性/不登校対応の確認,保護者,B,特性/不登校×家庭教師・塾・個別,高,③B カテゴリ競合,家庭教師のサクシード,,,,UNSPECIFIED,サービス探し（家庭教師・塾・支援） | ブランド・指名検索,KWP_CompetitorKeywordSeed
33177,家庭 教師 の サクシード 失敗,CORE,代表,C14262,1,家庭 教師 の サクシード 失敗,競合の不満・乗り換え,保護者,B,カテゴリ競合×比較/評判/料金/乗換え/特性,中,③B カテゴリ競合,家庭教師のサクシード,,,,UNSPECIFIED,サービス探し（家庭教師・塾・支援） | 比較検討・料金・申込 | ブランド・指名検索,KWP_CompetitorKeywordSeed
33198,家庭 教師 の サクシード ld,CORE,代表,C14264,2,家庭 教師 の サクシード ld,競合×特性/不登校対応の確認,保護者,B,特性/不登校×家庭教師・塾・個別,高,③B カテゴリ競合,家庭教師のサクシード,,,,UNSPECIFIED,サービス探し（家庭教師・塾・支援） | ブランド・指名検索,KWP_CompetitorKeywordSeed
33141,サクシード ld 料金,CORE,代表,C14265,2,サクシード ld 料金,競合の比較検討（評判・料金）,保護者,B,カテゴリ競合×比較/評判/料金/乗換え/特性,中,③B カテゴリ競合,家庭教師のサクシード,,,,UNSPECIFIED,比較検討・料金・申込 | ブランド・指名検索,KWP_CompetitorKeywordSeed
33135,サクシード ld 評判,CORE,代表,C14266,2,サクシード ld 評判,競合の比較検討（評判・料金）,保護者,B,カテゴリ競合×比較/評判/料金/乗換え/特性,中,③B カテゴリ競合,家庭教師のサクシード,,,,UNSPECIFIED,比較検討・料金・申込 | ブランド・指名検索,KWP_CompetitorKeywordSeed
33116,サクシード ld,CORE,代表,C14267,2,サクシード ld,競合×特性/不登校対応の確認,保護者,B,カテゴリ競合×比較/評判/料金/乗換え/特性,中,③B カテゴリ競合,家庭教師のサクシード,,,,UNSPECIFIED,ブランド・指名検索,KWP_CompetitorKeywordSeed
33166,家庭 教師 の サクシード 安い,CORE,代表,C14269,1,家庭 教師 の サクシード 安い,競合の比較検討（評判・料金）,保護者,B,カテゴリ競合×比較/評判/料金/乗換え/特性,中,③B カテゴリ競合,家庭教師のサクシード,,,,UNSPECIFIED,サービス探し（家庭教師・塾・支援） | 比較検討・料金・申込 | ブランド・指名検索,KWP_CompetitorKeywordSeed
33178,家庭 教師 の サクシード 後悔,CORE,代表,C14271,1,家庭 教師 の サクシード 後悔,競合の不満・乗り換え,保護者,B,カテゴリ競合×比較/評判/料金/乗換え/特性,中,③B カテゴリ競合,家庭教師のサクシード,,,,UNSPECIFIED,サービス探し（家庭教師・塾・支援） | 比較検討・料金・申込 | ブランド・指名検索,KWP_CompetitorKeywordSeed
33175,家庭 教師 の サクシード 怪しい,CORE,代表,C14272,1,家庭 教師 の サクシード 怪しい,競合の不満・乗り換え,保護者,B,カテゴリ競合×比較/評判/料金/乗換え/特性,中,③B カテゴリ競合,家庭教師のサクシード,,,,UNSPECIFIED,サービス探し（家庭教師・塾・支援） | 比較検討・料金・申込 | ブランド・指名検索,KWP_CompetitorKeywordSeed
33157,家庭 教師 の サクシード 感想,CORE,代表,C14274,1,家庭 教師 の サクシード 感想,競合の比較検討（評判・料金）,保護者,B,カテゴリ競合×比較/評判/料金/乗換え/特性,中,③B カテゴリ競合,家庭教師のサクシード,,,,UNSPECIFIED,サービス探し（家庭教師・塾・支援） | 比較検討・料金・申込 | ブランド・指名検索,KWP_CompetitorKeywordSeed
2082,家庭 教師 サクシード 料金,CORE,代表,C14278,8,家庭 教師 サクシード 料金,競合の比較検討（評判・料金）,保護者,B,カテゴリ競合×比較/評判/料金/乗換え/特性,中,③B カテゴリ競合,家庭教師のサクシード,70,151.0,792.0,MEDIUM,サービス探し（家庭教師・塾・支援） | 比較検討・料金・申込 | ブランド・指名検索,KWP_KeywordSeed || KWP_CompetitorKeywordSeed
33176,家庭 教師 の サクシード 最悪,CORE,代表,C14279,1,家庭 教師 の サクシード 最悪,競合の不満・乗り換え,保護者,B,カテゴリ競合×比較/評判/料金/乗換え/特性,中,③B カテゴリ競合,家庭教師のサクシード,,,,UNSPECIFIED,サービス探し（家庭教師・塾・支援） | 比較検討・料金・申込 | ブランド・指名検索,KWP_CompetitorKeywordSeed
33167,家庭 教師 の サクシード 比較,CORE,代表,C14281,1,家庭 教師 の サクシード 比較,競合の比較検討（評判・料金）,保護者,B,カテゴリ競合×比較/評判/料金/乗換え/特性,中,③B カテゴリ競合,家庭教師のサクシード,,,,UNSPECIFIED,サービス探し（家庭教師・塾・支援） | 比較検討・料金・申込 | ブランド・指名検索,KWP_CompetitorKeywordSeed
33190,家庭 教師 の サクシード 申し込み,CORE,代表,C14283,1,家庭 教師 の サクシード 申し込み,競合の比較検討（評判・料金）,保護者,B,カテゴリ競合×比較/評判/料金/乗換え/特性,中,③B カテゴリ競合,家庭教師のサクシード,,,,UNSPECIFIED,サービス探し（家庭教師・塾・支援） | 比較検討・料金・申込 | ブランド・指名検索,KWP_CompetitorKeywordSeed
33192,家庭 教師 の サクシード 発達 障害,CORE,代表,C14284,2,家庭 教師 の サクシード 発達 障害,競合×特性/不登校対応の確認,保護者,B,特性/不登校×家庭教師・塾・個別,高,③B カテゴリ競合,家庭教師のサクシード,,,,UNSPECIFIED,サービス探し（家庭教師・塾・支援） | ブランド・指名検索,KWP_CompetitorKeywordSeed
33197,家庭 教師 の サクシード 自 閉 症,CORE,代表,C14285,1,家庭 教師 の サクシード 自 閉 症,競合×特性/不登校対応の確認,保護者,B,特性/不登校×家庭教師・塾・個別,高,③B カテゴリ競合,家庭教師のサクシード,,,,UNSPECIFIED,サービス探し（家庭教師・塾・支援） | ブランド・指名検索,KWP_CompetitorKeywordSeed
33184,家庭 教師 の サクシード 解約,CORE,代表,C14286,1,家庭 教師 の サクシード 解約,競合の不満・乗り換え,保護者,B,カテゴリ競合×比較/評判/料金/乗換え/特性,中,③B カテゴリ競合,家庭教師のサクシード,,,,UNSPECIFIED,サービス探し（家庭教師・塾・支援） | 比較検討・料金・申込 | ブランド・指名検索,KWP_CompetitorKeywordSeed
33158,家庭 教師 の サクシード 評価,CORE,代表,C14287,1,家庭 教師 の サクシード 評価,競合の比較検討（評判・料金）,保護者,B,カテゴリ競合×比較/評判/料金/乗換え/特性,中,③B カテゴリ競合,家庭教師のサクシード,,,,UNSPECIFIED,サービス探し（家庭教師・塾・支援） | 比較検討・料金・申込 | ブランド・指名検索,KWP_CompetitorKeywordSeed
33002,家庭 教師 サクシード 評判,CORE,代表,C14288,4,家庭 教師 サクシード 評判,競合の比較検討（評判・料金）,保護者,B,カテゴリ競合×比較/評判/料金/乗換え/特性,中,③B カテゴリ競合,家庭教師のサクシード,210,206.0,769.0,MEDIUM,サービス探し（家庭教師・塾・支援） | 比較検討・料金・申込 | ブランド・指名検索,KWP_CompetitorKeywordSeed || Google_competitor_suggest
33189,家庭 教師 の サクシード 資料 請求,CORE,代表,C14289,1,家庭 教師 の サクシード 資料 請求,競合の比較検討（評判・料金）,保護者,B,カテゴリ競合×比較/評判/料金/乗換え/特性,中,③B カテゴリ競合,家庭教師のサクシード,,,,UNSPECIFIED,サービス探し（家庭教師・塾・支援） | 比較検討・料金・申込 | ブランド・指名検索,KWP_CompetitorKeywordSeed
33159,家庭 教師 の サクシード 費用,CORE,代表,C14290,1,家庭 教師 の サクシード 費用,競合の比較検討（評判・料金）,保護者,B,カテゴリ競合×比較/評判/料金/乗換え/特性,中,③B カテゴリ競合,家庭教師のサクシード,,,,UNSPECIFIED,サービス探し（家庭教師・塾・支援） | 比較検討・料金・申込 | ブランド・指名検索,KWP_CompetitorKeywordSeed
33183,家庭 教師 の サクシード 退会,CORE,代表,C14291,1,家庭 教師 の サクシード 退会,競合の不満・乗り換え,保護者,B,カテゴリ競合×比較/評判/料金/乗換え/特性,中,③B カテゴリ競合,家庭教師のサクシード,,,,UNSPECIFIED,サービス探し（家庭教師・塾・支援） | 合わない・断られた・乗り換え | ブランド・指名検索,KWP_CompetitorKeywordSeed
33165,家庭 教師 の サクシード 高い,CORE,代表,C14294,1,家庭 教師 の サクシード 高い,競合の比較検討（評判・料金）,保護者,B,カテゴリ競合×比較/評判/料金/乗換え/特性,中,③B カテゴリ競合,家庭教師のサクシード,,,,UNSPECIFIED,サービス探し（家庭教師・塾・支援） | 比較検討・料金・申込 | ブランド・指名検索,KWP_CompetitorKeywordSeed
2413,授業 対策 サクシード 料金,CORE,代表,C14296,1,授業 対策 サクシード 料金,競合の比較検討（評判・料金）,保護者,B,カテゴリ競合×比較/評判/料金/乗換え/特性,中,③B カテゴリ競合,家庭教師のサクシード,10,,,UNSPECIFIED,比較検討・料金・申込 | 学習のやり方・学習課題 | ブランド・指名検索,KWP_KeywordSeed || KWP_CompetitorKeywordSeed || Google_competitor_suggest
33037,授業 対策 サクシード 評判,CORE,代表,C14297,1,授業 対策 サクシード 評判,競合の比較検討（評判・料金）,保護者,B,カテゴリ競合×比較/評判/料金/乗換え/特性,中,③B カテゴリ競合,家庭教師のサクシード,10,,,UNSPECIFIED,比較検討・料金・申込 | 学習のやり方・学習課題 | ブランド・指名検索,KWP_CompetitorKeywordSeed
47632,サクシード 発達障害,CORE,代表,C14316,1,サクシード 発達障害,競合×特性/不登校対応の確認,保護者,B,カテゴリ競合×比較/評判/料金/乗換え/特性,中,③B カテゴリ競合,家庭教師のサクシード,,,,UNSPECIFIED,ブランド・指名検索,Google_competitor_suggest
33114,サクシード グレー ゾーン,CORE,代表,C14338,1,サクシード グレー ゾーン,競合×特性/不登校対応の確認,保護者,B,カテゴリ競合×比較/評判/料金/乗換え/特性,中,③B カテゴリ競合,家庭教師のサクシード,,,,UNSPECIFIED,ブランド・指名検索,KWP_CompetitorKeywordSeed
33126,サクシード グレー ゾーン 口コミ,CORE,代表,C14339,1,サクシード グレー ゾーン 口コミ,競合の比較検討（評判・料金）,保護者,B,カテゴリ競合×比較/評判/料金/乗換え/特性,中,③B カテゴリ競合,家庭教師のサクシード,,,,UNSPECIFIED,比較検討・料金・申込 | ブランド・指名検索,KWP_CompetitorKeywordSeed
33194,家庭 教師 の サクシード グレー ゾーン,CORE,代表,C14340,1,家庭 教師 の サクシード グレー ゾーン,競合×特性/不登校対応の確認,保護者,B,特性/不登校×家庭教師・塾・個別,高,③B カテゴリ競合,家庭教師のサクシード,,,,UNSPECIFIED,サービス探し（家庭教師・塾・支援） | ブランド・指名検索,KWP_CompetitorKeywordSeed
33139,サクシード グレー ゾーン 料金,CORE,代表,C14341,1,サクシード グレー ゾーン 料金,競合の比較検討（評判・料金）,保護者,B,カテゴリ競合×比較/評判/料金/乗換え/特性,中,③B カテゴリ競合,家庭教師のサクシード,,,,UNSPECIFIED,比較検討・料金・申込 | ブランド・指名検索,KWP_CompetitorKeywordSeed
33133,サクシード グレー ゾーン 評判,CORE,代表,C14342,1,サクシード グレー ゾーン 評判,競合の比較検討（評判・料金）,保護者,B,カテゴリ競合×比較/評判/料金/乗換え/特性,中,③B カテゴリ競合,家庭教師のサクシード,,,,UNSPECIFIED,比較検討・料金・申込 | ブランド・指名検索,KWP_CompetitorKeywordSeed
33155,家庭 教師 の サクシード レビュー,CORE,代表,C14350,2,家庭 教師 の サクシード レビュー,競合の比較検討（評判・料金）,保護者,B,カテゴリ競合×比較/評判/料金/乗換え/特性,中,③B カテゴリ競合,家庭教師のサクシード,70,114.0,828.0,LOW,サービス探し（家庭教師・塾・支援） | 比較検討・料金・申込 | ブランド・指名検索,KWP_CompetitorKeywordSeed
2555,サクラ サクセス 料金,CORE,代表,C14355,1,サクラ サクセス 料金,競合の比較検討（評判・料金）,保護者,B,カテゴリ競合×比較/評判/料金/乗換え/特性,中,③B カテゴリ競合,サクラサクセス,90,66.0,432.0,MEDIUM,比較検討・料金・申込 | ブランド・指名検索,KWP_KeywordSeed
17123,トライ 不 登校 サポート,CORE,代表,C14458,1,トライ 不 登校 サポート,競合×特性/不登校対応の確認,保護者,B,カテゴリ競合×比較/評判/料金/乗換え/特性,中,③B カテゴリ競合,家庭教師のトライ,50,148.0,332.0,MEDIUM,学校生活・不登校・学校種別 | ブランド・指名検索,KWP_UrlSeed || KWP_CompetitorKeywordSeed
705,塾 不 登校 サポート,CORE,代表,C14460,1,塾 不 登校 サポート,サービス探し（特性/不登校×学習支援）,保護者,A,特性/不登校×家庭教師・塾・個別,高,②顕在,,20,250.0,870.0,HIGH,サービス探し（家庭教師・塾・支援） | 学校生活・不登校・学校種別,KWP_KeywordSeed
47836,明光義塾 料金 シュミレーション,CORE,代表,C14514,1,明光義塾 料金 シュミレーション,競合の比較検討（評判・料金）,保護者,B,カテゴリ競合×比較/評判/料金/乗換え/特性,中,③B カテゴリ競合,個別指導の明光義塾,70,167.0,2775.0,MEDIUM,サービス探し（家庭教師・塾・支援） | 比較検討・料金・申込 | ブランド・指名検索,Google_competitor_suggest
37046,シュレッダー 明光 商会 価格,CORE,代表,C14515,2,シュレッダー 明光 商会 価格,競合の比較検討（評判・料金）,保護者,B,カテゴリ競合×比較/評判/料金/乗換え/特性,中,③B カテゴリ競合,個別指導の明光義塾,20,,,HIGH,比較検討・料金・申込 | ブランド・指名検索,KWP_CompetitorKeywordSeed
35216,ジップス 家庭 教師 レビュー,CORE,代表,C14596,1,ジップス 家庭 教師 レビュー,競合の比較検討（評判・料金）,保護者,B,カテゴリ競合×比較/評判/料金/乗換え/特性,中,③B カテゴリ競合,オンライン家庭教師GIPS,,,,UNSPECIFIED,サービス探し（家庭教師・塾・支援） | 比較検討・料金・申込 | ブランド・指名検索,KWP_CompetitorKeywordSeed
35263,ジップス 家庭 教師 不 登校,CORE,代表,C14597,1,ジップス 家庭 教師 不 登校,競合×特性/不登校対応の確認,保護者,B,特性/不登校×家庭教師・塾・個別,高,③B カテゴリ競合,オンライン家庭教師GIPS,,,,UNSPECIFIED,サービス探し（家庭教師・塾・支援） | 学校生活・不登校・学校種別 | ブランド・指名検索,KWP_CompetitorKeywordSeed
35249,ジップス 家庭 教師 体験 授業,CORE,代表,C14601,1,ジップス 家庭 教師 体験 授業,競合の比較検討（評判・料金）,保護者,B,カテゴリ競合×比較/評判/料金/乗換え/特性,中,③B カテゴリ競合,オンライン家庭教師GIPS,,,,UNSPECIFIED,サービス探し（家庭教師・塾・支援） | 比較検討・料金・申込 | 学習のやり方・学習課題 | ブランド・指名検索,KWP_CompetitorKeywordSeed
35248,ジップス 家庭 教師 体験,CORE,代表,C14602,1,ジップス 家庭 教師 体験,競合の比較検討（評判・料金）,保護者,B,カテゴリ競合×比較/評判/料金/乗換え/特性,中,③B カテゴリ競合,オンライン家庭教師GIPS,,,,UNSPECIFIED,サービス探し（家庭教師・塾・支援） | 比較検討・料金・申込 | ブランド・指名検索,KWP_CompetitorKeywordSeed
35247,ジップス 家庭 教師 無料 体験,CORE,代表,C14603,1,ジップス 家庭 教師 無料 体験,競合の比較検討（評判・料金）,保護者,B,カテゴリ競合×比較/評判/料金/乗換え/特性,中,③B カテゴリ競合,オンライン家庭教師GIPS,,,,UNSPECIFIED,サービス探し（家庭教師・塾・支援） | 比較検討・料金・申込 | ブランド・指名検索,KWP_CompetitorKeywordSeed
35217,ジップス 家庭 教師 体験 談,CORE,代表,C14604,1,ジップス 家庭 教師 体験 談,競合の比較検討（評判・料金）,保護者,B,カテゴリ競合×比較/評判/料金/乗換え/特性,中,③B カテゴリ競合,オンライン家庭教師GIPS,,,,UNSPECIFIED,サービス探し（家庭教師・塾・支援） | 比較検討・料金・申込 | ブランド・指名検索,KWP_CompetitorKeywordSeed
35253,ジップス 家庭 教師 入会,CORE,代表,C14605,1,ジップス 家庭 教師 入会,競合の比較検討（評判・料金）,保護者,B,カテゴリ競合×比較/評判/料金/乗換え/特性,中,③B カテゴリ競合,オンライン家庭教師GIPS,,,,UNSPECIFIED,サービス探し（家庭教師・塾・支援） | 比較検討・料金・申込 | ブランド・指名検索,KWP_CompetitorKeywordSeed
35225,ジップス 家庭 教師 入会 金,CORE,代表,C14606,1,ジップス 家庭 教師 入会 金,競合の比較検討（評判・料金）,保護者,B,カテゴリ競合×比較/評判/料金/乗換え/特性,中,③B カテゴリ競合,オンライン家庭教師GIPS,,,,UNSPECIFIED,サービス探し（家庭教師・塾・支援） | 比較検討・料金・申込 | ブランド・指名検索,KWP_CompetitorKeywordSeed
35214,ジップス 家庭 教師 口コミ,CORE,代表,C14609,1,ジップス 家庭 教師 口コミ,競合の比較検討（評判・料金）,保護者,B,カテゴリ競合×比較/評判/料金/乗換え/特性,中,③B カテゴリ競合,オンライン家庭教師GIPS,,,,UNSPECIFIED,サービス探し（家庭教師・塾・支援） | 比較検討・料金・申込 | ブランド・指名検索,KWP_CompetitorKeywordSeed
35262,ジップス 家庭 教師 境界 知能,CORE,代表,C14610,1,ジップス 家庭 教師 境界 知能,競合×特性/不登校対応の確認,保護者,B,特性/不登校×家庭教師・塾・個別,高,③B カテゴリ競合,オンライン家庭教師GIPS,,,,UNSPECIFIED,サービス探し（家庭教師・塾・支援） | ブランド・指名検索,KWP_CompetitorKeywordSeed
35239,ジップス 家庭 教師 失敗,CORE,代表,C14611,1,ジップス 家庭 教師 失敗,競合の不満・乗り換え,保護者,B,カテゴリ競合×比較/評判/料金/乗換え/特性,中,③B カテゴリ競合,オンライン家庭教師GIPS,,,,UNSPECIFIED,サービス探し（家庭教師・塾・支援） | 比較検討・料金・申込 | ブランド・指名検索,KWP_CompetitorKeywordSeed
35260,ジップス 家庭 教師 ld,CORE,代表,C14612,2,ジップス 家庭 教師 ld,競合×特性/不登校対応の確認,保護者,B,特性/不登校×家庭教師・塾・個別,高,③B カテゴリ競合,オンライン家庭教師GIPS,,,,UNSPECIFIED,サービス探し（家庭教師・塾・支援） | ブランド・指名検索,KWP_CompetitorKeywordSeed
35228,ジップス 家庭 教師 安い,CORE,代表,C14613,1,ジップス 家庭 教師 安い,競合の比較検討（評判・料金）,保護者,B,カテゴリ競合×比較/評判/料金/乗換え/特性,中,③B カテゴリ競合,オンライン家庭教師GIPS,,,,UNSPECIFIED,サービス探し（家庭教師・塾・支援） | 比較検討・料金・申込 | ブランド・指名検索,KWP_CompetitorKeywordSeed
35240,ジップス 家庭 教師 後悔,CORE,代表,C14615,1,ジップス 家庭 教師 後悔,競合の不満・乗り換え,保護者,B,カテゴリ競合×比較/評判/料金/乗換え/特性,中,③B カテゴリ競合,オンライン家庭教師GIPS,,,,UNSPECIFIED,サービス探し（家庭教師・塾・支援） | 比較検討・料金・申込 | ブランド・指名検索,KWP_CompetitorKeywordSeed
35237,ジップス 家庭 教師 怪しい,CORE,代表,C14616,1,ジップス 家庭 教師 怪しい,競合の不満・乗り換え,保護者,B,カテゴリ競合×比較/評判/料金/乗換え/特性,中,③B カテゴリ競合,オンライン家庭教師GIPS,,,,UNSPECIFIED,サービス探し（家庭教師・塾・支援） | 比較検討・料金・申込 | ブランド・指名検索,KWP_CompetitorKeywordSeed
35218,ジップス 家庭 教師 感想,CORE,代表,C14617,1,ジップス 家庭 教師 感想,競合の比較検討（評判・料金）,保護者,B,カテゴリ競合×比較/評判/料金/乗換え/特性,中,③B カテゴリ競合,オンライン家庭教師GIPS,,,,UNSPECIFIED,サービス探し（家庭教師・塾・支援） | 比較検討・料金・申込 | ブランド・指名検索,KWP_CompetitorKeywordSeed
35220,ジップス 家庭 教師 料金,CORE,代表,C14620,4,ジップス 家庭 教師 料金,競合の比較検討（評判・料金）,保護者,B,カテゴリ競合×比較/評判/料金/乗換え/特性,中,③B カテゴリ競合,オンライン家庭教師GIPS,,,,UNSPECIFIED,サービス探し（家庭教師・塾・支援） | 比較検討・料金・申込 | ブランド・指名検索,KWP_CompetitorKeywordSeed
35238,ジップス 家庭 教師 最悪,CORE,代表,C14621,1,ジップス 家庭 教師 最悪,競合の不満・乗り換え,保護者,B,カテゴリ競合×比較/評判/料金/乗換え/特性,中,③B カテゴリ競合,オンライン家庭教師GIPS,,,,UNSPECIFIED,サービス探し（家庭教師・塾・支援） | 比較検討・料金・申込 | ブランド・指名検索,KWP_CompetitorKeywordSeed
35229,ジップス 家庭 教師 比較,CORE,代表,C14622,1,ジップス 家庭 教師 比較,競合の比較検討（評判・料金）,保護者,B,カテゴリ競合×比較/評判/料金/乗換え/特性,中,③B カテゴリ競合,オンライン家庭教師GIPS,,,,UNSPECIFIED,サービス探し（家庭教師・塾・支援） | 比較検討・料金・申込 | ブランド・指名検索,KWP_CompetitorKeywordSeed
35252,ジップス 家庭 教師 申し込み,CORE,代表,C14624,1,ジップス 家庭 教師 申し込み,競合の比較検討（評判・料金）,保護者,B,カテゴリ競合×比較/評判/料金/乗換え/特性,中,③B カテゴリ競合,オンライン家庭教師GIPS,,,,UNSPECIFIED,サービス探し（家庭教師・塾・支援） | 比較検討・料金・申込 | ブランド・指名検索,KWP_CompetitorKeywordSeed
35254,ジップス 家庭 教師 発達 障害,CORE,代表,C14625,2,ジップス 家庭 教師 発達 障害,競合×特性/不登校対応の確認,保護者,B,特性/不登校×家庭教師・塾・個別,高,③B カテゴリ競合,オンライン家庭教師GIPS,,,,UNSPECIFIED,サービス探し（家庭教師・塾・支援） | ブランド・指名検索,KWP_CompetitorKeywordSeed
35259,ジップス 家庭 教師 自 閉 症,CORE,代表,C14626,1,ジップス 家庭 教師 自 閉 症,競合×特性/不登校対応の確認,保護者,B,特性/不登校×家庭教師・塾・個別,高,③B カテゴリ競合,オンライン家庭教師GIPS,,,,UNSPECIFIED,サービス探し（家庭教師・塾・支援） | ブランド・指名検索,KWP_CompetitorKeywordSeed
35246,ジップス 家庭 教師 解約,CORE,代表,C14627,1,ジップス 家庭 教師 解約,競合の不満・乗り換え,保護者,B,カテゴリ競合×比較/評判/料金/乗換え/特性,中,③B カテゴリ競合,オンライン家庭教師GIPS,,,,UNSPECIFIED,サービス探し（家庭教師・塾・支援） | 比較検討・料金・申込 | ブランド・指名検索,KWP_CompetitorKeywordSeed
35219,ジップス 家庭 教師 評価,CORE,代表,C14628,1,ジップス 家庭 教師 評価,競合の比較検討（評判・料金）,保護者,B,カテゴリ競合×比較/評判/料金/乗換え/特性,中,③B カテゴリ競合,オンライン家庭教師GIPS,,,,UNSPECIFIED,サービス探し（家庭教師・塾・支援） | 比較検討・料金・申込 | ブランド・指名検索,KWP_CompetitorKeywordSeed
35215,ジップス 家庭 教師 評判,CORE,代表,C14629,1,ジップス 家庭 教師 評判,競合の比較検討（評判・料金）,保護者,B,カテゴリ競合×比較/評判/料金/乗換え/特性,中,③B カテゴリ競合,オンライン家庭教師GIPS,,,,UNSPECIFIED,サービス探し（家庭教師・塾・支援） | 比較検討・料金・申込 | ブランド・指名検索,KWP_CompetitorKeywordSeed
35251,ジップス 家庭 教師 資料 請求,CORE,代表,C14630,1,ジップス 家庭 教師 資料 請求,競合の比較検討（評判・料金）,保護者,B,カテゴリ競合×比較/評判/料金/乗換え/特性,中,③B カテゴリ競合,オンライン家庭教師GIPS,,,,UNSPECIFIED,サービス探し（家庭教師・塾・支援） | 比較検討・料金・申込 | ブランド・指名検索,KWP_CompetitorKeywordSeed
35221,ジップス 家庭 教師 費用,CORE,代表,C14631,1,ジップス 家庭 教師 費用,競合の比較検討（評判・料金）,保護者,B,カテゴリ競合×比較/評判/料金/乗換え/特性,中,③B カテゴリ競合,オンライン家庭教師GIPS,,,,UNSPECIFIED,サービス探し（家庭教師・塾・支援） | 比較検討・料金・申込 | ブランド・指名検索,KWP_CompetitorKeywordSeed
35245,ジップス 家庭 教師 退会,CORE,代表,C14632,1,ジップス 家庭 教師 退会,競合の不満・乗り換え,保護者,B,カテゴリ競合×比較/評判/料金/乗換え/特性,中,③B カテゴリ競合,オンライン家庭教師GIPS,,,,UNSPECIFIED,サービス探し（家庭教師・塾・支援） | 合わない・断られた・乗り換え | ブランド・指名検索,KWP_CompetitorKeywordSeed
35227,ジップス 家庭 教師 高い,CORE,代表,C14634,1,ジップス 家庭 教師 高い,競合の比較検討（評判・料金）,保護者,B,カテゴリ競合×比較/評判/料金/乗換え/特性,中,③B カテゴリ競合,オンライン家庭教師GIPS,,,,UNSPECIFIED,サービス探し（家庭教師・塾・支援） | 比較検討・料金・申込 | ブランド・指名検索,KWP_CompetitorKeywordSeed
34358,ジャンプ 家庭 教師 デメリット,CORE,代表,C14643,2,ジャンプ 家庭 教師 デメリット,競合指名・周辺,保護者,B,直接競合（特性/不登校×1対1学習支援）,高,③A 直接競合,プロ家庭教師のジャンプ,,,,UNSPECIFIED,サービス探し（家庭教師・塾・支援） | 比較検討・料金・申込 | ブランド・指名検索,KWP_CompetitorKeywordSeed
48820,プロ家庭教師のジャンプ レビュー,CORE,代表,C14644,1,プロ家庭教師のジャンプ レビュー,競合の比較検討（評判・料金）,保護者,B,直接競合（特性/不登校×1対1学習支援）,高,③A 直接競合,プロ家庭教師のジャンプ,20,337.0,593.0,LOW,サービス探し（家庭教師・塾・支援） | 比較検討・料金・申込 | ブランド・指名検索,Google_competitor_suggest
6102,プロ 家庭 教師 の ジャンプ,CORE,代表,C14646,2,プロ 家庭 教師 の ジャンプ,競合指名・周辺,保護者,B,直接競合（特性/不登校×1対1学習支援）,高,③A 直接競合,プロ家庭教師のジャンプ,140,219.0,674.0,LOW,サービス探し（家庭教師・塾・支援） | ブランド・指名検索,KWP_KeywordSeed || KWP_CompetitorKeywordSeed
48822,プロ家庭教師のジャンプ 料金,CORE,代表,C14647,1,プロ家庭教師のジャンプ 料金,競合の比較検討（評判・料金）,保護者,B,直接競合（特性/不登校×1対1学習支援）,高,③A 直接競合,プロ家庭教師のジャンプ,,,,UNSPECIFIED,サービス探し（家庭教師・塾・支援） | 比較検討・料金・申込 | ブランド・指名検索,Google_competitor_suggest
34359,ジャンプ 家庭 教師 メリット,CORE,代表,C14649,2,ジャンプ 家庭 教師 メリット,競合指名・周辺,保護者,B,直接競合（特性/不登校×1対1学習支援）,高,③A 直接競合,プロ家庭教師のジャンプ,,,,UNSPECIFIED,サービス探し（家庭教師・塾・支援） | ブランド・指名検索,KWP_CompetitorKeywordSeed
34339,ジャンプ 家庭 教師 レビュー,CORE,代表,C14650,2,ジャンプ 家庭 教師 レビュー,競合の比較検討（評判・料金）,保護者,B,直接競合（特性/不登校×1対1学習支援）,高,③A 直接競合,プロ家庭教師のジャンプ,,,,UNSPECIFIED,サービス探し（家庭教師・塾・支援） | 比較検討・料金・申込 | ブランド・指名検索,KWP_CompetitorKeywordSeed
47698,家庭教師のジャンプ ローカル,CORE,代表,C14651,1,家庭教師のジャンプ ローカル,競合指名・周辺,保護者,B,直接競合（特性/不登校×1対1学習支援）,高,③A 直接競合,プロ家庭教師のジャンプ,,,,UNSPECIFIED,サービス探し（家庭教師・塾・支援） | ブランド・指名検索,Google_competitor_suggest
34317,家庭 教師 の ジャンプ 不 登校 口コミ,CORE,代表,C14652,1,家庭 教師 の ジャンプ 不 登校 口コミ,競合の比較検討（評判・料金）,保護者,B,特性/不登校×家庭教師・塾・個別,高,③A 直接競合,プロ家庭教師のジャンプ,,,,UNSPECIFIED,サービス探し（家庭教師・塾・支援） | 比較検討・料金・申込 | 学校生活・不登校・学校種別 | ブランド・指名検索,KWP_CompetitorKeywordSeed
34337,家庭 教師 の ジャンプ 不 登校 料金,CORE,代表,C14653,1,家庭 教師 の ジャンプ 不 登校 料金,競合の比較検討（評判・料金）,保護者,B,特性/不登校×家庭教師・塾・個別,高,③A 直接競合,プロ家庭教師のジャンプ,,,,UNSPECIFIED,サービス探し（家庭教師・塾・支援） | 比較検討・料金・申込 | 学校生活・不登校・学校種別 | ブランド・指名検索,KWP_CompetitorKeywordSeed
34386,ジャンプ 家庭 教師 不 登校,CORE,代表,C14654,2,ジャンプ 家庭 教師 不 登校,競合×特性/不登校対応の確認,保護者,B,特性/不登校×家庭教師・塾・個別,高,③A 直接競合,プロ家庭教師のジャンプ,,,,UNSPECIFIED,サービス探し（家庭教師・塾・支援） | 学校生活・不登校・学校種別 | ブランド・指名検索,KWP_CompetitorKeywordSeed
34327,家庭 教師 の ジャンプ 不 登校 評判,CORE,代表,C14655,1,家庭 教師 の ジャンプ 不 登校 評判,競合の比較検討（評判・料金）,保護者,B,特性/不登校×家庭教師・塾・個別,高,③A 直接競合,プロ家庭教師のジャンプ,,,,UNSPECIFIED,サービス探し（家庭教師・塾・支援） | 比較検討・料金・申込 | 学校生活・不登校・学校種別 | ブランド・指名検索,KWP_CompetitorKeywordSeed
34391,ジャンプ 家庭 教師 中学 受験,CORE,代表,C14656,2,ジャンプ 家庭 教師 中学 受験,競合指名・周辺,保護者,B,直接競合（特性/不登校×1対1学習支援）,高,③A 直接競合,プロ家庭教師のジャンプ,,,,UNSPECIFIED,サービス探し（家庭教師・塾・支援） | 受験・進路 | ブランド・指名検索,KWP_CompetitorKeywordSeed
34388,ジャンプ 家庭 教師 中学生,CORE,代表,C14658,2,ジャンプ 家庭 教師 中学生,競合指名・周辺,保護者,B,直接競合（特性/不登校×1対1学習支援）,高,③A 直接競合,プロ家庭教師のジャンプ,,,,UNSPECIFIED,サービス探し（家庭教師・塾・支援） | ブランド・指名検索,KWP_CompetitorKeywordSeed
34356,ジャンプ 家庭 教師 他社,CORE,代表,C14659,2,ジャンプ 家庭 教師 他社,競合指名・周辺,保護者,B,直接競合（特性/不登校×1対1学習支援）,高,③A 直接競合,プロ家庭教師のジャンプ,,,,UNSPECIFIED,サービス探し（家庭教師・塾・支援） | 比較検討・料金・申込 | ブランド・指名検索,KWP_CompetitorKeywordSeed
34372,ジャンプ 家庭 教師 体験 授業,CORE,代表,C14660,2,ジャンプ 家庭 教師 体験 授業,競合の比較検討（評判・料金）,保護者,B,直接競合（特性/不登校×1対1学習支援）,高,③A 直接競合,プロ家庭教師のジャンプ,,,,UNSPECIFIED,サービス探し（家庭教師・塾・支援） | 比較検討・料金・申込 | 学習のやり方・学習課題 | ブランド・指名検索,KWP_CompetitorKeywordSeed
34371,ジャンプ 家庭 教師 体験,CORE,代表,C14661,2,ジャンプ 家庭 教師 体験,競合の比較検討（評判・料金）,保護者,B,直接競合（特性/不登校×1対1学習支援）,高,③A 直接競合,プロ家庭教師のジャンプ,,,,UNSPECIFIED,サービス探し（家庭教師・塾・支援） | 比較検討・料金・申込 | ブランド・指名検索,KWP_CompetitorKeywordSeed
34370,ジャンプ 家庭 教師 無料 体験,CORE,代表,C14662,2,ジャンプ 家庭 教師 無料 体験,競合の比較検討（評判・料金）,保護者,B,直接競合（特性/不登校×1対1学習支援）,高,③A 直接競合,プロ家庭教師のジャンプ,,,,UNSPECIFIED,サービス探し（家庭教師・塾・支援） | 比較検討・料金・申込 | ブランド・指名検索,KWP_CompetitorKeywordSeed
34340,ジャンプ 家庭 教師 体験 談,CORE,代表,C14663,2,ジャンプ 家庭 教師 体験 談,競合の比較検討（評判・料金）,保護者,B,直接競合（特性/不登校×1対1学習支援）,高,③A 直接競合,プロ家庭教師のジャンプ,,,,UNSPECIFIED,サービス探し（家庭教師・塾・支援） | 比較検討・料金・申込 | ブランド・指名検索,KWP_CompetitorKeywordSeed
34376,ジャンプ 家庭 教師 入会,CORE,代表,C14664,2,ジャンプ 家庭 教師 入会,競合の比較検討（評判・料金）,保護者,B,直接競合（特性/不登校×1対1学習支援）,高,③A 直接競合,プロ家庭教師のジャンプ,,,,UNSPECIFIED,サービス探し（家庭教師・塾・支援） | 比較検討・料金・申込 | ブランド・指名検索,KWP_CompetitorKeywordSeed
34348,ジャンプ 家庭 教師 入会 金,CORE,代表,C14665,2,ジャンプ 家庭 教師 入会 金,競合の比較検討（評判・料金）,保護者,B,直接競合（特性/不登校×1対1学習支援）,高,③A 直接競合,プロ家庭教師のジャンプ,,,,UNSPECIFIED,サービス探し（家庭教師・塾・支援） | 比較検討・料金・申込 | ブランド・指名検索,KWP_CompetitorKeywordSeed
34392,ジャンプ 家庭 教師 大学 受験,CORE,代表,C14666,2,ジャンプ 家庭 教師 大学 受験,競合指名・周辺,保護者,B,直接競合（特性/不登校×1対1学習支援）,高,③A 直接競合,プロ家庭教師のジャンプ,,,,UNSPECIFIED,サービス探し（家庭教師・塾・支援） | 受験・進路 | ブランド・指名検索,KWP_CompetitorKeywordSeed
34390,ジャンプ 家庭 教師 高校 受験,CORE,代表,C14667,2,ジャンプ 家庭 教師 高校 受験,競合指名・周辺,保護者,B,直接競合（特性/不登校×1対1学習支援）,高,③A 直接競合,プロ家庭教師のジャンプ,,,,UNSPECIFIED,サービス探し（家庭教師・塾・支援） | 受験・進路 | ブランド・指名検索,KWP_CompetitorKeywordSeed
34316,家庭 教師 の ジャンプ 境界 知能 口コミ,CORE,代表,C14668,1,家庭 教師 の ジャンプ 境界 知能 口コミ,競合の比較検討（評判・料金）,保護者,B,特性/不登校×家庭教師・塾・個別,高,③A 直接競合,プロ家庭教師のジャンプ,,,,UNSPECIFIED,サービス探し（家庭教師・塾・支援） | 比較検討・料金・申込 | ブランド・指名検索,KWP_CompetitorKeywordSeed
34314,家庭 教師 の ジャンプ ld 口コミ,CORE,代表,C14669,2,家庭 教師 の ジャンプ ld 口コミ,競合の比較検討（評判・料金）,保護者,B,特性/不登校×家庭教師・塾・個別,高,③A 直接競合,プロ家庭教師のジャンプ,,,,UNSPECIFIED,サービス探し（家庭教師・塾・支援） | 比較検討・料金・申込 | ブランド・指名検索,KWP_CompetitorKeywordSeed
34252,家庭 教師 の ジャンプ 口コミ,CORE,代表,C14671,3,家庭 教師 の ジャンプ 口コミ,競合の比較検討（評判・料金）,保護者,B,直接競合（特性/不登校×1対1学習支援）,高,③A 直接競合,プロ家庭教師のジャンプ,20,282.0,882.0,LOW,サービス探し（家庭教師・塾・支援） | 比較検討・料金・申込 | ブランド・指名検索,KWP_CompetitorKeywordSeed
34308,家庭 教師 の ジャンプ 発達 障害 口コミ,CORE,代表,C14672,2,家庭 教師 の ジャンプ 発達 障害 口コミ,競合の比較検討（評判・料金）,保護者,B,特性/不登校×家庭教師・塾・個別,高,③A 直接競合,プロ家庭教師のジャンプ,,,,UNSPECIFIED,サービス探し（家庭教師・塾・支援） | 比較検討・料金・申込 | ブランド・指名検索,KWP_CompetitorKeywordSeed
34313,家庭 教師 の ジャンプ 自 閉 症 口コミ,CORE,代表,C14673,1,家庭 教師 の ジャンプ 自 閉 症 口コミ,競合の比較検討（評判・料金）,保護者,B,特性/不登校×家庭教師・塾・個別,高,③A 直接競合,プロ家庭教師のジャンプ,,,,UNSPECIFIED,サービス探し（家庭教師・塾・支援） | 比較検討・料金・申込 | ブランド・指名検索,KWP_CompetitorKeywordSeed
34336,家庭 教師 の ジャンプ 境界 知能 料金,CORE,代表,C14674,1,家庭 教師 の ジャンプ 境界 知能 料金,競合の比較検討（評判・料金）,保護者,B,特性/不登校×家庭教師・塾・個別,高,③A 直接競合,プロ家庭教師のジャンプ,,,,UNSPECIFIED,サービス探し（家庭教師・塾・支援） | 比較検討・料金・申込 | ブランド・指名検索,KWP_CompetitorKeywordSeed
34385,ジャンプ 家庭 教師 境界 知能,CORE,代表,C14675,2,ジャンプ 家庭 教師 境界 知能,競合×特性/不登校対応の確認,保護者,B,特性/不登校×家庭教師・塾・個別,高,③A 直接競合,プロ家庭教師のジャンプ,,,,UNSPECIFIED,サービス探し（家庭教師・塾・支援） | ブランド・指名検索,KWP_CompetitorKeywordSeed
34326,家庭 教師 の ジャンプ 境界 知能 評判,CORE,代表,C14676,1,家庭 教師 の ジャンプ 境界 知能 評判,競合の比較検討（評判・料金）,保護者,B,特性/不登校×家庭教師・塾・個別,高,③A 直接競合,プロ家庭教師のジャンプ,,,,UNSPECIFIED,サービス探し（家庭教師・塾・支援） | 比較検討・料金・申込 | ブランド・指名検索,KWP_CompetitorKeywordSeed
34362,ジャンプ 家庭 教師 失敗,CORE,代表,C14677,2,ジャンプ 家庭 教師 失敗,競合の不満・乗り換え,保護者,B,直接競合（特性/不登校×1対1学習支援）,高,③A 直接競合,プロ家庭教師のジャンプ,,,,UNSPECIFIED,サービス探し（家庭教師・塾・支援） | 比較検討・料金・申込 | ブランド・指名検索,KWP_CompetitorKeywordSeed
34334,家庭 教師 の ジャンプ ld 料金,CORE,代表,C14678,2,家庭 教師 の ジャンプ ld 料金,競合の比較検討（評判・料金）,保護者,B,特性/不登校×家庭教師・塾・個別,高,③A 直接競合,プロ家庭教師のジャンプ,,,,UNSPECIFIED,サービス探し（家庭教師・塾・支援） | 比較検討・料金・申込 | ブランド・指名検索,KWP_CompetitorKeywordSeed
34324,家庭 教師 の ジャンプ ld 評判,CORE,代表,C14679,2,家庭 教師 の ジャンプ ld 評判,競合の比較検討（評判・料金）,保護者,B,特性/不登校×家庭教師・塾・個別,高,③A 直接競合,プロ家庭教師のジャンプ,,,,UNSPECIFIED,サービス探し（家庭教師・塾・支援） | 比較検討・料金・申込 | ブランド・指名検索,KWP_CompetitorKeywordSeed
34383,ジャンプ 家庭 教師 ld,CORE,代表,C14680,4,ジャンプ 家庭 教師 ld,競合×特性/不登校対応の確認,保護者,B,特性/不登校×家庭教師・塾・個別,高,③A 直接競合,プロ家庭教師のジャンプ,,,,UNSPECIFIED,サービス探し（家庭教師・塾・支援） | ブランド・指名検索,KWP_CompetitorKeywordSeed
34351,ジャンプ 家庭 教師 安い,CORE,代表,C14681,2,ジャンプ 家庭 教師 安い,競合の比較検討（評判・料金）,保護者,B,直接競合（特性/不登校×1対1学習支援）,高,③A 直接競合,プロ家庭教師のジャンプ,,,,UNSPECIFIED,サービス探し（家庭教師・塾・支援） | 比較検討・料金・申込 | ブランド・指名検索,KWP_CompetitorKeywordSeed
34387,ジャンプ 家庭 教師 小学生,CORE,代表,C14682,2,ジャンプ 家庭 教師 小学生,競合指名・周辺,保護者,B,直接競合（特性/不登校×1対1学習支援）,高,③A 直接競合,プロ家庭教師のジャンプ,,,,UNSPECIFIED,サービス探し（家庭教師・塾・支援） | ブランド・指名検索,KWP_CompetitorKeywordSeed
34363,ジャンプ 家庭 教師 後悔,CORE,代表,C14683,2,ジャンプ 家庭 教師 後悔,競合の不満・乗り換え,保護者,B,直接競合（特性/不登校×1対1学習支援）,高,③A 直接競合,プロ家庭教師のジャンプ,,,,UNSPECIFIED,サービス探し（家庭教師・塾・支援） | 比較検討・料金・申込 | ブランド・指名検索,KWP_CompetitorKeywordSeed
34360,ジャンプ 家庭 教師 怪しい,CORE,代表,C14684,2,ジャンプ 家庭 教師 怪しい,競合の不満・乗り換え,保護者,B,直接競合（特性/不登校×1対1学習支援）,高,③A 直接競合,プロ家庭教師のジャンプ,,,,UNSPECIFIED,サービス探し（家庭教師・塾・支援） | 比較検討・料金・申込 | ブランド・指名検索,KWP_CompetitorKeywordSeed
34341,ジャンプ 家庭 教師 感想,CORE,代表,C14685,2,ジャンプ 家庭 教師 感想,競合の比較検討（評判・料金）,保護者,B,直接競合（特性/不登校×1対1学習支援）,高,③A 直接競合,プロ家庭教師のジャンプ,,,,UNSPECIFIED,サービス探し（家庭教師・塾・支援） | 比較検討・料金・申込 | ブランド・指名検索,KWP_CompetitorKeywordSeed
6059,ジャンプ 家庭 教師,CORE,代表,C14687,3,ジャンプ 家庭 教師,競合指名・周辺,保護者,B,直接競合（特性/不登校×1対1学習支援）,高,③A 直接競合,プロ家庭教師のジャンプ,320,227.0,616.0,MEDIUM,サービス探し（家庭教師・塾・支援） | ブランド・指名検索,KWP_KeywordSeed || KWP_CompetitorKeywordSeed
34349,ジャンプ 家庭 教師 教材 費,CORE,代表,C14688,2,ジャンプ 家庭 教師 教材 費,競合指名・周辺,保護者,B,直接競合（特性/不登校×1対1学習支援）,高,③A 直接競合,プロ家庭教師のジャンプ,,,,UNSPECIFIED,サービス探し（家庭教師・塾・支援） | 比較検討・料金・申込 | 教材・通信教育 | ブランド・指名検索,KWP_CompetitorKeywordSeed
34343,ジャンプ 家庭 教師 料金,CORE,代表,C14690,9,ジャンプ 家庭 教師 料金,競合の比較検討（評判・料金）,保護者,B,直接競合（特性/不登校×1対1学習支援）,高,③A 直接競合,プロ家庭教師のジャンプ,,,,UNSPECIFIED,サービス探し（家庭教師・塾・支援） | 比較検討・料金・申込 | ブランド・指名検索,KWP_CompetitorKeywordSeed
34328,家庭 教師 の ジャンプ 発達 障害 料金,CORE,代表,C14691,2,家庭 教師 の ジャンプ 発達 障害 料金,競合の比較検討（評判・料金）,保護者,B,特性/不登校×家庭教師・塾・個別,高,③A 直接競合,プロ家庭教師のジャンプ,,,,UNSPECIFIED,サービス探し（家庭教師・塾・支援） | 比較検討・料金・申込 | ブランド・指名検索,KWP_CompetitorKeywordSeed
34333,家庭 教師 の ジャンプ 自 閉 症 料金,CORE,代表,C14692,1,家庭 教師 の ジャンプ 自 閉 症 料金,競合の比較検討（評判・料金）,保護者,B,特性/不登校×家庭教師・塾・個別,高,③A 直接競合,プロ家庭教師のジャンプ,,,,UNSPECIFIED,サービス探し（家庭教師・塾・支援） | 比較検討・料金・申込 | ブランド・指名検索,KWP_CompetitorKeywordSeed
34361,ジャンプ 家庭 教師 最悪,CORE,代表,C14693,2,ジャンプ 家庭 教師 最悪,競合の不満・乗り換え,保護者,B,直接競合（特性/不登校×1対1学習支援）,高,③A 直接競合,プロ家庭教師のジャンプ,,,,UNSPECIFIED,サービス探し（家庭教師・塾・支援） | 比較検討・料金・申込 | ブランド・指名検索,KWP_CompetitorKeywordSeed
34352,ジャンプ 家庭 教師 比較,CORE,代表,C14694,2,ジャンプ 家庭 教師 比較,競合の比較検討（評判・料金）,保護者,B,直接競合（特性/不登校×1対1学習支援）,高,③A 直接競合,プロ家庭教師のジャンプ,,,,UNSPECIFIED,サービス探し（家庭教師・塾・支援） | 比較検討・料金・申込 | ブランド・指名検索,KWP_CompetitorKeywordSeed
46093,ジャンプ 家庭 教師 漫画,CORE,代表,C14695,1,ジャンプ 家庭 教師 漫画,競合指名・周辺,保護者,B,直接競合（特性/不登校×1対1学習支援）,高,③A 直接競合,プロ家庭教師のジャンプ,,,,UNSPECIFIED,サービス探し（家庭教師・塾・支援） | ブランド・指名検索,Google_competitor_SERP || Google_competitor_suggest
34373,ジャンプ 家庭 教師 無料 相談,CORE,代表,C14696,2,ジャンプ 家庭 教師 無料 相談,競合指名・周辺,保護者,B,直接競合（特性/不登校×1対1学習支援）,高,③A 直接競合,プロ家庭教師のジャンプ,,,,UNSPECIFIED,サービス探し（家庭教師・塾・支援） | 比較検討・料金・申込 | ブランド・指名検索,KWP_CompetitorKeywordSeed
34375,ジャンプ 家庭 教師 申し込み,CORE,代表,C14697,2,ジャンプ 家庭 教師 申し込み,競合の比較検討（評判・料金）,保護者,B,直接競合（特性/不登校×1対1学習支援）,高,③A 直接競合,プロ家庭教師のジャンプ,,,,UNSPECIFIED,サービス探し（家庭教師・塾・支援） | 比較検討・料金・申込 | ブランド・指名検索,KWP_CompetitorKeywordSeed
34318,家庭 教師 の ジャンプ 発達 障害 評判,CORE,代表,C14698,2,家庭 教師 の ジャンプ 発達 障害 評判,競合の比較検討（評判・料金）,保護者,B,特性/不登校×家庭教師・塾・個別,高,③A 直接競合,プロ家庭教師のジャンプ,,,,UNSPECIFIED,サービス探し（家庭教師・塾・支援） | 比較検討・料金・申込 | ブランド・指名検索,KWP_CompetitorKeywordSeed
34292,家庭 教師 の ジャンプ 発達 障害,CORE,代表,C14699,5,家庭 教師 の ジャンプ 発達 障害,競合×特性/不登校対応の確認,保護者,B,特性/不登校×家庭教師・塾・個別,高,③A 直接競合,プロ家庭教師のジャンプ,10,,,UNSPECIFIED,サービス探し（家庭教師・塾・支援） | ブランド・指名検索,KWP_CompetitorKeywordSeed
34382,ジャンプ 家庭 教師 自 閉 症,CORE,代表,C14700,2,ジャンプ 家庭 教師 自 閉 症,競合×特性/不登校対応の確認,保護者,B,特性/不登校×家庭教師・塾・個別,高,③A 直接競合,プロ家庭教師のジャンプ,,,,UNSPECIFIED,サービス探し（家庭教師・塾・支援） | ブランド・指名検索,KWP_CompetitorKeywordSeed
34323,家庭 教師 の ジャンプ 自 閉 症 評判,CORE,代表,C14701,1,家庭 教師 の ジャンプ 自 閉 症 評判,競合の比較検討（評判・料金）,保護者,B,特性/不登校×家庭教師・塾・個別,高,③A 直接競合,プロ家庭教師のジャンプ,,,,UNSPECIFIED,サービス探し（家庭教師・塾・支援） | 比較検討・料金・申込 | ブランド・指名検索,KWP_CompetitorKeywordSeed
34369,ジャンプ 家庭 教師 解約,CORE,代表,C14702,2,ジャンプ 家庭 教師 解約,競合の不満・乗り換え,保護者,B,直接競合（特性/不登校×1対1学習支援）,高,③A 直接競合,プロ家庭教師のジャンプ,,,,UNSPECIFIED,サービス探し（家庭教師・塾・支援） | 比較検討・料金・申込 | ブランド・指名検索,KWP_CompetitorKeywordSeed
34342,ジャンプ 家庭 教師 評価,CORE,代表,C14703,2,ジャンプ 家庭 教師 評価,競合の比較検討（評判・料金）,保護者,B,直接競合（特性/不登校×1対1学習支援）,高,③A 直接競合,プロ家庭教師のジャンプ,,,,UNSPECIFIED,サービス探し（家庭教師・塾・支援） | 比較検討・料金・申込 | ブランド・指名検索,KWP_CompetitorKeywordSeed
34248,家庭 教師 の ジャンプ 評判,CORE,代表,C14705,4,家庭 教師 の ジャンプ 評判,競合の比較検討（評判・料金）,保護者,B,直接競合（特性/不登校×1対1学習支援）,高,③A 直接競合,プロ家庭教師のジャンプ,30,221.0,905.0,LOW,サービス探し（家庭教師・塾・支援） | 比較検討・料金・申込 | ブランド・指名検索,KWP_CompetitorKeywordSeed
34374,ジャンプ 家庭 教師 資料 請求,CORE,代表,C14706,2,ジャンプ 家庭 教師 資料 請求,競合の比較検討（評判・料金）,保護者,B,直接競合（特性/不登校×1対1学習支援）,高,③A 直接競合,プロ家庭教師のジャンプ,,,,UNSPECIFIED,サービス探し（家庭教師・塾・支援） | 比較検討・料金・申込 | ブランド・指名検索,KWP_CompetitorKeywordSeed
34344,ジャンプ 家庭 教師 費用,CORE,代表,C14707,2,ジャンプ 家庭 教師 費用,競合の比較検討（評判・料金）,保護者,B,直接競合（特性/不登校×1対1学習支援）,高,③A 直接競合,プロ家庭教師のジャンプ,,,,UNSPECIFIED,サービス探し（家庭教師・塾・支援） | 比較検討・料金・申込 | ブランド・指名検索,KWP_CompetitorKeywordSeed
34368,ジャンプ 家庭 教師 退会,CORE,代表,C14709,2,ジャンプ 家庭 教師 退会,競合の不満・乗り換え,保護者,B,直接競合（特性/不登校×1対1学習支援）,高,③A 直接競合,プロ家庭教師のジャンプ,,,,UNSPECIFIED,サービス探し（家庭教師・塾・支援） | 合わない・断られた・乗り換え | ブランド・指名検索,KWP_CompetitorKeywordSeed
34353,ジャンプ 家庭 教師 違い,CORE,代表,C14710,2,ジャンプ 家庭 教師 違い,競合指名・周辺,保護者,B,直接競合（特性/不登校×1対1学習支援）,高,③A 直接競合,プロ家庭教師のジャンプ,,,,UNSPECIFIED,サービス探し（家庭教師・塾・支援） | 比較検討・料金・申込 | ブランド・指名検索 | 特性そのものを調べる（とは・特徴・チェック）,KWP_CompetitorKeywordSeed
46092,家庭教師のジャンプ 静岡,CORE,代表,C14711,1,家庭教師のジャンプ 静岡,競合指名・周辺,保護者,B,直接競合（特性/不登校×1対1学習支援）,高,③A 直接競合,プロ家庭教師のジャンプ,10,,,LOW,サービス探し（家庭教師・塾・支援） | ブランド・指名検索,Google_competitor_SERP || Google_competitor_suggest
34350,ジャンプ 家庭 教師 高い,CORE,代表,C14712,2,ジャンプ 家庭 教師 高い,競合の比較検討（評判・料金）,保護者,B,直接競合（特性/不登校×1対1学習支援）,高,③A 直接競合,プロ家庭教師のジャンプ,,,,UNSPECIFIED,サービス探し（家庭教師・塾・支援） | 比較検討・料金・申込 | ブランド・指名検索,KWP_CompetitorKeywordSeed
34389,ジャンプ 家庭 教師 高校生,CORE,代表,C14713,2,ジャンプ 家庭 教師 高校生,競合指名・周辺,保護者,B,直接競合（特性/不登校×1対1学習支援）,高,③A 直接競合,プロ家庭教師のジャンプ,,,,UNSPECIFIED,サービス探し（家庭教師・塾・支援） | ブランド・指名検索,KWP_CompetitorKeywordSeed
34310,家庭 教師 の ジャンプ グレー ゾーン 口コミ,CORE,代表,C14714,1,家庭 教師 の ジャンプ グレー ゾーン 口コミ,競合の比較検討（評判・料金）,保護者,B,特性/不登校×家庭教師・塾・個別,高,③A 直接競合,プロ家庭教師のジャンプ,,,,UNSPECIFIED,サービス探し（家庭教師・塾・支援） | 比較検討・料金・申込 | ブランド・指名検索,KWP_CompetitorKeywordSeed
34294,家庭 教師 の ジャンプ グレー ゾーン,CORE,代表,C14715,1,家庭 教師 の ジャンプ グレー ゾーン,競合×特性/不登校対応の確認,保護者,B,特性/不登校×家庭教師・塾・個別,高,③A 直接競合,プロ家庭教師のジャンプ,,,,UNSPECIFIED,サービス探し（家庭教師・塾・支援） | ブランド・指名検索,KWP_CompetitorKeywordSeed
34330,家庭 教師 の ジャンプ グレー ゾーン 料金,CORE,代表,C14716,1,家庭 教師 の ジャンプ グレー ゾーン 料金,競合の比較検討（評判・料金）,保護者,B,特性/不登校×家庭教師・塾・個別,高,③A 直接競合,プロ家庭教師のジャンプ,,,,UNSPECIFIED,サービス探し（家庭教師・塾・支援） | 比較検討・料金・申込 | ブランド・指名検索,KWP_CompetitorKeywordSeed
34320,家庭 教師 の ジャンプ グレー ゾーン 評判,CORE,代表,C14717,1,家庭 教師 の ジャンプ グレー ゾーン 評判,競合の比較検討（評判・料金）,保護者,B,特性/不登校×家庭教師・塾・個別,高,③A 直接競合,プロ家庭教師のジャンプ,,,,UNSPECIFIED,サービス探し（家庭教師・塾・支援） | 比較検討・料金・申込 | ブランド・指名検索,KWP_CompetitorKeywordSeed
34424,プロ 家庭 教師 メガジュン 中学 受験,CORE,代表,C14723,1,プロ 家庭 教師 メガジュン 中学 受験,競合指名・周辺,保護者,B,直接競合（特性/不登校×1対1学習支援）,高,③A 直接競合,メガジュン,,,,UNSPECIFIED,サービス探し（家庭教師・塾・支援） | 受験・進路 | ブランド・指名検索,KWP_CompetitorKeywordSeed
34421,プロ 家庭 教師 メガジュン 中学生,CORE,代表,C14724,1,プロ 家庭 教師 メガジュン 中学生,競合指名・周辺,保護者,B,直接競合（特性/不登校×1対1学習支援）,高,③A 直接競合,メガジュン,,,,UNSPECIFIED,サービス探し（家庭教師・塾・支援） | ブランド・指名検索,KWP_CompetitorKeywordSeed
34425,プロ 家庭 教師 メガジュン 大学 受験,CORE,代表,C14725,1,プロ 家庭 教師 メガジュン 大学 受験,競合指名・周辺,保護者,B,直接競合（特性/不登校×1対1学習支援）,高,③A 直接競合,メガジュン,,,,UNSPECIFIED,サービス探し（家庭教師・塾・支援） | 受験・進路 | ブランド・指名検索,KWP_CompetitorKeywordSeed
34423,プロ 家庭 教師 メガジュン 高校 受験,CORE,代表,C14726,1,プロ 家庭 教師 メガジュン 高校 受験,競合指名・周辺,保護者,B,直接競合（特性/不登校×1対1学習支援）,高,③A 直接競合,メガジュン,,,,UNSPECIFIED,サービス探し（家庭教師・塾・支援） | 受験・進路 | ブランド・指名検索,KWP_CompetitorKeywordSeed
67076,プロ家庭教師 メガジュン 口コミ,CORE,代表,C14727,1,プロ家庭教師 メガジュン 口コミ,競合の比較検討（評判・料金）,保護者,B,直接競合（特性/不登校×1対1学習支援）,高,③A 直接競合,メガジュン,10,250.0,693.0,MEDIUM,サービス探し（家庭教師・塾・支援） | 比較検討・料金・申込 | ブランド・指名検索,CompetitorMatrix
34420,プロ 家庭 教師 メガジュン 小学生,CORE,代表,C14728,1,プロ 家庭 教師 メガジュン 小学生,競合指名・周辺,保護者,B,直接競合（特性/不登校×1対1学習支援）,高,③A 直接競合,メガジュン,,,,UNSPECIFIED,サービス探し（家庭教師・塾・支援） | ブランド・指名検索,KWP_CompetitorKeywordSeed
34394,プロ 家庭 教師 メガジュン,CORE,代表,C14729,2,プロ 家庭 教師 メガジュン,競合指名・周辺,保護者,B,直接競合（特性/不登校×1対1学習支援）,高,③A 直接競合,メガジュン,10,208.0,526.0,HIGH,サービス探し（家庭教師・塾・支援） | ブランド・指名検索,KWP_CompetitorKeywordSeed
47710,プロ家庭教師 メガジュン 料金,CORE,代表,C14730,1,プロ家庭教師 メガジュン 料金,競合の比較検討（評判・料金）,保護者,B,直接競合（特性/不登校×1対1学習支援）,高,③A 直接競合,メガジュン,,,,UNSPECIFIED,サービス探し（家庭教師・塾・支援） | 比較検討・料金・申込 | ブランド・指名検索,Google_competitor_suggest
34422,プロ 家庭 教師 メガジュン 高校生,CORE,代表,C14731,1,プロ 家庭 教師 メガジュン 高校生,競合指名・周辺,保護者,B,直接競合（特性/不登校×1対1学習支援）,高,③A 直接競合,メガジュン,,,,UNSPECIFIED,サービス探し（家庭教師・塾・支援） | ブランド・指名検索,KWP_CompetitorKeywordSeed
34393,メガジュン,CORE,代表,C14732,1,メガジュン,競合指名・周辺,保護者,B,直接競合（特性/不登校×1対1学習支援）,高,③A 直接競合,メガジュン,70,175.0,329.0,LOW,ブランド・指名検索,KWP_CompetitorKeywordSeed || Google_competitor_suggest
34412,メガジュン 他社,CORE,代表,C14733,1,メガジュン 他社,競合指名・周辺,保護者,B,直接競合（特性/不登校×1対1学習支援）,高,③A 直接競合,メガジュン,,,,UNSPECIFIED,比較検討・料金・申込 | ブランド・指名検索,KWP_CompetitorKeywordSeed
23667,メガジュン 口コミ,CORE,代表,C14734,1,メガジュン 口コミ,競合の比較検討（評判・料金）,保護者,B,直接競合（特性/不登校×1対1学習支援）,高,③A 直接競合,メガジュン,20,,,MEDIUM,比較検討・料金・申込 | ブランド・指名検索,KWP_UrlSeed || KWP_CompetitorKeywordSeed || CompetitorMatrix
47702,メガジュン 家庭教師,CORE,代表,C14735,1,メガジュン 家庭教師,競合指名・周辺,保護者,B,直接競合（特性/不登校×1対1学習支援）,高,③A 直接競合,メガジュン,20,177.0,450.0,HIGH,サービス探し（家庭教師・塾・支援） | ブランド・指名検索,Google_competitor_suggest
47711,家庭 教師 メガジュン 料金,CORE,代表,C14736,1,家庭 教師 メガジュン 料金,競合の比較検討（評判・料金）,保護者,B,直接競合（特性/不登校×1対1学習支援）,高,③A 直接競合,メガジュン,,,,UNSPECIFIED,サービス探し（家庭教師・塾・支援） | 比較検討・料金・申込 | ブランド・指名検索,Google_competitor_suggest
34398,メガジュン 感想,CORE,代表,C14737,1,メガジュン 感想,競合の比較検討（評判・料金）,保護者,B,直接競合（特性/不登校×1対1学習支援）,高,③A 直接競合,メガジュン,,,,UNSPECIFIED,比較検討・料金・申込 | ブランド・指名検索,KWP_CompetitorKeywordSeed
34405,メガジュン 教材 費,CORE,代表,C14738,1,メガジュン 教材 費,競合指名・周辺,保護者,B,直接競合（特性/不登校×1対1学習支援）,高,③A 直接競合,メガジュン,,,,UNSPECIFIED,比較検討・料金・申込 | 教材・通信教育 | ブランド・指名検索,KWP_CompetitorKeywordSeed
22821,メガジュン 料金,CORE,代表,C14739,4,メガジュン 料金,競合の比較検討（評判・料金）,保護者,B,直接競合（特性/不登校×1対1学習支援）,高,③A 直接競合,メガジュン,30,199.0,300.0,HIGH,比較検討・料金・申込 | ブランド・指名検索,KWP_UrlSeed || KWP_CompetitorKeywordSeed || Google_competitor_suggest || CompetitorMatrix
34417,メガジュン 最悪,CORE,代表,C14740,1,メガジュン 最悪,競合の不満・乗り換え,保護者,B,直接競合（特性/不登校×1対1学習支援）,高,③A 直接競合,メガジュン,,,,UNSPECIFIED,比較検討・料金・申込 | ブランド・指名検索,KWP_CompetitorKeywordSeed
34395,メガジュン 評判,CORE,代表,C14741,1,メガジュン 評判,競合の比較検討（評判・料金）,保護者,B,直接競合（特性/不登校×1対1学習支援）,高,③A 直接競合,メガジュン,10,,,UNSPECIFIED,比較検討・料金・申込 | ブランド・指名検索,KWP_CompetitorKeywordSeed || CompetitorMatrix
34400,メガジュン 費用,CORE,代表,C14742,1,メガジュン 費用,競合の比較検討（評判・料金）,保護者,B,直接競合（特性/不登校×1対1学習支援）,高,③A 直接競合,メガジュン,10,,,LOW,比較検討・料金・申込 | ブランド・指名検索,KWP_CompetitorKeywordSeed || CompetitorMatrix
47421,スクイズ トライ 評判,CORE,代表,C14756,1,スクイズ トライ 評判,競合の比較検討（評判・料金）,保護者,B,カテゴリ競合×比較/評判/料金/乗換え/特性,中,③B カテゴリ競合,家庭教師のトライ,20,,,LOW,比較検討・料金・申込 | ブランド・指名検索,Google_competitor_suggest
40704,スクール トーマス 料金,CORE,代表,C14770,1,スクール トーマス 料金,競合の比較検討（評判・料金）,保護者,B,カテゴリ競合×比較/評判/料金/乗換え/特性,中,③B カテゴリ競合,TOMAS,10,,,LOW,比較検討・料金・申込 | ブランド・指名検索,KWP_CompetitorKeywordSeed
42151,京 進 スクール ワン 不 登校,CORE,代表,C14781,1,京 進 スクール ワン 不 登校,競合×特性/不登校対応の確認,保護者,B,カテゴリ競合×比較/評判/料金/乗換え/特性,中,③B カテゴリ競合,京進スクール・ワン,,,,UNSPECIFIED,学校生活・不登校・学校種別 | ブランド・指名検索,KWP_CompetitorKeywordSeed
41895,スクール ワン 不 登校 口コミ,CORE,代表,C14782,1,スクール ワン 不 登校 口コミ,競合の比較検討（評判・料金）,保護者,B,カテゴリ競合×比較/評判/料金/乗換え/特性,中,③B カテゴリ競合,京進スクール・ワン,,,,UNSPECIFIED,比較検討・料金・申込 | 学校生活・不登校・学校種別 | ブランド・指名検索,KWP_CompetitorKeywordSeed
41914,スクール ワン 不 登校 料金,CORE,代表,C14783,1,スクール ワン 不 登校 料金,競合の比較検討（評判・料金）,保護者,B,カテゴリ競合×比較/評判/料金/乗換え/特性,中,③B カテゴリ競合,京進スクール・ワン,,,,UNSPECIFIED,比較検討・料金・申込 | 学校生活・不登校・学校種別 | ブランド・指名検索,KWP_CompetitorKeywordSeed
41879,スクール ワン 不 登校,CORE,代表,C14784,1,スクール ワン 不 登校,競合×特性/不登校対応の確認,保護者,B,カテゴリ競合×比較/評判/料金/乗換え/特性,中,③B カテゴリ競合,京進スクール・ワン,,,,UNSPECIFIED,学校生活・不登校・学校種別 | ブランド・指名検索,KWP_CompetitorKeywordSeed
41905,スクール ワン 不 登校 評判,CORE,代表,C14785,1,スクール ワン 不 登校 評判,競合の比較検討（評判・料金）,保護者,B,カテゴリ競合×比較/評判/料金/乗換え/特性,中,③B カテゴリ競合,京進スクール・ワン,,,,UNSPECIFIED,比較検討・料金・申込 | 学校生活・不登校・学校種別 | ブランド・指名検索,KWP_CompetitorKeywordSeed
3082,京 進 スクール ワン 料金 中学生,CORE,代表,C14789,2,京 進 スクール ワン 料金 中学生,競合の比較検討（評判・料金）,保護者,B,カテゴリ競合×比較/評判/料金/乗換え/特性,中,③B カテゴリ競合,京進スクール・ワン,40,107.0,250.0,MEDIUM,比較検討・料金・申込 | ブランド・指名検索,KWP_KeywordSeed || KWP_CompetitorKeywordSeed
42137,京 進 スクール ワン 体験 授業,CORE,代表,C14803,1,京 進 スクール ワン 体験 授業,競合の比較検討（評判・料金）,保護者,B,カテゴリ競合×比較/評判/料金/乗換え/特性,中,③B カテゴリ競合,京進スクール・ワン,,,,UNSPECIFIED,比較検討・料金・申込 | 学習のやり方・学習課題 | ブランド・指名検索,KWP_CompetitorKeywordSeed
42135,京 進 スクール ワン 無料 体験,CORE,代表,C14804,1,京 進 スクール ワン 無料 体験,競合の比較検討（評判・料金）,保護者,B,カテゴリ競合×比較/評判/料金/乗換え/特性,中,③B カテゴリ競合,京進スクール・ワン,,,,UNSPECIFIED,比較検討・料金・申込 | ブランド・指名検索,KWP_CompetitorKeywordSeed
42110,京 進 スクール ワン 体験 談,CORE,代表,C14805,1,京 進 スクール ワン 体験 談,競合の比較検討（評判・料金）,保護者,B,カテゴリ競合×比較/評判/料金/乗換え/特性,中,③B カテゴリ競合,京進スクール・ワン,,,,UNSPECIFIED,比較検討・料金・申込 | ブランド・指名検索,KWP_CompetitorKeywordSeed
42136,京 進 スクール ワン 体験,CORE,代表,C14806,1,京 進 スクール ワン 体験,競合の比較検討（評判・料金）,保護者,B,カテゴリ競合×比較/評判/料金/乗換え/特性,中,③B カテゴリ競合,京進スクール・ワン,,,,UNSPECIFIED,比較検討・料金・申込 | ブランド・指名検索,KWP_CompetitorKeywordSeed
41823,個別 指導 京 進 スクール ワン 口コミ,CORE,代表,C14808,1,個別 指導 京 進 スクール ワン 口コミ,競合の比較検討（評判・料金）,保護者,B,カテゴリ競合×比較/評判/料金/乗換え/特性,中,③B カテゴリ競合,京進スクール・ワン,10,,,UNSPECIFIED,サービス探し（家庭教師・塾・支援） | 比較検討・料金・申込 | ブランド・指名検索,KWP_CompetitorKeywordSeed
2811,個別 指導 京 進 スクール ワン 料金,CORE,代表,C14809,1,個別 指導 京 進 スクール ワン 料金,競合の比較検討（評判・料金）,保護者,B,カテゴリ競合×比較/評判/料金/乗換え/特性,中,③B カテゴリ競合,京進スクール・ワン,10,,,UNSPECIFIED,サービス探し（家庭教師・塾・支援） | 比較検討・料金・申込 | ブランド・指名検索,KWP_KeywordSeed || KWP_CompetitorKeywordSeed
42141,京 進 スクール ワン 入会,CORE,代表,C14811,1,京 進 スクール ワン 入会,競合の比較検討（評判・料金）,保護者,B,カテゴリ競合×比較/評判/料金/乗換え/特性,中,③B カテゴリ競合,京進スクール・ワン,,,,UNSPECIFIED,比較検討・料金・申込 | ブランド・指名検索,KWP_CompetitorKeywordSeed
42114,京 進 スクール ワン 入会 金,CORE,代表,C14812,1,京 進 スクール ワン 入会 金,競合の比較検討（評判・料金）,保護者,B,カテゴリ競合×比較/評判/料金/乗換え/特性,中,③B カテゴリ競合,京進スクール・ワン,,,,UNSPECIFIED,比較検討・料金・申込 | ブランド・指名検索,KWP_CompetitorKeywordSeed
41816,京 進 スクール ワン 口コミ,CORE,代表,C14833,3,京 進 スクール ワン 口コミ,競合の比較検討（評判・料金）,保護者,B,カテゴリ競合×比較/評判/料金/乗換え/特性,中,③B カテゴリ競合,京進スクール・ワン,110,62.0,377.0,LOW,比較検討・料金・申込 | ブランド・指名検索,KWP_CompetitorKeywordSeed
41773,京 進 スクール ワン 合格 実績,CORE,代表,C14839,2,京 進 スクール ワン 合格 実績,競合の比較検討（評判・料金）,保護者,B,カテゴリ競合×比較/評判/料金/乗換え/特性,中,③B カテゴリ競合,京進スクール・ワン,30,,,LOW,比較検討・料金・申込 | 受験・進路 | ブランド・指名検索,KWP_CompetitorKeywordSeed
42150,京 進 スクール ワン 境界 知能,CORE,代表,C14845,1,京 進 スクール ワン 境界 知能,競合×特性/不登校対応の確認,保護者,B,カテゴリ競合×比較/評判/料金/乗換え/特性,中,③B カテゴリ競合,京進スクール・ワン,,,,UNSPECIFIED,ブランド・指名検索,KWP_CompetitorKeywordSeed
3048,京 進 スクール ワン 夏期 講習 料金,CORE,代表,C14846,1,京 進 スクール ワン 夏期 講習 料金,競合の比較検討（評判・料金）,保護者,B,カテゴリ競合×比較/評判/料金/乗換え/特性,中,③B カテゴリ競合,京進スクール・ワン,20,144.0,301.0,LOW,比較検討・料金・申込 | 学習のやり方・学習課題 | ブランド・指名検索,KWP_KeywordSeed || KWP_CompetitorKeywordSeed
42128,京 進 スクール ワン 失敗,CORE,代表,C14853,1,京 進 スクール ワン 失敗,競合の不満・乗り換え,保護者,B,カテゴリ競合×比較/評判/料金/乗換え/特性,中,③B カテゴリ競合,京進スクール・ワン,,,,UNSPECIFIED,比較検討・料金・申込 | ブランド・指名検索,KWP_CompetitorKeywordSeed
42148,京 進 スクール ワン ld,CORE,代表,C14855,2,京 進 スクール ワン ld,競合×特性/不登校対応の確認,保護者,B,カテゴリ競合×比較/評判/料金/乗換え/特性,中,③B カテゴリ競合,京進スクール・ワン,,,,UNSPECIFIED,ブランド・指名検索,KWP_CompetitorKeywordSeed
42117,京 進 スクール ワン 安い,CORE,代表,C14858,1,京 進 スクール ワン 安い,競合の比較検討（評判・料金）,保護者,B,カテゴリ競合×比較/評判/料金/乗換え/特性,中,③B カテゴリ競合,京進スクール・ワン,,,,UNSPECIFIED,比較検討・料金・申込 | ブランド・指名検索,KWP_CompetitorKeywordSeed
41774,京 進 スクール ワン 実績,CORE,代表,C14860,1,京 進 スクール ワン 実績,競合の比較検討（評判・料金）,保護者,B,カテゴリ競合×比較/評判/料金/乗換え/特性,中,③B カテゴリ競合,京進スクール・ワン,10,,,LOW,比較検討・料金・申込 | ブランド・指名検索,KWP_CompetitorKeywordSeed
3498,京 進 スクール ワン 料金 小学生,CORE,代表,C14867,1,京 進 スクール ワン 料金 小学生,競合の比較検討（評判・料金）,保護者,B,カテゴリ競合×比較/評判/料金/乗換え/特性,中,③B カテゴリ競合,京進スクール・ワン,20,128.0,246.0,LOW,比較検討・料金・申込 | ブランド・指名検索,KWP_KeywordSeed || KWP_CompetitorKeywordSeed
42129,京 進 スクール ワン 後悔,CORE,代表,C14886,1,京 進 スクール ワン 後悔,競合の不満・乗り換え,保護者,B,カテゴリ競合×比較/評判/料金/乗換え/特性,中,③B カテゴリ競合,京進スクール・ワン,,,,UNSPECIFIED,比較検討・料金・申込 | ブランド・指名検索,KWP_CompetitorKeywordSeed
42126,京 進 スクール ワン 怪しい,CORE,代表,C14888,1,京 進 スクール ワン 怪しい,競合の不満・乗り換え,保護者,B,カテゴリ競合×比較/評判/料金/乗換え/特性,中,③B カテゴリ競合,京進スクール・ワン,,,,UNSPECIFIED,比較検討・料金・申込 | ブランド・指名検索,KWP_CompetitorKeywordSeed
41817,京 進 スクール ワン 評判 悪い,CORE,代表,C14889,2,京 進 スクール ワン 評判 悪い,競合の比較検討（評判・料金）,保護者,B,カテゴリ競合×比較/評判/料金/乗換え/特性,中,③B カテゴリ競合,京進スクール・ワン,140,145.0,378.0,LOW,比較検討・料金・申込 | ブランド・指名検索,KWP_CompetitorKeywordSeed
42111,京 進 スクール ワン 感想,CORE,代表,C14890,1,京 進 スクール ワン 感想,競合の比較検討（評判・料金）,保護者,B,カテゴリ競合×比較/評判/料金/乗換え/特性,中,③B カテゴリ競合,京進スクール・ワン,,,,UNSPECIFIED,比較検討・料金・申込 | ブランド・指名検索,KWP_CompetitorKeywordSeed
3277,京 進 スクール ワン 料金 表,CORE,代表,C14927,3,京 進 スクール ワン 料金 表,競合の比較検討（評判・料金）,保護者,B,カテゴリ競合×比較/評判/料金/乗換え/特性,中,③B カテゴリ競合,京進スクール・ワン,30,128.0,322.0,LOW,比較検討・料金・申込 | ブランド・指名検索,KWP_KeywordSeed || KWP_CompetitorKeywordSeed
2461,京 進 スクール ワン 料金,CORE,代表,C14928,8,京 進 スクール ワン 料金,競合の比較検討（評判・料金）,保護者,B,カテゴリ競合×比較/評判/料金/乗換え/特性,中,③B カテゴリ競合,京進スクール・ワン,390,113.0,376.0,MEDIUM,比較検討・料金・申込 | ブランド・指名検索,KWP_KeywordSeed || KWP_CompetitorKeywordSeed
2986,京 進 スクール ワン 料金 高校生,CORE,代表,C14929,1,京 進 スクール ワン 料金 高校生,競合の比較検討（評判・料金）,保護者,B,カテゴリ競合×比較/評判/料金/乗換え/特性,中,③B カテゴリ競合,京進スクール・ワン,30,188.0,388.0,MEDIUM,比較検討・料金・申込 | ブランド・指名検索,KWP_KeywordSeed || KWP_CompetitorKeywordSeed
42127,京 進 スクール ワン 最悪,CORE,代表,C14936,1,京 進 スクール ワン 最悪,競合の不満・乗り換え,保護者,B,カテゴリ競合×比較/評判/料金/乗換え/特性,中,③B カテゴリ競合,京進スクール・ワン,,,,UNSPECIFIED,比較検討・料金・申込 | ブランド・指名検索,KWP_CompetitorKeywordSeed
42118,京 進 スクール ワン 比較,CORE,代表,C14947,1,京 進 スクール ワン 比較,競合の比較検討（評判・料金）,保護者,B,カテゴリ競合×比較/評判/料金/乗換え/特性,中,③B カテゴリ競合,京進スクール・ワン,,,,UNSPECIFIED,比較検討・料金・申込 | ブランド・指名検索,KWP_CompetitorKeywordSeed
42140,京 進 スクール ワン 申し込み,CORE,代表,C14960,1,京 進 スクール ワン 申し込み,競合の比較検討（評判・料金）,保護者,B,カテゴリ競合×比較/評判/料金/乗換え/特性,中,③B カテゴリ競合,京進スクール・ワン,,,,UNSPECIFIED,比較検討・料金・申込 | ブランド・指名検索,KWP_CompetitorKeywordSeed
42142,京 進 スクール ワン 発達 障害,CORE,代表,C14962,2,京 進 スクール ワン 発達 障害,競合×特性/不登校対応の確認,保護者,B,カテゴリ競合×比較/評判/料金/乗換え/特性,中,③B カテゴリ競合,京進スクール・ワン,,,,UNSPECIFIED,ブランド・指名検索,KWP_CompetitorKeywordSeed
42147,京 進 スクール ワン 自 閉 症,CORE,代表,C14972,1,京 進 スクール ワン 自 閉 症,競合×特性/不登校対応の確認,保護者,B,カテゴリ競合×比較/評判/料金/乗換え/特性,中,③B カテゴリ競合,京進スクール・ワン,,,,UNSPECIFIED,ブランド・指名検索,KWP_CompetitorKeywordSeed
42134,京 進 スクール ワン 解約,CORE,代表,C14984,1,京 進 スクール ワン 解約,競合の不満・乗り換え,保護者,B,カテゴリ競合×比較/評判/料金/乗換え/特性,中,③B カテゴリ競合,京進スクール・ワン,,,,UNSPECIFIED,比較検討・料金・申込 | ブランド・指名検索,KWP_CompetitorKeywordSeed
42112,京 進 スクール ワン 評価,CORE,代表,C14985,1,京 進 スクール ワン 評価,競合の比較検討（評判・料金）,保護者,B,カテゴリ競合×比較/評判/料金/乗換え/特性,中,③B カテゴリ競合,京進スクール・ワン,,,,UNSPECIFIED,比較検討・料金・申込 | ブランド・指名検索,KWP_CompetitorKeywordSeed
41815,京 進 スクール ワン 評判,CORE,代表,C14986,2,京 進 スクール ワン 評判,競合の比較検討（評判・料金）,保護者,B,カテゴリ競合×比較/評判/料金/乗換え/特性,中,③B カテゴリ競合,京進スクール・ワン,10,,,LOW,比較検討・料金・申込 | ブランド・指名検索,KWP_CompetitorKeywordSeed
42139,京 進 スクール ワン 資料 請求,CORE,代表,C14987,2,京 進 スクール ワン 資料 請求,競合の比較検討（評判・料金）,保護者,B,カテゴリ競合×比較/評判/料金/乗換え/特性,中,③B カテゴリ競合,京進スクール・ワン,10,,,UNSPECIFIED,比較検討・料金・申込 | ブランド・指名検索,KWP_CompetitorKeywordSeed
3500,京 進 スクール ワン 費用,CORE,代表,C14992,2,京 進 スクール ワン 費用,競合の比較検討（評判・料金）,保護者,B,カテゴリ競合×比較/評判/料金/乗換え/特性,中,③B カテゴリ競合,京進スクール・ワン,10,,,LOW,比較検討・料金・申込 | ブランド・指名検索,KWP_KeywordSeed || KWP_CompetitorKeywordSeed
41793,京 進 スクール ワン 退会,CORE,代表,C14993,2,京 進 スクール ワン 退会,競合の不満・乗り換え,保護者,B,カテゴリ競合×比較/評判/料金/乗換え/特性,中,③B カテゴリ競合,京進スクール・ワン,10,,,LOW,合わない・断られた・乗り換え | ブランド・指名検索,KWP_CompetitorKeywordSeed
42116,京 進 スクール ワン 高い,CORE,代表,C15004,1,京 進 スクール ワン 高い,競合の比較検討（評判・料金）,保護者,B,カテゴリ競合×比較/評判/料金/乗換え/特性,中,③B カテゴリ競合,京進スクール・ワン,,,,UNSPECIFIED,比較検討・料金・申込 | ブランド・指名検索,KWP_CompetitorKeywordSeed
41864,スクール ワン 体験,CORE,代表,C15012,1,スクール ワン 体験,競合の比較検討（評判・料金）,保護者,B,カテゴリ競合×比較/評判/料金/乗換え/特性,中,③B カテゴリ競合,京進スクール・ワン,,,,UNSPECIFIED,比較検討・料金・申込 | ブランド・指名検索,KWP_CompetitorKeywordSeed
41865,スクール ワン 体験 授業,CORE,代表,C15013,1,スクール ワン 体験 授業,競合の比較検討（評判・料金）,保護者,B,カテゴリ競合×比較/評判/料金/乗換え/特性,中,③B カテゴリ競合,京進スクール・ワン,,,,UNSPECIFIED,比較検討・料金・申込 | 学習のやり方・学習課題 | ブランド・指名検索,KWP_CompetitorKeywordSeed
41863,スクール ワン 無料 体験,CORE,代表,C15014,1,スクール ワン 無料 体験,競合の比較検討（評判・料金）,保護者,B,カテゴリ競合×比較/評判/料金/乗換え/特性,中,③B カテゴリ競合,京進スクール・ワン,,,,UNSPECIFIED,比較検討・料金・申込 | ブランド・指名検索,KWP_CompetitorKeywordSeed
41825,スクール ワン 体験 談,CORE,代表,C15015,1,スクール ワン 体験 談,競合の比較検討（評判・料金）,保護者,B,カテゴリ競合×比較/評判/料金/乗換え/特性,中,③B カテゴリ競合,京進スクール・ワン,,,,UNSPECIFIED,比較検討・料金・申込 | ブランド・指名検索,KWP_CompetitorKeywordSeed
41869,スクール ワン 入会,CORE,代表,C15017,1,スクール ワン 入会,競合の比較検討（評判・料金）,保護者,B,カテゴリ競合×比較/評判/料金/乗換え/特性,中,③B カテゴリ競合,京進スクール・ワン,,,,UNSPECIFIED,比較検討・料金・申込 | ブランド・指名検索,KWP_CompetitorKeywordSeed
41840,スクール ワン 入会 金,CORE,代表,C15018,1,スクール ワン 入会 金,競合の比較検討（評判・料金）,保護者,B,カテゴリ競合×比較/評判/料金/乗換え/特性,中,③B カテゴリ競合,京進スクール・ワン,,,,UNSPECIFIED,比較検討・料金・申込 | ブランド・指名検索,KWP_CompetitorKeywordSeed
41813,スクール ワン 口コミ,CORE,代表,C15026,2,スクール ワン 口コミ,競合の比較検討（評判・料金）,保護者,B,カテゴリ競合×比較/評判/料金/乗換え/特性,中,③B カテゴリ競合,京進スクール・ワン,40,58.0,469.0,LOW,比較検討・料金・申込 | ブランド・指名検索,KWP_CompetitorKeywordSeed
41894,スクール ワン 境界 知能 口コミ,CORE,代表,C15027,1,スクール ワン 境界 知能 口コミ,競合の比較検討（評判・料金）,保護者,B,カテゴリ競合×比較/評判/料金/乗換え/特性,中,③B カテゴリ競合,京進スクール・ワン,,,,UNSPECIFIED,比較検討・料金・申込 | ブランド・指名検索,KWP_CompetitorKeywordSeed
41892,スクール ワン ld 口コミ,CORE,代表,C15028,2,スクール ワン ld 口コミ,競合の比較検討（評判・料金）,保護者,B,カテゴリ競合×比較/評判/料金/乗換え/特性,中,③B カテゴリ競合,京進スクール・ワン,,,,UNSPECIFIED,比較検討・料金・申込 | ブランド・指名検索,KWP_CompetitorKeywordSeed
41887,スクール ワン 発達 障害 口コミ,CORE,代表,C15029,2,スクール ワン 発達 障害 口コミ,競合の比較検討（評判・料金）,保護者,B,カテゴリ競合×比較/評判/料金/乗換え/特性,中,③B カテゴリ競合,京進スクール・ワン,,,,UNSPECIFIED,比較検討・料金・申込 | ブランド・指名検索,KWP_CompetitorKeywordSeed
41913,スクール ワン 境界 知能 料金,CORE,代表,C15032,1,スクール ワン 境界 知能 料金,競合の比較検討（評判・料金）,保護者,B,カテゴリ競合×比較/評判/料金/乗換え/特性,中,③B カテゴリ競合,京進スクール・ワン,,,,UNSPECIFIED,比較検討・料金・申込 | ブランド・指名検索,KWP_CompetitorKeywordSeed
41878,スクール ワン 境界 知能,CORE,代表,C15033,1,スクール ワン 境界 知能,競合×特性/不登校対応の確認,保護者,B,カテゴリ競合×比較/評判/料金/乗換え/特性,中,③B カテゴリ競合,京進スクール・ワン,,,,UNSPECIFIED,ブランド・指名検索,KWP_CompetitorKeywordSeed
41904,スクール ワン 境界 知能 評判,CORE,代表,C15034,1,スクール ワン 境界 知能 評判,競合の比較検討（評判・料金）,保護者,B,カテゴリ競合×比較/評判/料金/乗換え/特性,中,③B カテゴリ競合,京進スクール・ワン,,,,UNSPECIFIED,比較検討・料金・申込 | ブランド・指名検索,KWP_CompetitorKeywordSeed
48148,スクールワン 夏期講習 料金,CORE,代表,C15035,1,スクールワン 夏期講習 料金,競合の比較検討（評判・料金）,保護者,B,カテゴリ競合×比較/評判/料金/乗換え/特性,中,③B カテゴリ競合,京進スクール・ワン,,,,UNSPECIFIED,比較検討・料金・申込 | 学習のやり方・学習課題 | ブランド・指名検索,Google_competitor_suggest
41855,スクール ワン 失敗,CORE,代表,C15037,1,スクール ワン 失敗,競合の不満・乗り換え,保護者,B,カテゴリ競合×比較/評判/料金/乗換え/特性,中,③B カテゴリ競合,京進スクール・ワン,,,,UNSPECIFIED,比較検討・料金・申込 | ブランド・指名検索,KWP_CompetitorKeywordSeed
41911,スクール ワン ld 料金,CORE,代表,C15038,2,スクール ワン ld 料金,競合の比較検討（評判・料金）,保護者,B,カテゴリ競合×比較/評判/料金/乗換え/特性,中,③B カテゴリ競合,京進スクール・ワン,,,,UNSPECIFIED,比較検討・料金・申込 | ブランド・指名検索,KWP_CompetitorKeywordSeed
41902,スクール ワン ld 評判,CORE,代表,C15039,2,スクール ワン ld 評判,競合の比較検討（評判・料金）,保護者,B,カテゴリ競合×比較/評判/料金/乗換え/特性,中,③B カテゴリ競合,京進スクール・ワン,,,,UNSPECIFIED,比較検討・料金・申込 | ブランド・指名検索,KWP_CompetitorKeywordSeed
41876,スクール ワン ld,CORE,代表,C15040,2,スクール ワン ld,競合×特性/不登校対応の確認,保護者,B,カテゴリ競合×比較/評判/料金/乗換え/特性,中,③B カテゴリ競合,京進スクール・ワン,,,,UNSPECIFIED,ブランド・指名検索,KWP_CompetitorKeywordSeed
41843,スクール ワン 安い,CORE,代表,C15041,1,スクール ワン 安い,競合の比較検討（評判・料金）,保護者,B,カテゴリ競合×比較/評判/料金/乗換え/特性,中,③B カテゴリ競合,京進スクール・ワン,,,,UNSPECIFIED,比較検討・料金・申込 | ブランド・指名検索,KWP_CompetitorKeywordSeed
48150,スクールワン 小学生 料金,CORE,代表,C15045,1,スクールワン 小学生 料金,競合の比較検討（評判・料金）,保護者,B,カテゴリ競合×比較/評判/料金/乗換え/特性,中,③B カテゴリ競合,京進スクール・ワン,,,,UNSPECIFIED,比較検討・料金・申込 | ブランド・指名検索,Google_competitor_suggest
41856,スクール ワン 後悔,CORE,代表,C15048,1,スクール ワン 後悔,競合の不満・乗り換え,保護者,B,カテゴリ競合×比較/評判/料金/乗換え/特性,中,③B カテゴリ競合,京進スクール・ワン,,,,UNSPECIFIED,比較検討・料金・申込 | ブランド・指名検索,KWP_CompetitorKeywordSeed
41853,スクール ワン 怪しい,CORE,代表,C15050,1,スクール ワン 怪しい,競合の不満・乗り換え,保護者,B,カテゴリ競合×比較/評判/料金/乗換え/特性,中,③B カテゴリ競合,京進スクール・ワン,,,,UNSPECIFIED,比較検討・料金・申込 | ブランド・指名検索,KWP_CompetitorKeywordSeed
41826,スクール ワン 感想,CORE,代表,C15051,1,スクール ワン 感想,競合の比較検討（評判・料金）,保護者,B,カテゴリ競合×比較/評判/料金/乗換え/特性,中,③B カテゴリ競合,京進スクール・ワン,,,,UNSPECIFIED,比較検討・料金・申込 | ブランド・指名検索,KWP_CompetitorKeywordSeed
41702,スクール ワン 料金,CORE,代表,C15055,6,スクール ワン 料金,競合の比較検討（評判・料金）,保護者,B,カテゴリ競合×比較/評判/料金/乗換え/特性,中,③B カテゴリ競合,京進スクール・ワン,170,108.0,350.0,MEDIUM,比較検討・料金・申込 | ブランド・指名検索,KWP_CompetitorKeywordSeed
41906,スクール ワン 発達 障害 料金,CORE,代表,C15056,2,スクール ワン 発達 障害 料金,競合の比較検討（評判・料金）,保護者,B,カテゴリ競合×比較/評判/料金/乗換え/特性,中,③B カテゴリ競合,京進スクール・ワン,,,,UNSPECIFIED,比較検討・料金・申込 | ブランド・指名検索,KWP_CompetitorKeywordSeed
48149,スクールワン 高校生 料金,CORE,代表,C15057,1,スクールワン 高校生 料金,競合の比較検討（評判・料金）,保護者,B,カテゴリ競合×比較/評判/料金/乗換え/特性,中,③B カテゴリ競合,京進スクール・ワン,,,,UNSPECIFIED,比較検討・料金・申込 | ブランド・指名検索,Google_competitor_suggest
41854,スクール ワン 最悪,CORE,代表,C15059,1,スクール ワン 最悪,競合の不満・乗り換え,保護者,B,カテゴリ競合×比較/評判/料金/乗換え/特性,中,③B カテゴリ競合,京進スクール・ワン,,,,UNSPECIFIED,比較検討・料金・申込 | ブランド・指名検索,KWP_CompetitorKeywordSeed
41845,スクール ワン 比較,CORE,代表,C15063,1,スクール ワン 比較,競合の比較検討（評判・料金）,保護者,B,カテゴリ競合×比較/評判/料金/乗換え/特性,中,③B カテゴリ競合,京進スクール・ワン,,,,UNSPECIFIED,比較検討・料金・申込 | ブランド・指名検索,KWP_CompetitorKeywordSeed
41868,スクール ワン 申し込み,CORE,代表,C15070,1,スクール ワン 申し込み,競合の比較検討（評判・料金）,保護者,B,カテゴリ競合×比較/評判/料金/乗換え/特性,中,③B カテゴリ競合,京進スクール・ワン,,,,UNSPECIFIED,比較検討・料金・申込 | ブランド・指名検索,KWP_CompetitorKeywordSeed
41896,スクール ワン 発達 障害 評判,CORE,代表,C15071,2,スクール ワン 発達 障害 評判,競合の比較検討（評判・料金）,保護者,B,カテゴリ競合×比較/評判/料金/乗換え/特性,中,③B カテゴリ競合,京進スクール・ワン,,,,UNSPECIFIED,比較検討・料金・申込 | ブランド・指名検索,KWP_CompetitorKeywordSeed
41870,スクール ワン 発達 障害,CORE,代表,C15072,2,スクール ワン 発達 障害,競合×特性/不登校対応の確認,保護者,B,カテゴリ競合×比較/評判/料金/乗換え/特性,中,③B カテゴリ競合,京進スクール・ワン,,,,UNSPECIFIED,ブランド・指名検索,KWP_CompetitorKeywordSeed
41875,スクール ワン 自 閉 症,CORE,代表,C15076,1,スクール ワン 自 閉 症,競合×特性/不登校対応の確認,保護者,B,カテゴリ競合×比較/評判/料金/乗換え/特性,中,③B カテゴリ競合,京進スクール・ワン,,,,UNSPECIFIED,ブランド・指名検索,KWP_CompetitorKeywordSeed
41901,スクール ワン 自 閉 症 評判,CORE,代表,C15077,1,スクール ワン 自 閉 症 評判,競合の比較検討（評判・料金）,保護者,B,カテゴリ競合×比較/評判/料金/乗換え/特性,中,③B カテゴリ競合,京進スクール・ワン,,,,UNSPECIFIED,比較検討・料金・申込 | ブランド・指名検索,KWP_CompetitorKeywordSeed
41862,スクール ワン 解約,CORE,代表,C15079,1,スクール ワン 解約,競合の不満・乗り換え,保護者,B,カテゴリ競合×比較/評判/料金/乗換え/特性,中,③B カテゴリ競合,京進スクール・ワン,,,,UNSPECIFIED,比較検討・料金・申込 | ブランド・指名検索,KWP_CompetitorKeywordSeed
41827,スクール ワン 評価,CORE,代表,C15080,1,スクール ワン 評価,競合の比較検討（評判・料金）,保護者,B,カテゴリ競合×比較/評判/料金/乗換え/特性,中,③B カテゴリ競合,京進スクール・ワン,,,,UNSPECIFIED,比較検討・料金・申込 | ブランド・指名検索,KWP_CompetitorKeywordSeed
41814,スクール ワン 評判,CORE,代表,C15081,2,スクール ワン 評判,競合の比較検討（評判・料金）,保護者,B,カテゴリ競合×比較/評判/料金/乗換え/特性,中,③B カテゴリ競合,京進スクール・ワン,10,,,MEDIUM,比較検討・料金・申込 | ブランド・指名検索,KWP_CompetitorKeywordSeed
41867,スクール ワン 資料 請求,CORE,代表,C15082,1,スクール ワン 資料 請求,競合の比較検討（評判・料金）,保護者,B,カテゴリ競合×比較/評判/料金/乗換え/特性,中,③B カテゴリ競合,京進スクール・ワン,,,,UNSPECIFIED,比較検討・料金・申込 | ブランド・指名検索,KWP_CompetitorKeywordSeed
41837,スクール ワン 費用,CORE,代表,C15084,1,スクール ワン 費用,競合の比較検討（評判・料金）,保護者,B,カテゴリ競合×比較/評判/料金/乗換え/特性,中,③B カテゴリ競合,京進スクール・ワン,,,,UNSPECIFIED,比較検討・料金・申込 | ブランド・指名検索,KWP_CompetitorKeywordSeed
41861,スクール ワン 退会,CORE,代表,C15086,1,スクール ワン 退会,競合の不満・乗り換え,保護者,B,カテゴリ競合×比較/評判/料金/乗換え/特性,中,③B カテゴリ競合,京進スクール・ワン,,,,UNSPECIFIED,合わない・断られた・乗り換え | ブランド・指名検索,KWP_CompetitorKeywordSeed
41842,スクール ワン 高い,CORE,代表,C15089,1,スクール ワン 高い,競合の比較検討（評判・料金）,保護者,B,カテゴリ競合×比較/評判/料金/乗換え/特性,中,③B カテゴリ競合,京進スクール・ワン,,,,UNSPECIFIED,比較検討・料金・申込 | ブランド・指名検索,KWP_CompetitorKeywordSeed
41798,京 進 スクール 料金,CORE,代表,C15097,1,京 進 スクール 料金,競合の比較検討（評判・料金）,保護者,B,カテゴリ競合×比較/評判/料金/乗換え/特性,中,③B カテゴリ競合,京進スクール・ワン,10,,,MEDIUM,比較検討・料金・申込 | ブランド・指名検索,KWP_CompetitorKeywordSeed
38115,スクール アイ イー 料金,CORE,代表,C15121,1,スクール アイ イー 料金,競合の比較検討（評判・料金）,保護者,B,カテゴリ競合×比較/評判/料金/乗換え/特性,中,③B カテゴリ競合,スクールIE,170,89.0,290.0,MEDIUM,比較検討・料金・申込 | ブランド・指名検索,KWP_CompetitorKeywordSeed
38927,スクール アイ イー 評判,CORE,代表,C15122,1,スクール アイ イー 評判,競合の比較検討（評判・料金）,保護者,B,カテゴリ競合×比較/評判/料金/乗換え/特性,中,③B カテゴリ競合,スクールIE,20,,,LOW,比較検討・料金・申込 | ブランド・指名検索,KWP_CompetitorKeywordSeed
41872,スクール ワン グレー ゾーン,CORE,代表,C15131,1,スクール ワン グレー ゾーン,競合×特性/不登校対応の確認,保護者,B,カテゴリ競合×比較/評判/料金/乗換え/特性,中,③B カテゴリ競合,京進スクール・ワン,,,,UNSPECIFIED,ブランド・指名検索,KWP_CompetitorKeywordSeed
42144,京 進 スクール ワン グレー ゾーン,CORE,代表,C15132,1,京 進 スクール ワン グレー ゾーン,競合×特性/不登校対応の確認,保護者,B,カテゴリ競合×比較/評判/料金/乗換え/特性,中,③B カテゴリ競合,京進スクール・ワン,,,,UNSPECIFIED,ブランド・指名検索,KWP_CompetitorKeywordSeed
41889,スクール ワン グレー ゾーン 口コミ,CORE,代表,C15133,1,スクール ワン グレー ゾーン 口コミ,競合の比較検討（評判・料金）,保護者,B,カテゴリ競合×比較/評判/料金/乗換え/特性,中,③B カテゴリ競合,京進スクール・ワン,,,,UNSPECIFIED,比較検討・料金・申込 | ブランド・指名検索,KWP_CompetitorKeywordSeed
41908,スクール ワン グレー ゾーン 料金,CORE,代表,C15134,1,スクール ワン グレー ゾーン 料金,競合の比較検討（評判・料金）,保護者,B,カテゴリ競合×比較/評判/料金/乗換え/特性,中,③B カテゴリ競合,京進スクール・ワン,,,,UNSPECIFIED,比較検討・料金・申込 | ブランド・指名検索,KWP_CompetitorKeywordSeed
41898,スクール ワン グレー ゾーン 評判,CORE,代表,C15135,1,スクール ワン グレー ゾーン 評判,競合の比較検討（評判・料金）,保護者,B,カテゴリ競合×比較/評判/料金/乗換え/特性,中,③B カテゴリ競合,京進スクール・ワン,,,,UNSPECIFIED,比較検討・料金・申込 | ブランド・指名検索,KWP_CompetitorKeywordSeed
41768,京 進 スクール ワン ブログ,CORE,代表,C15139,1,京 進 スクール ワン ブログ,競合の比較検討（評判・料金）,保護者,B,カテゴリ競合×比較/評判/料金/乗換え/特性,中,③B カテゴリ競合,京進スクール・ワン,10,,,UNSPECIFIED,比較検討・料金・申込 | ブランド・指名検索,KWP_CompetitorKeywordSeed
41824,スクール ワン レビュー,CORE,代表,C15144,1,スクール ワン レビュー,競合の比較検討（評判・料金）,保護者,B,カテゴリ競合×比較/評判/料金/乗換え/特性,中,③B カテゴリ競合,京進スクール・ワン,,,,UNSPECIFIED,比較検討・料金・申込 | ブランド・指名検索,KWP_CompetitorKeywordSeed
42109,京 進 スクール ワン レビュー,CORE,代表,C15145,1,京 進 スクール ワン レビュー,競合の比較検討（評判・料金）,保護者,B,カテゴリ競合×比較/評判/料金/乗換え/特性,中,③B カテゴリ競合,京進スクール・ワン,,,,UNSPECIFIED,比較検討・料金・申込 | ブランド・指名検索,KWP_CompetitorKeywordSeed
42527,スタディ ホップ,CORE,代表,C15297,1,スタディ ホップ,競合指名・周辺,保護者,B,直接競合（特性/不登校×1対1学習支援）,高,③A 直接競合,個別指導塾スタディホップ,,,,UNSPECIFIED,ブランド・指名検索,KWP_CompetitorKeywordSeed
42585,スタディ ホップ 不 登校 口コミ,CORE,代表,C15298,1,スタディ ホップ 不 登校 口コミ,競合の比較検討（評判・料金）,保護者,B,直接競合（特性/不登校×1対1学習支援）,高,③A 直接競合,個別指導塾スタディホップ,,,,UNSPECIFIED,比較検討・料金・申込 | 学校生活・不登校・学校種別 | ブランド・指名検索,KWP_CompetitorKeywordSeed
42597,スタディ ホップ 不 登校 料金,CORE,代表,C15299,1,スタディ ホップ 不 登校 料金,競合の比較検討（評判・料金）,保護者,B,直接競合（特性/不登校×1対1学習支援）,高,③A 直接競合,個別指導塾スタディホップ,,,,UNSPECIFIED,比較検討・料金・申込 | 学校生活・不登校・学校種別 | ブランド・指名検索,KWP_CompetitorKeywordSeed
42573,スタディ ホップ 不 登校,CORE,代表,C15300,1,スタディ ホップ 不 登校,競合×特性/不登校対応の確認,保護者,B,直接競合（特性/不登校×1対1学習支援）,高,③A 直接競合,個別指導塾スタディホップ,,,,UNSPECIFIED,学校生活・不登校・学校種別 | ブランド・指名検索,KWP_CompetitorKeywordSeed
42591,スタディ ホップ 不 登校 評判,CORE,代表,C15301,1,スタディ ホップ 不 登校 評判,競合の比較検討（評判・料金）,保護者,B,直接競合（特性/不登校×1対1学習支援）,高,③A 直接競合,個別指導塾スタディホップ,,,,UNSPECIFIED,比較検討・料金・申込 | 学校生活・不登校・学校種別 | ブランド・指名検索,KWP_CompetitorKeywordSeed
42578,スタディ ホップ 中学 受験,CORE,代表,C15302,1,スタディ ホップ 中学 受験,競合指名・周辺,保護者,B,直接競合（特性/不登校×1対1学習支援）,高,③A 直接競合,個別指導塾スタディホップ,,,,UNSPECIFIED,受験・進路 | ブランド・指名検索,KWP_CompetitorKeywordSeed
42575,スタディ ホップ 中学生,CORE,代表,C15303,1,スタディ ホップ 中学生,競合指名・周辺,保護者,B,直接競合（特性/不登校×1対1学習支援）,高,③A 直接競合,個別指導塾スタディホップ,,,,UNSPECIFIED,ブランド・指名検索,KWP_CompetitorKeywordSeed
42547,スタディ ホップ 他社,CORE,代表,C15304,1,スタディ ホップ 他社,競合指名・周辺,保護者,B,直接競合（特性/不登校×1対1学習支援）,高,③A 直接競合,個別指導塾スタディホップ,,,,UNSPECIFIED,比較検討・料金・申込 | ブランド・指名検索,KWP_CompetitorKeywordSeed
42562,スタディ ホップ 体験,CORE,代表,C15305,1,スタディ ホップ 体験,競合の比較検討（評判・料金）,保護者,B,直接競合（特性/不登校×1対1学習支援）,高,③A 直接競合,個別指導塾スタディホップ,,,,UNSPECIFIED,比較検討・料金・申込 | ブランド・指名検索,KWP_CompetitorKeywordSeed
42563,スタディ ホップ 体験 授業,CORE,代表,C15306,1,スタディ ホップ 体験 授業,競合の比較検討（評判・料金）,保護者,B,直接競合（特性/不登校×1対1学習支援）,高,③A 直接競合,個別指導塾スタディホップ,,,,UNSPECIFIED,比較検討・料金・申込 | 学習のやり方・学習課題 | ブランド・指名検索,KWP_CompetitorKeywordSeed
42561,スタディ ホップ 無料 体験,CORE,代表,C15307,1,スタディ ホップ 無料 体験,競合の比較検討（評判・料金）,保護者,B,直接競合（特性/不登校×1対1学習支援）,高,③A 直接競合,個別指導塾スタディホップ,,,,UNSPECIFIED,比較検討・料金・申込 | ブランド・指名検索,KWP_CompetitorKeywordSeed
42531,スタディ ホップ 体験 談,CORE,代表,C15308,1,スタディ ホップ 体験 談,競合の比較検討（評判・料金）,保護者,B,直接競合（特性/不登校×1対1学習支援）,高,③A 直接競合,個別指導塾スタディホップ,,,,UNSPECIFIED,比較検討・料金・申込 | ブランド・指名検索,KWP_CompetitorKeywordSeed
42567,スタディ ホップ 入会,CORE,代表,C15309,1,スタディ ホップ 入会,競合の比較検討（評判・料金）,保護者,B,直接競合（特性/不登校×1対1学習支援）,高,③A 直接競合,個別指導塾スタディホップ,,,,UNSPECIFIED,比較検討・料金・申込 | ブランド・指名検索,KWP_CompetitorKeywordSeed
42539,スタディ ホップ 入会 金,CORE,代表,C15310,1,スタディ ホップ 入会 金,競合の比較検討（評判・料金）,保護者,B,直接競合（特性/不登校×1対1学習支援）,高,③A 直接競合,個別指導塾スタディホップ,,,,UNSPECIFIED,比較検討・料金・申込 | ブランド・指名検索,KWP_CompetitorKeywordSeed
42579,スタディ ホップ 大学 受験,CORE,代表,C15311,1,スタディ ホップ 大学 受験,競合指名・周辺,保護者,B,直接競合（特性/不登校×1対1学習支援）,高,③A 直接競合,個別指導塾スタディホップ,,,,UNSPECIFIED,受験・進路 | ブランド・指名検索,KWP_CompetitorKeywordSeed
42577,スタディ ホップ 高校 受験,CORE,代表,C15312,1,スタディ ホップ 高校 受験,競合指名・周辺,保護者,B,直接競合（特性/不登校×1対1学習支援）,高,③A 直接競合,個別指導塾スタディホップ,,,,UNSPECIFIED,受験・進路 | ブランド・指名検索,KWP_CompetitorKeywordSeed
42528,スタディ ホップ 口コミ,CORE,代表,C15313,1,スタディ ホップ 口コミ,競合の比較検討（評判・料金）,保護者,B,直接競合（特性/不登校×1対1学習支援）,高,③A 直接競合,個別指導塾スタディホップ,,,,UNSPECIFIED,比較検討・料金・申込 | ブランド・指名検索,KWP_CompetitorKeywordSeed
42584,スタディ ホップ 境界 知能 口コミ,CORE,代表,C15314,1,スタディ ホップ 境界 知能 口コミ,競合の比較検討（評判・料金）,保護者,B,直接競合（特性/不登校×1対1学習支援）,高,③A 直接競合,個別指導塾スタディホップ,,,,UNSPECIFIED,比較検討・料金・申込 | ブランド・指名検索,KWP_CompetitorKeywordSeed
42582,スタディ ホップ ld 口コミ,CORE,代表,C15315,2,スタディ ホップ ld 口コミ,競合の比較検討（評判・料金）,保護者,B,直接競合（特性/不登校×1対1学習支援）,高,③A 直接競合,個別指導塾スタディホップ,,,,UNSPECIFIED,比較検討・料金・申込 | ブランド・指名検索,KWP_CompetitorKeywordSeed
42596,スタディ ホップ 境界 知能 料金,CORE,代表,C15316,1,スタディ ホップ 境界 知能 料金,競合の比較検討（評判・料金）,保護者,B,直接競合（特性/不登校×1対1学習支援）,高,③A 直接競合,個別指導塾スタディホップ,,,,UNSPECIFIED,比較検討・料金・申込 | ブランド・指名検索,KWP_CompetitorKeywordSeed
42572,スタディ ホップ 境界 知能,CORE,代表,C15317,1,スタディ ホップ 境界 知能,競合×特性/不登校対応の確認,保護者,B,直接競合（特性/不登校×1対1学習支援）,高,③A 直接競合,個別指導塾スタディホップ,,,,UNSPECIFIED,ブランド・指名検索,KWP_CompetitorKeywordSeed
42590,スタディ ホップ 境界 知能 評判,CORE,代表,C15318,1,スタディ ホップ 境界 知能 評判,競合の比較検討（評判・料金）,保護者,B,直接競合（特性/不登校×1対1学習支援）,高,③A 直接競合,個別指導塾スタディホップ,,,,UNSPECIFIED,比較検討・料金・申込 | ブランド・指名検索,KWP_CompetitorKeywordSeed
42553,スタディ ホップ 失敗,CORE,代表,C15319,1,スタディ ホップ 失敗,競合の不満・乗り換え,保護者,B,直接競合（特性/不登校×1対1学習支援）,高,③A 直接競合,個別指導塾スタディホップ,,,,UNSPECIFIED,比較検討・料金・申込 | ブランド・指名検索,KWP_CompetitorKeywordSeed
42594,スタディ ホップ ld 料金,CORE,代表,C15320,2,スタディ ホップ ld 料金,競合の比較検討（評判・料金）,保護者,B,直接競合（特性/不登校×1対1学習支援）,高,③A 直接競合,個別指導塾スタディホップ,,,,UNSPECIFIED,比較検討・料金・申込 | ブランド・指名検索,KWP_CompetitorKeywordSeed
42588,スタディ ホップ ld 評判,CORE,代表,C15321,2,スタディ ホップ ld 評判,競合の比較検討（評判・料金）,保護者,B,直接競合（特性/不登校×1対1学習支援）,高,③A 直接競合,個別指導塾スタディホップ,,,,UNSPECIFIED,比較検討・料金・申込 | ブランド・指名検索,KWP_CompetitorKeywordSeed
42570,スタディ ホップ ld,CORE,代表,C15322,2,スタディ ホップ ld,競合×特性/不登校対応の確認,保護者,B,直接競合（特性/不登校×1対1学習支援）,高,③A 直接競合,個別指導塾スタディホップ,,,,UNSPECIFIED,ブランド・指名検索,KWP_CompetitorKeywordSeed
42542,スタディ ホップ 安い,CORE,代表,C15323,1,スタディ ホップ 安い,競合の比較検討（評判・料金）,保護者,B,直接競合（特性/不登校×1対1学習支援）,高,③A 直接競合,個別指導塾スタディホップ,,,,UNSPECIFIED,比較検討・料金・申込 | ブランド・指名検索,KWP_CompetitorKeywordSeed
42574,スタディ ホップ 小学生,CORE,代表,C15324,1,スタディ ホップ 小学生,競合指名・周辺,保護者,B,直接競合（特性/不登校×1対1学習支援）,高,③A 直接競合,個別指導塾スタディホップ,,,,UNSPECIFIED,ブランド・指名検索,KWP_CompetitorKeywordSeed
42554,スタディ ホップ 後悔,CORE,代表,C15325,1,スタディ ホップ 後悔,競合の不満・乗り換え,保護者,B,直接競合（特性/不登校×1対1学習支援）,高,③A 直接競合,個別指導塾スタディホップ,,,,UNSPECIFIED,比較検討・料金・申込 | ブランド・指名検索,KWP_CompetitorKeywordSeed
42551,スタディ ホップ 怪しい,CORE,代表,C15326,1,スタディ ホップ 怪しい,競合の不満・乗り換え,保護者,B,直接競合（特性/不登校×1対1学習支援）,高,③A 直接競合,個別指導塾スタディホップ,,,,UNSPECIFIED,比較検討・料金・申込 | ブランド・指名検索,KWP_CompetitorKeywordSeed
42532,スタディ ホップ 感想,CORE,代表,C15327,1,スタディ ホップ 感想,競合の比較検討（評判・料金）,保護者,B,直接競合（特性/不登校×1対1学習支援）,高,③A 直接競合,個別指導塾スタディホップ,,,,UNSPECIFIED,比較検討・料金・申込 | ブランド・指名検索,KWP_CompetitorKeywordSeed
42540,スタディ ホップ 教材 費,CORE,代表,C15328,1,スタディ ホップ 教材 費,競合指名・周辺,保護者,B,直接競合（特性/不登校×1対1学習支援）,高,③A 直接競合,個別指導塾スタディホップ,,,,UNSPECIFIED,比較検討・料金・申込 | 教材・通信教育 | ブランド・指名検索,KWP_CompetitorKeywordSeed
42534,スタディ ホップ 料金,CORE,代表,C15329,4,スタディ ホップ 料金,競合の比較検討（評判・料金）,保護者,B,直接競合（特性/不登校×1対1学習支援）,高,③A 直接競合,個別指導塾スタディホップ,,,,UNSPECIFIED,比較検討・料金・申込 | ブランド・指名検索,KWP_CompetitorKeywordSeed
42552,スタディ ホップ 最悪,CORE,代表,C15330,1,スタディ ホップ 最悪,競合の不満・乗り換え,保護者,B,直接競合（特性/不登校×1対1学習支援）,高,③A 直接競合,個別指導塾スタディホップ,,,,UNSPECIFIED,比較検討・料金・申込 | ブランド・指名検索,KWP_CompetitorKeywordSeed
42543,スタディ ホップ 比較,CORE,代表,C15331,1,スタディ ホップ 比較,競合の比較検討（評判・料金）,保護者,B,直接競合（特性/不登校×1対1学習支援）,高,③A 直接競合,個別指導塾スタディホップ,,,,UNSPECIFIED,比較検討・料金・申込 | ブランド・指名検索,KWP_CompetitorKeywordSeed
42564,スタディ ホップ 無料 相談,CORE,代表,C15332,1,スタディ ホップ 無料 相談,競合指名・周辺,保護者,B,直接競合（特性/不登校×1対1学習支援）,高,③A 直接競合,個別指導塾スタディホップ,,,,UNSPECIFIED,比較検討・料金・申込 | ブランド・指名検索,KWP_CompetitorKeywordSeed
42566,スタディ ホップ 申し込み,CORE,代表,C15333,1,スタディ ホップ 申し込み,競合の比較検討（評判・料金）,保護者,B,直接競合（特性/不登校×1対1学習支援）,高,③A 直接競合,個別指導塾スタディホップ,,,,UNSPECIFIED,比較検討・料金・申込 | ブランド・指名検索,KWP_CompetitorKeywordSeed
42560,スタディ ホップ 解約,CORE,代表,C15334,1,スタディ ホップ 解約,競合の不満・乗り換え,保護者,B,直接競合（特性/不登校×1対1学習支援）,高,③A 直接競合,個別指導塾スタディホップ,,,,UNSPECIFIED,比較検討・料金・申込 | ブランド・指名検索,KWP_CompetitorKeywordSeed
42533,スタディ ホップ 評価,CORE,代表,C15335,1,スタディ ホップ 評価,競合の比較検討（評判・料金）,保護者,B,直接競合（特性/不登校×1対1学習支援）,高,③A 直接競合,個別指導塾スタディホップ,,,,UNSPECIFIED,比較検討・料金・申込 | ブランド・指名検索,KWP_CompetitorKeywordSeed
42529,スタディ ホップ 評判,CORE,代表,C15336,1,スタディ ホップ 評判,競合の比較検討（評判・料金）,保護者,B,直接競合（特性/不登校×1対1学習支援）,高,③A 直接競合,個別指導塾スタディホップ,,,,UNSPECIFIED,比較検討・料金・申込 | ブランド・指名検索,KWP_CompetitorKeywordSeed
42565,スタディ ホップ 資料 請求,CORE,代表,C15337,1,スタディ ホップ 資料 請求,競合の比較検討（評判・料金）,保護者,B,直接競合（特性/不登校×1対1学習支援）,高,③A 直接競合,個別指導塾スタディホップ,,,,UNSPECIFIED,比較検討・料金・申込 | ブランド・指名検索,KWP_CompetitorKeywordSeed
42535,スタディ ホップ 費用,CORE,代表,C15338,1,スタディ ホップ 費用,競合の比較検討（評判・料金）,保護者,B,直接競合（特性/不登校×1対1学習支援）,高,③A 直接競合,個別指導塾スタディホップ,,,,UNSPECIFIED,比較検討・料金・申込 | ブランド・指名検索,KWP_CompetitorKeywordSeed
42559,スタディ ホップ 退会,CORE,代表,C15339,1,スタディ ホップ 退会,競合の不満・乗り換え,保護者,B,直接競合（特性/不登校×1対1学習支援）,高,③A 直接競合,個別指導塾スタディホップ,,,,UNSPECIFIED,合わない・断られた・乗り換え | ブランド・指名検索,KWP_CompetitorKeywordSeed
42544,スタディ ホップ 違い,CORE,代表,C15340,1,スタディ ホップ 違い,競合指名・周辺,保護者,B,直接競合（特性/不登校×1対1学習支援）,高,③A 直接競合,個別指導塾スタディホップ,,,,UNSPECIFIED,比較検討・料金・申込 | ブランド・指名検索 | 特性そのものを調べる（とは・特徴・チェック）,KWP_CompetitorKeywordSeed
42541,スタディ ホップ 高い,CORE,代表,C15341,1,スタディ ホップ 高い,競合の比較検討（評判・料金）,保護者,B,直接競合（特性/不登校×1対1学習支援）,高,③A 直接競合,個別指導塾スタディホップ,,,,UNSPECIFIED,比較検討・料金・申込 | ブランド・指名検索,KWP_CompetitorKeywordSeed
42576,スタディ ホップ 高校生,CORE,代表,C15342,1,スタディ ホップ 高校生,競合指名・周辺,保護者,B,直接競合（特性/不登校×1対1学習支援）,高,③A 直接競合,個別指導塾スタディホップ,,,,UNSPECIFIED,ブランド・指名検索,KWP_CompetitorKeywordSeed
32072,メガ スタディ 料金,CORE,代表,C15343,1,メガ スタディ 料金,競合の比較検討（評判・料金）,保護者,B,終了競合の乗換え需要,高,③X 終了サービス/乗換え,オンラインプロ教師のメガスタ,10,,,UNSPECIFIED,比較検討・料金・申込 | ブランド・指名検索,KWP_CompetitorKeywordSeed
32066,メガ スタディ 評判,CORE,代表,C15344,1,メガ スタディ 評判,競合の比較検討（評判・料金）,保護者,B,終了競合の乗換え需要,高,③X 終了サービス/乗換え,オンラインプロ教師のメガスタ,10,,,UNSPECIFIED,比較検討・料金・申込 | ブランド・指名検索,KWP_CompetitorKeywordSeed
42568,スタディ ホップ グレー ゾーン,CORE,代表,C15414,1,スタディ ホップ グレー ゾーン,競合×特性/不登校対応の確認,保護者,B,直接競合（特性/不登校×1対1学習支援）,高,③A 直接競合,個別指導塾スタディホップ,,,,UNSPECIFIED,ブランド・指名検索,KWP_CompetitorKeywordSeed
42580,スタディ ホップ グレー ゾーン 口コミ,CORE,代表,C15415,1,スタディ ホップ グレー ゾーン 口コミ,競合の比較検討（評判・料金）,保護者,B,直接競合（特性/不登校×1対1学習支援）,高,③A 直接競合,個別指導塾スタディホップ,,,,UNSPECIFIED,比較検討・料金・申込 | ブランド・指名検索,KWP_CompetitorKeywordSeed
42592,スタディ ホップ グレー ゾーン 料金,CORE,代表,C15416,1,スタディ ホップ グレー ゾーン 料金,競合の比較検討（評判・料金）,保護者,B,直接競合（特性/不登校×1対1学習支援）,高,③A 直接競合,個別指導塾スタディホップ,,,,UNSPECIFIED,比較検討・料金・申込 | ブランド・指名検索,KWP_CompetitorKeywordSeed
42586,スタディ ホップ グレー ゾーン 評判,CORE,代表,C15417,1,スタディ ホップ グレー ゾーン 評判,競合の比較検討（評判・料金）,保護者,B,直接競合（特性/不登校×1対1学習支援）,高,③A 直接競合,個別指導塾スタディホップ,,,,UNSPECIFIED,比較検討・料金・申込 | ブランド・指名検索,KWP_CompetitorKeywordSeed
42549,スタディ ホップ デメリット,CORE,代表,C15418,1,スタディ ホップ デメリット,競合指名・周辺,保護者,B,直接競合（特性/不登校×1対1学習支援）,高,③A 直接競合,個別指導塾スタディホップ,,,,UNSPECIFIED,比較検討・料金・申込 | ブランド・指名検索,KWP_CompetitorKeywordSeed
42550,スタディ ホップ メリット,CORE,代表,C15419,1,スタディ ホップ メリット,競合指名・周辺,保護者,B,直接競合（特性/不登校×1対1学習支援）,高,③A 直接競合,個別指導塾スタディホップ,,,,UNSPECIFIED,ブランド・指名検索,KWP_CompetitorKeywordSeed
42530,スタディ ホップ レビュー,CORE,代表,C15420,1,スタディ ホップ レビュー,競合の比較検討（評判・料金）,保護者,B,直接競合（特性/不登校×1対1学習支援）,高,③A 直接競合,個別指導塾スタディホップ,,,,UNSPECIFIED,比較検討・料金・申込 | ブランド・指名検索,KWP_CompetitorKeywordSeed
41640,フリー ステップ レビュー,CORE,代表,C15456,1,フリー ステップ レビュー,競合の比較検討（評判・料金）,保護者,B,カテゴリ競合×比較/評判/料金/乗換え/特性,中,③B カテゴリ競合,フリーステップ,,,,UNSPECIFIED,比較検討・料金・申込 | ブランド・指名検索,KWP_CompetitorKeywordSeed
41689,フリー ステップ 不 登校 口コミ,CORE,代表,C15470,1,フリー ステップ 不 登校 口コミ,競合の比較検討（評判・料金）,保護者,B,カテゴリ競合×比較/評判/料金/乗換え/特性,中,③B カテゴリ競合,フリーステップ,,,,UNSPECIFIED,比較検討・料金・申込 | 学校生活・不登校・学校種別 | ブランド・指名検索,KWP_CompetitorKeywordSeed
41700,フリー ステップ 不 登校 料金,CORE,代表,C15471,1,フリー ステップ 不 登校 料金,競合の比較検討（評判・料金）,保護者,B,カテゴリ競合×比較/評判/料金/乗換え/特性,中,③B カテゴリ競合,フリーステップ,,,,UNSPECIFIED,比較検討・料金・申込 | 学校生活・不登校・学校種別 | ブランド・指名検索,KWP_CompetitorKeywordSeed
41681,フリー ステップ 不 登校,CORE,代表,C15472,1,フリー ステップ 不 登校,競合×特性/不登校対応の確認,保護者,B,カテゴリ競合×比較/評判/料金/乗換え/特性,中,③B カテゴリ競合,フリーステップ,,,,UNSPECIFIED,学校生活・不登校・学校種別 | ブランド・指名検索,KWP_CompetitorKeywordSeed
41695,フリー ステップ 不 登校 評判,CORE,代表,C15473,1,フリー ステップ 不 登校 評判,競合の比較検討（評判・料金）,保護者,B,カテゴリ競合×比較/評判/料金/乗換え/特性,中,③B カテゴリ競合,フリーステップ,,,,UNSPECIFIED,比較検討・料金・申込 | 学校生活・不登校・学校種別 | ブランド・指名検索,KWP_CompetitorKeywordSeed
48121,フリーステップ 中学受験 評判,CORE,代表,C15475,1,フリーステップ 中学受験 評判,競合の比較検討（評判・料金）,保護者,B,カテゴリ競合×比較/評判/料金/乗換え/特性,中,③B カテゴリ競合,フリーステップ,,,,UNSPECIFIED,比較検討・料金・申込 | 受験・進路 | ブランド・指名検索,Google_competitor_suggest
2799,フリー ステップ 料金 中学生,CORE,代表,C15477,2,フリー ステップ 料金 中学生,競合の比較検討（評判・料金）,保護者,B,カテゴリ競合×比較/評判/料金/乗換え/特性,中,③B カテゴリ競合,フリーステップ,70,120.0,751.0,MEDIUM,比較検討・料金・申込 | ブランド・指名検索,KWP_KeywordSeed || KWP_CompetitorKeywordSeed
48111,フリーステップ 伊丹 口コミ,CORE,代表,C15489,1,フリーステップ 伊丹 口コミ,競合の比較検討（評判・料金）,保護者,B,カテゴリ競合×比較/評判/料金/乗換え/特性,中,③B カテゴリ競合,フリーステップ,,,,UNSPECIFIED,比較検討・料金・申込 | ブランド・指名検索,Google_competitor_suggest
41663,フリー ステップ 休会,CORE,代表,C15490,1,フリー ステップ 休会,競合の不満・乗り換え,保護者,B,カテゴリ競合×比較/評判/料金/乗換え/特性,中,③B カテゴリ競合,フリーステップ,10,,,LOW,比較検討・料金・申込 | ブランド・指名検索 | 利用中・会員の手続き,KWP_CompetitorKeywordSeed
41670,フリー ステップ 体験,CORE,代表,C15493,2,フリー ステップ 体験,競合の比較検討（評判・料金）,保護者,B,カテゴリ競合×比較/評判/料金/乗換え/特性,中,③B カテゴリ競合,フリーステップ,20,632.0,1197.0,HIGH,比較検討・料金・申込 | ブランド・指名検索,KWP_CompetitorKeywordSeed
41671,フリー ステップ 体験 授業,CORE,代表,C15494,2,フリー ステップ 体験 授業,競合の比較検討（評判・料金）,保護者,B,カテゴリ競合×比較/評判/料金/乗換え/特性,中,③B カテゴリ競合,フリーステップ,20,309.0,1193.0,HIGH,比較検討・料金・申込 | 学習のやり方・学習課題 | ブランド・指名検索,KWP_CompetitorKeywordSeed
41669,フリー ステップ 無料 体験,CORE,代表,C15495,2,フリー ステップ 無料 体験,競合の比較検討（評判・料金）,保護者,B,カテゴリ競合×比較/評判/料金/乗換え/特性,中,③B カテゴリ競合,フリーステップ,20,297.0,1189.0,HIGH,比較検討・料金・申込 | ブランド・指名検索,KWP_CompetitorKeywordSeed
41641,フリー ステップ 体験 談,CORE,代表,C15496,1,フリー ステップ 体験 談,競合の比較検討（評判・料金）,保護者,B,カテゴリ競合×比較/評判/料金/乗換え/特性,中,③B カテゴリ競合,フリーステップ,,,,UNSPECIFIED,比較検討・料金・申込 | ブランド・指名検索,KWP_CompetitorKeywordSeed
41635,個別 指導 学院 フリー ステップ 口コミ,CORE,代表,C15506,2,個別 指導 学院 フリー ステップ 口コミ,競合の比較検討（評判・料金）,保護者,B,カテゴリ競合×比較/評判/料金/乗換え/特性,中,③B カテゴリ競合,フリーステップ,50,130.0,562.0,MEDIUM,サービス探し（家庭教師・塾・支援） | 比較検討・料金・申込 | ブランド・指名検索,KWP_CompetitorKeywordSeed
41636,個別 指導 フリー ステップ 口コミ,CORE,代表,C15507,1,個別 指導 フリー ステップ 口コミ,競合の比較検討（評判・料金）,保護者,B,カテゴリ競合×比較/評判/料金/乗換え/特性,中,③B カテゴリ競合,フリーステップ,20,139.0,568.0,MEDIUM,サービス探し（家庭教師・塾・支援） | 比較検討・料金・申込 | ブランド・指名検索,KWP_CompetitorKeywordSeed
3135,個別 指導 塾 フリー ステップ 料金,CORE,代表,C15511,1,個別 指導 塾 フリー ステップ 料金,競合の比較検討（評判・料金）,保護者,B,カテゴリ競合×比較/評判/料金/乗換え/特性,中,③B カテゴリ競合,フリーステップ,10,198.0,1185.0,HIGH,サービス探し（家庭教師・塾・支援） | 比較検討・料金・申込 | ブランド・指名検索,KWP_KeywordSeed || KWP_CompetitorKeywordSeed
2531,個別 指導 学院 フリー ステップ 料金,CORE,代表,C15520,1,個別 指導 学院 フリー ステップ 料金,競合の比較検討（評判・料金）,保護者,B,カテゴリ競合×比較/評判/料金/乗換え/特性,中,③B カテゴリ競合,フリーステップ,110,157.0,765.0,MEDIUM,サービス探し（家庭教師・塾・支援） | 比較検討・料金・申込 | ブランド・指名検索,KWP_KeywordSeed || KWP_CompetitorKeywordSeed
41621,個別 指導 学院 フリー ステップ 評判,CORE,代表,C15521,1,個別 指導 学院 フリー ステップ 評判,競合の比較検討（評判・料金）,保護者,B,カテゴリ競合×比較/評判/料金/乗換え/特性,中,③B カテゴリ競合,フリーステップ,10,,,LOW,サービス探し（家庭教師・塾・支援） | 比較検討・料金・申込 | ブランド・指名検索,KWP_CompetitorKeywordSeed
2564,個別 指導 フリー ステップ 料金,CORE,代表,C15523,1,個別 指導 フリー ステップ 料金,競合の比較検討（評判・料金）,保護者,B,カテゴリ競合×比較/評判/料金/乗換え/特性,中,③B カテゴリ競合,フリーステップ,110,153.0,733.0,HIGH,サービス探し（家庭教師・塾・支援） | 比較検討・料金・申込 | ブランド・指名検索,KWP_KeywordSeed || KWP_CompetitorKeywordSeed
41607,個別 指導 フリー ステップ 評判,CORE,代表,C15524,1,個別 指導 フリー ステップ 評判,競合の比較検討（評判・料金）,保護者,B,カテゴリ競合×比較/評判/料金/乗換え/特性,中,③B カテゴリ競合,フリーステップ,10,,,MEDIUM,サービス探し（家庭教師・塾・支援） | 比較検討・料金・申込 | ブランド・指名検索,KWP_CompetitorKeywordSeed
3179,個別 フリー ステップ 料金,CORE,代表,C15525,1,個別 フリー ステップ 料金,競合の比較検討（評判・料金）,保護者,B,カテゴリ競合×比較/評判/料金/乗換え/特性,中,③B カテゴリ競合,フリーステップ,20,235.0,1188.0,HIGH,比較検討・料金・申込 | ブランド・指名検索,KWP_KeywordSeed || KWP_CompetitorKeywordSeed
48123,個別 フリーステップ 評判,CORE,代表,C15526,1,個別 フリーステップ 評判,競合の比較検討（評判・料金）,保護者,B,カテゴリ競合×比較/評判/料金/乗換え/特性,中,③B カテゴリ競合,フリーステップ,,,,UNSPECIFIED,比較検討・料金・申込 | ブランド・指名検索,Google_competitor_suggest
41675,フリー ステップ 入会,CORE,代表,C15527,1,フリー ステップ 入会,競合の比較検討（評判・料金）,保護者,B,カテゴリ競合×比較/評判/料金/乗換え/特性,中,③B カテゴリ競合,フリーステップ,,,,UNSPECIFIED,比較検討・料金・申込 | ブランド・指名検索,KWP_CompetitorKeywordSeed
41645,フリー ステップ 入会 金 無料,CORE,代表,C15528,1,フリー ステップ 入会 金 無料,競合の比較検討（評判・料金）,保護者,B,カテゴリ競合×比較/評判/料金/乗換え/特性,中,③B カテゴリ競合,フリーステップ,10,255.0,1196.0,MEDIUM,比較検討・料金・申込 | ブランド・指名検索,KWP_CompetitorKeywordSeed
41643,フリー ステップ 入会 金,CORE,代表,C15529,2,フリー ステップ 入会 金,競合の比較検討（評判・料金）,保護者,B,カテゴリ競合×比較/評判/料金/乗換え/特性,中,③B カテゴリ競合,フリーステップ,20,196.0,686.0,MEDIUM,比較検討・料金・申込 | ブランド・指名検索,KWP_CompetitorKeywordSeed
2651,フリー ステップ 冬期 講習 料金,CORE,代表,C15534,1,フリー ステップ 冬期 講習 料金,競合の比較検討（評判・料金）,保護者,B,カテゴリ競合×比較/評判/料金/乗換え/特性,中,③B カテゴリ競合,フリーステップ,30,,,LOW,比較検討・料金・申込 | 学習のやり方・学習課題 | ブランド・指名検索,KWP_KeywordSeed || KWP_CompetitorKeywordSeed
48110,フリーステップ 加古川 口コミ,CORE,代表,C15544,1,フリーステップ 加古川 口コミ,競合の比較検討（評判・料金）,保護者,B,カテゴリ競合×比較/評判/料金/乗換え/特性,中,③B カテゴリ競合,フリーステップ,,,,UNSPECIFIED,比較検討・料金・申込 | ブランド・指名検索,Google_competitor_suggest
41529,フリー ステップ 大学 受験 評判,CORE,代表,C15559,2,フリー ステップ 大学 受験 評判,競合の比較検討（評判・料金）,保護者,B,カテゴリ競合×比較/評判/料金/乗換え/特性,中,③B カテゴリ競合,フリーステップ,20,134.0,344.0,MEDIUM,比較検討・料金・申込 | 受験・進路 | ブランド・指名検索,KWP_CompetitorKeywordSeed
41633,フリー ステップ 口コミ,CORE,代表,C15561,2,フリー ステップ 口コミ,競合の比較検討（評判・料金）,保護者,B,カテゴリ競合×比較/評判/料金/乗換え/特性,中,③B カテゴリ競合,フリーステップ,210,106.0,428.0,MEDIUM,比較検討・料金・申込 | ブランド・指名検索,KWP_CompetitorKeywordSeed
48114,塾 フリーステップ 口コミ,CORE,代表,C15562,1,塾 フリーステップ 口コミ,競合の比較検討（評判・料金）,保護者,B,カテゴリ競合×比較/評判/料金/乗換え/特性,中,③B カテゴリ競合,フリーステップ,,,,UNSPECIFIED,サービス探し（家庭教師・塾・支援） | 比較検討・料金・申込 | ブランド・指名検索,Google_competitor_suggest
41688,フリー ステップ 境界 知能 口コミ,CORE,代表,C15563,1,フリー ステップ 境界 知能 口コミ,競合の比較検討（評判・料金）,保護者,B,カテゴリ競合×比較/評判/料金/乗換え/特性,中,③B カテゴリ競合,フリーステップ,,,,UNSPECIFIED,比較検討・料金・申込 | ブランド・指名検索,KWP_CompetitorKeywordSeed
48108,フリーステップ 大島 口コミ,CORE,代表,C15564,1,フリーステップ 大島 口コミ,競合の比較検討（評判・料金）,保護者,B,カテゴリ競合×比較/評判/料金/乗換え/特性,中,③B カテゴリ競合,フリーステップ,,,,UNSPECIFIED,比較検討・料金・申込 | ブランド・指名検索,Google_competitor_suggest
41686,フリー ステップ ld 口コミ,CORE,代表,C15565,2,フリー ステップ ld 口コミ,競合の比較検討（評判・料金）,保護者,B,カテゴリ競合×比較/評判/料金/乗換え/特性,中,③B カテゴリ競合,フリーステップ,,,,UNSPECIFIED,比較検討・料金・申込 | ブランド・指名検索,KWP_CompetitorKeywordSeed
48112,フリーステップ 茨木 口コミ,CORE,代表,C15566,1,フリーステップ 茨木 口コミ,競合の比較検討（評判・料金）,保護者,B,カテゴリ競合×比較/評判/料金/乗換え/特性,中,③B カテゴリ競合,フリーステップ,,,,UNSPECIFIED,比較検討・料金・申込 | ブランド・指名検索,Google_competitor_suggest
41525,フリー ステップ 合格 実績,CORE,代表,C15569,2,フリー ステップ 合格 実績,競合の比較検討（評判・料金）,保護者,B,カテゴリ競合×比較/評判/料金/乗換え/特性,中,③B カテゴリ競合,フリーステップ,90,69.0,243.0,LOW,比較検討・料金・申込 | 受験・進路 | ブランド・指名検索,KWP_CompetitorKeywordSeed
41557,フリー ステップ 問い合わせ,CORE,代表,C15570,1,フリー ステップ 問い合わせ,競合の比較検討（評判・料金）,保護者,B,カテゴリ競合×比較/評判/料金/乗換え/特性,中,③B カテゴリ競合,フリーステップ,20,204.0,775.0,MEDIUM,比較検討・料金・申込 | ブランド・指名検索,KWP_CompetitorKeywordSeed
3092,塾 フリー ステップ 料金,CORE,代表,C15578,2,塾 フリー ステップ 料金,競合の比較検討（評判・料金）,保護者,B,カテゴリ競合×比較/評判/料金/乗換え/特性,中,③B カテゴリ競合,フリーステップ,50,167.0,819.0,MEDIUM,サービス探し（家庭教師・塾・支援） | 比較検討・料金・申込 | ブランド・指名検索,KWP_KeywordSeed || KWP_CompetitorKeywordSeed
48120,フリーステップ 塾 評判,CORE,代表,C15580,1,フリーステップ 塾 評判,競合の比較検討（評判・料金）,保護者,B,カテゴリ競合×比較/評判/料金/乗換え/特性,中,③B カテゴリ競合,フリーステップ,10,135.0,650.0,MEDIUM,サービス探し（家庭教師・塾・支援） | 比較検討・料金・申込 | ブランド・指名検索,Google_competitor_suggest
41699,フリー ステップ 境界 知能 料金,CORE,代表,C15582,1,フリー ステップ 境界 知能 料金,競合の比較検討（評判・料金）,保護者,B,カテゴリ競合×比較/評判/料金/乗換え/特性,中,③B カテゴリ競合,フリーステップ,,,,UNSPECIFIED,比較検討・料金・申込 | ブランド・指名検索,KWP_CompetitorKeywordSeed
41680,フリー ステップ 境界 知能,CORE,代表,C15583,1,フリー ステップ 境界 知能,競合×特性/不登校対応の確認,保護者,B,カテゴリ競合×比較/評判/料金/乗換え/特性,中,③B カテゴリ競合,フリーステップ,,,,UNSPECIFIED,ブランド・指名検索,KWP_CompetitorKeywordSeed
41694,フリー ステップ 境界 知能 評判,CORE,代表,C15584,1,フリー ステップ 境界 知能 評判,競合の比較検討（評判・料金）,保護者,B,カテゴリ競合×比較/評判/料金/乗換え/特性,中,③B カテゴリ競合,フリーステップ,,,,UNSPECIFIED,比較検討・料金・申込 | ブランド・指名検索,KWP_CompetitorKeywordSeed
2541,フリー ステップ 夏期 講習 料金,CORE,代表,C15585,2,フリー ステップ 夏期 講習 料金,競合の比較検討（評判・料金）,保護者,B,カテゴリ競合×比較/評判/料金/乗換え/特性,中,③B カテゴリ競合,フリーステップ,110,110.0,281.0,MEDIUM,比較検討・料金・申込 | 学習のやり方・学習課題 | ブランド・指名検索,KWP_KeywordSeed || KWP_CompetitorKeywordSeed
41659,フリー ステップ 失敗,CORE,代表,C15590,1,フリー ステップ 失敗,競合の不満・乗り換え,保護者,B,カテゴリ競合×比較/評判/料金/乗換え/特性,中,③B カテゴリ競合,フリーステップ,,,,UNSPECIFIED,比較検討・料金・申込 | ブランド・指名検索,KWP_CompetitorKeywordSeed
41698,フリー ステップ ld 料金,CORE,代表,C15592,1,フリー ステップ ld 料金,競合の比較検討（評判・料金）,保護者,B,カテゴリ競合×比較/評判/料金/乗換え/特性,中,③B カテゴリ競合,フリーステップ,,,,UNSPECIFIED,比較検討・料金・申込 | ブランド・指名検索,KWP_CompetitorKeywordSeed
41692,フリー ステップ ld 評判,CORE,代表,C15593,2,フリー ステップ ld 評判,競合の比較検討（評判・料金）,保護者,B,カテゴリ競合×比較/評判/料金/乗換え/特性,中,③B カテゴリ競合,フリーステップ,,,,UNSPECIFIED,比較検討・料金・申込 | ブランド・指名検索,KWP_CompetitorKeywordSeed
41678,フリー ステップ ld,CORE,代表,C15594,2,フリー ステップ ld,競合×特性/不登校対応の確認,保護者,B,カテゴリ競合×比較/評判/料金/乗換え/特性,中,③B カテゴリ競合,フリーステップ,,,,UNSPECIFIED,ブランド・指名検索,KWP_CompetitorKeywordSeed
41648,フリー ステップ 安い,CORE,代表,C15596,1,フリー ステップ 安い,競合の比較検討（評判・料金）,保護者,B,カテゴリ競合×比較/評判/料金/乗換え/特性,中,③B カテゴリ競合,フリーステップ,,,,UNSPECIFIED,比較検討・料金・申込 | ブランド・指名検索,KWP_CompetitorKeywordSeed
41564,フリー ステップ 実績,CORE,代表,C15597,1,フリー ステップ 実績,競合の比較検討（評判・料金）,保護者,B,カテゴリ競合×比較/評判/料金/乗換え/特性,中,③B カテゴリ競合,フリーステップ,20,,,LOW,比較検討・料金・申込 | ブランド・指名検索,KWP_CompetitorKeywordSeed
41601,フリー ステップ 進学 実績,CORE,代表,C15598,1,フリー ステップ 進学 実績,競合の比較検討（評判・料金）,保護者,B,カテゴリ競合×比較/評判/料金/乗換え/特性,中,③B カテゴリ競合,フリーステップ,20,,,LOW,比較検討・料金・申込 | 受験・進路 | ブランド・指名検索,KWP_CompetitorKeywordSeed
3478,フリー ステップ 料金 小学生,CORE,代表,C15605,2,フリー ステップ 料金 小学生,競合の比較検討（評判・料金）,保護者,B,カテゴリ競合×比較/評判/料金/乗換え/特性,中,③B カテゴリ競合,フリーステップ,20,113.0,492.0,MEDIUM,比較検討・料金・申込 | ブランド・指名検索,KWP_KeywordSeed || KWP_CompetitorKeywordSeed
41660,フリー ステップ 後悔,CORE,代表,C15616,1,フリー ステップ 後悔,競合の不満・乗り換え,保護者,B,カテゴリ競合×比較/評判/料金/乗換え/特性,中,③B カテゴリ競合,フリーステップ,,,,UNSPECIFIED,比較検討・料金・申込 | ブランド・指名検索,KWP_CompetitorKeywordSeed
41658,フリー ステップ 怪しい,CORE,代表,C15618,1,フリー ステップ 怪しい,競合の不満・乗り換え,保護者,B,カテゴリ競合×比較/評判/料金/乗換え/特性,中,③B カテゴリ競合,フリーステップ,,,,UNSPECIFIED,比較検討・料金・申込 | ブランド・指名検索,KWP_CompetitorKeywordSeed
48116,フリーステップ 評判 悪い,CORE,代表,C15619,1,フリーステップ 評判 悪い,競合の比較検討（評判・料金）,保護者,B,カテゴリ競合×比較/評判/料金/乗換え/特性,中,③B カテゴリ競合,フリーステップ,320,150.0,401.0,LOW,比較検討・料金・申込 | ブランド・指名検索,Google_competitor_suggest || CompetitorMatrix
41642,フリー ステップ 感想,CORE,代表,C15620,1,フリー ステップ 感想,競合の比較検討（評判・料金）,保護者,B,カテゴリ競合×比較/評判/料金/乗換え/特性,中,③B カテゴリ競合,フリーステップ,,,,UNSPECIFIED,比較検討・料金・申込 | ブランド・指名検索,KWP_CompetitorKeywordSeed
3604,授業 料 フリー ステップ 料金 表,CORE,代表,C15624,1,授業 料 フリー ステップ 料金 表,競合の比較検討（評判・料金）,保護者,B,カテゴリ競合×比較/評判/料金/乗換え/特性,中,③B カテゴリ競合,フリーステップ,70,130.0,414.0,MEDIUM,比較検討・料金・申込 | 学習のやり方・学習課題 | ブランド・指名検索,KWP_KeywordSeed || KWP_CompetitorKeywordSeed
41506,フリー ステップ 料金,CORE,代表,C15642,7,フリー ステップ 料金,競合の比較検討（評判・料金）,保護者,B,カテゴリ競合×比較/評判/料金/乗換え/特性,中,③B カテゴリ競合,フリーステップ,720,151.0,823.0,MEDIUM,比較検討・料金・申込 | ブランド・指名検索,KWP_CompetitorKeywordSeed
3015,フリー ステップ 春期 講習 料金,CORE,代表,C15643,1,フリー ステップ 春期 講習 料金,競合の比較検討（評判・料金）,保護者,B,カテゴリ競合×比較/評判/料金/乗換え/特性,中,③B カテゴリ競合,フリーステップ,10,,,UNSPECIFIED,比較検討・料金・申込 | 学習のやり方・学習課題 | ブランド・指名検索,KWP_KeywordSeed || KWP_CompetitorKeywordSeed
41515,フリー ステップ 料金 知恵袋,CORE,代表,C15644,2,フリー ステップ 料金 知恵袋,競合の比較検討（評判・料金）,保護者,B,カテゴリ競合×比較/評判/料金/乗換え/特性,中,③B カテゴリ競合,フリーステップ,110,,,LOW,比較検討・料金・申込 | ブランド・指名検索,KWP_CompetitorKeywordSeed
2558,フリー ステップ 料金 表,CORE,代表,C15645,2,フリー ステップ 料金 表,競合の比較検討（評判・料金）,保護者,B,カテゴリ競合×比較/評判/料金/乗換え/特性,中,③B カテゴリ競合,フリーステップ,590,136.0,648.0,MEDIUM,比較検討・料金・申込 | ブランド・指名検索,KWP_KeywordSeed || KWP_CompetitorKeywordSeed
48127,フリーステップ 料金 高い,CORE,代表,C15646,1,フリーステップ 料金 高い,競合の比較検討（評判・料金）,保護者,B,カテゴリ競合×比較/評判/料金/乗換え/特性,中,③B カテゴリ競合,フリーステップ,140,112.0,475.0,MEDIUM,比較検討・料金・申込 | ブランド・指名検索,Google_competitor_suggest
2721,フリー ステップ 料金 高校生,CORE,代表,C15647,2,フリー ステップ 料金 高校生,競合の比較検討（評判・料金）,保護者,B,カテゴリ競合×比較/評判/料金/乗換え/特性,中,③B カテゴリ競合,フリーステップ,90,167.0,746.0,MEDIUM,比較検討・料金・申込 | ブランド・指名検索,KWP_KeywordSeed || KWP_CompetitorKeywordSeed
41655,フリー ステップ 最悪,CORE,代表,C15656,2,フリー ステップ 最悪,競合の不満・乗り換え,保護者,B,カテゴリ競合×比較/評判/料金/乗換え/特性,中,③B カテゴリ競合,フリーステップ,260,181.0,834.0,LOW,比較検討・料金・申込 | ブランド・指名検索,KWP_CompetitorKeywordSeed
41649,フリー ステップ 比較,CORE,代表,C15669,1,フリー ステップ 比較,競合の比較検討（評判・料金）,保護者,B,カテゴリ競合×比較/評判/料金/乗換え/特性,中,③B カテゴリ競合,フリーステップ,,,,UNSPECIFIED,比較検討・料金・申込 | ブランド・指名検索,KWP_CompetitorKeywordSeed
41674,フリー ステップ 申し込み,CORE,代表,C15677,1,フリー ステップ 申し込み,競合の比較検討（評判・料金）,保護者,B,カテゴリ競合×比較/評判/料金/乗換え/特性,中,③B カテゴリ競合,フリーステップ,,,,UNSPECIFIED,比較検討・料金・申込 | ブランド・指名検索,KWP_CompetitorKeywordSeed
48131,フリーステップ 発達障害,CORE,代表,C15680,1,フリーステップ 発達障害,競合×特性/不登校対応の確認,保護者,B,カテゴリ競合×比較/評判/料金/乗換え/特性,中,③B カテゴリ競合,フリーステップ,,,,UNSPECIFIED,ブランド・指名検索,Google_competitor_suggest
41592,フリー ステップ 知恵袋,CORE,代表,C15681,2,フリー ステップ 知恵袋,競合の比較検討（評判・料金）,保護者,B,カテゴリ競合×比較/評判/料金/乗換え/特性,中,③B カテゴリ競合,フリーステップ,40,,,LOW,比較検討・料金・申込 | ブランド・指名検索,KWP_CompetitorKeywordSeed
41662,フリー ステップ 解約,CORE,代表,C15695,2,フリー ステップ 解約,競合の不満・乗り換え,保護者,B,カテゴリ競合×比較/評判/料金/乗換え/特性,中,③B カテゴリ競合,フリーステップ,10,,,LOW,比較検討・料金・申込 | ブランド・指名検索,KWP_CompetitorKeywordSeed
41634,フリー ステップ 評価,CORE,代表,C15696,2,フリー ステップ 評価,競合の比較検討（評判・料金）,保護者,B,カテゴリ競合×比較/評判/料金/乗換え/特性,中,③B カテゴリ競合,フリーステップ,10,88.0,946.0,MEDIUM,比較検討・料金・申込 | ブランド・指名検索,KWP_CompetitorKeywordSeed
41510,フリー ステップ 評判,CORE,代表,C15697,2,フリー ステップ 評判,競合の比較検討（評判・料金）,保護者,B,カテゴリ競合×比較/評判/料金/乗換え/特性,中,③B カテゴリ競合,フリーステップ,90,114.0,414.0,MEDIUM,比較検討・料金・申込 | ブランド・指名検索,KWP_CompetitorKeywordSeed
41673,フリー ステップ 資料 請求,CORE,代表,C15698,1,フリー ステップ 資料 請求,競合の比較検討（評判・料金）,保護者,B,カテゴリ競合×比較/評判/料金/乗換え/特性,中,③B カテゴリ競合,フリーステップ,,,,UNSPECIFIED,比較検討・料金・申込 | ブランド・指名検索,KWP_CompetitorKeywordSeed
41527,フリー ステップ 費用,CORE,代表,C15701,2,フリー ステップ 費用,競合の比較検討（評判・料金）,保護者,B,カテゴリ競合×比較/評判/料金/乗換え/特性,中,③B カテゴリ競合,フリーステップ,30,219.0,740.0,MEDIUM,比較検討・料金・申込 | ブランド・指名検索,KWP_CompetitorKeywordSeed
41661,フリー ステップ 退会,CORE,代表,C15703,2,フリー ステップ 退会,競合の不満・乗り換え,保護者,B,カテゴリ競合×比較/評判/料金/乗換え/特性,中,③B カテゴリ競合,フリーステップ,10,,,LOW,合わない・断られた・乗り換え | ブランド・指名検索,KWP_CompetitorKeywordSeed
41644,フリー ステップ 高い,CORE,代表,C15712,2,フリー ステップ 高い,競合の比較検討（評判・料金）,保護者,B,カテゴリ競合×比較/評判/料金/乗換え/特性,中,③B カテゴリ競合,フリーステップ,20,,,LOW,比較検討・料金・申込 | ブランド・指名検索,KWP_CompetitorKeywordSeed
40701,スペック トーマス 料金,CORE,代表,C15806,2,スペック トーマス 料金,競合の比較検討（評判・料金）,保護者,B,カテゴリ競合×比較/評判/料金/乗換え/特性,中,③B カテゴリ競合,TOMAS,20,,,LOW,比較検討・料金・申込 | ブランド・指名検索,KWP_CompetitorKeywordSeed
6067,家庭 教師 一橋 セイシン 会,CORE,代表,C15919,1,家庭 教師 一橋 セイシン 会,競合指名・周辺,保護者,B,終了競合の乗換え需要,高,③X 終了サービス/乗換え,一橋セイシン会,10,,,MEDIUM,サービス探し（家庭教師・塾・支援） | ブランド・指名検索,KWP_KeywordSeed
2112,一橋 セイシン 会 料金,CORE,代表,C15920,1,一橋 セイシン 会 料金,競合の比較検討（評判・料金）,保護者,B,終了競合の乗換え需要,高,③X 終了サービス/乗換え,一橋セイシン会,20,,,UNSPECIFIED,比較検討・料金・申込 | ブランド・指名検索,KWP_KeywordSeed
5901,一橋 セイシン 会,CORE,代表,C15921,1,一橋 セイシン 会,競合指名・周辺,保護者,B,終了競合の乗換え需要,高,③X 終了サービス/乗換え,一橋セイシン会,880,182.0,695.0,LOW,ブランド・指名検索,KWP_KeywordSeed
694,学習 支援 センター 不 登校,CORE,代表,C15972,1,学習 支援 センター 不 登校,サービス探し（特性/不登校×学習支援）,保護者,A,特性/不登校×家庭教師・塾・個別,高,②顕在,,10,,,HIGH,サービス探し（家庭教師・塾・支援） | 学校生活・不登校・学校種別,KWP_KeywordSeed
3337,明光 ゼミナール 料金,CORE,代表,C16175,1,明光 ゼミナール 料金,競合の比較検討（評判・料金）,保護者,B,カテゴリ競合×比較/評判/料金/乗換え/特性,中,③B カテゴリ競合,個別指導の明光義塾,10,,,LOW,比較検討・料金・申込 | ブランド・指名検索,KWP_KeywordSeed || KWP_CompetitorKeywordSeed
39591,栄光 ゼミナール ビザビ 口コミ,CORE,代表,C16199,1,栄光 ゼミナール ビザビ 口コミ,競合の比較検討（評判・料金）,保護者,B,カテゴリ競合×比較/評判/料金/乗換え/特性,中,③B カテゴリ競合,栄光の個別ビザビ,30,79.0,2675.0,MEDIUM,比較検討・料金・申込 | ブランド・指名検索,KWP_CompetitorKeywordSeed || Google_competitor_suggest
2574,栄光 ゼミナール ビザビ 料金,CORE,代表,C16201,1,栄光 ゼミナール ビザビ 料金,競合の比較検討（評判・料金）,保護者,B,カテゴリ競合×比較/評判/料金/乗換え/特性,中,③B カテゴリ競合,栄光の個別ビザビ,50,118.0,1700.0,MEDIUM,比較検討・料金・申込 | ブランド・指名検索,KWP_KeywordSeed || KWP_CompetitorKeywordSeed
39583,栄光 ゼミナール ビザビ 評判,CORE,代表,C16203,2,栄光 ゼミナール ビザビ 評判,競合の比較検討（評判・料金）,保護者,B,カテゴリ競合×比較/評判/料金/乗換え/特性,中,③B カテゴリ競合,栄光の個別ビザビ,20,98.0,2188.0,MEDIUM,比較検討・料金・申込 | ブランド・指名検索,KWP_CompetitorKeywordSeed
2755,第 一 ゼミナール ファロス 料金,CORE,代表,C16206,1,第 一 ゼミナール ファロス 料金,競合の比較検討（評判・料金）,保護者,B,カテゴリ競合×比較/評判/料金/乗換え/特性,中,③B カテゴリ競合,ファロス個別指導学院,30,135.0,346.0,MEDIUM,比較検討・料金・申込 | ブランド・指名検索,KWP_KeywordSeed
30970,トライ タブレット 料金,CORE,代表,C16231,1,トライ タブレット 料金,競合の比較検討（評判・料金）,保護者,B,カテゴリ競合×比較/評判/料金/乗換え/特性,中,③B カテゴリ競合,家庭教師のトライ,10,,,LOW,比較検討・料金・申込 | 教材・通信教育 | ブランド・指名検索,KWP_CompetitorKeywordSeed
30871,トライ タブレット 評判,CORE,代表,C16233,1,トライ タブレット 評判,競合の比較検討（評判・料金）,保護者,B,カテゴリ競合×比較/評判/料金/乗換え/特性,中,③B カテゴリ競合,家庭教師のトライ,10,,,UNSPECIFIED,比較検討・料金・申込 | 教材・通信教育 | ブランド・指名検索,KWP_CompetitorKeywordSeed
34570,ティントル,CORE,代表,C16372,1,ティントル,競合指名・周辺,保護者,B,直接競合（特性/不登校×1対1学習支援）,高,③A 直接競合,ティントル,170,182.0,580.0,LOW,ブランド・指名検索,KWP_CompetitorKeywordSeed || Google_competitor_suggest
34628,ティントル 不 登校 口コミ,CORE,代表,C16373,1,ティントル 不 登校 口コミ,競合の比較検討（評判・料金）,保護者,B,直接競合（特性/不登校×1対1学習支援）,高,③A 直接競合,ティントル,,,,UNSPECIFIED,比較検討・料金・申込 | 学校生活・不登校・学校種別 | ブランド・指名検索,KWP_CompetitorKeywordSeed
34640,ティントル 不 登校 料金,CORE,代表,C16374,1,ティントル 不 登校 料金,競合の比較検討（評判・料金）,保護者,B,直接競合（特性/不登校×1対1学習支援）,高,③A 直接競合,ティントル,,,,UNSPECIFIED,比較検討・料金・申込 | 学校生活・不登校・学校種別 | ブランド・指名検索,KWP_CompetitorKeywordSeed
34616,ティントル 不 登校,CORE,代表,C16375,2,ティントル 不 登校,競合×特性/不登校対応の確認,保護者,B,直接競合（特性/不登校×1対1学習支援）,高,③A 直接競合,ティントル,,,,UNSPECIFIED,学校生活・不登校・学校種別 | ブランド・指名検索,KWP_CompetitorKeywordSeed
34634,ティントル 不 登校 評判,CORE,代表,C16376,1,ティントル 不 登校 評判,競合の比較検討（評判・料金）,保護者,B,直接競合（特性/不登校×1対1学習支援）,高,③A 直接競合,ティントル,,,,UNSPECIFIED,比較検討・料金・申込 | 学校生活・不登校・学校種別 | ブランド・指名検索,KWP_CompetitorKeywordSeed
34621,ティントル 中学 受験,CORE,代表,C16377,1,ティントル 中学 受験,競合指名・周辺,保護者,B,直接競合（特性/不登校×1対1学習支援）,高,③A 直接競合,ティントル,,,,UNSPECIFIED,受験・進路 | ブランド・指名検索,KWP_CompetitorKeywordSeed
34618,ティントル 中学生,CORE,代表,C16378,1,ティントル 中学生,競合指名・周辺,保護者,B,直接競合（特性/不登校×1対1学習支援）,高,③A 直接競合,ティントル,,,,UNSPECIFIED,ブランド・指名検索,KWP_CompetitorKeywordSeed
34590,ティントル 他社,CORE,代表,C16379,1,ティントル 他社,競合指名・周辺,保護者,B,直接競合（特性/不登校×1対1学習支援）,高,③A 直接競合,ティントル,,,,UNSPECIFIED,比較検討・料金・申込 | ブランド・指名検索,KWP_CompetitorKeywordSeed
34605,ティントル 体験,CORE,代表,C16380,1,ティントル 体験,競合の比較検討（評判・料金）,保護者,B,直接競合（特性/不登校×1対1学習支援）,高,③A 直接競合,ティントル,,,,UNSPECIFIED,比較検討・料金・申込 | ブランド・指名検索,KWP_CompetitorKeywordSeed
34606,ティントル 体験 授業,CORE,代表,C16381,1,ティントル 体験 授業,競合の比較検討（評判・料金）,保護者,B,直接競合（特性/不登校×1対1学習支援）,高,③A 直接競合,ティントル,,,,UNSPECIFIED,比較検討・料金・申込 | 学習のやり方・学習課題 | ブランド・指名検索,KWP_CompetitorKeywordSeed
34604,ティントル 無料 体験,CORE,代表,C16382,1,ティントル 無料 体験,競合の比較検討（評判・料金）,保護者,B,直接競合（特性/不登校×1対1学習支援）,高,③A 直接競合,ティントル,,,,UNSPECIFIED,比較検討・料金・申込 | ブランド・指名検索,KWP_CompetitorKeywordSeed
34574,ティントル 体験 談,CORE,代表,C16383,1,ティントル 体験 談,競合の比較検討（評判・料金）,保護者,B,直接競合（特性/不登校×1対1学習支援）,高,③A 直接競合,ティントル,,,,UNSPECIFIED,比較検討・料金・申込 | ブランド・指名検索,KWP_CompetitorKeywordSeed
34610,ティントル 入会,CORE,代表,C16384,1,ティントル 入会,競合の比較検討（評判・料金）,保護者,B,直接競合（特性/不登校×1対1学習支援）,高,③A 直接競合,ティントル,,,,UNSPECIFIED,比較検討・料金・申込 | ブランド・指名検索,KWP_CompetitorKeywordSeed
34582,ティントル 入会 金,CORE,代表,C16385,1,ティントル 入会 金,競合の比較検討（評判・料金）,保護者,B,直接競合（特性/不登校×1対1学習支援）,高,③A 直接競合,ティントル,,,,UNSPECIFIED,比較検討・料金・申込 | ブランド・指名検索,KWP_CompetitorKeywordSeed
34622,ティントル 大学 受験,CORE,代表,C16386,1,ティントル 大学 受験,競合指名・周辺,保護者,B,直接競合（特性/不登校×1対1学習支援）,高,③A 直接競合,ティントル,,,,UNSPECIFIED,受験・進路 | ブランド・指名検索,KWP_CompetitorKeywordSeed
34620,ティントル 高校 受験,CORE,代表,C16387,1,ティントル 高校 受験,競合指名・周辺,保護者,B,直接競合（特性/不登校×1対1学習支援）,高,③A 直接競合,ティントル,,,,UNSPECIFIED,受験・進路 | ブランド・指名検索,KWP_CompetitorKeywordSeed
34571,ティントル 口コミ,CORE,代表,C16388,1,ティントル 口コミ,競合の比較検討（評判・料金）,保護者,B,直接競合（特性/不登校×1対1学習支援）,高,③A 直接競合,ティントル,70,243.0,532.0,LOW,比較検討・料金・申込 | ブランド・指名検索,KWP_CompetitorKeywordSeed || Google_competitor_suggest || CompetitorMatrix
34627,ティントル 境界 知能 口コミ,CORE,代表,C16389,1,ティントル 境界 知能 口コミ,競合の比較検討（評判・料金）,保護者,B,直接競合（特性/不登校×1対1学習支援）,高,③A 直接競合,ティントル,,,,UNSPECIFIED,比較検討・料金・申込 | ブランド・指名検索,KWP_CompetitorKeywordSeed
34625,ティントル ld 口コミ,CORE,代表,C16390,2,ティントル ld 口コミ,競合の比較検討（評判・料金）,保護者,B,直接競合（特性/不登校×1対1学習支援）,高,③A 直接競合,ティントル,,,,UNSPECIFIED,比較検討・料金・申込 | ブランド・指名検索,KWP_CompetitorKeywordSeed
34639,ティントル 境界 知能 料金,CORE,代表,C16391,1,ティントル 境界 知能 料金,競合の比較検討（評判・料金）,保護者,B,直接競合（特性/不登校×1対1学習支援）,高,③A 直接競合,ティントル,,,,UNSPECIFIED,比較検討・料金・申込 | ブランド・指名検索,KWP_CompetitorKeywordSeed
34615,ティントル 境界 知能,CORE,代表,C16392,1,ティントル 境界 知能,競合×特性/不登校対応の確認,保護者,B,直接競合（特性/不登校×1対1学習支援）,高,③A 直接競合,ティントル,,,,UNSPECIFIED,ブランド・指名検索,KWP_CompetitorKeywordSeed
34633,ティントル 境界 知能 評判,CORE,代表,C16393,1,ティントル 境界 知能 評判,競合の比較検討（評判・料金）,保護者,B,直接競合（特性/不登校×1対1学習支援）,高,③A 直接競合,ティントル,,,,UNSPECIFIED,比較検討・料金・申込 | ブランド・指名検索,KWP_CompetitorKeywordSeed
34596,ティントル 失敗,CORE,代表,C16394,1,ティントル 失敗,競合の不満・乗り換え,保護者,B,直接競合（特性/不登校×1対1学習支援）,高,③A 直接競合,ティントル,,,,UNSPECIFIED,比較検討・料金・申込 | ブランド・指名検索,KWP_CompetitorKeywordSeed
34637,ティントル ld 料金,CORE,代表,C16395,2,ティントル ld 料金,競合の比較検討（評判・料金）,保護者,B,直接競合（特性/不登校×1対1学習支援）,高,③A 直接競合,ティントル,,,,UNSPECIFIED,比較検討・料金・申込 | ブランド・指名検索,KWP_CompetitorKeywordSeed
34631,ティントル ld 評判,CORE,代表,C16396,2,ティントル ld 評判,競合の比較検討（評判・料金）,保護者,B,直接競合（特性/不登校×1対1学習支援）,高,③A 直接競合,ティントル,,,,UNSPECIFIED,比較検討・料金・申込 | ブランド・指名検索,KWP_CompetitorKeywordSeed
34613,ティントル ld,CORE,代表,C16397,2,ティントル ld,競合×特性/不登校対応の確認,保護者,B,直接競合（特性/不登校×1対1学習支援）,高,③A 直接競合,ティントル,,,,UNSPECIFIED,ブランド・指名検索,KWP_CompetitorKeywordSeed
34585,ティントル 安い,CORE,代表,C16398,1,ティントル 安い,競合の比較検討（評判・料金）,保護者,B,直接競合（特性/不登校×1対1学習支援）,高,③A 直接競合,ティントル,,,,UNSPECIFIED,比較検討・料金・申込 | ブランド・指名検索,KWP_CompetitorKeywordSeed
47720,ティントル 家庭教師,CORE,代表,C16399,1,ティントル 家庭教師,競合指名・周辺,保護者,B,直接競合（特性/不登校×1対1学習支援）,高,③A 直接競合,ティントル,,,,UNSPECIFIED,サービス探し（家庭教師・塾・支援） | ブランド・指名検索,Google_competitor_suggest
34617,ティントル 小学生,CORE,代表,C16400,1,ティントル 小学生,競合指名・周辺,保護者,B,直接競合（特性/不登校×1対1学習支援）,高,③A 直接競合,ティントル,,,,UNSPECIFIED,ブランド・指名検索,KWP_CompetitorKeywordSeed
34597,ティントル 後悔,CORE,代表,C16401,1,ティントル 後悔,競合の不満・乗り換え,保護者,B,直接競合（特性/不登校×1対1学習支援）,高,③A 直接競合,ティントル,,,,UNSPECIFIED,比較検討・料金・申込 | ブランド・指名検索,KWP_CompetitorKeywordSeed
34594,ティントル 怪しい,CORE,代表,C16402,1,ティントル 怪しい,競合の不満・乗り換え,保護者,B,直接競合（特性/不登校×1対1学習支援）,高,③A 直接競合,ティントル,,,,UNSPECIFIED,比較検討・料金・申込 | ブランド・指名検索,KWP_CompetitorKeywordSeed
34575,ティントル 感想,CORE,代表,C16403,1,ティントル 感想,競合の比較検討（評判・料金）,保護者,B,直接競合（特性/不登校×1対1学習支援）,高,③A 直接競合,ティントル,,,,UNSPECIFIED,比較検討・料金・申込 | ブランド・指名検索,KWP_CompetitorKeywordSeed
34583,ティントル 教材 費,CORE,代表,C16404,1,ティントル 教材 費,競合指名・周辺,保護者,B,直接競合（特性/不登校×1対1学習支援）,高,③A 直接競合,ティントル,,,,UNSPECIFIED,比較検討・料金・申込 | 教材・通信教育 | ブランド・指名検索,KWP_CompetitorKeywordSeed
34577,ティントル 料金,CORE,代表,C16405,4,ティントル 料金,競合の比較検討（評判・料金）,保護者,B,直接競合（特性/不登校×1対1学習支援）,高,③A 直接競合,ティントル,20,198.0,301.0,LOW,比較検討・料金・申込 | ブランド・指名検索,KWP_CompetitorKeywordSeed || Google_competitor_suggest || CompetitorMatrix
34595,ティントル 最悪,CORE,代表,C16406,1,ティントル 最悪,競合の不満・乗り換え,保護者,B,直接競合（特性/不登校×1対1学習支援）,高,③A 直接競合,ティントル,,,,UNSPECIFIED,比較検討・料金・申込 | ブランド・指名検索,KWP_CompetitorKeywordSeed
34586,ティントル 比較,CORE,代表,C16407,1,ティントル 比較,競合の比較検討（評判・料金）,保護者,B,直接競合（特性/不登校×1対1学習支援）,高,③A 直接競合,ティントル,,,,UNSPECIFIED,比較検討・料金・申込 | ブランド・指名検索,KWP_CompetitorKeywordSeed
34607,ティントル 無料 相談,CORE,代表,C16408,1,ティントル 無料 相談,競合指名・周辺,保護者,B,直接競合（特性/不登校×1対1学習支援）,高,③A 直接競合,ティントル,,,,UNSPECIFIED,比較検討・料金・申込 | ブランド・指名検索,KWP_CompetitorKeywordSeed
34609,ティントル 申し込み,CORE,代表,C16409,1,ティントル 申し込み,競合の比較検討（評判・料金）,保護者,B,直接競合（特性/不登校×1対1学習支援）,高,③A 直接競合,ティントル,,,,UNSPECIFIED,比較検討・料金・申込 | ブランド・指名検索,KWP_CompetitorKeywordSeed
34603,ティントル 解約,CORE,代表,C16410,1,ティントル 解約,競合の不満・乗り換え,保護者,B,直接競合（特性/不登校×1対1学習支援）,高,③A 直接競合,ティントル,,,,UNSPECIFIED,比較検討・料金・申込 | ブランド・指名検索,KWP_CompetitorKeywordSeed
34576,ティントル 評価,CORE,代表,C16411,1,ティントル 評価,競合の比較検討（評判・料金）,保護者,B,直接競合（特性/不登校×1対1学習支援）,高,③A 直接競合,ティントル,,,,UNSPECIFIED,比較検討・料金・申込 | ブランド・指名検索,KWP_CompetitorKeywordSeed
34572,ティントル 評判,CORE,代表,C16412,1,ティントル 評判,競合の比較検討（評判・料金）,保護者,B,直接競合（特性/不登校×1対1学習支援）,高,③A 直接競合,ティントル,10,,,LOW,比較検討・料金・申込 | ブランド・指名検索,KWP_CompetitorKeywordSeed || Google_competitor_suggest || CompetitorMatrix
34608,ティントル 資料 請求,CORE,代表,C16413,1,ティントル 資料 請求,競合の比較検討（評判・料金）,保護者,B,直接競合（特性/不登校×1対1学習支援）,高,③A 直接競合,ティントル,,,,UNSPECIFIED,比較検討・料金・申込 | ブランド・指名検索,KWP_CompetitorKeywordSeed
34578,ティントル 費用,CORE,代表,C16414,1,ティントル 費用,競合の比較検討（評判・料金）,保護者,B,直接競合（特性/不登校×1対1学習支援）,高,③A 直接競合,ティントル,,,,UNSPECIFIED,比較検討・料金・申込 | ブランド・指名検索,KWP_CompetitorKeywordSeed
34602,ティントル 退会,CORE,代表,C16415,1,ティントル 退会,競合の不満・乗り換え,保護者,B,直接競合（特性/不登校×1対1学習支援）,高,③A 直接競合,ティントル,,,,UNSPECIFIED,合わない・断られた・乗り換え | ブランド・指名検索,KWP_CompetitorKeywordSeed
34587,ティントル 違い,CORE,代表,C16416,1,ティントル 違い,競合指名・周辺,保護者,B,直接競合（特性/不登校×1対1学習支援）,高,③A 直接競合,ティントル,,,,UNSPECIFIED,比較検討・料金・申込 | ブランド・指名検索 | 特性そのものを調べる（とは・特徴・チェック）,KWP_CompetitorKeywordSeed
34584,ティントル 高い,CORE,代表,C16417,1,ティントル 高い,競合の比較検討（評判・料金）,保護者,B,直接競合（特性/不登校×1対1学習支援）,高,③A 直接競合,ティントル,,,,UNSPECIFIED,比較検討・料金・申込 | ブランド・指名検索,KWP_CompetitorKeywordSeed
34619,ティントル 高校生,CORE,代表,C16418,1,ティントル 高校生,競合指名・周辺,保護者,B,直接競合（特性/不登校×1対1学習支援）,高,③A 直接競合,ティントル,,,,UNSPECIFIED,ブランド・指名検索,KWP_CompetitorKeywordSeed
34611,ティントル グレー ゾーン,CORE,代表,C16419,1,ティントル グレー ゾーン,競合×特性/不登校対応の確認,保護者,B,直接競合（特性/不登校×1対1学習支援）,高,③A 直接競合,ティントル,,,,UNSPECIFIED,ブランド・指名検索,KWP_CompetitorKeywordSeed
34623,ティントル グレー ゾーン 口コミ,CORE,代表,C16420,1,ティントル グレー ゾーン 口コミ,競合の比較検討（評判・料金）,保護者,B,直接競合（特性/不登校×1対1学習支援）,高,③A 直接競合,ティントル,,,,UNSPECIFIED,比較検討・料金・申込 | ブランド・指名検索,KWP_CompetitorKeywordSeed
34635,ティントル グレー ゾーン 料金,CORE,代表,C16421,1,ティントル グレー ゾーン 料金,競合の比較検討（評判・料金）,保護者,B,直接競合（特性/不登校×1対1学習支援）,高,③A 直接競合,ティントル,,,,UNSPECIFIED,比較検討・料金・申込 | ブランド・指名検索,KWP_CompetitorKeywordSeed
34629,ティントル グレー ゾーン 評判,CORE,代表,C16422,1,ティントル グレー ゾーン 評判,競合の比較検討（評判・料金）,保護者,B,直接競合（特性/不登校×1対1学習支援）,高,③A 直接競合,ティントル,,,,UNSPECIFIED,比較検討・料金・申込 | ブランド・指名検索,KWP_CompetitorKeywordSeed
34592,ティントル デメリット,CORE,代表,C16423,1,ティントル デメリット,競合指名・周辺,保護者,B,直接競合（特性/不登校×1対1学習支援）,高,③A 直接競合,ティントル,,,,UNSPECIFIED,比較検討・料金・申込 | ブランド・指名検索,KWP_CompetitorKeywordSeed
34593,ティントル メリット,CORE,代表,C16424,1,ティントル メリット,競合指名・周辺,保護者,B,直接競合（特性/不登校×1対1学習支援）,高,③A 直接競合,ティントル,,,,UNSPECIFIED,ブランド・指名検索,KWP_CompetitorKeywordSeed
34573,ティントル レビュー,CORE,代表,C16425,1,ティントル レビュー,競合の比較検討（評判・料金）,保護者,B,直接競合（特性/不登校×1対1学習支援）,高,③A 直接競合,ティントル,,,,UNSPECIFIED,比較検討・料金・申込 | ブランド・指名検索,KWP_CompetitorKeywordSeed
47712,ティントルージュ,CORE,代表,C16426,1,ティントルージュ,競合指名・周辺,保護者,B,直接競合（特性/不登校×1対1学習支援）,高,③A 直接競合,ティントル,110,14.0,220.0,HIGH,ブランド・指名検索,Google_competitor_suggest
47717,ティントルージュ エテュセ,CORE,代表,C16427,1,ティントルージュ エテュセ,競合指名・周辺,保護者,B,直接競合（特性/不登校×1対1学習支援）,高,③A 直接競合,ティントル,10,,,HIGH,ブランド・指名検索,Google_competitor_suggest
47714,ティントルーム,CORE,代表,C16428,1,ティントルーム,競合指名・周辺,保護者,B,直接競合（特性/不登校×1対1学習支援）,高,③A 直接競合,ティントル,10,,,LOW,ブランド・指名検索,Google_competitor_suggest
36229,明光 義塾 テキスト 料金,CORE,代表,C16465,1,明光 義塾 テキスト 料金,競合の比較検討（評判・料金）,保護者,B,カテゴリ競合×比較/評判/料金/乗換え/特性,中,③B カテゴリ競合,個別指導の明光義塾,10,,,LOW,サービス探し（家庭教師・塾・支援） | 比較検討・料金・申込 | ブランド・指名検索,KWP_CompetitorKeywordSeed
19450,トライ 理解 度 確認 テスト 料金,CORE,代表,C16485,1,トライ 理解 度 確認 テスト 料金,競合の比較検討（評判・料金）,保護者,B,カテゴリ競合×比較/評判/料金/乗換え/特性,中,③B カテゴリ競合,家庭教師のトライ,10,,,LOW,比較検討・料金・申込 | 学習のやり方・学習課題 | ブランド・指名検索,KWP_UrlSeed || KWP_CompetitorKeywordSeed
3336,明光 義塾 テスト 対策 料金,CORE,代表,C16614,1,明光 義塾 テスト 対策 料金,競合の比較検討（評判・料金）,保護者,B,カテゴリ競合×比較/評判/料金/乗換え/特性,中,③B カテゴリ競合,個別指導の明光義塾,20,,,LOW,サービス探し（家庭教師・塾・支援） | 比較検討・料金・申込 | 学習のやり方・学習課題 | ブランド・指名検索,KWP_KeywordSeed || KWP_CompetitorKeywordSeed
65,ディスレクシア 塾,CORE,代表,C16813,1,ディスレクシア 塾,サービス探し（特性/不登校×学習支援）,保護者,A,特性/不登校×家庭教師・塾・個別,高,②顕在,,40,192.0,544.0,MEDIUM,サービス探し（家庭教師・塾・支援）,KWP_KeywordSeed || KWP_UrlSeed
104,ディスレクシア 英語 塾,CORE,代表,C16814,1,ディスレクシア 英語 塾,サービス探し（特性/不登校×学習支援）,保護者,A,特性/不登校×家庭教師・塾・個別,高,②顕在,,10,161.0,1032.0,MEDIUM,サービス探し（家庭教師・塾・支援） | 学習のやり方・学習課題,KWP_KeywordSeed
3763,ディスレクシア 学習 支援,CORE,代表,C16827,2,ディスレクシア 学習 支援,サービス探し（特性/不登校×学習支援）,保護者（推定）,A,特性/不登校×家庭教師・塾・個別,高,②顕在,,20,97.0,326.0,HIGH,サービス探し（家庭教師・塾・支援）,KWP_KeywordSeed || KWP_UrlSeed
45599,ディスレクシア 家庭教師,CORE,代表,C16833,1,ディスレクシア 家庭教師,サービス探し（特性/不登校×学習支援）,保護者,A,特性/不登校×家庭教師・塾・個別,高,②顕在,,,,,UNSPECIFIED,サービス探し（家庭教師・塾・支援）,Google_related_search || Google_competitor_SERP || Google_suggest || Google_competitor_suggest
35472,リ バランス 塾 デメリット,CORE,代表,C17148,1,リ バランス 塾 デメリット,競合指名・周辺,保護者,B,直接競合（特性/不登校×1対1学習支援）,高,③A 直接競合,オンライン個別指導塾リバランス,,,,UNSPECIFIED,サービス探し（家庭教師・塾・支援） | 比較検討・料金・申込 | ブランド・指名検索,KWP_CompetitorKeywordSeed
44742,トウコベ 不 登校 口コミ,CORE,代表,C17175,1,トウコベ 不 登校 口コミ,競合の比較検討（評判・料金）,保護者,B,カテゴリ競合×比較/評判/料金/乗換え/特性,中,③B カテゴリ競合,トウコベ,,,,UNSPECIFIED,比較検討・料金・申込 | 学校生活・不登校・学校種別 | ブランド・指名検索,KWP_CompetitorKeywordSeed
44753,トウコベ 不 登校 料金,CORE,代表,C17176,1,トウコベ 不 登校 料金,競合の比較検討（評判・料金）,保護者,B,カテゴリ競合×比較/評判/料金/乗換え/特性,中,③B カテゴリ競合,トウコベ,,,,UNSPECIFIED,比較検討・料金・申込 | 学校生活・不登校・学校種別 | ブランド・指名検索,KWP_CompetitorKeywordSeed
44732,トウコベ 不 登校,CORE,代表,C17177,1,トウコベ 不 登校,競合×特性/不登校対応の確認,保護者,B,カテゴリ競合×比較/評判/料金/乗換え/特性,中,③B カテゴリ競合,トウコベ,,,,UNSPECIFIED,学校生活・不登校・学校種別 | ブランド・指名検索,KWP_CompetitorKeywordSeed
44748,トウコベ 不 登校 評判,CORE,代表,C17178,1,トウコベ 不 登校 評判,競合の比較検討（評判・料金）,保護者,B,カテゴリ競合×比較/評判/料金/乗換え/特性,中,③B カテゴリ競合,トウコベ,,,,UNSPECIFIED,比較検討・料金・申込 | 学校生活・不登校・学校種別 | ブランド・指名検索,KWP_CompetitorKeywordSeed
48454,トウコベ 中学 受験 口コミ,CORE,代表,C17180,1,トウコベ 中学 受験 口コミ,競合の比較検討（評判・料金）,保護者,B,カテゴリ競合×比較/評判/料金/乗換え/特性,中,③B カテゴリ競合,トウコベ,,,,UNSPECIFIED,比較検討・料金・申込 | 受験・進路 | ブランド・指名検索,Google_competitor_suggest
48458,トウコベ 料金 中学受験,CORE,代表,C17181,1,トウコベ 料金 中学受験,競合の比較検討（評判・料金）,保護者,B,カテゴリ競合×比較/評判/料金/乗換え/特性,中,③B カテゴリ競合,トウコベ,20,318.0,1294.0,HIGH,比較検討・料金・申込 | 受験・進路 | ブランド・指名検索,Google_competitor_suggest
48450,トウコベ 料金 中学生,CORE,代表,C17183,1,トウコベ 料金 中学生,競合の比較検討（評判・料金）,保護者,B,カテゴリ競合×比較/評判/料金/乗換え/特性,中,③B カテゴリ競合,トウコベ,50,207.0,652.0,HIGH,比較検討・料金・申込 | ブランド・指名検索,Google_competitor_suggest
44721,トウコベ 体験,CORE,代表,C17185,1,トウコベ 体験,競合の比較検討（評判・料金）,保護者,B,カテゴリ競合×比較/評判/料金/乗換え/特性,中,③B カテゴリ競合,トウコベ,,,,UNSPECIFIED,比較検討・料金・申込 | ブランド・指名検索,KWP_CompetitorKeywordSeed
44722,トウコベ 体験 授業,CORE,代表,C17186,1,トウコベ 体験 授業,競合の比較検討（評判・料金）,保護者,B,カテゴリ競合×比較/評判/料金/乗換え/特性,中,③B カテゴリ競合,トウコベ,,,,UNSPECIFIED,比較検討・料金・申込 | 学習のやり方・学習課題 | ブランド・指名検索,KWP_CompetitorKeywordSeed
44720,トウコベ 無料 体験,CORE,代表,C17187,1,トウコベ 無料 体験,競合の比較検討（評判・料金）,保護者,B,カテゴリ競合×比較/評判/料金/乗換え/特性,中,③B カテゴリ競合,トウコベ,,,,UNSPECIFIED,比較検討・料金・申込 | ブランド・指名検索,KWP_CompetitorKeywordSeed
44691,トウコベ 体験 談,CORE,代表,C17188,1,トウコベ 体験 談,競合の比較検討（評判・料金）,保護者,B,カテゴリ競合×比較/評判/料金/乗換え/特性,中,③B カテゴリ競合,トウコベ,,,,UNSPECIFIED,比較検討・料金・申込 | ブランド・指名検索,KWP_CompetitorKeywordSeed
44726,トウコベ 入会,CORE,代表,C17189,1,トウコベ 入会,競合の比較検討（評判・料金）,保護者,B,カテゴリ競合×比較/評判/料金/乗換え/特性,中,③B カテゴリ競合,トウコベ,,,,UNSPECIFIED,比較検討・料金・申込 | ブランド・指名検索,KWP_CompetitorKeywordSeed
3440,トウコベ 入会 金 無料,CORE,代表,C17190,1,トウコベ 入会 金 無料,競合の比較検討（評判・料金）,保護者,B,カテゴリ競合×比較/評判/料金/乗換え/特性,中,③B カテゴリ競合,トウコベ,10,161.0,551.0,MEDIUM,比較検討・料金・申込 | ブランド・指名検索,KWP_KeywordSeed || KWP_UrlSeed || KWP_CompetitorKeywordSeed
44699,トウコベ 入会 金,CORE,代表,C17191,1,トウコベ 入会 金,競合の比較検討（評判・料金）,保護者,B,カテゴリ競合×比較/評判/料金/乗換え/特性,中,③B カテゴリ競合,トウコベ,,,,UNSPECIFIED,比較検討・料金・申込 | ブランド・指名検索,KWP_CompetitorKeywordSeed
17035,トウコベ 口コミ,CORE,代表,C17194,2,トウコベ 口コミ,競合の比較検討（評判・料金）,保護者,B,カテゴリ競合×比較/評判/料金/乗換え/特性,中,③B カテゴリ競合,トウコベ,590,178.0,679.0,MEDIUM,比較検討・料金・申込 | ブランド・指名検索,KWP_UrlSeed || KWP_CompetitorKeywordSeed || Google_competitor_suggest || CompetitorMatrix
44741,トウコベ 境界 知能 口コミ,CORE,代表,C17195,1,トウコベ 境界 知能 口コミ,競合の比較検討（評判・料金）,保護者,B,カテゴリ競合×比較/評判/料金/乗換え/特性,中,③B カテゴリ競合,トウコベ,,,,UNSPECIFIED,比較検討・料金・申込 | ブランド・指名検索,KWP_CompetitorKeywordSeed
44740,トウコベ ld 口コミ,CORE,代表,C17196,1,トウコベ ld 口コミ,競合の比較検討（評判・料金）,保護者,B,カテゴリ競合×比較/評判/料金/乗換え/特性,中,③B カテゴリ競合,トウコベ,,,,UNSPECIFIED,比較検討・料金・申込 | ブランド・指名検索,KWP_CompetitorKeywordSeed
68325,トウコベ 合格実績,CORE,代表,C17197,1,トウコベ 合格実績,競合の比較検討（評判・料金）,保護者,B,カテゴリ競合×比較/評判/料金/乗換え/特性,中,③B カテゴリ競合,トウコベ,10,108.0,498.0,MEDIUM,比較検討・料金・申込 | 受験・進路 | ブランド・指名検索,CompetitorMatrix
44752,トウコベ 境界 知能 料金,CORE,代表,C17198,1,トウコベ 境界 知能 料金,競合の比較検討（評判・料金）,保護者,B,カテゴリ競合×比較/評判/料金/乗換え/特性,中,③B カテゴリ競合,トウコベ,,,,UNSPECIFIED,比較検討・料金・申込 | ブランド・指名検索,KWP_CompetitorKeywordSeed
44731,トウコベ 境界 知能,CORE,代表,C17199,1,トウコベ 境界 知能,競合×特性/不登校対応の確認,保護者,B,カテゴリ競合×比較/評判/料金/乗換え/特性,中,③B カテゴリ競合,トウコベ,,,,UNSPECIFIED,ブランド・指名検索,KWP_CompetitorKeywordSeed
44747,トウコベ 境界 知能 評判,CORE,代表,C17200,1,トウコベ 境界 知能 評判,競合の比較検討（評判・料金）,保護者,B,カテゴリ競合×比較/評判/料金/乗換え/特性,中,③B カテゴリ競合,トウコベ,,,,UNSPECIFIED,比較検討・料金・申込 | ブランド・指名検索,KWP_CompetitorKeywordSeed
44713,トウコベ 失敗,CORE,代表,C17201,1,トウコベ 失敗,競合の不満・乗り換え,保護者,B,カテゴリ競合×比較/評判/料金/乗換え/特性,中,③B カテゴリ競合,トウコベ,,,,UNSPECIFIED,比較検討・料金・申込 | ブランド・指名検索,KWP_CompetitorKeywordSeed
44751,トウコベ ld 料金,CORE,代表,C17202,1,トウコベ ld 料金,競合の比較検討（評判・料金）,保護者,B,カテゴリ競合×比較/評判/料金/乗換え/特性,中,③B カテゴリ競合,トウコベ,,,,UNSPECIFIED,比較検討・料金・申込 | ブランド・指名検索,KWP_CompetitorKeywordSeed
44745,トウコベ ld 評判,CORE,代表,C17203,2,トウコベ ld 評判,競合の比較検討（評判・料金）,保護者,B,カテゴリ競合×比較/評判/料金/乗換え/特性,中,③B カテゴリ競合,トウコベ,,,,UNSPECIFIED,比較検討・料金・申込 | ブランド・指名検索,KWP_CompetitorKeywordSeed
44729,トウコベ ld,CORE,代表,C17204,2,トウコベ ld,競合×特性/不登校対応の確認,保護者,B,カテゴリ競合×比較/評判/料金/乗換え/特性,中,③B カテゴリ競合,トウコベ,,,,UNSPECIFIED,ブランド・指名検索,KWP_CompetitorKeywordSeed
44701,トウコベ 安い,CORE,代表,C17205,1,トウコベ 安い,競合の比較検討（評判・料金）,保護者,B,カテゴリ競合×比較/評判/料金/乗換え/特性,中,③B カテゴリ競合,トウコベ,,,,UNSPECIFIED,比較検討・料金・申込 | ブランド・指名検索,KWP_CompetitorKeywordSeed
48457,トウコベ 料金 小学生,CORE,代表,C17208,1,トウコベ 料金 小学生,競合の比較検討（評判・料金）,保護者,B,カテゴリ競合×比較/評判/料金/乗換え/特性,中,③B カテゴリ競合,トウコベ,10,298.0,871.0,HIGH,比較検討・料金・申込 | ブランド・指名検索,Google_competitor_suggest
44714,トウコベ 後悔,CORE,代表,C17209,1,トウコベ 後悔,競合の不満・乗り換え,保護者,B,カテゴリ競合×比較/評判/料金/乗換え/特性,中,③B カテゴリ競合,トウコベ,,,,UNSPECIFIED,比較検討・料金・申込 | ブランド・指名検索,KWP_CompetitorKeywordSeed
44711,トウコベ 怪しい,CORE,代表,C17210,1,トウコベ 怪しい,競合の不満・乗り換え,保護者,B,カテゴリ競合×比較/評判/料金/乗換え/特性,中,③B カテゴリ競合,トウコベ,90,173.0,789.0,LOW,比較検討・料金・申込 | ブランド・指名検索,KWP_CompetitorKeywordSeed || CompetitorMatrix
44692,トウコベ 感想,CORE,代表,C17211,1,トウコベ 感想,競合の比較検討（評判・料金）,保護者,B,カテゴリ競合×比較/評判/料金/乗換え/特性,中,③B カテゴリ競合,トウコベ,,,,UNSPECIFIED,比較検討・料金・申込 | ブランド・指名検索,KWP_CompetitorKeywordSeed
1574,トウコベ 料金,CORE,代表,C17216,4,トウコベ 料金,競合の比較検討（評判・料金）,保護者,B,カテゴリ競合×比較/評判/料金/乗換え/特性,中,③B カテゴリ競合,トウコベ,880,216.0,635.0,HIGH,比較検討・料金・申込 | ブランド・指名検索,KWP_KeywordSeed || KWP_UrlSeed || KWP_CompetitorKeywordSeed || Google_competitor_suggest || CompetitorMatrix
3191,トウコベ 料金 高校生,CORE,代表,C17217,1,トウコベ 料金 高校生,競合の比較検討（評判・料金）,保護者,B,カテゴリ競合×比較/評判/料金/乗換え/特性,中,③B カテゴリ競合,トウコベ,50,179.0,501.0,MEDIUM,比較検討・料金・申込 | ブランド・指名検索,KWP_KeywordSeed || KWP_UrlSeed || KWP_CompetitorKeywordSeed || Google_competitor_suggest
44712,トウコベ 最悪,CORE,代表,C17218,1,トウコベ 最悪,競合の不満・乗り換え,保護者,B,カテゴリ競合×比較/評判/料金/乗換え/特性,中,③B カテゴリ競合,トウコベ,,,,UNSPECIFIED,比較検討・料金・申込 | ブランド・指名検索,KWP_CompetitorKeywordSeed
44703,トウコベ 比較,CORE,代表,C17219,1,トウコベ 比較,競合の比較検討（評判・料金）,保護者,B,カテゴリ競合×比較/評判/料金/乗換え/特性,中,③B カテゴリ競合,トウコベ,,,,UNSPECIFIED,比較検討・料金・申込 | ブランド・指名検索,KWP_CompetitorKeywordSeed
44725,トウコベ 申し込み,CORE,代表,C17221,1,トウコベ 申し込み,競合の比較検討（評判・料金）,保護者,B,カテゴリ競合×比較/評判/料金/乗換え/特性,中,③B カテゴリ競合,トウコベ,,,,UNSPECIFIED,比較検討・料金・申込 | ブランド・指名検索,KWP_CompetitorKeywordSeed
44702,トウコベ 知恵袋,CORE,代表,C17222,1,トウコベ 知恵袋,競合の比較検討（評判・料金）,保護者,B,カテゴリ競合×比較/評判/料金/乗換え/特性,中,③B カテゴリ競合,トウコベ,40,,,LOW,比較検討・料金・申込 | ブランド・指名検索,KWP_CompetitorKeywordSeed || CompetitorMatrix
44719,トウコベ 解約,CORE,代表,C17223,1,トウコベ 解約,競合の不満・乗り換え,保護者,B,カテゴリ競合×比較/評判/料金/乗換え/特性,中,③B カテゴリ競合,トウコベ,,,,UNSPECIFIED,比較検討・料金・申込 | ブランド・指名検索,KWP_CompetitorKeywordSeed
44693,トウコベ 評価,CORE,代表,C17224,1,トウコベ 評価,競合の比較検討（評判・料金）,保護者,B,カテゴリ競合×比較/評判/料金/乗換え/特性,中,③B カテゴリ競合,トウコベ,,,,UNSPECIFIED,比較検討・料金・申込 | ブランド・指名検索,KWP_CompetitorKeywordSeed
44679,トウコベ 評判,CORE,代表,C17225,1,トウコベ 評判,競合の比較検討（評判・料金）,保護者,B,カテゴリ競合×比較/評判/料金/乗換え/特性,中,③B カテゴリ競合,トウコベ,90,242.0,698.0,MEDIUM,比較検討・料金・申込 | ブランド・指名検索,KWP_CompetitorKeywordSeed || Google_competitor_suggest || CompetitorMatrix
44724,トウコベ 資料 請求,CORE,代表,C17226,1,トウコベ 資料 請求,競合の比較検討（評判・料金）,保護者,B,カテゴリ競合×比較/評判/料金/乗換え/特性,中,③B カテゴリ競合,トウコベ,,,,UNSPECIFIED,比較検討・料金・申込 | ブランド・指名検索,KWP_CompetitorKeywordSeed
44695,トウコベ 費用,CORE,代表,C17228,1,トウコベ 費用,競合の比較検討（評判・料金）,保護者,B,カテゴリ競合×比較/評判/料金/乗換え/特性,中,③B カテゴリ競合,トウコベ,20,208.0,619.0,HIGH,比較検討・料金・申込 | ブランド・指名検索,KWP_CompetitorKeywordSeed || Google_competitor_suggest || CompetitorMatrix
44685,トウコベ 退会,CORE,代表,C17229,1,トウコベ 退会,競合の不満・乗り換え,保護者,B,カテゴリ競合×比較/評判/料金/乗換え/特性,中,③B カテゴリ競合,トウコベ,30,,,LOW,合わない・断られた・乗り換え | ブランド・指名検索,KWP_CompetitorKeywordSeed || CompetitorMatrix
44694,トウコベ 高い,CORE,代表,C17231,1,トウコベ 高い,競合の比較検討（評判・料金）,保護者,B,カテゴリ競合×比較/評判/料金/乗換え/特性,中,③B カテゴリ競合,トウコベ,10,,,LOW,比較検討・料金・申込 | ブランド・指名検索,KWP_CompetitorKeywordSeed || CompetitorMatrix
48449,トウコベ オンライン 料金,CORE,代表,C17234,1,トウコベ オンライン 料金,競合の比較検討（評判・料金）,保護者,B,カテゴリ競合×比較/評判/料金/乗換え/特性,中,③B カテゴリ競合,トウコベ,30,178.0,569.0,MEDIUM,サービス探し（家庭教師・塾・支援） | 比較検討・料金・申込 | ブランド・指名検索,Google_competitor_suggest
44727,トウコベ グレー ゾーン,CORE,代表,C17236,1,トウコベ グレー ゾーン,競合×特性/不登校対応の確認,保護者,B,カテゴリ競合×比較/評判/料金/乗換え/特性,中,③B カテゴリ競合,トウコベ,,,,UNSPECIFIED,ブランド・指名検索,KWP_CompetitorKeywordSeed
44738,トウコベ グレー ゾーン 口コミ,CORE,代表,C17237,1,トウコベ グレー ゾーン 口コミ,競合の比較検討（評判・料金）,保護者,B,カテゴリ競合×比較/評判/料金/乗換え/特性,中,③B カテゴリ競合,トウコベ,,,,UNSPECIFIED,比較検討・料金・申込 | ブランド・指名検索,KWP_CompetitorKeywordSeed
44749,トウコベ グレー ゾーン 料金,CORE,代表,C17238,1,トウコベ グレー ゾーン 料金,競合の比較検討（評判・料金）,保護者,B,カテゴリ競合×比較/評判/料金/乗換え/特性,中,③B カテゴリ競合,トウコベ,,,,UNSPECIFIED,比較検討・料金・申込 | ブランド・指名検索,KWP_CompetitorKeywordSeed
44743,トウコベ グレー ゾーン 評判,CORE,代表,C17239,1,トウコベ グレー ゾーン 評判,競合の比較検討（評判・料金）,保護者,B,カテゴリ競合×比較/評判/料金/乗換え/特性,中,③B カテゴリ競合,トウコベ,,,,UNSPECIFIED,比較検討・料金・申込 | ブランド・指名検索,KWP_CompetitorKeywordSeed
44682,トウコベ ブログ,CORE,代表,C17241,1,トウコベ ブログ,競合の比較検討（評判・料金）,保護者,B,カテゴリ競合×比較/評判/料金/乗換え/特性,中,③B カテゴリ競合,トウコベ,20,,,LOW,比較検討・料金・申込 | ブランド・指名検索,KWP_CompetitorKeywordSeed || Google_competitor_suggest
44690,トウコベ レビュー,CORE,代表,C17243,1,トウコベ レビュー,競合の比較検討（評判・料金）,保護者,B,カテゴリ競合×比較/評判/料金/乗換え/特性,中,③B カテゴリ競合,トウコベ,10,,,UNSPECIFIED,比較検討・料金・申込 | ブランド・指名検索,KWP_CompetitorKeywordSeed || CompetitorMatrix
19512,トライ 解約 トラブル,CORE,代表,C17262,1,トライ 解約 トラブル,競合の不満・乗り換え,保護者,B,カテゴリ競合×比較/評判/料金/乗換え/特性,中,③B カテゴリ競合,家庭教師のトライ,70,,,LOW,比較検討・料金・申込 | ブランド・指名検索,KWP_UrlSeed
47415,ハッピー トライ 口コミ,CORE,代表,C17267,1,ハッピー トライ 口コミ,競合の比較検討（評判・料金）,保護者,B,カテゴリ競合×比較/評判/料金/乗換え/特性,中,③B カテゴリ競合,家庭教師のトライ,70,,,LOW,比較検討・料金・申込 | ブランド・指名検索,Google_competitor_suggest
47418,ハッピー トライ 評判,CORE,代表,C17268,1,ハッピー トライ 評判,競合の比較検討（評判・料金）,保護者,B,カテゴリ競合×比較/評判/料金/乗換え/特性,中,③B カテゴリ競合,家庭教師のトライ,50,,,LOW,比較検討・料金・申込 | ブランド・指名検索,Google_competitor_suggest
26330,トライ フリー スクール 口コミ,CORE,代表,C17275,2,トライ フリー スクール 口コミ,競合の比較検討（評判・料金）,保護者,B,カテゴリ競合×比較/評判/料金/乗換え/特性,中,③B カテゴリ競合,家庭教師のトライ,10,,,LOW,比較検討・料金・申込 | 療育・福祉・居場所 | 学校生活・不登校・学校種別 | ブランド・指名検索,KWP_KeywordSeed || KWP_CompetitorKeywordSeed
8861,トライ 式 フリー スクール 費用,CORE,代表,C17278,1,トライ 式 フリー スクール 費用,競合の比較検討（評判・料金）,保護者,B,カテゴリ競合×比較/評判/料金/乗換え/特性,中,③B カテゴリ競合,家庭教師のトライ,50,61.0,315.0,MEDIUM,比較検討・料金・申込 | 療育・福祉・居場所 | 学校生活・不登校・学校種別 | ブランド・指名検索,KWP_KeywordSeed || KWP_CompetitorKeywordSeed
8860,トライ フリー スクール 費用,CORE,代表,C17279,1,トライ フリー スクール 費用,競合の比較検討（評判・料金）,保護者,B,カテゴリ競合×比較/評判/料金/乗換え/特性,中,③B カテゴリ競合,家庭教師のトライ,30,,,LOW,比較検討・料金・申込 | 療育・福祉・居場所 | 学校生活・不登校・学校種別 | ブランド・指名検索,KWP_KeywordSeed || KWP_CompetitorKeywordSeed
47456,個別教室のトライ 料金 ブログ,CORE,代表,C17284,1,個別教室のトライ 料金 ブログ,競合の比較検討（評判・料金）,保護者,B,カテゴリ競合×比較/評判/料金/乗換え/特性,中,③B カテゴリ競合,個別教室のトライ,,,,UNSPECIFIED,比較検討・料金・申込 | ブランド・指名検索,Google_competitor_suggest
3441,トライ プラス 料金 中学 受験,CORE,代表,C17287,1,トライ プラス 料金 中学 受験,競合の比較検討（評判・料金）,保護者,B,カテゴリ競合×比較/評判/料金/乗換え/特性,中,③B カテゴリ競合,個別指導塾トライプラス,10,,,HIGH,比較検討・料金・申込 | 受験・進路 | ブランド・指名検索,KWP_KeywordSeed || KWP_CompetitorKeywordSeed
2706,トライ プラス 料金 中学生,CORE,代表,C17289,2,トライ プラス 料金 中学生,競合の比較検討（評判・料金）,保護者,B,カテゴリ競合×比較/評判/料金/乗換え/特性,中,③B カテゴリ競合,個別指導塾トライプラス,90,90.0,264.0,MEDIUM,比較検討・料金・申込 | ブランド・指名検索,KWP_KeywordSeed || KWP_CompetitorKeywordSeed
31048,トライ プラス 休会,CORE,代表,C17290,1,トライ プラス 休会,競合の不満・乗り換え,保護者,B,カテゴリ競合×比較/評判/料金/乗換え/特性,中,③B カテゴリ競合,個別指導塾トライプラス,10,,,LOW,比較検討・料金・申込 | ブランド・指名検索 | 利用中・会員の手続き,KWP_CompetitorKeywordSeed
31089,トライ プラス 体験,CORE,代表,C17291,2,トライ プラス 体験,競合の比較検討（評判・料金）,保護者,B,カテゴリ競合×比較/評判/料金/乗換え/特性,中,③B カテゴリ競合,個別指導塾トライプラス,20,174.0,583.0,MEDIUM,比較検討・料金・申込 | ブランド・指名検索,KWP_CompetitorKeywordSeed
68098,トライプラス 体験授業,CORE,代表,C17292,1,トライプラス 体験授業,競合の比較検討（評判・料金）,保護者,B,カテゴリ競合×比較/評判/料金/乗換え/特性,中,③B カテゴリ競合,個別指導塾トライプラス,20,119.0,482.0,MEDIUM,比較検討・料金・申込 | 学習のやり方・学習課題 | ブランド・指名検索,CompetitorMatrix
31091,トライ プラス 無料 体験,CORE,代表,C17293,2,トライ プラス 無料 体験,競合の比較検討（評判・料金）,保護者,B,カテゴリ競合×比較/評判/料金/乗換え/特性,中,③B カテゴリ競合,個別指導塾トライプラス,10,100.0,517.0,MEDIUM,比較検討・料金・申込 | ブランド・指名検索,KWP_CompetitorKeywordSeed
30920,個別 指導 塾 トライ プラス 口コミ,CORE,代表,C17295,1,個別 指導 塾 トライ プラス 口コミ,競合の比較検討（評判・料金）,保護者,B,カテゴリ競合×比較/評判/料金/乗換え/特性,中,③B カテゴリ競合,個別指導塾トライプラス,20,68.0,224.0,LOW,サービス探し（家庭教師・塾・支援） | 比較検討・料金・申込 | ブランド・指名検索,KWP_CompetitorKeywordSeed
2565,個別 指導 塾 トライ プラス 料金,CORE,代表,C17298,1,個別 指導 塾 トライ プラス 料金,競合の比較検討（評判・料金）,保護者,B,カテゴリ競合×比較/評判/料金/乗換え/特性,中,③B カテゴリ競合,個別指導塾トライプラス,50,106.0,400.0,MEDIUM,サービス探し（家庭教師・塾・支援） | 比較検討・料金・申込 | ブランド・指名検索,KWP_KeywordSeed || KWP_CompetitorKeywordSeed
2875,個別 指導 トライ プラス 料金,CORE,代表,C17300,1,個別 指導 トライ プラス 料金,競合の比較検討（評判・料金）,保護者,B,カテゴリ競合×比較/評判/料金/乗換え/特性,中,③B カテゴリ競合,個別指導塾トライプラス,30,156.0,489.0,LOW,サービス探し（家庭教師・塾・支援） | 比較検討・料金・申込 | ブランド・指名検索,KWP_KeywordSeed || KWP_CompetitorKeywordSeed
30922,個別 教室 の トライ プラス 評判,CORE,代表,C17304,1,個別 教室 の トライ プラス 評判,競合の比較検討（評判・料金）,保護者,B,カテゴリ競合×比較/評判/料金/乗換え/特性,中,③B カテゴリ競合,個別教室のトライ,0,,,UNSPECIFIED,比較検討・料金・申込 | ブランド・指名検索,KWP_CompetitorKeywordSeed
30983,トライ プラス 入会 金 無料,CORE,代表,C17306,1,トライ プラス 入会 金 無料,競合の比較検討（評判・料金）,保護者,B,カテゴリ競合×比較/評判/料金/乗換え/特性,中,③B カテゴリ競合,個別指導塾トライプラス,10,,,HIGH,比較検討・料金・申込 | ブランド・指名検索,KWP_CompetitorKeywordSeed
30957,トライ プラス 入会 金,CORE,代表,C17307,2,トライ プラス 入会 金,競合の比較検討（評判・料金）,保護者,B,カテゴリ競合×比較/評判/料金/乗換え/特性,中,③B カテゴリ競合,個別指導塾トライプラス,20,,,LOW,比較検討・料金・申込 | ブランド・指名検索,KWP_CompetitorKeywordSeed
2698,トライ プラス 冬期 講習 料金,CORE,代表,C17308,1,トライ プラス 冬期 講習 料金,競合の比較検討（評判・料金）,保護者,B,カテゴリ競合×比較/評判/料金/乗換え/特性,中,③B カテゴリ競合,個別指導塾トライプラス,20,,,LOW,比較検討・料金・申込 | 学習のやり方・学習課題 | ブランド・指名検索,KWP_KeywordSeed || KWP_CompetitorKeywordSeed
30898,トライ プラス 大学 受験 口コミ,CORE,代表,C17311,1,トライ プラス 大学 受験 口コミ,競合の比較検討（評判・料金）,保護者,B,カテゴリ競合×比較/評判/料金/乗換え/特性,中,③B カテゴリ競合,個別指導塾トライプラス,10,,,LOW,比較検討・料金・申込 | 受験・進路 | ブランド・指名検索,KWP_CompetitorKeywordSeed
3442,トライ プラス 料金 大学 受験,CORE,代表,C17313,1,トライ プラス 料金 大学 受験,競合の比較検討（評判・料金）,保護者,B,カテゴリ競合×比較/評判/料金/乗換え/特性,中,③B カテゴリ競合,個別指導塾トライプラス,10,,,UNSPECIFIED,比較検討・料金・申込 | 受験・進路 | ブランド・指名検索,KWP_KeywordSeed || KWP_CompetitorKeywordSeed
30817,トライ プラス 口コミ,CORE,代表,C17315,3,トライ プラス 口コミ,競合の比較検討（評判・料金）,保護者,B,カテゴリ競合×比較/評判/料金/乗換え/特性,中,③B カテゴリ競合,個別指導塾トライプラス,210,61.0,426.0,LOW,比較検討・料金・申込 | ブランド・指名検索,KWP_CompetitorKeywordSeed
30846,トライ プラス 料金 口コミ,CORE,代表,C17316,1,トライ プラス 料金 口コミ,競合の比較検討（評判・料金）,保護者,B,カテゴリ競合×比較/評判/料金/乗換え/特性,中,③B カテゴリ競合,個別指導塾トライプラス,30,58.0,233.0,LOW,比較検討・料金・申込 | ブランド・指名検索,KWP_CompetitorKeywordSeed
68117,トライプラス 合格実績,CORE,代表,C17317,1,トライプラス 合格実績,競合の比較検討（評判・料金）,保護者,B,カテゴリ競合×比較/評判/料金/乗換え/特性,中,③B カテゴリ競合,個別指導塾トライプラス,30,,,LOW,比較検討・料金・申込 | 受験・進路 | ブランド・指名検索,CompetitorMatrix
3107,塾 トライ プラス 料金,CORE,代表,C17320,2,塾 トライ プラス 料金,競合の比較検討（評判・料金）,保護者,B,カテゴリ競合×比較/評判/料金/乗換え/特性,中,③B カテゴリ競合,個別指導塾トライプラス,10,88.0,455.0,MEDIUM,サービス探し（家庭教師・塾・支援） | 比較検討・料金・申込 | ブランド・指名検索,KWP_KeywordSeed || KWP_CompetitorKeywordSeed
2686,トライ プラス 夏期 講習 料金,CORE,代表,C17322,1,トライ プラス 夏期 講習 料金,競合の比較検討（評判・料金）,保護者,B,カテゴリ競合×比較/評判/料金/乗換え/特性,中,③B カテゴリ競合,個別指導塾トライプラス,50,102.0,286.0,LOW,比較検討・料金・申込 | 学習のやり方・学習課題 | ブランド・指名検索,KWP_KeywordSeed || KWP_CompetitorKeywordSeed
46554,トライプラス 学習障害,CORE,代表,C17324,1,トライプラス 学習障害,競合×特性/不登校対応の確認,保護者,B,カテゴリ競合×比較/評判/料金/乗換え/特性,中,③B カテゴリ競合,個別指導塾トライプラス,,,,UNSPECIFIED,ブランド・指名検索,Google_suggest
31566,トライ プラス 実績,CORE,代表,C17325,1,トライ プラス 実績,競合の比較検討（評判・料金）,保護者,B,カテゴリ競合×比較/評判/料金/乗換え/特性,中,③B カテゴリ競合,個別指導塾トライプラス,10,,,LOW,比較検討・料金・申込 | ブランド・指名検索,KWP_CompetitorKeywordSeed
2284,家庭 教師 トライ プラス 料金,CORE,代表,C17327,2,家庭 教師 トライ プラス 料金,競合の比較検討（評判・料金）,保護者,B,カテゴリ競合×比較/評判/料金/乗換え/特性,中,③B カテゴリ競合,家庭教師のトライ,30,85.0,243.0,MEDIUM,サービス探し（家庭教師・塾・支援） | 比較検討・料金・申込 | ブランド・指名検索,KWP_KeywordSeed || KWP_CompetitorKeywordSeed
30928,家庭 教師 の トライ プラス 評判,CORE,代表,C17328,1,家庭 教師 の トライ プラス 評判,競合の比較検討（評判・料金）,保護者,B,カテゴリ競合×比較/評判/料金/乗換え/特性,中,③B カテゴリ競合,家庭教師のトライ,10,,,LOW,サービス探し（家庭教師・塾・支援） | 比較検討・料金・申込 | ブランド・指名検索,KWP_CompetitorKeywordSeed
3201,トライ プラス 小学生 料金,CORE,代表,C17330,2,トライ プラス 小学生 料金,競合の比較検討（評判・料金）,保護者,B,カテゴリ競合×比較/評判/料金/乗換え/特性,中,③B カテゴリ競合,個別指導塾トライプラス,30,93.0,298.0,MEDIUM,比較検討・料金・申込 | ブランド・指名検索,KWP_KeywordSeed || KWP_CompetitorKeywordSeed
68107,トライプラス 評判 悪い,CORE,代表,C17331,1,トライプラス 評判 悪い,競合の比較検討（評判・料金）,保護者,B,カテゴリ競合×比較/評判/料金/乗換え/特性,中,③B カテゴリ競合,個別指導塾トライプラス,30,,,LOW,比較検討・料金・申込 | ブランド・指名検索,CompetitorMatrix
30655,トライ プラス 料金,CORE,代表,C17337,6,トライ プラス 料金,競合の比較検討（評判・料金）,保護者,B,カテゴリ競合×比較/評判/料金/乗換え/特性,中,③B カテゴリ競合,個別指導塾トライプラス,1600,86.0,251.0,MEDIUM,比較検討・料金・申込 | ブランド・指名検索,KWP_CompetitorKeywordSeed
30672,トライ プラス 料金 知恵袋,CORE,代表,C17338,1,トライ プラス 料金 知恵袋,競合の比較検討（評判・料金）,保護者,B,カテゴリ競合×比較/評判/料金/乗換え/特性,中,③B カテゴリ競合,個別指導塾トライプラス,70,,,LOW,比較検討・料金・申込 | ブランド・指名検索,KWP_CompetitorKeywordSeed
30944,トライ プラス 料金 表,CORE,代表,C17339,2,トライ プラス 料金 表,競合の比較検討（評判・料金）,保護者,B,カテゴリ競合×比較/評判/料金/乗換え/特性,中,③B カテゴリ競合,個別指導塾トライプラス,170,86.0,225.0,LOW,比較検討・料金・申込 | ブランド・指名検索,KWP_CompetitorKeywordSeed
2858,トライ プラス 高校生 料金,CORE,代表,C17340,2,トライ プラス 高校生 料金,競合の比較検討（評判・料金）,保護者,B,カテゴリ競合×比較/評判/料金/乗換え/特性,中,③B カテゴリ競合,個別指導塾トライプラス,50,89.0,435.0,MEDIUM,比較検討・料金・申込 | ブランド・指名検索,KWP_KeywordSeed || KWP_CompetitorKeywordSeed
31043,トライ プラス 退会 方法,CORE,代表,C17341,1,トライ プラス 退会 方法,競合の不満・乗り換え,保護者,B,カテゴリ競合×比較/評判/料金/乗換え/特性,中,③B カテゴリ競合,個別指導塾トライプラス,30,,,LOW,比較検討・料金・申込 | 合わない・断られた・乗り換え | ブランド・指名検索 | 利用中・会員の手続き,KWP_CompetitorKeywordSeed
68100,トライプラス 発達障害,CORE,代表,C17344,1,トライプラス 発達障害,競合×特性/不登校対応の確認,保護者,B,カテゴリ競合×比較/評判/料金/乗換え/特性,中,③B カテゴリ競合,個別指導塾トライプラス,10,,,LOW,ブランド・指名検索,CompetitorMatrix
68109,トライプラス 知恵袋,CORE,代表,C17345,1,トライプラス 知恵袋,競合の比較検討（評判・料金）,保護者,B,カテゴリ競合×比較/評判/料金/乗換え/特性,中,③B カテゴリ競合,個別指導塾トライプラス,20,,,LOW,比較検討・料金・申込 | ブランド・指名検索,CompetitorMatrix
31049,トライ プラス 解約,CORE,代表,C17347,2,トライ プラス 解約,競合の不満・乗り換え,保護者,B,カテゴリ競合×比較/評判/料金/乗換え/特性,中,③B カテゴリ競合,個別指導塾トライプラス,20,,,LOW,比較検討・料金・申込 | ブランド・指名検索,KWP_CompetitorKeywordSeed
30820,トライ プラス 評判,CORE,代表,C17348,2,トライ プラス 評判,競合の比較検討（評判・料金）,保護者,B,カテゴリ競合×比較/評判/料金/乗換え/特性,中,③B カテゴリ競合,個別指導塾トライプラス,40,,,LOW,比較検討・料金・申込 | ブランド・指名検索,KWP_CompetitorKeywordSeed
31086,トライ プラス 資料 請求,CORE,代表,C17349,2,トライ プラス 資料 請求,競合の比較検討（評判・料金）,保護者,B,カテゴリ競合×比較/評判/料金/乗換え/特性,中,③B カテゴリ競合,個別指導塾トライプラス,10,207.0,1412.0,HIGH,比較検討・料金・申込 | ブランド・指名検索,KWP_CompetitorKeywordSeed
30978,トライ プラス 費用,CORE,代表,C17351,2,トライ プラス 費用,競合の比較検討（評判・料金）,保護者,B,カテゴリ競合×比較/評判/料金/乗換え/特性,中,③B カテゴリ競合,個別指導塾トライプラス,10,,,LOW,比較検討・料金・申込 | ブランド・指名検索,KWP_CompetitorKeywordSeed
31050,トライ プラス 退会,CORE,代表,C17352,2,トライ プラス 退会,競合の不満・乗り換え,保護者,B,カテゴリ競合×比較/評判/料金/乗換え/特性,中,③B カテゴリ競合,個別指導塾トライプラス,20,,,LOW,合わない・断られた・乗り換え | ブランド・指名検索,KWP_CompetitorKeywordSeed
30995,トライ プラス 高い,CORE,代表,C17355,2,トライ プラス 高い,競合の比較検討（評判・料金）,保護者,B,カテゴリ競合×比較/評判/料金/乗換え/特性,中,③B カテゴリ競合,個別指導塾トライプラス,20,,,LOW,比較検討・料金・申込 | ブランド・指名検索,KWP_CompetitorKeywordSeed
30872,トライ プロ 講師 口コミ,CORE,代表,C17360,1,トライ プロ 講師 口コミ,競合の比較検討（評判・料金）,保護者,B,カテゴリ競合×比較/評判/料金/乗換え/特性,中,③B カテゴリ競合,家庭教師のトライ,20,,,LOW,比較検討・料金・申込 | ブランド・指名検索,KWP_CompetitorKeywordSeed
2246,家庭 教師 の トライ プロ 料金,CORE,代表,C17361,3,家庭 教師 の トライ プロ 料金,競合の比較検討（評判・料金）,保護者,B,カテゴリ競合×比較/評判/料金/乗換え/特性,中,③B カテゴリ競合,家庭教師のトライ,20,,,MEDIUM,サービス探し（家庭教師・塾・支援） | 比較検討・料金・申込 | ブランド・指名検索,KWP_KeywordSeed || KWP_UrlSeed || KWP_CompetitorKeywordSeed
2180,トライ プロ 講師 料金,CORE,代表,C17364,1,トライ プロ 講師 料金,競合の比較検討（評判・料金）,保護者,B,カテゴリ競合×比較/評判/料金/乗換え/特性,中,③B カテゴリ競合,家庭教師のトライ,30,72.0,210.0,LOW,比較検討・料金・申込 | ブランド・指名検索,KWP_KeywordSeed || KWP_UrlSeed || KWP_CompetitorKeywordSeed
3031,トライ マンツーマン 料金,CORE,代表,C17376,1,トライ マンツーマン 料金,競合の比較検討（評判・料金）,保護者,B,カテゴリ競合×比較/評判/料金/乗換え/特性,中,③B カテゴリ競合,家庭教師のトライ,20,75.0,222.0,MEDIUM,サービス探し（家庭教師・塾・支援） | 比較検討・料金・申込 | ブランド・指名検索,KWP_KeywordSeed || KWP_UrlSeed || KWP_SiteSeed || KWP_CompetitorKeywordSeed
30935,トライ レビュー,CORE,代表,C17390,1,トライ レビュー,競合の比較検討（評判・料金）,保護者,B,カテゴリ競合×比較/評判/料金/乗換え/特性,中,③B カテゴリ競合,家庭教師のトライ,,,,UNSPECIFIED,比較検討・料金・申込 | ブランド・指名検索,KWP_CompetitorKeywordSeed
31863,トライ 個別 レビュー,CORE,代表,C17391,1,トライ 個別 レビュー,競合の比較検討（評判・料金）,保護者,B,カテゴリ競合×比較/評判/料金/乗換え/特性,中,③B カテゴリ競合,個別教室のトライ,,,,UNSPECIFIED,比較検討・料金・申込 | ブランド・指名検索,KWP_CompetitorKeywordSeed
31737,個別 教室 の トライ レビュー,CORE,代表,C17392,1,個別 教室 の トライ レビュー,競合の比較検討（評判・料金）,保護者,B,カテゴリ競合×比較/評判/料金/乗換え/特性,中,③B カテゴリ競合,個別教室のトライ,,,,UNSPECIFIED,比較検討・料金・申込 | ブランド・指名検索,KWP_CompetitorKeywordSeed
31446,家庭 教師 の トライ レビュー,CORE,代表,C17394,2,家庭 教師 の トライ レビュー,競合の比較検討（評判・料金）,保護者,B,カテゴリ競合×比較/評判/料金/乗換え/特性,中,③B カテゴリ競合,家庭教師のトライ,10,,,UNSPECIFIED,サービス探し（家庭教師・塾・支援） | 比較検討・料金・申込 | ブランド・指名検索,KWP_CompetitorKeywordSeed
17120,トライ 不 登校 中学生,CORE,代表,C17407,1,トライ 不 登校 中学生,競合×特性/不登校対応の確認,保護者,B,カテゴリ競合×比較/評判/料金/乗換え/特性,中,③B カテゴリ競合,家庭教師のトライ,50,105.0,368.0,HIGH,学校生活・不登校・学校種別 | ブランド・指名検索,KWP_UrlSeed || KWP_CompetitorKeywordSeed
31779,個別 教室 の トライ 不 登校 口コミ,CORE,代表,C17408,1,個別 教室 の トライ 不 登校 口コミ,競合の比較検討（評判・料金）,保護者,B,特性/不登校×家庭教師・塾・個別,高,③B カテゴリ競合,個別教室のトライ,,,,UNSPECIFIED,比較検討・料金・申込 | 学校生活・不登校・学校種別 | ブランド・指名検索,KWP_CompetitorKeywordSeed
31799,個別 教室 の トライ 不 登校 料金,CORE,代表,C17409,1,個別 教室 の トライ 不 登校 料金,競合の比較検討（評判・料金）,保護者,B,特性/不登校×家庭教師・塾・個別,高,③B カテゴリ競合,個別教室のトライ,,,,UNSPECIFIED,比較検討・料金・申込 | 学校生活・不登校・学校種別 | ブランド・指名検索,KWP_CompetitorKeywordSeed
633,個別 教室 の トライ 不 登校,CORE,代表,C17410,2,個別 教室 の トライ 不 登校,競合×特性/不登校対応の確認,保護者,B,特性/不登校×家庭教師・塾・個別,高,③B カテゴリ競合,個別教室のトライ,50,142.0,337.0,MEDIUM,学校生活・不登校・学校種別 | ブランド・指名検索,KWP_KeywordSeed || KWP_UrlSeed || KWP_CompetitorKeywordSeed
31789,個別 教室 の トライ 不 登校 評判,CORE,代表,C17411,1,個別 教室 の トライ 不 登校 評判,競合の比較検討（評判・料金）,保護者,B,特性/不登校×家庭教師・塾・個別,高,③B カテゴリ競合,個別教室のトライ,,,,UNSPECIFIED,比較検討・料金・申込 | 学校生活・不登校・学校種別 | ブランド・指名検索,KWP_CompetitorKeywordSeed
31898,トライ 個別 不 登校,CORE,代表,C17412,1,トライ 個別 不 登校,競合×特性/不登校対応の確認,保護者,B,カテゴリ競合×比較/評判/料金/乗換え/特性,中,③B カテゴリ競合,個別教室のトライ,,,,UNSPECIFIED,学校生活・不登校・学校種別 | ブランド・指名検索,KWP_CompetitorKeywordSeed
31167,トライ 不 登校 口コミ,CORE,代表,C17413,1,トライ 不 登校 口コミ,競合の比較検討（評判・料金）,保護者,B,カテゴリ競合×比較/評判/料金/乗換え/特性,中,③B カテゴリ競合,家庭教師のトライ,,,,UNSPECIFIED,比較検討・料金・申込 | 学校生活・不登校・学校種別 | ブランド・指名検索,KWP_CompetitorKeywordSeed
30965,トライ 不 登校 学費,CORE,代表,C17414,1,トライ 不 登校 学費,競合×特性/不登校対応の確認,保護者,B,カテゴリ競合×比較/評判/料金/乗換え/特性,中,③B カテゴリ競合,家庭教師のトライ,10,110.0,233.0,LOW,学校生活・不登校・学校種別 | ブランド・指名検索 | 一般の学校・学習情報（特性語なし）,KWP_CompetitorKeywordSeed
2194,家庭 教師 の トライ 不 登校 料金,CORE,代表,C17416,1,家庭 教師 の トライ 不 登校 料金,競合の比較検討（評判・料金）,保護者,B,特性/不登校×家庭教師・塾・個別,高,③B カテゴリ競合,家庭教師のトライ,30,166.0,967.0,MEDIUM,サービス探し（家庭教師・塾・支援） | 比較検討・料金・申込 | 学校生活・不登校・学校種別 | ブランド・指名検索,KWP_KeywordSeed || KWP_UrlSeed || KWP_CompetitorKeywordSeed
635,家庭 教師 トライ 不 登校,CORE,代表,C17417,4,家庭 教師 トライ 不 登校,競合×特性/不登校対応の確認,保護者,B,特性/不登校×家庭教師・塾・個別,高,③B カテゴリ競合,家庭教師のトライ,70,187.0,544.0,MEDIUM,サービス探し（家庭教師・塾・支援） | 学校生活・不登校・学校種別 | ブランド・指名検索,KWP_KeywordSeed || KWP_UrlSeed || KWP_CompetitorKeywordSeed
30830,家庭 教師 の トライ 不 登校 評判,CORE,代表,C17418,1,家庭 教師 の トライ 不 登校 評判,競合の比較検討（評判・料金）,保護者,B,特性/不登校×家庭教師・塾・個別,高,③B カテゴリ競合,家庭教師のトライ,20,140.0,417.0,MEDIUM,サービス探し（家庭教師・塾・支援） | 比較検討・料金・申込 | 学校生活・不登校・学校種別 | ブランド・指名検索,KWP_CompetitorKeywordSeed
17124,トライ 式 不 登校,CORE,代表,C17419,1,トライ 式 不 登校,競合×特性/不登校対応の確認,保護者,B,カテゴリ競合×比較/評判/料金/乗換え/特性,中,③B カテゴリ競合,家庭教師のトライ,10,119.0,349.0,HIGH,学校生活・不登校・学校種別 | ブランド・指名検索,KWP_UrlSeed || KWP_CompetitorKeywordSeed
17121,トライ 不 登校 料金,CORE,代表,C17420,2,トライ 不 登校 料金,競合の比較検討（評判・料金）,保護者,B,カテゴリ競合×比較/評判/料金/乗換え/特性,中,③B カテゴリ競合,家庭教師のトライ,30,125.0,291.0,MEDIUM,比較検討・料金・申込 | 学校生活・不登校・学校種別 | ブランド・指名検索,KWP_UrlSeed || KWP_CompetitorKeywordSeed
5690,トライ 不 登校,CORE,代表,C17421,3,トライ 不 登校,競合×特性/不登校対応の確認,保護者,B,カテゴリ競合×比較/評判/料金/乗換え/特性,中,③B カテゴリ競合,家庭教師のトライ,140,100.0,338.0,MEDIUM,学校生活・不登校・学校種別 | ブランド・指名検索,KWP_KeywordSeed || KWP_UrlSeed || KWP_CompetitorKeywordSeed
30824,トライ 不 登校 評判,CORE,代表,C17422,2,トライ 不 登校 評判,競合の比較検討（評判・料金）,保護者,B,カテゴリ競合×比較/評判/料金/乗換え/特性,中,③B カテゴリ競合,家庭教師のトライ,40,117.0,298.0,MEDIUM,比較検討・料金・申込 | 学校生活・不登校・学校種別 | ブランド・指名検索,KWP_CompetitorKeywordSeed
2157,家庭 教師 の トライ 中学 受験 料金,CORE,代表,C17438,1,家庭 教師 の トライ 中学 受験 料金,競合の比較検討（評判・料金）,保護者,B,カテゴリ競合×比較/評判/料金/乗換え/特性,中,③B カテゴリ競合,家庭教師のトライ,30,151.0,316.0,LOW,サービス探し（家庭教師・塾・支援） | 比較検討・料金・申込 | 受験・進路 | ブランド・指名検索,KWP_KeywordSeed || KWP_CompetitorKeywordSeed
30933,家庭 教師 トライ 中学 受験 評判,CORE,代表,C17439,1,家庭 教師 トライ 中学 受験 評判,競合の比較検討（評判・料金）,保護者,B,カテゴリ競合×比較/評判/料金/乗換え/特性,中,③B カテゴリ競合,家庭教師のトライ,10,,,UNSPECIFIED,サービス探し（家庭教師・塾・支援） | 比較検討・料金・申込 | 受験・進路 | ブランド・指名検索,KWP_CompetitorKeywordSeed
19430,トライ 中学 受験 料金,CORE,代表,C17440,1,トライ 中学 受験 料金,競合の比較検討（評判・料金）,保護者,B,カテゴリ競合×比較/評判/料金/乗換え/特性,中,③B カテゴリ競合,家庭教師のトライ,50,90.0,212.0,LOW,比較検討・料金・申込 | 受験・進路 | ブランド・指名検索,KWP_UrlSeed || KWP_CompetitorKeywordSeed
30841,トライ 中学 受験 評判,CORE,代表,C17441,1,トライ 中学 受験 評判,競合の比較検討（評判・料金）,保護者,B,カテゴリ競合×比較/評判/料金/乗換え/特性,中,③B カテゴリ競合,家庭教師のトライ,20,62.0,369.0,LOW,比較検討・料金・申込 | 受験・進路 | ブランド・指名検索,KWP_CompetitorKeywordSeed
13906,トライ 中学 料金,CORE,代表,C17443,1,トライ 中学 料金,競合の比較検討（評判・料金）,保護者,B,カテゴリ競合×比較/評判/料金/乗換え/特性,中,③B カテゴリ競合,家庭教師のトライ,90,105.0,371.0,MEDIUM,比較検討・料金・申込 | ブランド・指名検索,KWP_UrlSeed || KWP_SiteSeed || KWP_CompetitorKeywordSeed
2734,個別 教室 の トライ 料金 中学生,CORE,代表,C17449,2,個別 教室 の トライ 料金 中学生,競合の比較検討（評判・料金）,保護者,B,カテゴリ競合×比較/評判/料金/乗換え/特性,中,③B カテゴリ競合,個別教室のトライ,90,120.0,245.0,MEDIUM,比較検討・料金・申込 | ブランド・指名検索,KWP_KeywordSeed || KWP_CompetitorKeywordSeed
2884,トライ 個別 料金 中学生,CORE,代表,C17450,1,トライ 個別 料金 中学生,競合の比較検討（評判・料金）,保護者,B,カテゴリ競合×比較/評判/料金/乗換え/特性,中,③B カテゴリ競合,個別教室のトライ,10,89.0,219.0,MEDIUM,比較検討・料金・申込 | ブランド・指名検索,KWP_KeywordSeed || KWP_UrlSeed || KWP_SiteSeed || KWP_CompetitorKeywordSeed
2070,家庭 教師 の トライ 料金 中学生,CORE,代表,C17453,3,家庭 教師 の トライ 料金 中学生,競合の比較検討（評判・料金）,保護者,B,カテゴリ競合×比較/評判/料金/乗換え/特性,中,③B カテゴリ競合,家庭教師のトライ,70,145.0,485.0,MEDIUM,サービス探し（家庭教師・塾・支援） | 比較検討・料金・申込 | ブランド・指名検索,KWP_KeywordSeed || KWP_CompetitorKeywordSeed
13824,トライ 中学生 料金,CORE,代表,C17454,2,トライ 中学生 料金,競合の比較検討（評判・料金）,保護者,B,カテゴリ競合×比較/評判/料金/乗換え/特性,中,③B カテゴリ競合,家庭教師のトライ,90,105.0,371.0,MEDIUM,比較検討・料金・申込 | ブランド・指名検索,KWP_UrlSeed || KWP_SiteSeed || KWP_CompetitorKeywordSeed
30940,トライ 式 中等 部 費用,CORE,代表,C17459,1,トライ 式 中等 部 費用,競合の比較検討（評判・料金）,保護者,B,カテゴリ競合×比較/評判/料金/乗換え/特性,中,③B カテゴリ競合,家庭教師のトライ,260,40.0,224.0,LOW,比較検討・料金・申込 | ブランド・指名検索,KWP_CompetitorKeywordSeed
31064,個別 教室 の トライ 休会,CORE,代表,C17490,1,個別 教室 の トライ 休会,競合の不満・乗り換え,保護者,B,カテゴリ競合×比較/評判/料金/乗換え/特性,中,③B カテゴリ競合,個別教室のトライ,10,,,LOW,比較検討・料金・申込 | ブランド・指名検索 | 利用中・会員の手続き,KWP_CompetitorKeywordSeed
13820,トライ 体験,CORE,代表,C17500,1,トライ 体験,競合の比較検討（評判・料金）,保護者,B,カテゴリ競合×比較/評判/料金/乗換え/特性,中,③B カテゴリ競合,家庭教師のトライ,50,212.0,580.0,HIGH,比較検討・料金・申込 | ブランド・指名検索,KWP_UrlSeed || KWP_SiteSeed || KWP_CompetitorKeywordSeed || CompetitorMatrix
31090,トライ 個別 体験,CORE,代表,C17501,1,トライ 個別 体験,競合の比較検討（評判・料金）,保護者,B,カテゴリ競合×比較/評判/料金/乗換え/特性,中,③B カテゴリ競合,個別教室のトライ,10,219.0,889.0,HIGH,比較検討・料金・申込 | ブランド・指名検索,KWP_CompetitorKeywordSeed || CompetitorMatrix
30863,個別 教室 の トライ 合格 体験 談,CORE,代表,C17502,1,個別 教室 の トライ 合格 体験 談,競合の比較検討（評判・料金）,保護者,B,カテゴリ競合×比較/評判/料金/乗換え/特性,中,③B カテゴリ競合,個別教室のトライ,10,,,UNSPECIFIED,比較検討・料金・申込 | 受験・進路 | ブランド・指名検索,KWP_CompetitorKeywordSeed
31888,トライ 個別 体験 授業,CORE,代表,C17503,1,トライ 個別 体験 授業,競合の比較検討（評判・料金）,保護者,B,カテゴリ競合×比較/評判/料金/乗換え/特性,中,③B カテゴリ競合,個別教室のトライ,,,,UNSPECIFIED,比較検討・料金・申込 | 学習のやり方・学習課題 | ブランド・指名検索,KWP_CompetitorKeywordSeed
30676,個別 教室 の トライ 体験 授業,CORE,代表,C17504,2,個別 教室 の トライ 体験 授業,競合の比較検討（評判・料金）,保護者,B,カテゴリ競合×比較/評判/料金/乗換え/特性,中,③B カテゴリ競合,個別教室のトライ,40,169.0,531.0,MEDIUM,比較検討・料金・申込 | 学習のやり方・学習課題 | ブランド・指名検索,KWP_CompetitorKeywordSeed
31094,個別 教室 の トライ 体験,CORE,代表,C17505,2,個別 教室 の トライ 体験,競合の比較検討（評判・料金）,保護者,B,カテゴリ競合×比較/評判/料金/乗換え/特性,中,③B カテゴリ競合,個別教室のトライ,20,201.0,799.0,MEDIUM,比較検討・料金・申込 | ブランド・指名検索,KWP_CompetitorKeywordSeed
31085,個別 教室 の トライ 無料 体験,CORE,代表,C17506,2,個別 教室 の トライ 無料 体験,競合の比較検討（評判・料金）,保護者,B,カテゴリ競合×比較/評判/料金/乗換え/特性,中,③B カテゴリ競合,個別教室のトライ,30,168.0,357.0,HIGH,比較検討・料金・申込 | ブランド・指名検索,KWP_CompetitorKeywordSeed
31738,個別 教室 の トライ 体験 談,CORE,代表,C17507,1,個別 教室 の トライ 体験 談,競合の比較検討（評判・料金）,保護者,B,カテゴリ競合×比較/評判/料金/乗換え/特性,中,③B カテゴリ競合,個別教室のトライ,,,,UNSPECIFIED,比較検討・料金・申込 | ブランド・指名検索,KWP_CompetitorKeywordSeed
31887,トライ 個別 無料 体験,CORE,代表,C17508,2,トライ 個別 無料 体験,競合の比較検討（評判・料金）,保護者,B,カテゴリ競合×比較/評判/料金/乗換え/特性,中,③B カテゴリ競合,個別教室のトライ,10,,,MEDIUM,比較検討・料金・申込 | ブランド・指名検索,KWP_CompetitorKeywordSeed
31864,トライ 個別 体験 談,CORE,代表,C17509,1,トライ 個別 体験 談,競合の比較検討（評判・料金）,保護者,B,カテゴリ競合×比較/評判/料金/乗換え/特性,中,③B カテゴリ競合,個別教室のトライ,,,,UNSPECIFIED,比較検討・料金・申込 | ブランド・指名検索,KWP_CompetitorKeywordSeed
30915,トライ 無料 体験 口コミ,CORE,代表,C17510,1,トライ 無料 体験 口コミ,競合の比較検討（評判・料金）,保護者,B,カテゴリ競合×比較/評判/料金/乗換え/特性,中,③B カテゴリ競合,家庭教師のトライ,10,,,UNSPECIFIED,比較検討・料金・申込 | ブランド・指名検索,KWP_CompetitorKeywordSeed
30903,トライ 合格 体験 談,CORE,代表,C17511,1,トライ 合格 体験 談,競合の比較検討（評判・料金）,保護者,B,カテゴリ競合×比較/評判/料金/乗換え/特性,中,③B カテゴリ競合,家庭教師のトライ,10,,,UNSPECIFIED,比較検討・料金・申込 | 受験・進路 | ブランド・指名検索,KWP_CompetitorKeywordSeed
31470,家庭 教師 の トライ 体験 授業,CORE,代表,C17513,1,家庭 教師 の トライ 体験 授業,競合の比較検討（評判・料金）,保護者,B,カテゴリ競合×比較/評判/料金/乗換え/特性,中,③B カテゴリ競合,家庭教師のトライ,,,,UNSPECIFIED,サービス探し（家庭教師・塾・支援） | 比較検討・料金・申込 | 学習のやり方・学習課題 | ブランド・指名検索,KWP_CompetitorKeywordSeed
31092,家庭 教師 トライ 体験,CORE,代表,C17514,3,家庭 教師 トライ 体験,競合の比較検討（評判・料金）,保護者,B,カテゴリ競合×比較/評判/料金/乗換え/特性,中,③B カテゴリ競合,家庭教師のトライ,20,297.0,546.0,HIGH,サービス探し（家庭教師・塾・支援） | 比較検討・料金・申込 | ブランド・指名検索,KWP_CompetitorKeywordSeed
2257,家庭 教師 トライ 無料 体験,CORE,代表,C17515,3,家庭 教師 トライ 無料 体験,競合の比較検討（評判・料金）,保護者,B,カテゴリ競合×比較/評判/料金/乗換え/特性,中,③B カテゴリ競合,家庭教師のトライ,10,205.0,564.0,HIGH,サービス探し（家庭教師・塾・支援） | 比較検討・料金・申込 | ブランド・指名検索,KWP_KeywordSeed || KWP_CompetitorKeywordSeed
31447,家庭 教師 の トライ 体験 談,CORE,代表,C17516,2,家庭 教師 の トライ 体験 談,競合の比較検討（評判・料金）,保護者,B,カテゴリ競合×比較/評判/料金/乗換え/特性,中,③B カテゴリ競合,家庭教師のトライ,10,,,LOW,サービス探し（家庭教師・塾・支援） | 比較検討・料金・申込 | ブランド・指名検索,KWP_CompetitorKeywordSeed
30660,トライ 体験 授業,CORE,代表,C17517,2,トライ 体験 授業,競合の比較検討（評判・料金）,保護者,B,カテゴリ競合×比較/評判/料金/乗換え/特性,中,③B カテゴリ競合,家庭教師のトライ,110,210.0,540.0,HIGH,比較検討・料金・申込 | 学習のやり方・学習課題 | ブランド・指名検索,KWP_CompetitorKeywordSeed
31087,トライ 体験 授業 時間,CORE,代表,C17518,1,トライ 体験 授業 時間,競合の比較検討（評判・料金）,保護者,B,カテゴリ競合×比較/評判/料金/乗換え/特性,中,③B カテゴリ競合,家庭教師のトライ,20,83.0,211.0,MEDIUM,比較検討・料金・申込 | 学習のやり方・学習課題 | ブランド・指名検索,KWP_CompetitorKeywordSeed
31081,トライ 無料 体験,CORE,代表,C17519,2,トライ 無料 体験,競合の比較検討（評判・料金）,保護者,B,カテゴリ競合×比較/評判/料金/乗換え/特性,中,③B カテゴリ競合,家庭教師のトライ,50,209.0,438.0,HIGH,比較検討・料金・申込 | ブランド・指名検索,KWP_CompetitorKeywordSeed
30811,トライ 体験 談,CORE,代表,C17520,2,トライ 体験 談,競合の比較検討（評判・料金）,保護者,B,カテゴリ競合×比較/評判/料金/乗換え/特性,中,③B カテゴリ競合,家庭教師のトライ,10,,,LOW,比較検討・料金・申込 | ブランド・指名検索,KWP_CompetitorKeywordSeed
31069,個別 教室 の トライ 退会 連絡 先,CORE,代表,C17530,1,個別 教室 の トライ 退会 連絡 先,競合の不満・乗り換え,保護者,B,カテゴリ競合×比較/評判/料金/乗換え/特性,中,③B カテゴリ競合,個別教室のトライ,10,,,LOW,合わない・断られた・乗り換え | ブランド・指名検索,KWP_CompetitorKeywordSeed
31892,トライ 個別 入会,CORE,代表,C17532,1,トライ 個別 入会,競合の比較検討（評判・料金）,保護者,B,カテゴリ競合×比較/評判/料金/乗換え/特性,中,③B カテゴリ競合,個別教室のトライ,,,,UNSPECIFIED,比較検討・料金・申込 | ブランド・指名検索,KWP_CompetitorKeywordSeed
31760,個別 教室 の トライ 入会,CORE,代表,C17533,1,個別 教室 の トライ 入会,競合の比較検討（評判・料金）,保護者,B,カテゴリ競合×比較/評判/料金/乗換え/特性,中,③B カテゴリ競合,個別教室のトライ,,,,UNSPECIFIED,比較検討・料金・申込 | ブランド・指名検索,KWP_CompetitorKeywordSeed
30964,個別 教室 の トライ 入会 金 無料,CORE,代表,C17534,1,個別 教室 の トライ 入会 金 無料,競合の比較検討（評判・料金）,保護者,B,カテゴリ競合×比較/評判/料金/乗換え/特性,中,③B カテゴリ競合,個別教室のトライ,30,137.0,340.0,MEDIUM,比較検討・料金・申込 | ブランド・指名検索,KWP_CompetitorKeywordSeed
30968,個別 教室 の トライ 入会 金,CORE,代表,C17535,2,個別 教室 の トライ 入会 金,競合の比較検討（評判・料金）,保護者,B,カテゴリ競合×比較/評判/料金/乗換え/特性,中,③B カテゴリ競合,個別教室のトライ,10,162.0,611.0,MEDIUM,比較検討・料金・申込 | ブランド・指名検索,KWP_CompetitorKeywordSeed
31867,トライ 個別 入会 金,CORE,代表,C17536,1,トライ 個別 入会 金,競合の比較検討（評判・料金）,保護者,B,カテゴリ競合×比較/評判/料金/乗換え/特性,中,③B カテゴリ競合,個別教室のトライ,,,,UNSPECIFIED,比較検討・料金・申込 | ブランド・指名検索,KWP_CompetitorKeywordSeed
3014,個別 教室 の トライ 冬期 講習 料金,CORE,代表,C17539,1,個別 教室 の トライ 冬期 講習 料金,競合の比較検討（評判・料金）,保護者,B,カテゴリ競合×比較/評判/料金/乗換え/特性,中,③B カテゴリ競合,個別教室のトライ,20,,,LOW,比較検討・料金・申込 | 学習のやり方・学習課題 | ブランド・指名検索,KWP_KeywordSeed || KWP_CompetitorKeywordSeed
30858,個別 教室 の トライ 大学 受験 評判,CORE,代表,C17549,2,個別 教室 の トライ 大学 受験 評判,競合の比較検討（評判・料金）,保護者,B,カテゴリ競合×比較/評判/料金/乗換え/特性,中,③B カテゴリ競合,個別教室のトライ,50,70.0,295.0,LOW,比較検討・料金・申込 | 受験・進路 | ブランド・指名検索,KWP_CompetitorKeywordSeed
30825,トライ 個別 口コミ,CORE,代表,C17553,1,トライ 個別 口コミ,競合の比較検討（評判・料金）,保護者,B,カテゴリ競合×比較/評判/料金/乗換え/特性,中,③B カテゴリ競合,個別教室のトライ,110,100.0,296.0,MEDIUM,比較検討・料金・申込 | ブランド・指名検索,KWP_CompetitorKeywordSeed || CompetitorMatrix
30851,個別 トライ 口コミ,CORE,代表,C17554,1,個別 トライ 口コミ,競合の比較検討（評判・料金）,保護者,B,カテゴリ競合×比較/評判/料金/乗換え/特性,中,③B カテゴリ競合,家庭教師のトライ,110,100.0,296.0,MEDIUM,比較検討・料金・申込 | ブランド・指名検索,KWP_CompetitorKeywordSeed || Google_competitor_suggest
31778,個別 教室 の トライ 境界 知能 口コミ,CORE,代表,C17555,1,個別 教室 の トライ 境界 知能 口コミ,競合の比較検討（評判・料金）,保護者,B,特性/不登校×家庭教師・塾・個別,高,③B カテゴリ競合,個別教室のトライ,,,,UNSPECIFIED,比較検討・料金・申込 | ブランド・指名検索,KWP_CompetitorKeywordSeed
31776,個別 教室 の トライ ld 口コミ,CORE,代表,C17556,2,個別 教室 の トライ ld 口コミ,競合の比較検討（評判・料金）,保護者,B,特性/不登校×家庭教師・塾・個別,高,③B カテゴリ競合,個別教室のトライ,,,,UNSPECIFIED,比較検討・料金・申込 | ブランド・指名検索,KWP_CompetitorKeywordSeed
47446,個別教室のトライ 小学生 口コミ,CORE,代表,C17557,1,個別教室のトライ 小学生 口コミ,競合の比較検討（評判・料金）,保護者,B,カテゴリ競合×比較/評判/料金/乗換え/特性,中,③B カテゴリ競合,個別教室のトライ,,,,UNSPECIFIED,比較検討・料金・申込 | ブランド・指名検索,Google_competitor_suggest
30861,トライ 個別 指導 口コミ,CORE,代表,C17558,1,トライ 個別 指導 口コミ,競合の比較検討（評判・料金）,保護者,B,カテゴリ競合×比較/評判/料金/乗換え/特性,中,③B カテゴリ競合,個別教室のトライ,320,92.0,277.0,MEDIUM,サービス探し（家庭教師・塾・支援） | 比較検討・料金・申込 | ブランド・指名検索,KWP_CompetitorKeywordSeed
30842,個別 指導 トライ 口コミ,CORE,代表,C17559,3,個別 指導 トライ 口コミ,競合の比較検討（評判・料金）,保護者,B,カテゴリ競合×比較/評判/料金/乗換え/特性,中,③B カテゴリ競合,家庭教師のトライ,320,92.0,277.0,MEDIUM,サービス探し（家庭教師・塾・支援） | 比較検討・料金・申込 | ブランド・指名検索,KWP_CompetitorKeywordSeed
30815,個別 教室 の トライ 口コミ,CORE,代表,C17560,3,個別 教室 の トライ 口コミ,競合の比較検討（評判・料金）,保護者,B,カテゴリ競合×比較/評判/料金/乗換え/特性,中,③B カテゴリ競合,個別教室のトライ,720,71.0,220.0,MEDIUM,比較検討・料金・申込 | ブランド・指名検索,KWP_CompetitorKeywordSeed
30848,個別 教室 トライ 口コミ,CORE,代表,C17561,1,個別 教室 トライ 口コミ,競合の比較検討（評判・料金）,保護者,B,カテゴリ競合×比較/評判/料金/乗換え/特性,中,③B カテゴリ競合,家庭教師のトライ,720,71.0,220.0,MEDIUM,比較検討・料金・申込 | ブランド・指名検索,KWP_CompetitorKeywordSeed
30812,個別 教室 の トライ 料金 口コミ,CORE,代表,C17562,2,個別 教室 の トライ 料金 口コミ,競合の比較検討（評判・料金）,保護者,B,カテゴリ競合×比較/評判/料金/乗換え/特性,中,③B カテゴリ競合,個別教室のトライ,320,92.0,264.0,MEDIUM,比較検討・料金・申込 | ブランド・指名検索,KWP_CompetitorKeywordSeed
47443,個別教室のトライ 船橋駅前校 口コミ,CORE,代表,C17563,1,個別教室のトライ 船橋駅前校 口コミ,競合の比較検討（評判・料金）,保護者,B,カテゴリ競合×比較/評判/料金/乗換え/特性,中,③B カテゴリ競合,個別教室のトライ,,,,UNSPECIFIED,比較検討・料金・申込 | ブランド・指名検索 | 地域・近くで探す,Google_competitor_suggest
31770,個別 教室 の トライ 発達 障害 口コミ,CORE,代表,C17564,2,個別 教室 の トライ 発達 障害 口コミ,競合の比較検討（評判・料金）,保護者,B,特性/不登校×家庭教師・塾・個別,高,③B カテゴリ競合,個別教室のトライ,,,,UNSPECIFIED,比較検討・料金・申込 | ブランド・指名検索,KWP_CompetitorKeywordSeed
47440,個別教室のトライ 口コミ 知恵袋,CORE,代表,C17565,1,個別教室のトライ 口コミ 知恵袋,競合の比較検討（評判・料金）,保護者,B,カテゴリ競合×比較/評判/料金/乗換え/特性,中,③B カテゴリ競合,個別教室のトライ,20,,,LOW,比較検討・料金・申込 | ブランド・指名検索,Google_competitor_suggest
31775,個別 教室 の トライ 自 閉 症 口コミ,CORE,代表,C17566,1,個別 教室 の トライ 自 閉 症 口コミ,競合の比較検討（評判・料金）,保護者,B,特性/不登校×家庭教師・塾・個別,高,③B カテゴリ競合,個別教室のトライ,,,,UNSPECIFIED,比較検討・料金・申込 | ブランド・指名検索,KWP_CompetitorKeywordSeed
47445,個別教室のトライ 高校生 口コミ,CORE,代表,C17567,1,個別教室のトライ 高校生 口コミ,競合の比較検討（評判・料金）,保護者,B,カテゴリ競合×比較/評判/料金/乗換え/特性,中,③B カテゴリ競合,個別教室のトライ,,,,UNSPECIFIED,比較検討・料金・申込 | ブランド・指名検索,Google_competitor_suggest
31525,個別 指導 の トライ 合格 実績,CORE,代表,C17569,1,個別 指導 の トライ 合格 実績,競合の比較検討（評判・料金）,保護者,B,カテゴリ競合×比較/評判/料金/乗換え/特性,中,③B カテゴリ競合,家庭教師のトライ,10,,,LOW,サービス探し（家庭教師・塾・支援） | 比較検討・料金・申込 | 受験・進路 | ブランド・指名検索,KWP_CompetitorKeywordSeed
31483,個別 教室 の トライ 合格 実績,CORE,代表,C17570,2,個別 教室 の トライ 合格 実績,競合の比較検討（評判・料金）,保護者,B,カテゴリ競合×比較/評判/料金/乗換え/特性,中,③B カテゴリ競合,個別教室のトライ,70,76.0,202.0,LOW,比較検討・料金・申込 | 受験・進路 | ブランド・指名検索,KWP_CompetitorKeywordSeed
19567,個別 教室 の トライ 問い合わせ,CORE,代表,C17572,1,個別 教室 の トライ 問い合わせ,競合の比較検討（評判・料金）,保護者,B,カテゴリ競合×比較/評判/料金/乗換え/特性,中,③B カテゴリ競合,個別教室のトライ,90,166.0,998.0,LOW,比較検討・料金・申込 | ブランド・指名検索,KWP_UrlSeed || KWP_CompetitorKeywordSeed
2546,トライ 個別 指導 塾 料金,CORE,代表,C17580,1,トライ 個別 指導 塾 料金,競合の比較検討（評判・料金）,保護者,B,カテゴリ競合×比較/評判/料金/乗換え/特性,中,③B カテゴリ競合,個別教室のトライ,140,131.0,241.0,MEDIUM,サービス探し（家庭教師・塾・支援） | 比較検討・料金・申込 | ブランド・指名検索,KWP_KeywordSeed || KWP_UrlSeed || KWP_CompetitorKeywordSeed
2607,個別 指導 塾 トライ 料金,CORE,代表,C17581,2,個別 指導 塾 トライ 料金,競合の比較検討（評判・料金）,保護者,B,カテゴリ競合×比較/評判/料金/乗換え/特性,中,③B カテゴリ競合,家庭教師のトライ,140,131.0,241.0,MEDIUM,サービス探し（家庭教師・塾・支援） | 比較検討・料金・申込 | ブランド・指名検索,KWP_KeywordSeed || KWP_UrlSeed || KWP_CompetitorKeywordSeed
30921,個別 指導 塾 トライ 評判,CORE,代表,C17582,1,個別 指導 塾 トライ 評判,競合の比較検討（評判・料金）,保護者,B,カテゴリ競合×比較/評判/料金/乗換え/特性,中,③B カテゴリ競合,家庭教師のトライ,10,,,MEDIUM,サービス探し（家庭教師・塾・支援） | 比較検討・料金・申込 | ブランド・指名検索,KWP_CompetitorKeywordSeed
3197,トライ 個別 塾 料金,CORE,代表,C17583,1,トライ 個別 塾 料金,競合の比較検討（評判・料金）,保護者,B,カテゴリ競合×比較/評判/料金/乗換え/特性,中,③B カテゴリ競合,個別教室のトライ,10,77.0,202.0,MEDIUM,サービス探し（家庭教師・塾・支援） | 比較検討・料金・申込 | ブランド・指名検索,KWP_KeywordSeed || KWP_CompetitorKeywordSeed
2716,個別 塾 トライ 料金,CORE,代表,C17584,1,個別 塾 トライ 料金,競合の比較検討（評判・料金）,保護者,B,カテゴリ競合×比較/評判/料金/乗換え/特性,中,③B カテゴリ競合,家庭教師のトライ,90,112.0,297.0,MEDIUM,サービス探し（家庭教師・塾・支援） | 比較検討・料金・申込 | ブランド・指名検索,KWP_KeywordSeed || KWP_UrlSeed || KWP_SiteSeed || KWP_CompetitorKeywordSeed
30919,個別 塾 トライ 評判,CORE,代表,C17585,1,個別 塾 トライ 評判,競合の比較検討（評判・料金）,保護者,B,カテゴリ競合×比較/評判/料金/乗換え/特性,中,③B カテゴリ競合,家庭教師のトライ,10,,,LOW,サービス探し（家庭教師・塾・支援） | 比較検討・料金・申込 | ブランド・指名検索,KWP_CompetitorKeywordSeed
31798,個別 教室 の トライ 境界 知能 料金,CORE,代表,C17587,1,個別 教室 の トライ 境界 知能 料金,競合の比較検討（評判・料金）,保護者,B,特性/不登校×家庭教師・塾・個別,高,③B カテゴリ競合,個別教室のトライ,,,,UNSPECIFIED,比較検討・料金・申込 | ブランド・指名検索,KWP_CompetitorKeywordSeed
31769,個別 教室 の トライ 境界 知能,CORE,代表,C17588,1,個別 教室 の トライ 境界 知能,競合×特性/不登校対応の確認,保護者,B,特性/不登校×家庭教師・塾・個別,高,③B カテゴリ競合,個別教室のトライ,,,,UNSPECIFIED,ブランド・指名検索,KWP_CompetitorKeywordSeed
31788,個別 教室 の トライ 境界 知能 評判,CORE,代表,C17589,1,個別 教室 の トライ 境界 知能 評判,競合の比較検討（評判・料金）,保護者,B,特性/不登校×家庭教師・塾・個別,高,③B カテゴリ競合,個別教室のトライ,,,,UNSPECIFIED,比較検討・料金・申込 | ブランド・指名検索,KWP_CompetitorKeywordSeed
31897,トライ 個別 境界 知能,CORE,代表,C17590,1,トライ 個別 境界 知能,競合×特性/不登校対応の確認,保護者,B,カテゴリ競合×比較/評判/料金/乗換え/特性,中,③B カテゴリ競合,個別教室のトライ,,,,UNSPECIFIED,ブランド・指名検索,KWP_CompetitorKeywordSeed
2833,個別 教室 の トライ 夏期 講習 料金,CORE,代表,C17592,1,個別 教室 の トライ 夏期 講習 料金,競合の比較検討（評判・料金）,保護者,B,カテゴリ競合×比較/評判/料金/乗換え/特性,中,③B カテゴリ競合,個別教室のトライ,90,91.0,306.0,LOW,比較検討・料金・申込 | 学習のやり方・学習課題 | ブランド・指名検索,KWP_KeywordSeed || KWP_CompetitorKeywordSeed
31880,トライ 個別 失敗,CORE,代表,C17595,1,トライ 個別 失敗,競合の不満・乗り換え,保護者,B,カテゴリ競合×比較/評判/料金/乗換え/特性,中,③B カテゴリ競合,個別教室のトライ,,,,UNSPECIFIED,比較検討・料金・申込 | ブランド・指名検索,KWP_CompetitorKeywordSeed
31752,個別 教室 の トライ 失敗,CORE,代表,C17596,1,個別 教室 の トライ 失敗,競合の不満・乗り換え,保護者,B,カテゴリ競合×比較/評判/料金/乗換え/特性,中,③B カテゴリ競合,個別教室のトライ,,,,UNSPECIFIED,比較検討・料金・申込 | ブランド・指名検索,KWP_CompetitorKeywordSeed
31796,個別 教室 の トライ ld 料金,CORE,代表,C17599,2,個別 教室 の トライ ld 料金,競合の比較検討（評判・料金）,保護者,B,特性/不登校×家庭教師・塾・個別,高,③B カテゴリ競合,個別教室のトライ,,,,UNSPECIFIED,比較検討・料金・申込 | ブランド・指名検索,KWP_CompetitorKeywordSeed
31786,個別 教室 の トライ ld 評判,CORE,代表,C17600,2,個別 教室 の トライ ld 評判,競合の比較検討（評判・料金）,保護者,B,特性/不登校×家庭教師・塾・個別,高,③B カテゴリ競合,個別教室のトライ,,,,UNSPECIFIED,比較検討・料金・申込 | ブランド・指名検索,KWP_CompetitorKeywordSeed
31767,個別 教室 の トライ ld,CORE,代表,C17601,2,個別 教室 の トライ ld,競合×特性/不登校対応の確認,保護者,B,特性/不登校×家庭教師・塾・個別,高,③B カテゴリ競合,個別教室のトライ,,,,UNSPECIFIED,ブランド・指名検索,KWP_CompetitorKeywordSeed
31895,トライ 個別 ld,CORE,代表,C17602,2,トライ 個別 ld,競合×特性/不登校対応の確認,保護者,B,カテゴリ競合×比較/評判/料金/乗換え/特性,中,③B カテゴリ競合,個別教室のトライ,,,,UNSPECIFIED,ブランド・指名検索,KWP_CompetitorKeywordSeed
31869,トライ 個別 安い,CORE,代表,C17604,1,トライ 個別 安い,競合の比較検討（評判・料金）,保護者,B,カテゴリ競合×比較/評判/料金/乗換え/特性,中,③B カテゴリ競合,個別教室のトライ,,,,UNSPECIFIED,比較検討・料金・申込 | ブランド・指名検索,KWP_CompetitorKeywordSeed
31743,個別 教室 の トライ 安い,CORE,代表,C17605,1,個別 教室 の トライ 安い,競合の比較検討（評判・料金）,保護者,B,カテゴリ競合×比較/評判/料金/乗換え/特性,中,③B カテゴリ競合,個別教室のトライ,,,,UNSPECIFIED,比較検討・料金・申込 | ブランド・指名検索,KWP_CompetitorKeywordSeed
30869,個別 教室 の トライ 実績,CORE,代表,C17606,1,個別 教室 の トライ 実績,競合の比較検討（評判・料金）,保護者,B,カテゴリ競合×比較/評判/料金/乗換え/特性,中,③B カテゴリ競合,個別教室のトライ,20,81.0,178.0,LOW,比較検討・料金・申込 | ブランド・指名検索,KWP_CompetitorKeywordSeed
31570,個別 教室 の トライ 進学 実績,CORE,代表,C17607,1,個別 教室 の トライ 進学 実績,競合の比較検討（評判・料金）,保護者,B,カテゴリ競合×比較/評判/料金/乗換え/特性,中,③B カテゴリ競合,個別教室のトライ,30,88.0,177.0,LOW,比較検討・料金・申込 | 受験・進路 | ブランド・指名検索,KWP_CompetitorKeywordSeed
2358,家庭 教師 の トライ 個別 指導 料金,CORE,代表,C17612,1,家庭 教師 の トライ 個別 指導 料金,競合の比較検討（評判・料金）,保護者,B,カテゴリ競合×比較/評判/料金/乗換え/特性,中,③B カテゴリ競合,家庭教師のトライ,10,120.0,548.0,MEDIUM,サービス探し（家庭教師・塾・支援） | 比較検討・料金・申込 | ブランド・指名検索,KWP_KeywordSeed || KWP_UrlSeed || KWP_CompetitorKeywordSeed
2375,家庭 教師 トライ 個別 料金,CORE,代表,C17617,3,家庭 教師 トライ 個別 料金,競合の比較検討（評判・料金）,保護者,B,カテゴリ競合×比較/評判/料金/乗換え/特性,中,③B カテゴリ競合,家庭教師のトライ,10,,,HIGH,サービス探し（家庭教師・塾・支援） | 比較検討・料金・申込 | ブランド・指名検索,KWP_KeywordSeed || KWP_CompetitorKeywordSeed
3359,個別 教室 の トライ 料金 小学生,CORE,代表,C17620,3,個別 教室 の トライ 料金 小学生,競合の比較検討（評判・料金）,保護者,B,カテゴリ競合×比較/評判/料金/乗換え/特性,中,③B カテゴリ競合,個別教室のトライ,110,102.0,220.0,LOW,比較検討・料金・申込 | ブランド・指名検索,KWP_KeywordSeed || KWP_UrlSeed || KWP_CompetitorKeywordSeed
3443,トライ 個別 料金 小学生,CORE,代表,C17621,1,トライ 個別 料金 小学生,競合の比較検討（評判・料金）,保護者,B,カテゴリ競合×比較/評判/料金/乗換え/特性,中,③B カテゴリ競合,個別教室のトライ,10,,,LOW,比較検討・料金・申込 | ブランド・指名検索,KWP_KeywordSeed || KWP_UrlSeed || KWP_SiteSeed || KWP_CompetitorKeywordSeed
31881,トライ 個別 後悔,CORE,代表,C17628,1,トライ 個別 後悔,競合の不満・乗り換え,保護者,B,カテゴリ競合×比較/評判/料金/乗換え/特性,中,③B カテゴリ競合,個別教室のトライ,,,,UNSPECIFIED,比較検討・料金・申込 | ブランド・指名検索,KWP_CompetitorKeywordSeed
31753,個別 教室 の トライ 後悔,CORE,代表,C17629,1,個別 教室 の トライ 後悔,競合の不満・乗り換え,保護者,B,カテゴリ競合×比較/評判/料金/乗換え/特性,中,③B カテゴリ競合,個別教室のトライ,,,,UNSPECIFIED,比較検討・料金・申込 | ブランド・指名検索,KWP_CompetitorKeywordSeed
31878,トライ 個別 怪しい,CORE,代表,C17631,1,トライ 個別 怪しい,競合の不満・乗り換え,保護者,B,カテゴリ競合×比較/評判/料金/乗換え/特性,中,③B カテゴリ競合,個別教室のトライ,,,,UNSPECIFIED,比較検討・料金・申込 | ブランド・指名検索,KWP_CompetitorKeywordSeed
31751,個別 教室 の トライ 怪しい,CORE,代表,C17632,1,個別 教室 の トライ 怪しい,競合の不満・乗り換え,保護者,B,カテゴリ競合×比較/評判/料金/乗換え/特性,中,③B カテゴリ競合,個別教室のトライ,,,,UNSPECIFIED,比較検討・料金・申込 | ブランド・指名検索,KWP_CompetitorKeywordSeed
31736,個別 教室 の トライ 評判 悪い,CORE,代表,C17633,2,個別 教室 の トライ 評判 悪い,競合の比較検討（評判・料金）,保護者,B,カテゴリ競合×比較/評判/料金/乗換え/特性,中,③B カテゴリ競合,個別教室のトライ,140,,,LOW,比較検討・料金・申込 | ブランド・指名検索,KWP_CompetitorKeywordSeed
31865,トライ 個別 感想,CORE,代表,C17634,1,トライ 個別 感想,競合の比較検討（評判・料金）,保護者,B,カテゴリ競合×比較/評判/料金/乗換え/特性,中,③B カテゴリ競合,個別教室のトライ,,,,UNSPECIFIED,比較検討・料金・申込 | ブランド・指名検索,KWP_CompetitorKeywordSeed
31739,個別 教室 の トライ 感想,CORE,代表,C17635,1,個別 教室 の トライ 感想,競合の比較検討（評判・料金）,保護者,B,カテゴリ競合×比較/評判/料金/乗換え/特性,中,③B カテゴリ競合,個別教室のトライ,,,,UNSPECIFIED,比較検討・料金・申込 | ブランド・指名検索,KWP_CompetitorKeywordSeed
2484,トライ 個別 指導 料金,CORE,代表,C17641,1,トライ 個別 指導 料金,競合の比較検討（評判・料金）,保護者,B,カテゴリ競合×比較/評判/料金/乗換え/特性,中,③B カテゴリ競合,個別教室のトライ,1300,125.0,278.0,MEDIUM,サービス探し（家庭教師・塾・支援） | 比較検討・料金・申込 | ブランド・指名検索,KWP_KeywordSeed || KWP_UrlSeed || KWP_CompetitorKeywordSeed
2439,個別 指導 トライ 料金,CORE,代表,C17642,7,個別 指導 トライ 料金,競合の比較検討（評判・料金）,保護者,B,カテゴリ競合×比較/評判/料金/乗換え/特性,中,③B カテゴリ競合,家庭教師のトライ,1300,125.0,278.0,MEDIUM,サービス探し（家庭教師・塾・支援） | 比較検討・料金・申込 | ブランド・指名検索,KWP_KeywordSeed || KWP_UrlSeed || KWP_CompetitorKeywordSeed
30661,個別 指導 トライ 料金 知恵袋,CORE,代表,C17643,1,個別 指導 トライ 料金 知恵袋,競合の比較検討（評判・料金）,保護者,B,カテゴリ競合×比較/評判/料金/乗換え/特性,中,③B カテゴリ競合,家庭教師のトライ,170,168.0,624.0,LOW,サービス探し（家庭教師・塾・支援） | 比較検討・料金・申込 | ブランド・指名検索,KWP_CompetitorKeywordSeed
3516,個別 指導 の トライ 料金 表,CORE,代表,C17644,1,個別 指導 の トライ 料金 表,競合の比較検討（評判・料金）,保護者,B,カテゴリ競合×比較/評判/料金/乗換え/特性,中,③B カテゴリ競合,家庭教師のトライ,10,129.0,301.0,LOW,サービス探し（家庭教師・塾・支援） | 比較検討・料金・申込 | ブランド・指名検索,KWP_KeywordSeed || KWP_CompetitorKeywordSeed
2812,個別 指導 トライ 料金 高校生,CORE,代表,C17645,1,個別 指導 トライ 料金 高校生,競合の比較検討（評判・料金）,保護者,B,カテゴリ競合×比較/評判/料金/乗換え/特性,中,③B カテゴリ競合,家庭教師のトライ,30,148.0,297.0,MEDIUM,サービス探し（家庭教師・塾・支援） | 比較検討・料金・申込 | ブランド・指名検索,KWP_KeywordSeed || KWP_UrlSeed || KWP_CompetitorKeywordSeed
46147,個別指導トライ 発達障害,CORE,代表,C17648,2,個別指導トライ 発達障害,競合×特性/不登校対応の確認,保護者,B,特性/不登校×家庭教師・塾・個別,高,③B カテゴリ競合,家庭教師のトライ,10,166.0,351.0,MEDIUM,サービス探し（家庭教師・塾・支援） | ブランド・指名検索,Google_suggest
30834,トライ 個別 指導 評判,CORE,代表,C17649,1,トライ 個別 指導 評判,競合の比較検討（評判・料金）,保護者,B,カテゴリ競合×比較/評判/料金/乗換え/特性,中,③B カテゴリ競合,個別教室のトライ,40,96.0,276.0,MEDIUM,サービス探し（家庭教師・塾・支援） | 比較検討・料金・申込 | ブランド・指名検索,KWP_CompetitorKeywordSeed
30832,個別 指導 トライ 評判,CORE,代表,C17650,2,個別 指導 トライ 評判,競合の比較検討（評判・料金）,保護者,B,カテゴリ競合×比較/評判/料金/乗換え/特性,中,③B カテゴリ競合,家庭教師のトライ,40,96.0,276.0,MEDIUM,サービス探し（家庭教師・塾・支援） | 比較検討・料金・申込 | ブランド・指名検索,KWP_CompetitorKeywordSeed
3525,個別 指導 トライ 費用,CORE,代表,C17651,1,個別 指導 トライ 費用,競合の比較検討（評判・料金）,保護者,B,カテゴリ競合×比較/評判/料金/乗換え/特性,中,③B カテゴリ競合,家庭教師のトライ,10,,,MEDIUM,サービス探し（家庭教師・塾・支援） | 比較検討・料金・申込 | ブランド・指名検索,KWP_KeywordSeed || KWP_UrlSeed || KWP_CompetitorKeywordSeed
3256,授業 料 個別 教室 の トライ 料金,CORE,代表,C17657,1,授業 料 個別 教室 の トライ 料金,競合の比較検討（評判・料金）,保護者,B,カテゴリ競合×比較/評判/料金/乗換え/特性,中,③B カテゴリ競合,個別教室のトライ,10,,,LOW,比較検討・料金・申込 | 学習のやり方・学習課題 | ブランド・指名検索,KWP_KeywordSeed || KWP_CompetitorKeywordSeed
2765,トライ 個別 教室 料金,CORE,代表,C17670,9,トライ 個別 教室 料金,競合の比較検討（評判・料金）,保護者,B,カテゴリ競合×比較/評判/料金/乗換え/特性,中,③B カテゴリ競合,個別教室のトライ,4400,121.0,260.0,MEDIUM,比較検討・料金・申込 | ブランド・指名検索,KWP_KeywordSeed || KWP_CompetitorKeywordSeed
2494,個別 教室 トライ 料金,CORE,代表,C17671,2,個別 教室 トライ 料金,競合の比較検討（評判・料金）,保護者,B,カテゴリ競合×比較/評判/料金/乗換え/特性,中,③B カテゴリ競合,家庭教師のトライ,4400,121.0,260.0,MEDIUM,比較検討・料金・申込 | ブランド・指名検索,KWP_KeywordSeed || KWP_CompetitorKeywordSeed
31790,個別 教室 の トライ 発達 障害 料金,CORE,代表,C17672,2,個別 教室 の トライ 発達 障害 料金,競合の比較検討（評判・料金）,保護者,B,特性/不登校×家庭教師・塾・個別,高,③B カテゴリ競合,個別教室のトライ,,,,UNSPECIFIED,比較検討・料金・申込 | ブランド・指名検索,KWP_CompetitorKeywordSeed
31490,個別 教室 の トライ 料金 目安,CORE,代表,C17673,2,個別 教室 の トライ 料金 目安,競合の比較検討（評判・料金）,保護者,B,カテゴリ競合×比較/評判/料金/乗換え/特性,中,③B カテゴリ競合,個別教室のトライ,20,80.0,338.0,MEDIUM,比較検討・料金・申込 | ブランド・指名検索,KWP_CompetitorKeywordSeed
30711,個別 教室 の トライ 料金 知恵袋,CORE,代表,C17674,2,個別 教室 の トライ 料金 知恵袋,競合の比較検討（評判・料金）,保護者,B,カテゴリ競合×比較/評判/料金/乗換え/特性,中,③B カテゴリ競合,個別教室のトライ,30,168.0,369.0,LOW,比較検討・料金・申込 | ブランド・指名検索,KWP_CompetitorKeywordSeed
31795,個別 教室 の トライ 自 閉 症 料金,CORE,代表,C17675,1,個別 教室 の トライ 自 閉 症 料金,競合の比較検討（評判・料金）,保護者,B,特性/不登校×家庭教師・塾・個別,高,③B カテゴリ競合,個別教室のトライ,,,,UNSPECIFIED,比較検討・料金・申込 | ブランド・指名検索,KWP_CompetitorKeywordSeed
2442,個別 教室 の トライ 料金 表,CORE,代表,C17676,2,個別 教室 の トライ 料金 表,競合の比較検討（評判・料金）,保護者,B,カテゴリ競合×比較/評判/料金/乗換え/特性,中,③B カテゴリ競合,個別教室のトライ,590,133.0,254.0,LOW,比較検討・料金・申込 | ブランド・指名検索,KWP_KeywordSeed || KWP_UrlSeed || KWP_CompetitorKeywordSeed
2337,個別 教室 の トライ 料金 高い,CORE,代表,C17677,2,個別 教室 の トライ 料金 高い,競合の比較検討（評判・料金）,保護者,B,カテゴリ競合×比較/評判/料金/乗換え/特性,中,③B カテゴリ競合,個別教室のトライ,590,108.0,266.0,LOW,比較検討・料金・申込 | ブランド・指名検索,KWP_KeywordSeed || KWP_CompetitorKeywordSeed
2561,個別 教室 の トライ 料金 高校生,CORE,代表,C17678,3,個別 教室 の トライ 料金 高校生,競合の比較検討（評判・料金）,保護者,B,カテゴリ競合×比較/評判/料金/乗換え/特性,中,③B カテゴリ競合,個別教室のトライ,110,131.0,338.0,MEDIUM,比較検討・料金・申込 | ブランド・指名検索,KWP_KeywordSeed || KWP_UrlSeed || KWP_CompetitorKeywordSeed
31068,個別 教室 の トライ 退会 方法,CORE,代表,C17680,1,個別 教室 の トライ 退会 方法,競合の不満・乗り換え,保護者,B,カテゴリ競合×比較/評判/料金/乗換え/特性,中,③B カテゴリ競合,個別教室のトライ,30,,,LOW,比較検討・料金・申込 | 合わない・断られた・乗り換え | ブランド・指名検索 | 利用中・会員の手続き,KWP_CompetitorKeywordSeed
31036,個別 教室 の トライ 最悪,CORE,代表,C17686,2,個別 教室 の トライ 最悪,競合の不満・乗り換え,保護者,B,カテゴリ競合×比較/評判/料金/乗換え/特性,中,③B カテゴリ競合,個別教室のトライ,10,,,LOW,比較検討・料金・申込 | ブランド・指名検索,KWP_CompetitorKeywordSeed
31745,個別 教室 の トライ 比較,CORE,代表,C17694,1,個別 教室 の トライ 比較,競合の比較検討（評判・料金）,保護者,B,カテゴリ競合×比較/評判/料金/乗換え/特性,中,③B カテゴリ競合,個別教室のトライ,,,,UNSPECIFIED,比較検討・料金・申込 | ブランド・指名検索,KWP_CompetitorKeywordSeed
31759,個別 教室 の トライ 申し込み,CORE,代表,C17696,1,個別 教室 の トライ 申し込み,競合の比較検討（評判・料金）,保護者,B,カテゴリ競合×比較/評判/料金/乗換え/特性,中,③B カテゴリ競合,個別教室のトライ,,,,UNSPECIFIED,比較検討・料金・申込 | ブランド・指名検索,KWP_CompetitorKeywordSeed
31780,個別 教室 の トライ 発達 障害 評判,CORE,代表,C17697,2,個別 教室 の トライ 発達 障害 評判,競合の比較検討（評判・料金）,保護者,B,特性/不登校×家庭教師・塾・個別,高,③B カテゴリ競合,個別教室のトライ,,,,UNSPECIFIED,比較検討・料金・申込 | ブランド・指名検索,KWP_CompetitorKeywordSeed
31761,個別 教室 の トライ 発達 障害,CORE,代表,C17698,3,個別 教室 の トライ 発達 障害,競合×特性/不登校対応の確認,保護者,B,特性/不登校×家庭教師・塾・個別,高,③B カテゴリ競合,個別教室のトライ,40,148.0,270.0,MEDIUM,ブランド・指名検索,KWP_CompetitorKeywordSeed
30805,個別 教室 の トライ 知恵袋,CORE,代表,C17700,2,個別 教室 の トライ 知恵袋,競合の比較検討（評判・料金）,保護者,B,カテゴリ競合×比較/評判/料金/乗換え/特性,中,③B カテゴリ競合,個別教室のトライ,50,,,LOW,比較検討・料金・申込 | ブランド・指名検索,KWP_CompetitorKeywordSeed
31715,個別 教室 の トライ 苦情 窓口,CORE,代表,C17701,1,個別 教室 の トライ 苦情 窓口,競合の不満・乗り換え,保護者,B,カテゴリ競合×比較/評判/料金/乗換え/特性,中,③B カテゴリ競合,個別教室のトライ,90,,,LOW,ブランド・指名検索,KWP_CompetitorKeywordSeed
31766,個別 教室 の トライ 自 閉 症,CORE,代表,C17704,1,個別 教室 の トライ 自 閉 症,競合×特性/不登校対応の確認,保護者,B,特性/不登校×家庭教師・塾・個別,高,③B カテゴリ競合,個別教室のトライ,,,,UNSPECIFIED,ブランド・指名検索,KWP_CompetitorKeywordSeed
31785,個別 教室 の トライ 自 閉 症 評判,CORE,代表,C17705,1,個別 教室 の トライ 自 閉 症 評判,競合の比較検討（評判・料金）,保護者,B,特性/不登校×家庭教師・塾・個別,高,③B カテゴリ競合,個別教室のトライ,,,,UNSPECIFIED,比較検討・料金・申込 | ブランド・指名検索,KWP_CompetitorKeywordSeed
31560,個別 教室 の トライ 苦情,CORE,代表,C17706,1,個別 教室 の トライ 苦情,競合の不満・乗り換え,保護者,B,カテゴリ競合×比較/評判/料金/乗換え/特性,中,③B カテゴリ競合,個別教室のトライ,40,,,LOW,ブランド・指名検索,KWP_CompetitorKeywordSeed
31065,個別 教室 の トライ 解約,CORE,代表,C17708,2,個別 教室 の トライ 解約,競合の不満・乗り換え,保護者,B,カテゴリ競合×比較/評判/料金/乗換え/特性,中,③B カテゴリ競合,個別教室のトライ,40,,,LOW,比較検討・料金・申込 | ブランド・指名検索,KWP_CompetitorKeywordSeed
31717,個別 教室 の トライ 解約 金,CORE,代表,C17709,1,個別 教室 の トライ 解約 金,競合の不満・乗り換え,保護者,B,カテゴリ競合×比較/評判/料金/乗換え/特性,中,③B カテゴリ競合,個別教室のトライ,10,,,LOW,比較検討・料金・申込 | ブランド・指名検索,KWP_CompetitorKeywordSeed
30923,個別 教室 の トライ 評価,CORE,代表,C17710,2,個別 教室 の トライ 評価,競合の比較検討（評判・料金）,保護者,B,カテゴリ競合×比較/評判/料金/乗換え/特性,中,③B カテゴリ競合,個別教室のトライ,10,,,LOW,比較検討・料金・申込 | ブランド・指名検索,KWP_CompetitorKeywordSeed
30899,トライ 個別 教室 評判,CORE,代表,C17711,3,トライ 個別 教室 評判,競合の比較検討（評判・料金）,保護者,B,カテゴリ競合×比較/評判/料金/乗換え/特性,中,③B カテゴリ競合,個別教室のトライ,70,70.0,248.0,LOW,比較検討・料金・申込 | ブランド・指名検索,KWP_CompetitorKeywordSeed
30875,個別 教室 トライ 評判,CORE,代表,C17712,1,個別 教室 トライ 評判,競合の比較検討（評判・料金）,保護者,B,カテゴリ競合×比較/評判/料金/乗換え/特性,中,③B カテゴリ競合,家庭教師のトライ,70,70.0,248.0,LOW,比較検討・料金・申込 | ブランド・指名検索,KWP_CompetitorKeywordSeed
31083,個別 教室 の トライ 資料 請求,CORE,代表,C17713,2,個別 教室 の トライ 資料 請求,競合の比較検討（評判・料金）,保護者,B,カテゴリ競合×比較/評判/料金/乗換え/特性,中,③B カテゴリ競合,個別教室のトライ,30,202.0,1181.0,HIGH,比較検討・料金・申込 | ブランド・指名検索,KWP_CompetitorKeywordSeed
3091,個別 教室 の トライ 費用,CORE,代表,C17716,2,個別 教室 の トライ 費用,競合の比較検討（評判・料金）,保護者,B,カテゴリ競合×比較/評判/料金/乗換え/特性,中,③B カテゴリ競合,個別教室のトライ,30,111.0,232.0,MEDIUM,比較検討・料金・申込 | ブランド・指名検索,KWP_KeywordSeed || KWP_CompetitorKeywordSeed
31720,個別 教室 の トライ 辞める,CORE,代表,C17717,1,個別 教室 の トライ 辞める,競合の不満・乗り換え,保護者,B,カテゴリ競合×比較/評判/料金/乗換え/特性,中,③B カテゴリ競合,個別教室のトライ,10,,,LOW,合わない・断られた・乗り換え | ブランド・指名検索,KWP_CompetitorKeywordSeed
31066,個別 教室 の トライ 退会,CORE,代表,C17719,2,個別 教室 の トライ 退会,競合の不満・乗り換え,保護者,B,カテゴリ競合×比較/評判/料金/乗換え/特性,中,③B カテゴリ競合,個別教室のトライ,30,,,LOW,合わない・断られた・乗り換え | ブランド・指名検索,KWP_CompetitorKeywordSeed
31721,個別 教室 の トライ 退会 違約 金,CORE,代表,C17720,1,個別 教室 の トライ 退会 違約 金,競合の不満・乗り換え,保護者,B,カテゴリ競合×比較/評判/料金/乗換え/特性,中,③B カテゴリ競合,個別教室のトライ,30,,,LOW,合わない・断られた・乗り換え | ブランド・指名検索,KWP_CompetitorKeywordSeed
31017,個別 教室 の トライ 高い,CORE,代表,C17727,2,個別 教室 の トライ 高い,競合の比較検討（評判・料金）,保護者,B,カテゴリ競合×比較/評判/料金/乗換え/特性,中,③B カテゴリ競合,個別教室のトライ,40,107.0,219.0,LOW,比較検討・料金・申込 | ブランド・指名検索,KWP_CompetitorKeywordSeed
2739,個別 教師 の トライ 料金,CORE,代表,C17730,1,個別 教師 の トライ 料金,競合の比較検討（評判・料金）,保護者,B,カテゴリ競合×比較/評判/料金/乗換え/特性,中,③B カテゴリ競合,家庭教師のトライ,40,160.0,306.0,MEDIUM,比較検討・料金・申込 | ブランド・指名検索,KWP_KeywordSeed || KWP_CompetitorKeywordSeed
30924,個別 教師 の トライ 評判,CORE,代表,C17731,1,個別 教師 の トライ 評判,競合の比較検討（評判・料金）,保護者,B,カテゴリ競合×比較/評判/料金/乗換え/特性,中,③B カテゴリ競合,家庭教師のトライ,10,,,UNSPECIFIED,比較検討・料金・申込 | ブランド・指名検索,KWP_CompetitorKeywordSeed
13816,トライ 個別 料金,CORE,代表,C17733,4,トライ 個別 料金,競合の比較検討（評判・料金）,保護者,B,カテゴリ競合×比較/評判/料金/乗換え/特性,中,③B カテゴリ競合,個別教室のトライ,1000,118.0,280.0,MEDIUM,比較検討・料金・申込 | ブランド・指名検索,KWP_UrlSeed || KWP_SiteSeed || KWP_CompetitorKeywordSeed || CompetitorMatrix
30658,個別 トライ 料金,CORE,代表,C17734,5,個別 トライ 料金,競合の比較検討（評判・料金）,保護者,B,カテゴリ競合×比較/評判/料金/乗換え/特性,中,③B カテゴリ競合,家庭教師のトライ,1000,118.0,281.0,MEDIUM,比較検討・料金・申込 | ブランド・指名検索,KWP_CompetitorKeywordSeed
67754,トライ 個別 料金表,CORE,代表,C17735,1,トライ 個別 料金表,競合の比較検討（評判・料金）,保護者,B,カテゴリ競合×比較/評判/料金/乗換え/特性,中,③B カテゴリ競合,個別教室のトライ,50,82.0,294.0,MEDIUM,比較検討・料金・申込 | ブランド・指名検索,CompetitorMatrix
3276,個別 トライ 料金 表,CORE,代表,C17736,2,個別 トライ 料金 表,競合の比較検討（評判・料金）,保護者,B,カテゴリ競合×比較/評判/料金/乗換え/特性,中,③B カテゴリ競合,家庭教師のトライ,50,82.0,294.0,MEDIUM,比較検討・料金・申込 | ブランド・指名検索,KWP_KeywordSeed || KWP_CompetitorKeywordSeed
3355,トライ 個別 料金 高校生,CORE,代表,C17737,2,トライ 個別 料金 高校生,競合の比較検討（評判・料金）,保護者,B,カテゴリ競合×比較/評判/料金/乗換え/特性,中,③B カテゴリ競合,個別教室のトライ,20,160.0,219.0,MEDIUM,比較検討・料金・申込 | ブランド・指名検索,KWP_KeywordSeed || KWP_UrlSeed || KWP_SiteSeed || KWP_CompetitorKeywordSeed
31879,トライ 個別 最悪,CORE,代表,C17740,1,トライ 個別 最悪,競合の不満・乗り換え,保護者,B,カテゴリ競合×比較/評判/料金/乗換え/特性,中,③B カテゴリ競合,個別教室のトライ,,,,UNSPECIFIED,比較検討・料金・申込 | ブランド・指名検索,KWP_CompetitorKeywordSeed
31870,トライ 個別 比較,CORE,代表,C17742,1,トライ 個別 比較,競合の比較検討（評判・料金）,保護者,B,カテゴリ競合×比較/評判/料金/乗換え/特性,中,③B カテゴリ競合,個別教室のトライ,,,,UNSPECIFIED,比較検討・料金・申込 | ブランド・指名検索,KWP_CompetitorKeywordSeed
31891,トライ 個別 申し込み,CORE,代表,C17744,1,トライ 個別 申し込み,競合の比較検討（評判・料金）,保護者,B,カテゴリ競合×比較/評判/料金/乗換え/特性,中,③B カテゴリ競合,個別教室のトライ,,,,UNSPECIFIED,比較検討・料金・申込 | ブランド・指名検索,KWP_CompetitorKeywordSeed
47427,トライ 個別 発達障害,CORE,代表,C17745,1,トライ 個別 発達障害,競合×特性/不登校対応の確認,保護者,B,カテゴリ競合×比較/評判/料金/乗換え/特性,中,③B カテゴリ競合,個別教室のトライ,,,,UNSPECIFIED,ブランド・指名検索,Google_competitor_suggest
31886,トライ 個別 解約,CORE,代表,C17746,1,トライ 個別 解約,競合の不満・乗り換え,保護者,B,カテゴリ競合×比較/評判/料金/乗換え/特性,中,③B カテゴリ競合,個別教室のトライ,,,,UNSPECIFIED,比較検討・料金・申込 | ブランド・指名検索,KWP_CompetitorKeywordSeed
31866,トライ 個別 評価,CORE,代表,C17747,1,トライ 個別 評価,競合の比較検討（評判・料金）,保護者,B,カテゴリ競合×比較/評判/料金/乗換え/特性,中,③B カテゴリ競合,個別教室のトライ,,,,UNSPECIFIED,比較検討・料金・申込 | ブランド・指名検索,KWP_CompetitorKeywordSeed
19391,トライ 個別 評判,CORE,代表,C17748,1,トライ 個別 評判,競合の比較検討（評判・料金）,保護者,B,カテゴリ競合×比較/評判/料金/乗換え/特性,中,③B カテゴリ競合,個別教室のトライ,20,86.0,353.0,MEDIUM,比較検討・料金・申込 | ブランド・指名検索,KWP_UrlSeed || KWP_SiteSeed || KWP_CompetitorKeywordSeed || CompetitorMatrix
30847,個別 トライ 評判,CORE,代表,C17749,2,個別 トライ 評判,競合の比較検討（評判・料金）,保護者,B,カテゴリ競合×比較/評判/料金/乗換え/特性,中,③B カテゴリ競合,家庭教師のトライ,20,86.0,352.0,MEDIUM,比較検討・料金・申込 | ブランド・指名検索,KWP_CompetitorKeywordSeed
31890,トライ 個別 資料 請求,CORE,代表,C17750,1,トライ 個別 資料 請求,競合の比較検討（評判・料金）,保護者,B,カテゴリ競合×比較/評判/料金/乗換え/特性,中,③B カテゴリ競合,個別教室のトライ,,,,UNSPECIFIED,比較検討・料金・申込 | ブランド・指名検索,KWP_CompetitorKeywordSeed
13933,トライ 個別 費用,CORE,代表,C17752,1,トライ 個別 費用,競合の比較検討（評判・料金）,保護者,B,カテゴリ競合×比較/評判/料金/乗換え/特性,中,③B カテゴリ競合,個別教室のトライ,10,,,MEDIUM,比較検討・料金・申込 | ブランド・指名検索,KWP_UrlSeed || KWP_CompetitorKeywordSeed || CompetitorMatrix
31052,トライ 個別 退会,CORE,代表,C17753,1,トライ 個別 退会,競合の不満・乗り換え,保護者,B,カテゴリ競合×比較/評判/料金/乗換え/特性,中,③B カテゴリ競合,個別教室のトライ,20,,,LOW,合わない・断られた・乗り換え | ブランド・指名検索,KWP_CompetitorKeywordSeed || CompetitorMatrix
31063,個別 トライ 退会,CORE,代表,C17754,1,個別 トライ 退会,競合の不満・乗り換え,保護者,B,カテゴリ競合×比較/評判/料金/乗換え/特性,中,③B カテゴリ競合,家庭教師のトライ,10,,,LOW,合わない・断られた・乗り換え | ブランド・指名検索,KWP_CompetitorKeywordSeed
31002,トライ 個別 高い,CORE,代表,C17756,1,トライ 個別 高い,競合の比較検討（評判・料金）,保護者,B,カテゴリ競合×比較/評判/料金/乗換え/特性,中,③B カテゴリ競合,個別教室のトライ,10,96.0,214.0,HIGH,比較検討・料金・申込 | ブランド・指名検索,KWP_CompetitorKeywordSeed || CompetitorMatrix
45590,家庭教師のトライ 個性 別 支援 料金,CORE,代表,C17758,1,家庭教師のトライ 個性 別 支援 料金,競合の比較検討（評判・料金）,保護者,B,カテゴリ競合×比較/評判/料金/乗換え/特性,中,③B カテゴリ競合,家庭教師のトライ,,,,UNSPECIFIED,サービス探し（家庭教師・塾・支援） | 比較検討・料金・申込 | ブランド・指名検索,Google_related_search
31357,家庭 教師 の トライ 倒産,CORE,代表,C17759,1,家庭 教師 の トライ 倒産,競合の不満・乗り換え,保護者,B,カテゴリ競合×比較/評判/料金/乗換え/特性,中,③B カテゴリ競合,家庭教師のトライ,10,,,UNSPECIFIED,サービス探し（家庭教師・塾・支援） | ブランド・指名検索 | 運営会社・企業情報,KWP_CompetitorKeywordSeed
31061,トライ 退会 連絡 先,CORE,代表,C17763,1,トライ 退会 連絡 先,競合の不満・乗り換え,保護者,B,カテゴリ競合×比較/評判/料金/乗換え/特性,中,③B カテゴリ競合,家庭教師のトライ,20,,,LOW,合わない・断られた・乗り換え | ブランド・指名検索,KWP_CompetitorKeywordSeed
31096,トライ 入会,CORE,代表,C17768,1,トライ 入会,競合の比較検討（評判・料金）,保護者,B,カテゴリ競合×比較/評判/料金/乗換え/特性,中,③B カテゴリ競合,家庭教師のトライ,,,,UNSPECIFIED,比較検討・料金・申込 | ブランド・指名検索,KWP_CompetitorKeywordSeed
31473,家庭 教師 の トライ 入会,CORE,代表,C17769,1,家庭 教師 の トライ 入会,競合の比較検討（評判・料金）,保護者,B,カテゴリ競合×比較/評判/料金/乗換え/特性,中,③B カテゴリ競合,家庭教師のトライ,,,,UNSPECIFIED,サービス探し（家庭教師・塾・支援） | 比較検討・料金・申込 | ブランド・指名検索,KWP_CompetitorKeywordSeed
30986,家庭 教師 トライ 入会 金,CORE,代表,C17770,3,家庭 教師 トライ 入会 金,競合の比較検討（評判・料金）,保護者,B,カテゴリ競合×比較/評判/料金/乗換え/特性,中,③B カテゴリ競合,家庭教師のトライ,10,225.0,497.0,LOW,サービス探し（家庭教師・塾・支援） | 比較検討・料金・申込 | ブランド・指名検索,KWP_CompetitorKeywordSeed
19440,トライ 入会 金 無料,CORE,代表,C17771,1,トライ 入会 金 無料,競合の比較検討（評判・料金）,保護者,B,カテゴリ競合×比較/評判/料金/乗換え/特性,中,③B カテゴリ競合,家庭教師のトライ,10,134.0,233.0,MEDIUM,比較検討・料金・申込 | ブランド・指名検索,KWP_UrlSeed || KWP_CompetitorKeywordSeed
30937,トライ 入会 金,CORE,代表,C17772,2,トライ 入会 金,競合の比較検討（評判・料金）,保護者,B,カテゴリ競合×比較/評判/料金/乗換え/特性,中,③B カテゴリ競合,家庭教師のトライ,40,70.0,210.0,MEDIUM,比較検討・料金・申込 | ブランド・指名検索,KWP_CompetitorKeywordSeed
30900,トライ 冬 合宿 口コミ,CORE,代表,C17781,1,トライ 冬 合宿 口コミ,競合の比較検討（評判・料金）,保護者,B,カテゴリ競合×比較/評判/料金/乗換え/特性,中,③B カテゴリ競合,家庭教師のトライ,10,,,UNSPECIFIED,比較検討・料金・申込 | 学習のやり方・学習課題 | ブランド・指名検索,KWP_CompetitorKeywordSeed
31003,トライ 冬 合宿 値段,CORE,代表,C17782,2,トライ 冬 合宿 値段,競合の比較検討（評判・料金）,保護者,B,カテゴリ競合×比較/評判/料金/乗換え/特性,中,③B カテゴリ競合,家庭教師のトライ,10,,,UNSPECIFIED,比較検討・料金・申込 | 学習のやり方・学習課題 | ブランド・指名検索,KWP_CompetitorKeywordSeed
31005,トライ 冬 合宿 費用,CORE,代表,C17783,1,トライ 冬 合宿 費用,競合の比較検討（評判・料金）,保護者,B,カテゴリ競合×比較/評判/料金/乗換え/特性,中,③B カテゴリ競合,家庭教師のトライ,10,,,UNSPECIFIED,比較検討・料金・申込 | 学習のやり方・学習課題 | ブランド・指名検索,KWP_CompetitorKeywordSeed
30943,トライ 冬期 講習 料金,CORE,代表,C17785,1,トライ 冬期 講習 料金,競合の比較検討（評判・料金）,保護者,B,カテゴリ競合×比較/評判/料金/乗換え/特性,中,③B カテゴリ競合,家庭教師のトライ,70,,,LOW,比較検討・料金・申込 | 学習のやり方・学習課題 | ブランド・指名検索,KWP_CompetitorKeywordSeed
30822,トライ 通信 制 高校 口コミ,CORE,代表,C17789,1,トライ 通信 制 高校 口コミ,競合の比較検討（評判・料金）,保護者,B,カテゴリ競合×比較/評判/料金/乗換え/特性,中,③B カテゴリ競合,家庭教師のトライ,40,30.0,144.0,MEDIUM,比較検討・料金・申込 | 学校生活・不登校・学校種別 | ブランド・指名検索,KWP_CompetitorKeywordSeed
30856,通信 制 高校 トライ 式 評判,CORE,代表,C17791,1,通信 制 高校 トライ 式 評判,競合の比較検討（評判・料金）,保護者,B,カテゴリ競合×比較/評判/料金/乗換え/特性,中,③B カテゴリ競合,家庭教師のトライ,10,30.0,84.0,HIGH,比較検討・料金・申込 | 学校生活・不登校・学校種別 | ブランド・指名検索,KWP_CompetitorKeywordSeed
30981,トライ 通信 制 高校 費用,CORE,代表,C17792,1,トライ 通信 制 高校 費用,競合の比較検討（評判・料金）,保護者,B,カテゴリ競合×比較/評判/料金/乗換え/特性,中,③B カテゴリ競合,家庭教師のトライ,10,,,LOW,比較検討・料金・申込 | 学校生活・不登校・学校種別 | ブランド・指名検索,KWP_CompetitorKeywordSeed
31007,トライ 勉強 合宿 料金,CORE,代表,C17799,1,トライ 勉強 合宿 料金,競合の比較検討（評判・料金）,保護者,B,カテゴリ競合×比較/評判/料金/乗換え/特性,中,③B カテゴリ競合,家庭教師のトライ,10,,,UNSPECIFIED,比較検討・料金・申込 | 学習のやり方・学習課題 | ブランド・指名検索,KWP_CompetitorKeywordSeed
30963,トライ 高卒 認定 費用,CORE,代表,C17804,1,トライ 高卒 認定 費用,競合の比較検討（評判・料金）,保護者,B,カテゴリ競合×比較/評判/料金/乗換え/特性,中,③B カテゴリ競合,家庭教師のトライ,10,,,LOW,比較検討・料金・申込 | 受験・進路 | ブランド・指名検索,KWP_CompetitorKeywordSeed
30865,トライ 大学 受験 口コミ,CORE,代表,C17811,1,トライ 大学 受験 口コミ,競合の比較検討（評判・料金）,保護者,B,カテゴリ競合×比較/評判/料金/乗換え/特性,中,③B カテゴリ競合,家庭教師のトライ,30,84.0,211.0,MEDIUM,比較検討・料金・申込 | 受験・進路 | ブランド・指名検索,KWP_CompetitorKeywordSeed
31108,トライ 大学 受験 実績,CORE,代表,C17813,1,トライ 大学 受験 実績,競合の比較検討（評判・料金）,保護者,B,カテゴリ競合×比較/評判/料金/乗換え/特性,中,③B カテゴリ競合,家庭教師のトライ,10,,,HIGH,比較検討・料金・申込 | 受験・進路 | ブランド・指名検索,KWP_CompetitorKeywordSeed
2226,家庭 教師 の トライ 大学 受験 料金,CORE,代表,C17815,1,家庭 教師 の トライ 大学 受験 料金,競合の比較検討（評判・料金）,保護者,B,カテゴリ競合×比較/評判/料金/乗換え/特性,中,③B カテゴリ競合,家庭教師のトライ,20,105.0,439.0,LOW,サービス探し（家庭教師・塾・支援） | 比較検討・料金・申込 | 受験・進路 | ブランド・指名検索,KWP_KeywordSeed || KWP_CompetitorKeywordSeed
19392,トライ 大学 受験 料金,CORE,代表,C17816,1,トライ 大学 受験 料金,競合の比較検討（評判・料金）,保護者,B,カテゴリ競合×比較/評判/料金/乗換え/特性,中,③B カテゴリ競合,家庭教師のトライ,90,90.0,212.0,MEDIUM,比較検討・料金・申込 | 受験・進路 | ブランド・指名検索,KWP_UrlSeed || KWP_CompetitorKeywordSeed
30823,トライ 大学 受験 評判,CORE,代表,C17817,2,トライ 大学 受験 評判,競合の比較検討（評判・料金）,保護者,B,カテゴリ競合×比較/評判/料金/乗換え/特性,中,③B カテゴリ競合,家庭教師のトライ,40,98.0,222.0,MEDIUM,比較検討・料金・申込 | 受験・進路 | ブランド・指名検索,KWP_CompetitorKeywordSeed
30953,トライ 高校 受験 料金,CORE,代表,C17821,1,トライ 高校 受験 料金,競合の比較検討（評判・料金）,保護者,B,カテゴリ競合×比較/評判/料金/乗換え/特性,中,③B カテゴリ競合,家庭教師のトライ,20,98.0,241.0,MEDIUM,比較検討・料金・申込 | 受験・進路 | ブランド・指名検索,KWP_CompetitorKeywordSeed
17579,トライ 口コミ,CORE,代表,C17824,2,トライ 口コミ,競合の比較検討（評判・料金）,保護者,B,カテゴリ競合×比較/評判/料金/乗換え/特性,中,③B カテゴリ競合,家庭教師のトライ,320,43.0,212.0,LOW,比較検討・料金・申込 | ブランド・指名検索,KWP_UrlSeed || KWP_SiteSeed || KWP_CompetitorKeywordSeed || Google_competitor_suggest || CompetitorMatrix
30866,トライ 夏 合宿 口コミ,CORE,代表,C17825,1,トライ 夏 合宿 口コミ,競合の比較検討（評判・料金）,保護者,B,カテゴリ競合×比較/評判/料金/乗換え/特性,中,③B カテゴリ競合,家庭教師のトライ,10,,,LOW,比較検討・料金・申込 | 学習のやり方・学習課題 | ブランド・指名検索,KWP_CompetitorKeywordSeed
30873,トライ 式 英 検 合格 口コミ,CORE,代表,C17826,1,トライ 式 英 検 合格 口コミ,競合の比較検討（評判・料金）,保護者,B,カテゴリ競合×比較/評判/料金/乗換え/特性,中,③B カテゴリ競合,家庭教師のトライ,10,,,UNSPECIFIED,比較検討・料金・申込 | 学習のやり方・学習課題 | 受験・進路 | ブランド・指名検索,KWP_CompetitorKeywordSeed
20693,トライ 塾 口コミ,CORE,代表,C17827,1,トライ 塾 口コミ,競合の比較検討（評判・料金）,保護者,B,カテゴリ競合×比較/評判/料金/乗換え/特性,中,③B カテゴリ競合,個別教室のトライ,260,64.0,240.0,MEDIUM,サービス探し（家庭教師・塾・支援） | 比較検討・料金・申込 | ブランド・指名検索,KWP_UrlSeed || KWP_SiteSeed || KWP_CompetitorKeywordSeed
20821,塾 トライ 口コミ,CORE,代表,C17828,1,塾 トライ 口コミ,競合の比較検討（評判・料金）,保護者,B,カテゴリ競合×比較/評判/料金/乗換え/特性,中,③B カテゴリ競合,家庭教師のトライ,20,41.0,210.0,MEDIUM,サービス探し（家庭教師・塾・支援） | 比較検討・料金・申込 | ブランド・指名検索,KWP_UrlSeed || KWP_SiteSeed || KWP_CompetitorKeywordSeed
31166,トライ 境界 知能 口コミ,CORE,代表,C17829,1,トライ 境界 知能 口コミ,競合の比較検討（評判・料金）,保護者,B,カテゴリ競合×比較/評判/料金/乗換え/特性,中,③B カテゴリ競合,家庭教師のトライ,,,,UNSPECIFIED,比較検討・料金・申込 | ブランド・指名検索,KWP_CompetitorKeywordSeed
30906,トライ 夏期 講習 無料 口コミ,CORE,代表,C17830,2,トライ 夏期 講習 無料 口コミ,競合の比較検討（評判・料金）,保護者,B,カテゴリ競合×比較/評判/料金/乗換え/特性,中,③B カテゴリ競合,家庭教師のトライ,0,,,UNSPECIFIED,比較検討・料金・申込 | 学習のやり方・学習課題 | ブランド・指名検索,KWP_CompetitorKeywordSeed
30905,トライ 夏期 講習 口コミ,CORE,代表,C17831,1,トライ 夏期 講習 口コミ,競合の比較検討（評判・料金）,保護者,B,カテゴリ競合×比較/評判/料金/乗換え/特性,中,③B カテゴリ競合,家庭教師のトライ,10,,,LOW,比較検討・料金・申込 | 学習のやり方・学習課題 | ブランド・指名検索,KWP_CompetitorKeywordSeed
31164,トライ ld 口コミ,CORE,代表,C17832,2,トライ ld 口コミ,競合の比較検討（評判・料金）,保護者,B,カテゴリ競合×比較/評判/料金/乗換え/特性,中,③B カテゴリ競合,家庭教師のトライ,,,,UNSPECIFIED,比較検討・料金・申込 | ブランド・指名検索,KWP_CompetitorKeywordSeed
30827,家庭 教師 トライ 口コミ,CORE,代表,C17836,5,家庭 教師 トライ 口コミ,競合の比較検討（評判・料金）,保護者,B,カテゴリ競合×比較/評判/料金/乗換え/特性,中,③B カテゴリ競合,家庭教師のトライ,720,122.0,445.0,MEDIUM,サービス探し（家庭教師・塾・支援） | 比較検討・料金・申込 | ブランド・指名検索,KWP_CompetitorKeywordSeed || Google_competitor_suggest
30814,家庭 教師 の トライ 料金 口コミ,CORE,代表,C17837,3,家庭 教師 の トライ 料金 口コミ,競合の比較検討（評判・料金）,保護者,B,カテゴリ競合×比較/評判/料金/乗換え/特性,中,③B カテゴリ競合,家庭教師のトライ,140,134.0,328.0,MEDIUM,サービス探し（家庭教師・塾・支援） | 比較検討・料金・申込 | ブランド・指名検索,KWP_CompetitorKeywordSeed
45044,家庭教師のトライ 発達障害 口コミ,CORE,代表,C17838,1,家庭教師のトライ 発達障害 口コミ,競合の比較検討（評判・料金）,保護者,B,特性/不登校×家庭教師・塾・個別,高,③B カテゴリ競合,家庭教師のトライ,50,215.0,413.0,MEDIUM,サービス探し（家庭教師・塾・支援） | 比較検討・料金・申込 | ブランド・指名検索,Google_related_search || Google_competitor_SERP || Google_suggest || Google_competitor_suggest
30908,トライ 年末 年始 特訓 口コミ,CORE,代表,C17839,1,トライ 年末 年始 特訓 口コミ,競合の比較検討（評判・料金）,保護者,B,カテゴリ競合×比較/評判/料金/乗換え/特性,中,③B カテゴリ競合,家庭教師のトライ,30,,,LOW,比較検討・料金・申込 | ブランド・指名検索,KWP_CompetitorKeywordSeed
30864,トライ 式 高等 学校 口コミ,CORE,代表,C17840,1,トライ 式 高等 学校 口コミ,競合の比較検討（評判・料金）,保護者,B,カテゴリ競合×比較/評判/料金/乗換え/特性,中,③B カテゴリ競合,家庭教師のトライ,20,40.0,158.0,LOW,比較検討・料金・申込 | ブランド・指名検索,KWP_CompetitorKeywordSeed
20787,トライ 料金 口コミ,CORE,代表,C17841,2,トライ 料金 口コミ,競合の比較検討（評判・料金）,保護者,B,カテゴリ競合×比較/評判/料金/乗換え/特性,中,③B カテゴリ競合,家庭教師のトライ,10,,,UNSPECIFIED,比較検討・料金・申込 | ブランド・指名検索,KWP_UrlSeed || KWP_SiteSeed || KWP_CompetitorKeywordSeed
47425,トライ 発達障害 口コミ,CORE,代表,C17842,1,トライ 発達障害 口コミ,競合の比較検討（評判・料金）,保護者,B,カテゴリ競合×比較/評判/料金/乗換え/特性,中,③B カテゴリ競合,家庭教師のトライ,,,,UNSPECIFIED,比較検討・料金・申込 | ブランド・指名検索,Google_competitor_suggest
47416,看護 トライ 口コミ,CORE,代表,C17843,1,看護 トライ 口コミ,競合の比較検討（評判・料金）,保護者,B,カテゴリ競合×比較/評判/料金/乗換え/特性,中,③B カテゴリ競合,家庭教師のトライ,70,533.0,1991.0,MEDIUM,比較検討・料金・申込 | ブランド・指名検索,Google_competitor_suggest
47413,トライ 口コミ 知恵袋,CORE,代表,C17844,1,トライ 口コミ 知恵袋,競合の比較検討（評判・料金）,保護者,B,カテゴリ競合×比較/評判/料金/乗換え/特性,中,③B カテゴリ競合,家庭教師のトライ,,,,UNSPECIFIED,比較検討・料金・申込 | ブランド・指名検索,Google_competitor_suggest
17586,トライ 口コミ 評判,CORE,代表,C17845,1,トライ 口コミ 評判,競合の比較検討（評判・料金）,保護者,B,カテゴリ競合×比較/評判/料金/乗換え/特性,中,③B カテゴリ競合,家庭教師のトライ,40,53.0,211.0,MEDIUM,比較検討・料金・申込 | ブランド・指名検索,KWP_UrlSeed || KWP_CompetitorKeywordSeed || Google_competitor_suggest
30904,トライ 夏 合宿 評判,CORE,代表,C17847,1,トライ 夏 合宿 評判,競合の比較検討（評判・料金）,保護者,B,カテゴリ競合×比較/評判/料金/乗換え/特性,中,③B カテゴリ競合,家庭教師のトライ,10,,,LOW,比較検討・料金・申込 | 学習のやり方・学習課題 | ブランド・指名検索,KWP_CompetitorKeywordSeed
31009,トライ 夏期 合宿 料金,CORE,代表,C17848,1,トライ 夏期 合宿 料金,競合の比較検討（評判・料金）,保護者,B,カテゴリ競合×比較/評判/料金/乗換え/特性,中,③B カテゴリ競合,家庭教師のトライ,0,,,UNSPECIFIED,比較検討・料金・申込 | 学習のやり方・学習課題 | ブランド・指名検索,KWP_CompetitorKeywordSeed
19364,トライ 合宿 料金,CORE,代表,C17850,1,トライ 合宿 料金,競合の比較検討（評判・料金）,保護者,B,カテゴリ競合×比較/評判/料金/乗換え/特性,中,③B カテゴリ競合,家庭教師のトライ,10,,,LOW,比較検討・料金・申込 | 学習のやり方・学習課題 | ブランド・指名検索,KWP_UrlSeed || KWP_CompetitorKeywordSeed
30902,トライ 合宿 評判,CORE,代表,C17851,1,トライ 合宿 評判,競合の比較検討（評判・料金）,保護者,B,カテゴリ競合×比較/評判/料金/乗換え/特性,中,③B カテゴリ競合,家庭教師のトライ,10,,,LOW,比較検討・料金・申込 | 学習のやり方・学習課題 | ブランド・指名検索,KWP_CompetitorKeywordSeed
31008,トライ 合宿 費用,CORE,代表,C17852,1,トライ 合宿 費用,競合の比較検討（評判・料金）,保護者,B,カテゴリ競合×比較/評判/料金/乗換え/特性,中,③B カテゴリ競合,家庭教師のトライ,10,,,LOW,比較検討・料金・申込 | 学習のやり方・学習課題 | ブランド・指名検索,KWP_CompetitorKeywordSeed
31190,家庭 教師 の トライ 合格 実績,CORE,代表,C17855,2,家庭 教師 の トライ 合格 実績,競合の比較検討（評判・料金）,保護者,B,カテゴリ競合×比較/評判/料金/乗換え/特性,中,③B カテゴリ競合,家庭教師のトライ,10,,,LOW,サービス探し（家庭教師・塾・支援） | 比較検討・料金・申込 | 受験・進路 | ブランド・指名検索,KWP_CompetitorKeywordSeed
31201,家庭 教師 トライ 問い合わせ,CORE,代表,C17860,3,家庭 教師 トライ 問い合わせ,競合の比較検討（評判・料金）,保護者,B,カテゴリ競合×比較/評判/料金/乗換え/特性,中,③B カテゴリ競合,家庭教師のトライ,50,253.0,543.0,MEDIUM,サービス探し（家庭教師・塾・支援） | 比較検討・料金・申込 | ブランド・指名検索,KWP_CompetitorKeywordSeed
31388,家庭 教師 の トライ 教師 用 問い合わせ,CORE,代表,C17861,1,家庭 教師 の トライ 教師 用 問い合わせ,競合の比較検討（評判・料金）,保護者,B,カテゴリ競合×比較/評判/料金/乗換え/特性,中,③B カテゴリ競合,家庭教師のトライ,10,,,UNSPECIFIED,サービス探し（家庭教師・塾・支援） | 比較検討・料金・申込 | ブランド・指名検索,KWP_CompetitorKeywordSeed
19571,家庭 教師 の トライ 電話 番号 問い合わせ,CORE,代表,C17862,1,家庭 教師 の トライ 電話 番号 問い合わせ,競合の比較検討（評判・料金）,保護者,B,カテゴリ競合×比較/評判/料金/乗換え/特性,中,③B カテゴリ競合,家庭教師のトライ,20,,,LOW,サービス探し（家庭教師・塾・支援） | 比較検討・料金・申込 | ブランド・指名検索 | 利用中・会員の手続き,KWP_UrlSeed
19589,家庭 教師 の トライ 問い合わせ 電話,CORE,代表,C17863,1,家庭 教師 の トライ 問い合わせ 電話,競合の比較検討（評判・料金）,保護者,B,カテゴリ競合×比較/評判/料金/乗換え/特性,中,③B カテゴリ競合,家庭教師のトライ,10,,,LOW,サービス探し（家庭教師・塾・支援） | 比較検討・料金・申込 | ブランド・指名検索,KWP_UrlSeed
2672,学習 塾 トライ 料金,CORE,代表,C17878,2,学習 塾 トライ 料金,競合の比較検討（評判・料金）,保護者,B,カテゴリ競合×比較/評判/料金/乗換え/特性,中,③B カテゴリ競合,家庭教師のトライ,70,77.0,248.0,MEDIUM,サービス探し（家庭教師・塾・支援） | 比較検討・料金・申込 | ブランド・指名検索,KWP_KeywordSeed || KWP_UrlSeed || KWP_CompetitorKeywordSeed
2360,家庭 教師 の トライ 塾 料金,CORE,代表,C17880,1,家庭 教師 の トライ 塾 料金,競合の比較検討（評判・料金）,保護者,B,カテゴリ競合×比較/評判/料金/乗換え/特性,中,③B カテゴリ競合,家庭教師のトライ,10,126.0,299.0,MEDIUM,サービス探し（家庭教師・塾・支援） | 比較検討・料金・申込 | ブランド・指名検索,KWP_KeywordSeed || KWP_CompetitorKeywordSeed
13815,トライ 塾 料金,CORE,代表,C17883,3,トライ 塾 料金,競合の比較検討（評判・料金）,保護者,B,カテゴリ競合×比較/評判/料金/乗換え/特性,中,③B カテゴリ競合,個別教室のトライ,1300,100.0,243.0,MEDIUM,サービス探し（家庭教師・塾・支援） | 比較検討・料金・申込 | ブランド・指名検索,KWP_UrlSeed || KWP_SiteSeed || KWP_CompetitorKeywordSeed
2459,塾 トライ 料金,CORE,代表,C17884,3,塾 トライ 料金,競合の比較検討（評判・料金）,保護者,B,カテゴリ競合×比較/評判/料金/乗換え/特性,中,③B カテゴリ競合,家庭教師のトライ,260,105.0,276.0,MEDIUM,サービス探し（家庭教師・塾・支援） | 比較検討・料金・申込 | ブランド・指名検索,KWP_KeywordSeed || KWP_UrlSeed || KWP_SiteSeed || KWP_CompetitorKeywordSeed
19368,トライ 塾 料金 知恵袋,CORE,代表,C17885,1,トライ 塾 料金 知恵袋,競合の比較検討（評判・料金）,保護者,B,カテゴリ競合×比較/評判/料金/乗換え/特性,中,③B カテゴリ競合,個別教室のトライ,10,,,LOW,サービス探し（家庭教師・塾・支援） | 比較検討・料金・申込 | ブランド・指名検索,KWP_UrlSeed || KWP_CompetitorKeywordSeed
31734,明光 義塾 トライ 比較,CORE,代表,C17886,1,明光 義塾 トライ 比較,競合の比較検討（評判・料金）,保護者,B,カテゴリ競合×比較/評判/料金/乗換え/特性,中,③B カテゴリ競合,個別指導の明光義塾,40,141.0,324.0,LOW,サービス探し（家庭教師・塾・支援） | 比較検討・料金・申込 | ブランド・指名検索,KWP_CompetitorKeywordSeed
47426,トライ 塾 発達障害,CORE,代表,C17890,1,トライ 塾 発達障害,競合×特性/不登校対応の確認,保護者,B,特性/不登校×家庭教師・塾・個別,高,③B カテゴリ競合,個別教室のトライ,,,,UNSPECIFIED,サービス探し（家庭教師・塾・支援） | ブランド・指名検索,Google_competitor_suggest
20860,トライ 塾 評判,CORE,代表,C17891,1,トライ 塾 評判,競合の比較検討（評判・料金）,保護者,B,カテゴリ競合×比較/評判/料金/乗換え/特性,中,③B カテゴリ競合,個別教室のトライ,20,52.0,211.0,MEDIUM,サービス探し（家庭教師・塾・支援） | 比較検討・料金・申込 | ブランド・指名検索,KWP_UrlSeed || KWP_SiteSeed || KWP_CompetitorKeywordSeed
20793,塾 トライ 評判,CORE,代表,C17892,1,塾 トライ 評判,競合の比較検討（評判・料金）,保護者,B,カテゴリ競合×比較/評判/料金/乗換え/特性,中,③B カテゴリ競合,家庭教師のトライ,50,105.0,326.0,MEDIUM,サービス探し（家庭教師・塾・支援） | 比較検討・料金・申込 | ブランド・指名検索,KWP_UrlSeed || KWP_CompetitorKeywordSeed || Google_competitor_suggest
13891,トライ 塾 費用,CORE,代表,C17893,1,トライ 塾 費用,競合の比較検討（評判・料金）,保護者,B,カテゴリ競合×比較/評判/料金/乗換え/特性,中,③B カテゴリ競合,個別教室のトライ,20,168.0,292.0,MEDIUM,サービス探し（家庭教師・塾・支援） | 比較検討・料金・申込 | ブランド・指名検索,KWP_UrlSeed || KWP_CompetitorKeywordSeed
31481,家庭 教師 の トライ 境界 知能,CORE,代表,C17898,1,家庭 教師 の トライ 境界 知能,競合×特性/不登校対応の確認,保護者,B,特性/不登校×家庭教師・塾・個別,高,③B カテゴリ競合,家庭教師のトライ,,,,UNSPECIFIED,サービス探し（家庭教師・塾・支援） | ブランド・指名検索,KWP_CompetitorKeywordSeed
31178,トライ 境界 知能 料金,CORE,代表,C17899,1,トライ 境界 知能 料金,競合の比較検討（評判・料金）,保護者,B,カテゴリ競合×比較/評判/料金/乗換え/特性,中,③B カテゴリ競合,家庭教師のトライ,,,,UNSPECIFIED,比較検討・料金・申込 | ブランド・指名検索,KWP_CompetitorKeywordSeed
31173,トライ 境界 知能 評判,CORE,代表,C17901,1,トライ 境界 知能 評判,競合の比較検討（評判・料金）,保護者,B,カテゴリ競合×比較/評判/料金/乗換え/特性,中,③B カテゴリ競合,家庭教師のトライ,,,,UNSPECIFIED,比較検討・料金・申込 | ブランド・指名検索,KWP_CompetitorKeywordSeed
2149,家庭 教師 の トライ 夏期 講習 料金,CORE,代表,C17905,1,家庭 教師 の トライ 夏期 講習 料金,競合の比較検討（評判・料金）,保護者,B,カテゴリ競合×比較/評判/料金/乗換え/特性,中,③B カテゴリ競合,家庭教師のトライ,20,106.0,297.0,MEDIUM,サービス探し（家庭教師・塾・支援） | 比較検討・料金・申込 | 学習のやり方・学習課題 | ブランド・指名検索,KWP_KeywordSeed || KWP_CompetitorKeywordSeed
30939,トライ 夏期 講習 料金,CORE,代表,C17908,4,トライ 夏期 講習 料金,競合の比較検討（評判・料金）,保護者,B,カテゴリ競合×比較/評判/料金/乗換え/特性,中,③B カテゴリ競合,家庭教師のトライ,260,96.0,212.0,MEDIUM,比較検討・料金・申込 | 学習のやり方・学習課題 | ブランド・指名検索,KWP_CompetitorKeywordSeed
30854,トライ 夏期 講習 評判,CORE,代表,C17909,1,トライ 夏期 講習 評判,競合の比較検討（評判・料金）,保護者,B,カテゴリ競合×比較/評判/料金/乗換え/特性,中,③B カテゴリ競合,家庭教師のトライ,10,,,UNSPECIFIED,比較検討・料金・申込 | 学習のやり方・学習課題 | ブランド・指名検索,KWP_CompetitorKeywordSeed
31464,家庭 教師 の トライ 失敗,CORE,代表,C17930,1,家庭 教師 の トライ 失敗,競合の不満・乗り換え,保護者,B,カテゴリ競合×比較/評判/料金/乗換え/特性,中,③B カテゴリ競合,家庭教師のトライ,,,,UNSPECIFIED,サービス探し（家庭教師・塾・支援） | 比較検討・料金・申込 | ブランド・指名検索,KWP_CompetitorKeywordSeed
31479,家庭 教師 の トライ ld,CORE,代表,C17936,4,家庭 教師 の トライ ld,競合×特性/不登校対応の確認,保護者,B,特性/不登校×家庭教師・塾・個別,高,③B カテゴリ競合,家庭教師のトライ,,,,UNSPECIFIED,サービス探し（家庭教師・塾・支援） | ブランド・指名検索,KWP_CompetitorKeywordSeed
31176,トライ ld 料金,CORE,代表,C17937,2,トライ ld 料金,競合の比較検討（評判・料金）,保護者,B,カテゴリ競合×比較/評判/料金/乗換え/特性,中,③B カテゴリ競合,家庭教師のトライ,,,,UNSPECIFIED,比較検討・料金・申込 | ブランド・指名検索,KWP_CompetitorKeywordSeed
31171,トライ ld 評判,CORE,代表,C17938,2,トライ ld 評判,競合の比較検討（評判・料金）,保護者,B,カテゴリ競合×比較/評判/料金/乗換え/特性,中,③B カテゴリ競合,家庭教師のトライ,,,,UNSPECIFIED,比較検討・料金・申込 | ブランド・指名検索,KWP_CompetitorKeywordSeed
31100,トライ ld,CORE,代表,C17939,4,トライ ld,競合×特性/不登校対応の確認,保護者,B,カテゴリ競合×比較/評判/料金/乗換え/特性,中,③B カテゴリ競合,家庭教師のトライ,,,,UNSPECIFIED,ブランド・指名検索,KWP_CompetitorKeywordSeed
30907,トライ 学院 評判,CORE,代表,C17977,1,トライ 学院 評判,競合の比較検討（評判・料金）,保護者,B,カテゴリ競合×比較/評判/料金/乗換え/特性,中,③B カテゴリ競合,家庭教師のトライ,10,,,MEDIUM,比較検討・料金・申込 | ブランド・指名検索,KWP_CompetitorKeywordSeed
31021,トライ 安い,CORE,代表,C17982,1,トライ 安い,競合の比較検討（評判・料金）,保護者,B,カテゴリ競合×比較/評判/料金/乗換え/特性,中,③B カテゴリ競合,家庭教師のトライ,,,,UNSPECIFIED,比較検討・料金・申込 | ブランド・指名検索,KWP_CompetitorKeywordSeed
31454,家庭 教師 の トライ 安い,CORE,代表,C17983,1,家庭 教師 の トライ 安い,競合の比較検討（評判・料金）,保護者,B,カテゴリ競合×比較/評判/料金/乗換え/特性,中,③B カテゴリ競合,家庭教師のトライ,,,,UNSPECIFIED,サービス探し（家庭教師・塾・支援） | 比較検討・料金・申込 | ブランド・指名検索,KWP_CompetitorKeywordSeed
31432,家庭 教師 トライ 実績,CORE,代表,C17986,2,家庭 教師 トライ 実績,競合の比較検討（評判・料金）,保護者,B,カテゴリ競合×比較/評判/料金/乗換え/特性,中,③B カテゴリ競合,家庭教師のトライ,10,,,LOW,サービス探し（家庭教師・塾・支援） | 比較検討・料金・申込 | ブランド・指名検索,KWP_CompetitorKeywordSeed
2236,家庭 教師 トライ 小学生 料金,CORE,代表,C17993,3,家庭 教師 トライ 小学生 料金,競合の比較検討（評判・料金）,保護者,B,カテゴリ競合×比較/評判/料金/乗換え/特性,中,③B カテゴリ競合,家庭教師のトライ,90,137.0,390.0,MEDIUM,サービス探し（家庭教師・塾・支援） | 比較検討・料金・申込 | ブランド・指名検索,KWP_KeywordSeed || KWP_CompetitorKeywordSeed
31465,家庭 教師 の トライ 後悔,CORE,代表,C18002,1,家庭 教師 の トライ 後悔,競合の不満・乗り換え,保護者,B,カテゴリ競合×比較/評判/料金/乗換え/特性,中,③B カテゴリ競合,家庭教師のトライ,,,,UNSPECIFIED,サービス探し（家庭教師・塾・支援） | 比較検討・料金・申込 | ブランド・指名検索,KWP_CompetitorKeywordSeed
31463,家庭 教師 の トライ 怪しい,CORE,代表,C18005,1,家庭 教師 の トライ 怪しい,競合の不満・乗り換え,保護者,B,カテゴリ競合×比較/評判/料金/乗換え/特性,中,③B カテゴリ競合,家庭教師のトライ,,,,UNSPECIFIED,サービス探し（家庭教師・塾・支援） | 比較検討・料金・申込 | ブランド・指名検索,KWP_CompetitorKeywordSeed
31184,家庭 教師 の トライ 評判 悪い,CORE,代表,C18006,2,家庭 教師 の トライ 評判 悪い,競合の比較検討（評判・料金）,保護者,B,カテゴリ競合×比較/評判/料金/乗換え/特性,中,③B カテゴリ競合,家庭教師のトライ,50,294.0,793.0,LOW,サービス探し（家庭教師・塾・支援） | 比較検討・料金・申込 | ブランド・指名検索,KWP_CompetitorKeywordSeed
31453,家庭 教師 の トライ 感想,CORE,代表,C18008,1,家庭 教師 の トライ 感想,競合の比較検討（評判・料金）,保護者,B,カテゴリ競合×比較/評判/料金/乗換え/特性,中,③B カテゴリ競合,家庭教師のトライ,,,,UNSPECIFIED,サービス探し（家庭教師・塾・支援） | 比較検討・料金・申込 | ブランド・指名検索,KWP_CompetitorKeywordSeed
2362,家庭 教師 の トライ 教室 料金,CORE,代表,C18015,1,家庭 教師 の トライ 教室 料金,競合の比較検討（評判・料金）,保護者,B,カテゴリ競合×比較/評判/料金/乗換え/特性,中,③B カテゴリ競合,家庭教師のトライ,10,,,LOW,サービス探し（家庭教師・塾・支援） | 比較検討・料金・申込 | ブランド・指名検索,KWP_KeywordSeed || KWP_CompetitorKeywordSeed
2019,家庭 教師 トライ 料金,CORE,代表,C18019,18,家庭 教師 トライ 料金,競合の比較検討（評判・料金）,保護者,B,カテゴリ競合×比較/評判/料金/乗換え/特性,中,③B カテゴリ競合,家庭教師のトライ,2900,153.0,445.0,MEDIUM,サービス探し（家庭教師・塾・支援） | 比較検討・料金・申込 | ブランド・指名検索,KWP_KeywordSeed || KWP_UrlSeed || KWP_CompetitorKeywordSeed
45389,家庭教師のトライ 発達障害 料金,CORE,代表,C18020,1,家庭教師のトライ 発達障害 料金,競合の比較検討（評判・料金）,保護者,B,特性/不登校×家庭教師・塾・個別,高,③B カテゴリ競合,家庭教師のトライ,40,155.0,365.0,MEDIUM,サービス探し（家庭教師・塾・支援） | 比較検討・料金・申込 | ブランド・指名検索,Google_related_search || Google_suggest
30667,家庭 教師 の トライ 料金 知恵袋,CORE,代表,C18021,1,家庭 教師 の トライ 料金 知恵袋,競合の比較検討（評判・料金）,保護者,B,カテゴリ競合×比較/評判/料金/乗換え/特性,中,③B カテゴリ競合,家庭教師のトライ,110,149.0,441.0,LOW,サービス探し（家庭教師・塾・支援） | 比較検討・料金・申込 | ブランド・指名検索,KWP_CompetitorKeywordSeed
2276,家庭 教師 トライ 料金 表,CORE,代表,C18022,3,家庭 教師 トライ 料金 表,競合の比較検討（評判・料金）,保護者,B,カテゴリ競合×比較/評判/料金/乗換え/特性,中,③B カテゴリ競合,家庭教師のトライ,320,129.0,335.0,MEDIUM,サービス探し（家庭教師・塾・支援） | 比較検討・料金・申込 | ブランド・指名検索,KWP_KeywordSeed || KWP_CompetitorKeywordSeed
2278,家庭 教師 の トライ 料金 高い,CORE,代表,C18023,1,家庭 教師 の トライ 料金 高い,競合の比較検討（評判・料金）,保護者,B,カテゴリ競合×比較/評判/料金/乗換え/特性,中,③B カテゴリ競合,家庭教師のトライ,30,111.0,316.0,MEDIUM,サービス探し（家庭教師・塾・支援） | 比較検討・料金・申込 | ブランド・指名検索,KWP_KeywordSeed || KWP_CompetitorKeywordSeed
2193,家庭 教師 トライ 高校生 料金,CORE,代表,C18024,3,家庭 教師 トライ 高校生 料金,競合の比較検討（評判・料金）,保護者,B,カテゴリ競合×比較/評判/料金/乗換え/特性,中,③B カテゴリ競合,家庭教師のトライ,90,149.0,320.0,MEDIUM,サービス探し（家庭教師・塾・支援） | 比較検討・料金・申込 | ブランド・指名検索,KWP_KeywordSeed || KWP_CompetitorKeywordSeed
31075,家庭 教師 の トライ 退会 方法,CORE,代表,C18025,1,家庭 教師 の トライ 退会 方法,競合の不満・乗り換え,保護者,B,カテゴリ競合×比較/評判/料金/乗換え/特性,中,③B カテゴリ競合,家庭教師のトライ,10,,,LOW,サービス探し（家庭教師・塾・支援） | 比較検討・料金・申込 | 合わない・断られた・乗り換え | ブランド・指名検索 | 利用中・会員の手続き,KWP_CompetitorKeywordSeed
31037,家庭 教師 の トライ 最悪,CORE,代表,C18031,2,家庭 教師 の トライ 最悪,競合の不満・乗り換え,保護者,B,カテゴリ競合×比較/評判/料金/乗換え/特性,中,③B カテゴリ競合,家庭教師のトライ,10,,,LOW,サービス探し（家庭教師・塾・支援） | 比較検討・料金・申込 | ブランド・指名検索,KWP_CompetitorKeywordSeed
31455,家庭 教師 の トライ 比較,CORE,代表,C18041,2,家庭 教師 の トライ 比較,競合の比較検討（評判・料金）,保護者,B,カテゴリ競合×比較/評判/料金/乗換え/特性,中,③B カテゴリ競合,家庭教師のトライ,10,,,UNSPECIFIED,サービス探し（家庭教師・塾・支援） | 比較検討・料金・申込 | ブランド・指名検索,KWP_CompetitorKeywordSeed
31472,家庭 教師 の トライ 申し込み,CORE,代表,C18049,1,家庭 教師 の トライ 申し込み,競合の比較検討（評判・料金）,保護者,B,カテゴリ競合×比較/評判/料金/乗換え/特性,中,③B カテゴリ競合,家庭教師のトライ,,,,UNSPECIFIED,サービス探し（家庭教師・塾・支援） | 比較検討・料金・申込 | ブランド・指名検索,KWP_CompetitorKeywordSeed
10,家庭 教師 の トライ 発達 障害,CORE,代表,C18050,5,家庭 教師 の トライ 発達 障害,競合×特性/不登校対応の確認,保護者,B,特性/不登校×家庭教師・塾・個別,高,③B カテゴリ競合,家庭教師のトライ,90,185.0,415.0,MEDIUM,サービス探し（家庭教師・塾・支援） | ブランド・指名検索,KWP_KeywordSeed || KWP_UrlSeed || KWP_CompetitorKeywordSeed
2299,家庭 教師 の トライ 相場,CORE,代表,C18053,1,家庭 教師 の トライ 相場,競合の比較検討（評判・料金）,保護者,B,カテゴリ競合×比較/評判/料金/乗換え/特性,中,③B カテゴリ競合,家庭教師のトライ,10,,,HIGH,サービス探し（家庭教師・塾・支援） | 比較検討・料金・申込 | ブランド・指名検索,KWP_KeywordSeed || KWP_UrlSeed || KWP_CompetitorKeywordSeed
31403,家庭 教師 の トライ 知恵袋,CORE,代表,C18054,2,家庭 教師 の トライ 知恵袋,競合の比較検討（評判・料金）,保護者,B,カテゴリ競合×比較/評判/料金/乗換え/特性,中,③B カテゴリ競合,家庭教師のトライ,20,,,LOW,サービス探し（家庭教師・塾・支援） | 比較検討・料金・申込 | ブランド・指名検索,KWP_CompetitorKeywordSeed
31478,家庭 教師 の トライ 自 閉 症,CORE,代表,C18062,2,家庭 教師 の トライ 自 閉 症,競合×特性/不登校対応の確認,保護者,B,特性/不登校×家庭教師・塾・個別,高,③B カテゴリ競合,家庭教師のトライ,,,,UNSPECIFIED,サービス探し（家庭教師・塾・支援） | ブランド・指名検索,KWP_CompetitorKeywordSeed
6197,家庭 教師 の トライ 苦情,CORE,代表,C18063,1,家庭 教師 の トライ 苦情,競合の不満・乗り換え,保護者,B,カテゴリ競合×比較/評判/料金/乗換え/特性,中,③B カテゴリ競合,家庭教師のトライ,70,,,LOW,サービス探し（家庭教師・塾・支援） | ブランド・指名検索,KWP_KeywordSeed || KWP_CompetitorKeywordSeed
31076,家庭 教師 トライ 解約,CORE,代表,C18065,4,家庭 教師 トライ 解約,競合の不満・乗り換え,保護者,B,カテゴリ競合×比較/評判/料金/乗換え/特性,中,③B カテゴリ競合,家庭教師のトライ,40,,,LOW,サービス探し（家庭教師・塾・支援） | 比較検討・料金・申込 | ブランド・指名検索,KWP_CompetitorKeywordSeed
2364,家庭 教師 の トライ 解約 違約 金,CORE,代表,C18066,1,家庭 教師 の トライ 解約 違約 金,競合の不満・乗り換え,保護者,B,カテゴリ競合×比較/評判/料金/乗換え/特性,中,③B カテゴリ競合,家庭教師のトライ,10,,,UNSPECIFIED,サービス探し（家庭教師・塾・支援） | 比較検討・料金・申込 | ブランド・指名検索,KWP_KeywordSeed || KWP_CompetitorKeywordSeed
31466,家庭 教師 の トライ 解約 金,CORE,代表,C18067,1,家庭 教師 の トライ 解約 金,競合の不満・乗り換え,保護者,B,カテゴリ競合×比較/評判/料金/乗換え/特性,中,③B カテゴリ競合,家庭教師のトライ,10,,,LOW,サービス探し（家庭教師・塾・支援） | 比較検討・料金・申込 | ブランド・指名検索,KWP_CompetitorKeywordSeed
30934,家庭 教師 トライ 評価,CORE,代表,C18068,3,家庭 教師 トライ 評価,競合の比較検討（評判・料金）,保護者,B,カテゴリ競合×比較/評判/料金/乗換え/特性,中,③B カテゴリ競合,家庭教師のトライ,10,,,LOW,サービス探し（家庭教師・塾・支援） | 比較検討・料金・申込 | ブランド・指名検索,KWP_CompetitorKeywordSeed
30818,家庭 教師 トライ 評判,CORE,代表,C18069,4,家庭 教師 トライ 評判,競合の比較検討（評判・料金）,保護者,B,カテゴリ競合×比較/評判/料金/乗換え/特性,中,③B カテゴリ競合,家庭教師のトライ,70,117.0,335.0,MEDIUM,サービス探し（家庭教師・塾・支援） | 比較検討・料金・申込 | ブランド・指名検索,KWP_CompetitorKeywordSeed || Google_competitor_suggest
31084,家庭 教師 の トライ 資料 請求,CORE,代表,C18071,2,家庭 教師 の トライ 資料 請求,競合の比較検討（評判・料金）,保護者,B,カテゴリ競合×比較/評判/料金/乗換え/特性,中,③B カテゴリ競合,家庭教師のトライ,10,,,HIGH,サービス探し（家庭教師・塾・支援） | 比較検討・料金・申込 | ブランド・指名検索,KWP_CompetitorKeywordSeed
2253,家庭 教師 トライ 費用,CORE,代表,C18073,3,家庭 教師 トライ 費用,競合の比較検討（評判・料金）,保護者,B,カテゴリ競合×比較/評判/料金/乗換え/特性,中,③B カテゴリ競合,家庭教師のトライ,40,107.0,305.0,MEDIUM,サービス探し（家庭教師・塾・支援） | 比較検討・料金・申込 | ブランド・指名検索,KWP_KeywordSeed || KWP_CompetitorKeywordSeed
31078,家庭 教師 トライ 退会 返金,CORE,代表,C18076,1,家庭 教師 トライ 退会 返金,競合の不満・乗り換え,保護者,B,カテゴリ競合×比較/評判/料金/乗換え/特性,中,③B カテゴリ競合,家庭教師のトライ,10,,,LOW,サービス探し（家庭教師・塾・支援） | 合わない・断られた・乗り換え | ブランド・指名検索,KWP_CompetitorKeywordSeed
31074,家庭 教師 の トライ 退会,CORE,代表,C18077,4,家庭 教師 の トライ 退会,競合の不満・乗り換え,保護者,B,カテゴリ競合×比較/評判/料金/乗換え/特性,中,③B カテゴリ競合,家庭教師のトライ,20,,,LOW,サービス探し（家庭教師・塾・支援） | 合わない・断られた・乗り換え | ブランド・指名検索,KWP_CompetitorKeywordSeed
30950,家庭 教師 の トライ 高い,CORE,代表,C18081,3,家庭 教師 の トライ 高い,競合の比較検討（評判・料金）,保護者,B,カテゴリ競合×比較/評判/料金/乗換え/特性,中,③B カテゴリ競合,家庭教師のトライ,30,87.0,236.0,MEDIUM,サービス探し（家庭教師・塾・支援） | 比較検討・料金・申込 | ブランド・指名検索,KWP_CompetitorKeywordSeed
13827,トライ 小学生 料金,CORE,代表,C18087,2,トライ 小学生 料金,競合の比較検討（評判・料金）,保護者,B,カテゴリ競合×比較/評判/料金/乗換え/特性,中,③B カテゴリ競合,家庭教師のトライ,90,120.0,273.0,MEDIUM,比較検討・料金・申込 | ブランド・指名検索,KWP_UrlSeed || KWP_SiteSeed || KWP_CompetitorKeywordSeed
30985,トライ 式 料金,CORE,代表,C18099,1,トライ 式 料金,競合の比較検討（評判・料金）,保護者,B,カテゴリ競合×比較/評判/料金/乗換え/特性,中,③B カテゴリ競合,家庭教師のトライ,10,123.0,481.0,HIGH,比較検討・料金・申込 | ブランド・指名検索,KWP_CompetitorKeywordSeed
31011,トライ 式 費用,CORE,代表,C18100,1,トライ 式 費用,競合の比較検討（評判・料金）,保護者,B,カテゴリ競合×比較/評判/料金/乗換え/特性,中,③B カテゴリ競合,家庭教師のトライ,10,,,MEDIUM,比較検討・料金・申込 | ブランド・指名検索,KWP_CompetitorKeywordSeed
19461,トライ 評判 悪い,CORE,代表,C18109,1,トライ 評判 悪い,競合の比較検討（評判・料金）,保護者,B,カテゴリ競合×比較/評判/料金/乗換え/特性,中,③B カテゴリ競合,家庭教師のトライ,20,,,LOW,比較検討・料金・申込 | ブランド・指名検索,KWP_UrlSeed || Google_competitor_suggest || CompetitorMatrix
2241,トライ 授業 料 高い,CORE,代表,C18114,1,トライ 授業 料 高い,競合の比較検討（評判・料金）,保護者,B,カテゴリ競合×比較/評判/料金/乗換え/特性,中,③B カテゴリ競合,家庭教師のトライ,10,,,LOW,比較検討・料金・申込 | 学習のやり方・学習課題 | ブランド・指名検索,KWP_KeywordSeed || KWP_CompetitorKeywordSeed
31014,トライ 授業 料金,CORE,代表,C18116,1,トライ 授業 料金,競合の比較検討（評判・料金）,保護者,B,カテゴリ競合×比較/評判/料金/乗換え/特性,中,③B カテゴリ競合,家庭教師のトライ,10,,,MEDIUM,比較検討・料金・申込 | 学習のやり方・学習課題 | ブランド・指名検索,KWP_CompetitorKeywordSeed
19449,トライ 映像 授業 料金,CORE,代表,C18117,1,トライ 映像 授業 料金,競合の比較検討（評判・料金）,保護者,B,カテゴリ競合×比較/評判/料金/乗換え/特性,中,③B カテゴリ競合,家庭教師のトライ,10,,,LOW,比較検討・料金・申込 | 学習のやり方・学習課題 | ブランド・指名検索,KWP_UrlSeed
30979,トライ 教室 料金,CORE,代表,C18122,1,トライ 教室 料金,競合の比較検討（評判・料金）,保護者,B,カテゴリ競合×比較/評判/料金/乗換え/特性,中,③B カテゴリ競合,家庭教師のトライ,10,,,MEDIUM,比較検討・料金・申込 | ブランド・指名検索,KWP_CompetitorKeywordSeed
13814,トライ 料金,CORE,代表,C18130,7,トライ 料金,競合の比較検討（評判・料金）,保護者,B,カテゴリ競合×比較/評判/料金/乗換え/特性,中,③B カテゴリ競合,家庭教師のトライ,1600,111.0,217.0,MEDIUM,比較検討・料金・申込 | ブランド・指名検索,KWP_UrlSeed || KWP_SiteSeed || KWP_CompetitorKeywordSeed || Google_competitor_suggest || CompetitorMatrix
30980,トライ 日曜 特訓 料金,CORE,代表,C18131,1,トライ 日曜 特訓 料金,競合の比較検討（評判・料金）,保護者,B,カテゴリ競合×比較/評判/料金/乗換え/特性,中,③B カテゴリ競合,家庭教師のトライ,10,,,LOW,比較検討・料金・申込 | ブランド・指名検索,KWP_CompetitorKeywordSeed
2673,トライ 春期 講習 料金,CORE,代表,C18132,1,トライ 春期 講習 料金,競合の比較検討（評判・料金）,保護者,B,カテゴリ競合×比較/評判/料金/乗換え/特性,中,③B カテゴリ競合,家庭教師のトライ,30,,,LOW,比較検討・料金・申込 | 学習のやり方・学習課題 | ブランド・指名検索,KWP_KeywordSeed || KWP_UrlSeed || KWP_CompetitorKeywordSeed
30992,トライ 模試 料金,CORE,代表,C18133,1,トライ 模試 料金,競合の比較検討（評判・料金）,保護者,B,カテゴリ競合×比較/評判/料金/乗換え/特性,中,③B カテゴリ競合,家庭教師のトライ,10,,,LOW,比較検討・料金・申込 | 学習のやり方・学習課題 | ブランド・指名検索,KWP_CompetitorKeywordSeed
45916,トライ 発達障害 料金,CORE,代表,C18134,1,トライ 発達障害 料金,競合の比較検討（評判・料金）,保護者,B,カテゴリ競合×比較/評判/料金/乗換え/特性,中,③B カテゴリ競合,家庭教師のトライ,,,,UNSPECIFIED,比較検討・料金・申込 | ブランド・指名検索,Google_competitor_SERP || Google_competitor_suggest
19396,トライ 料金 知恵袋,CORE,代表,C18135,1,トライ 料金 知恵袋,競合の比較検討（評判・料金）,保護者,B,カテゴリ競合×比較/評判/料金/乗換え/特性,中,③B カテゴリ競合,家庭教師のトライ,20,,,LOW,比較検討・料金・申込 | ブランド・指名検索,KWP_UrlSeed || Google_competitor_suggest
13858,トライ 英語 料金,CORE,代表,C18136,1,トライ 英語 料金,競合の比較検討（評判・料金）,保護者,B,カテゴリ競合×比較/評判/料金/乗換え/特性,中,③B カテゴリ競合,家庭教師のトライ,20,,,MEDIUM,比較検討・料金・申込 | 学習のやり方・学習課題 | ブランド・指名検索,KWP_UrlSeed || KWP_SiteSeed
19387,トライ 料金 表,CORE,代表,C18137,2,トライ 料金 表,競合の比較検討（評判・料金）,保護者,B,カテゴリ競合×比較/評判/料金/乗換え/特性,中,③B カテゴリ競合,家庭教師のトライ,260,113.0,235.0,MEDIUM,比較検討・料金・申込 | ブランド・指名検索,KWP_UrlSeed || KWP_CompetitorKeywordSeed
19383,トライ 料金 高い,CORE,代表,C18138,1,トライ 料金 高い,競合の比較検討（評判・料金）,保護者,B,カテゴリ競合×比較/評判/料金/乗換え/特性,中,③B カテゴリ競合,家庭教師のトライ,20,88.0,183.0,LOW,比較検討・料金・申込 | ブランド・指名検索,KWP_UrlSeed || KWP_CompetitorKeywordSeed || Google_competitor_suggest
13883,トライ 高校 料金,CORE,代表,C18139,3,トライ 高校 料金,競合の比較検討（評判・料金）,保護者,B,カテゴリ競合×比較/評判/料金/乗換え/特性,中,③B カテゴリ競合,家庭教師のトライ,210,108.0,234.0,MEDIUM,比較検討・料金・申込 | ブランド・指名検索,KWP_UrlSeed || KWP_SiteSeed || KWP_CompetitorKeywordSeed
31057,トライ 解約 方法,CORE,代表,C18145,1,トライ 解約 方法,競合の不満・乗り換え,保護者,B,カテゴリ競合×比較/評判/料金/乗換え/特性,中,③B カテゴリ競合,家庭教師のトライ,20,,,LOW,比較検討・料金・申込 | ブランド・指名検索 | 利用中・会員の手続き,KWP_CompetitorKeywordSeed
31059,トライ 退会 方法,CORE,代表,C18146,1,トライ 退会 方法,競合の不満・乗り換え,保護者,B,カテゴリ競合×比較/評判/料金/乗換え/特性,中,③B カテゴリ競合,家庭教師のトライ,20,,,LOW,比較検討・料金・申込 | 合わない・断られた・乗り換え | ブランド・指名検索 | 利用中・会員の手続き,KWP_CompetitorKeywordSeed
30859,トライ 日曜 特訓 評判,CORE,代表,C18148,1,トライ 日曜 特訓 評判,競合の比較検討（評判・料金）,保護者,B,カテゴリ競合×比較/評判/料金/乗換え/特性,中,③B カテゴリ競合,家庭教師のトライ,10,,,LOW,比較検討・料金・申込 | ブランド・指名検索,KWP_CompetitorKeywordSeed
30914,トライ 模試 評判,CORE,代表,C18186,1,トライ 模試 評判,競合の比較検討（評判・料金）,保護者,B,カテゴリ競合×比較/評判/料金/乗換え/特性,中,③B カテゴリ競合,家庭教師のトライ,10,,,LOW,比較検討・料金・申込 | 学習のやり方・学習課題 | ブランド・指名検索,KWP_CompetitorKeywordSeed
47424,トライ 発達障害,CORE,代表,C18202,1,トライ 発達障害,競合×特性/不登校対応の確認,保護者,B,カテゴリ競合×比較/評判/料金/乗換え/特性,中,③B カテゴリ競合,家庭教師のトライ,,,,UNSPECIFIED,ブランド・指名検索,Google_competitor_suggest
19406,トライ 知恵袋,CORE,代表,C18206,1,トライ 知恵袋,競合の比較検討（評判・料金）,保護者,B,カテゴリ競合×比較/評判/料金/乗換え/特性,中,③B カテゴリ競合,家庭教師のトライ,40,,,LOW,比較検討・料金・申込 | ブランド・指名検索,KWP_UrlSeed || CompetitorMatrix
31170,トライ 自 閉 症 評判,CORE,代表,C18221,1,トライ 自 閉 症 評判,競合の比較検討（評判・料金）,保護者,B,カテゴリ競合×比較/評判/料金/乗換え/特性,中,③B カテゴリ競合,家庭教師のトライ,,,,UNSPECIFIED,比較検討・料金・申込 | ブランド・指名検索,KWP_CompetitorKeywordSeed
19509,トライ 解約,CORE,代表,C18234,1,トライ 解約,競合の不満・乗り換え,保護者,B,カテゴリ競合×比較/評判/料金/乗換え/特性,中,③B カテゴリ競合,家庭教師のトライ,170,,,LOW,比較検討・料金・申込 | ブランド・指名検索,KWP_UrlSeed || KWP_SiteSeed || KWP_CompetitorKeywordSeed || CompetitorMatrix
31062,トライ 途中 解約,CORE,代表,C18235,1,トライ 途中 解約,競合の不満・乗り換え,保護者,B,カテゴリ競合×比較/評判/料金/乗換え/特性,中,③B カテゴリ競合,家庭教師のトライ,10,,,LOW,比較検討・料金・申込 | ブランド・指名検索,KWP_CompetitorKeywordSeed
17581,トライ 評判,CORE,代表,C18238,2,トライ 評判,競合の比較検討（評判・料金）,保護者,B,カテゴリ競合×比較/評判/料金/乗換え/特性,中,③B カテゴリ競合,家庭教師のトライ,140,45.0,210.0,LOW,比較検討・料金・申込 | ブランド・指名検索,KWP_UrlSeed || KWP_CompetitorKeywordSeed || Google_competitor_suggest || CompetitorMatrix
31082,トライ 資料 請求,CORE,代表,C18240,2,トライ 資料 請求,競合の比較検討（評判・料金）,保護者,B,カテゴリ競合×比較/評判/料金/乗換え/特性,中,③B カテゴリ競合,家庭教師のトライ,30,297.0,1628.0,HIGH,比較検討・料金・申込 | ブランド・指名検索,KWP_CompetitorKeywordSeed
13822,トライ 費用,CORE,代表,C18244,1,トライ 費用,競合の比較検討（評判・料金）,保護者,B,カテゴリ競合×比較/評判/料金/乗換え/特性,中,③B カテゴリ競合,家庭教師のトライ,70,92.0,244.0,MEDIUM,比較検討・料金・申込 | ブランド・指名検索,KWP_UrlSeed || KWP_CompetitorKeywordSeed || CompetitorMatrix
31060,トライ 退会 返金,CORE,代表,C18249,1,トライ 退会 返金,競合の不満・乗り換え,保護者,B,カテゴリ競合×比較/評判/料金/乗換え/特性,中,③B カテゴリ競合,家庭教師のトライ,10,,,LOW,合わない・断られた・乗り換え | ブランド・指名検索,KWP_CompetitorKeywordSeed
19498,トライ 退会,CORE,代表,C18250,1,トライ 退会,競合の不満・乗り換え,保護者,B,カテゴリ競合×比較/評判/料金/乗換え/特性,中,③B カテゴリ競合,家庭教師のトライ,140,,,LOW,合わない・断られた・乗り換え | ブランド・指名検索,KWP_UrlSeed || KWP_CompetitorKeywordSeed || CompetitorMatrix
19362,トライ 高い,CORE,代表,C18264,1,トライ 高い,競合の比較検討（評判・料金）,保護者,B,カテゴリ競合×比較/評判/料金/乗換え/特性,中,③B カテゴリ競合,家庭教師のトライ,90,92.0,272.0,LOW,比較検討・料金・申込 | ブランド・指名検索,KWP_UrlSeed || KWP_CompetitorKeywordSeed || CompetitorMatrix
31951,トライ オンライン グレー ゾーン,CORE,代表,C18276,1,トライ オンライン グレー ゾーン,競合×特性/不登校対応の確認,保護者,B,カテゴリ競合×比較/評判/料金/乗換え/特性,中,③B カテゴリ競合,トライのオンライン個別指導塾,,,,UNSPECIFIED,サービス探し（家庭教師・塾・支援） | ブランド・指名検索,KWP_CompetitorKeywordSeed
31963,トライ オンライン グレー ゾーン 口コミ,CORE,代表,C18277,1,トライ オンライン グレー ゾーン 口コミ,競合の比較検討（評判・料金）,保護者,B,カテゴリ競合×比較/評判/料金/乗換え/特性,中,③B カテゴリ競合,トライのオンライン個別指導塾,,,,UNSPECIFIED,サービス探し（家庭教師・塾・支援） | 比較検討・料金・申込 | ブランド・指名検索,KWP_CompetitorKeywordSeed
31973,トライ オンライン グレー ゾーン 料金,CORE,代表,C18278,1,トライ オンライン グレー ゾーン 料金,競合の比較検討（評判・料金）,保護者,B,カテゴリ競合×比較/評判/料金/乗換え/特性,中,③B カテゴリ競合,トライのオンライン個別指導塾,,,,UNSPECIFIED,サービス探し（家庭教師・塾・支援） | 比較検討・料金・申込 | ブランド・指名検索,KWP_CompetitorKeywordSeed
31968,トライ オンライン グレー ゾーン 評判,CORE,代表,C18279,1,トライ オンライン グレー ゾーン 評判,競合の比較検討（評判・料金）,保護者,B,カテゴリ競合×比較/評判/料金/乗換え/特性,中,③B カテゴリ競合,トライのオンライン個別指導塾,,,,UNSPECIFIED,サービス探し（家庭教師・塾・支援） | 比較検討・料金・申込 | ブランド・指名検索,KWP_CompetitorKeywordSeed
31915,トライ オンライン レビュー,CORE,代表,C18283,1,トライ オンライン レビュー,競合の比較検討（評判・料金）,保護者,B,カテゴリ競合×比較/評判/料金/乗換え/特性,中,③B カテゴリ競合,トライのオンライン個別指導塾,,,,UNSPECIFIED,サービス探し（家庭教師・塾・支援） | 比較検討・料金・申込 | ブランド・指名検索,KWP_CompetitorKeywordSeed
31098,トライ グレー ゾーン,CORE,代表,C18284,2,トライ グレー ゾーン,競合×特性/不登校対応の確認,保護者,B,カテゴリ競合×比較/評判/料金/乗換え/特性,中,③B カテゴリ競合,家庭教師のトライ,,,,UNSPECIFIED,ブランド・指名検索,KWP_CompetitorKeywordSeed
31772,個別 教室 の トライ グレー ゾーン 口コミ,CORE,代表,C18285,1,個別 教室 の トライ グレー ゾーン 口コミ,競合の比較検討（評判・料金）,保護者,B,特性/不登校×家庭教師・塾・個別,高,③B カテゴリ競合,個別教室のトライ,,,,UNSPECIFIED,比較検討・料金・申込 | ブランド・指名検索,KWP_CompetitorKeywordSeed
31763,個別 教室 の トライ グレー ゾーン,CORE,代表,C18286,1,個別 教室 の トライ グレー ゾーン,競合×特性/不登校対応の確認,保護者,B,特性/不登校×家庭教師・塾・個別,高,③B カテゴリ競合,個別教室のトライ,,,,UNSPECIFIED,ブランド・指名検索,KWP_CompetitorKeywordSeed
31792,個別 教室 の トライ グレー ゾーン 料金,CORE,代表,C18287,1,個別 教室 の トライ グレー ゾーン 料金,競合の比較検討（評判・料金）,保護者,B,特性/不登校×家庭教師・塾・個別,高,③B カテゴリ競合,個別教室のトライ,,,,UNSPECIFIED,比較検討・料金・申込 | ブランド・指名検索,KWP_CompetitorKeywordSeed
31782,個別 教室 の トライ グレー ゾーン 評判,CORE,代表,C18288,1,個別 教室 の トライ グレー ゾーン 評判,競合の比較検討（評判・料金）,保護者,B,特性/不登校×家庭教師・塾・個別,高,③B カテゴリ競合,個別教室のトライ,,,,UNSPECIFIED,比較検討・料金・申込 | ブランド・指名検索,KWP_CompetitorKeywordSeed
31162,トライ グレー ゾーン 口コミ,CORE,代表,C18289,1,トライ グレー ゾーン 口コミ,競合の比較検討（評判・料金）,保護者,B,カテゴリ競合×比較/評判/料金/乗換え/特性,中,③B カテゴリ競合,家庭教師のトライ,,,,UNSPECIFIED,比較検討・料金・申込 | ブランド・指名検索,KWP_CompetitorKeywordSeed
31475,家庭 教師 の トライ グレー ゾーン,CORE,代表,C18290,1,家庭 教師 の トライ グレー ゾーン,競合×特性/不登校対応の確認,保護者,B,特性/不登校×家庭教師・塾・個別,高,③B カテゴリ競合,家庭教師のトライ,,,,UNSPECIFIED,サービス探し（家庭教師・塾・支援） | ブランド・指名検索,KWP_CompetitorKeywordSeed
31174,トライ グレー ゾーン 料金,CORE,代表,C18291,1,トライ グレー ゾーン 料金,競合の比較検討（評判・料金）,保護者,B,カテゴリ競合×比較/評判/料金/乗換え/特性,中,③B カテゴリ競合,家庭教師のトライ,,,,UNSPECIFIED,比較検討・料金・申込 | ブランド・指名検索,KWP_CompetitorKeywordSeed
31168,トライ グレー ゾーン 評判,CORE,代表,C18292,1,トライ グレー ゾーン 評判,競合の比較検討（評判・料金）,保護者,B,カテゴリ競合×比較/評判/料金/乗換え/特性,中,③B カテゴリ競合,家庭教師のトライ,,,,UNSPECIFIED,比較検討・料金・申込 | ブランド・指名検索,KWP_CompetitorKeywordSeed
31337,家庭 教師 の トライ ブログ,CORE,代表,C18312,1,家庭 教師 の トライ ブログ,競合の比較検討（評判・料金）,保護者,B,カテゴリ競合×比較/評判/料金/乗換え/特性,中,③B カテゴリ競合,家庭教師のトライ,10,,,LOW,サービス探し（家庭教師・塾・支援） | 比較検討・料金・申込 | ブランド・指名検索,KWP_CompetitorKeywordSeed
36934,明光 義塾 退会 トラブル,CORE,代表,C18324,1,明光 義塾 退会 トラブル,競合の不満・乗り換え,保護者,B,カテゴリ競合×比較/評判/料金/乗換え/特性,中,③B カテゴリ競合,個別指導の明光義塾,20,,,LOW,サービス探し（家庭教師・塾・支援） | 合わない・断られた・乗り換え | ブランド・指名検索,KWP_CompetitorKeywordSeed
40589,トーマス 塾 レビュー,CORE,代表,C18339,1,トーマス 塾 レビュー,競合の比較検討（評判・料金）,保護者,B,カテゴリ競合×比較/評判/料金/乗換え/特性,中,③B カテゴリ競合,TOMAS,,,,UNSPECIFIED,サービス探し（家庭教師・塾・支援） | 比較検討・料金・申込 | ブランド・指名検索,KWP_CompetitorKeywordSeed
40645,トーマス 塾 不 登校 口コミ,CORE,代表,C18342,1,トーマス 塾 不 登校 口コミ,競合の比較検討（評判・料金）,保護者,B,特性/不登校×家庭教師・塾・個別,高,③B カテゴリ競合,TOMAS,,,,UNSPECIFIED,サービス探し（家庭教師・塾・支援） | 比較検討・料金・申込 | 学校生活・不登校・学校種別 | ブランド・指名検索,KWP_CompetitorKeywordSeed
40657,トーマス 塾 不 登校 料金,CORE,代表,C18343,1,トーマス 塾 不 登校 料金,競合の比較検討（評判・料金）,保護者,B,特性/不登校×家庭教師・塾・個別,高,③B カテゴリ競合,TOMAS,,,,UNSPECIFIED,サービス探し（家庭教師・塾・支援） | 比較検討・料金・申込 | 学校生活・不登校・学校種別 | ブランド・指名検索,KWP_CompetitorKeywordSeed
40628,トーマス 塾 不 登校,CORE,代表,C18344,1,トーマス 塾 不 登校,競合×特性/不登校対応の確認,保護者,B,特性/不登校×家庭教師・塾・個別,高,③B カテゴリ競合,TOMAS,,,,UNSPECIFIED,サービス探し（家庭教師・塾・支援） | 学校生活・不登校・学校種別 | ブランド・指名検索,KWP_CompetitorKeywordSeed
40651,トーマス 塾 不 登校 評判,CORE,代表,C18345,1,トーマス 塾 不 登校 評判,競合の比較検討（評判・料金）,保護者,B,特性/不登校×家庭教師・塾・個別,高,③B カテゴリ競合,TOMAS,,,,UNSPECIFIED,サービス探し（家庭教師・塾・支援） | 比較検討・料金・申込 | 学校生活・不登校・学校種別 | ブランド・指名検索,KWP_CompetitorKeywordSeed
2876,トーマス 中学 受験 料金,CORE,代表,C18349,1,トーマス 中学 受験 料金,競合の比較検討（評判・料金）,保護者,B,カテゴリ競合×比較/評判/料金/乗換え/特性,中,③B カテゴリ競合,TOMAS,50,97.0,348.0,LOW,比較検討・料金・申込 | 受験・進路 | ブランド・指名検索,KWP_KeywordSeed || KWP_CompetitorKeywordSeed
40542,トーマス 中学 受験 評判,CORE,代表,C18350,1,トーマス 中学 受験 評判,競合の比較検討（評判・料金）,保護者,B,カテゴリ競合×比較/評判/料金/乗換え/特性,中,③B カテゴリ競合,TOMAS,10,,,LOW,比較検討・料金・申込 | 受験・進路 | ブランド・指名検索,KWP_CompetitorKeywordSeed
40543,トーマス 中学 受験 費用,CORE,代表,C18351,2,トーマス 中学 受験 費用,競合の比較検討（評判・料金）,保護者,B,カテゴリ競合×比較/評判/料金/乗換え/特性,中,③B カテゴリ競合,TOMAS,10,132.0,395.0,MEDIUM,比較検討・料金・申込 | 受験・進路 | ブランド・指名検索,KWP_CompetitorKeywordSeed
48051,トーマス 塾 料金 中学生,CORE,代表,C18353,1,トーマス 塾 料金 中学生,競合の比較検討（評判・料金）,保護者,B,カテゴリ競合×比較/評判/料金/乗換え/特性,中,③B カテゴリ競合,TOMAS,30,,,LOW,サービス探し（家庭教師・塾・支援） | 比較検討・料金・申込 | ブランド・指名検索,Google_competitor_suggest
3446,トーマス 予備校 費用,CORE,代表,C18356,1,トーマス 予備校 費用,競合の比較検討（評判・料金）,保護者,B,カテゴリ競合×比較/評判/料金/乗換え/特性,中,③B カテゴリ競合,TOMAS,10,,,UNSPECIFIED,比較検討・料金・申込 | 受験・進路 | ブランド・指名検索,KWP_KeywordSeed || KWP_CompetitorKeywordSeed
40684,トーマス 体操 教室 口コミ,CORE,代表,C18361,1,トーマス 体操 教室 口コミ,競合の比較検討（評判・料金）,保護者,B,カテゴリ競合×比較/評判/料金/乗換え/特性,中,③B カテゴリ競合,TOMAS,10,,,LOW,比較検討・料金・申込 | ブランド・指名検索,KWP_CompetitorKeywordSeed
40732,トーマス 体操 退会,CORE,代表,C18362,1,トーマス 体操 退会,競合の不満・乗り換え,保護者,B,カテゴリ競合×比較/評判/料金/乗換え/特性,中,③B カテゴリ競合,TOMAS,10,,,LOW,合わない・断られた・乗り換え | ブランド・指名検索,KWP_CompetitorKeywordSeed
40741,トーマス 体験,CORE,代表,C18363,1,トーマス 体験,競合の比較検討（評判・料金）,保護者,B,カテゴリ競合×比較/評判/料金/乗換え/特性,中,③B カテゴリ競合,TOMAS,20,278.0,1115.0,MEDIUM,比較検討・料金・申込 | ブランド・指名検索,KWP_CompetitorKeywordSeed
40618,トーマス 塾 体験,CORE,代表,C18364,1,トーマス 塾 体験,競合の比較検討（評判・料金）,保護者,B,カテゴリ競合×比較/評判/料金/乗換え/特性,中,③B カテゴリ競合,TOMAS,,,,UNSPECIFIED,サービス探し（家庭教師・塾・支援） | 比較検討・料金・申込 | ブランド・指名検索,KWP_CompetitorKeywordSeed
40619,トーマス 塾 体験 授業,CORE,代表,C18365,1,トーマス 塾 体験 授業,競合の比較検討（評判・料金）,保護者,B,カテゴリ競合×比較/評判/料金/乗換え/特性,中,③B カテゴリ競合,TOMAS,,,,UNSPECIFIED,サービス探し（家庭教師・塾・支援） | 比較検討・料金・申込 | 学習のやり方・学習課題 | ブランド・指名検索,KWP_CompetitorKeywordSeed
40617,トーマス 塾 無料 体験,CORE,代表,C18366,1,トーマス 塾 無料 体験,競合の比較検討（評判・料金）,保護者,B,カテゴリ競合×比較/評判/料金/乗換え/特性,中,③B カテゴリ競合,TOMAS,,,,UNSPECIFIED,サービス探し（家庭教師・塾・支援） | 比較検討・料金・申込 | ブランド・指名検索,KWP_CompetitorKeywordSeed
40590,トーマス 塾 体験 談,CORE,代表,C18367,1,トーマス 塾 体験 談,競合の比較検討（評判・料金）,保護者,B,カテゴリ競合×比較/評判/料金/乗換え/特性,中,③B カテゴリ競合,TOMAS,,,,UNSPECIFIED,サービス探し（家庭教師・塾・支援） | 比較検討・料金・申込 | ブランド・指名検索,KWP_CompetitorKeywordSeed
40484,トーマス 体験 授業,CORE,代表,C18368,1,トーマス 体験 授業,競合の比較検討（評判・料金）,保護者,B,カテゴリ競合×比較/評判/料金/乗換え/特性,中,③B カテゴリ競合,TOMAS,10,,,MEDIUM,比較検討・料金・申込 | 学習のやり方・学習課題 | ブランド・指名検索,KWP_CompetitorKeywordSeed
40544,トーマス 個別 口コミ,CORE,代表,C18371,1,トーマス 個別 口コミ,競合の比較検討（評判・料金）,保護者,B,カテゴリ競合×比較/評判/料金/乗換え/特性,中,③B カテゴリ競合,TOMAS,10,,,MEDIUM,比較検討・料金・申込 | ブランド・指名検索,KWP_CompetitorKeywordSeed
40545,トーマス 個別 指導 口コミ,CORE,代表,C18372,1,トーマス 個別 指導 口コミ,競合の比較検討（評判・料金）,保護者,B,カテゴリ競合×比較/評判/料金/乗換え/特性,中,③B カテゴリ競合,TOMAS,20,116.0,720.0,LOW,サービス探し（家庭教師・塾・支援） | 比較検討・料金・申込 | ブランド・指名検索,KWP_CompetitorKeywordSeed
3180,個別 指導 塾 トーマス 料金,CORE,代表,C18375,1,個別 指導 塾 トーマス 料金,競合の比較検討（評判・料金）,保護者,B,カテゴリ競合×比較/評判/料金/乗換え/特性,中,③B カテゴリ競合,TOMAS,10,129.0,240.0,MEDIUM,サービス探し（家庭教師・塾・支援） | 比較検討・料金・申込 | ブランド・指名検索,KWP_KeywordSeed || KWP_CompetitorKeywordSeed
48050,個別 指導 塾 トーマス 評判,CORE,代表,C18376,1,個別 指導 塾 トーマス 評判,競合の比較検討（評判・料金）,保護者,B,カテゴリ競合×比較/評判/料金/乗換え/特性,中,③B カテゴリ競合,TOMAS,,,,UNSPECIFIED,サービス探し（家庭教師・塾・支援） | 比較検討・料金・申込 | ブランド・指名検索,Google_competitor_suggest
3228,個別 塾 トーマス 料金,CORE,代表,C18377,1,個別 塾 トーマス 料金,競合の比較検討（評判・料金）,保護者,B,カテゴリ競合×比較/評判/料金/乗換え/特性,中,③B カテゴリ競合,TOMAS,10,205.0,413.0,MEDIUM,サービス探し（家庭教師・塾・支援） | 比較検討・料金・申込 | ブランド・指名検索,KWP_KeywordSeed || KWP_CompetitorKeywordSeed
2567,トーマス 個別 指導 料金,CORE,代表,C18379,2,トーマス 個別 指導 料金,競合の比較検討（評判・料金）,保護者,B,カテゴリ競合×比較/評判/料金/乗換え/特性,中,③B カテゴリ競合,TOMAS,90,123.0,320.0,MEDIUM,サービス探し（家庭教師・塾・支援） | 比較検討・料金・申込 | ブランド・指名検索,KWP_KeywordSeed || KWP_CompetitorKeywordSeed
40495,トーマス 個別 指導 評判,CORE,代表,C18380,2,トーマス 個別 指導 評判,競合の比較検討（評判・料金）,保護者,B,カテゴリ競合×比較/評判/料金/乗換え/特性,中,③B カテゴリ競合,TOMAS,10,76.0,530.0,MEDIUM,サービス探し（家庭教師・塾・支援） | 比較検討・料金・申込 | ブランド・指名検索,KWP_CompetitorKeywordSeed
2512,トーマス 個別 料金,CORE,代表,C18382,3,トーマス 個別 料金,競合の比較検討（評判・料金）,保護者,B,カテゴリ競合×比較/評判/料金/乗換え/特性,中,③B カテゴリ競合,TOMAS,170,122.0,467.0,MEDIUM,比較検討・料金・申込 | ブランド・指名検索,KWP_KeywordSeed || KWP_CompetitorKeywordSeed
40501,トーマス 個別 評判,CORE,代表,C18383,2,トーマス 個別 評判,競合の比較検討（評判・料金）,保護者,B,カテゴリ競合×比較/評判/料金/乗換え/特性,中,③B カテゴリ競合,TOMAS,10,93.0,229.0,MEDIUM,比較検討・料金・申込 | ブランド・指名検索,KWP_CompetitorKeywordSeed
40623,トーマス 塾 入会,CORE,代表,C18384,1,トーマス 塾 入会,競合の比較検討（評判・料金）,保護者,B,カテゴリ競合×比較/評判/料金/乗換え/特性,中,③B カテゴリ競合,TOMAS,,,,UNSPECIFIED,サービス探し（家庭教師・塾・支援） | 比較検討・料金・申込 | ブランド・指名検索,KWP_CompetitorKeywordSeed
40595,トーマス 塾 入会 金,CORE,代表,C18385,1,トーマス 塾 入会 金,競合の比較検討（評判・料金）,保護者,B,カテゴリ競合×比較/評判/料金/乗換え/特性,中,③B カテゴリ競合,TOMAS,,,,UNSPECIFIED,サービス探し（家庭教師・塾・支援） | 比較検討・料金・申込 | ブランド・指名検索,KWP_CompetitorKeywordSeed
40703,トーマス 入会 金,CORE,代表,C18386,1,トーマス 入会 金,競合の比較検討（評判・料金）,保護者,B,カテゴリ競合×比較/評判/料金/乗換え/特性,中,③B カテゴリ競合,TOMAS,10,106.0,445.0,MEDIUM,比較検討・料金・申込 | ブランド・指名検索,KWP_CompetitorKeywordSeed
40506,トーマス 冬期 講習 料金,CORE,代表,C18388,1,トーマス 冬期 講習 料金,競合の比較検討（評判・料金）,保護者,B,カテゴリ競合×比較/評判/料金/乗換え/特性,中,③B カテゴリ競合,TOMAS,10,,,LOW,比較検討・料金・申込 | 学習のやり方・学習課題 | ブランド・指名検索,KWP_CompetitorKeywordSeed
40581,トーマス 塾 評判 大学 受験,CORE,代表,C18394,2,トーマス 塾 評判 大学 受験,競合の比較検討（評判・料金）,保護者,B,カテゴリ競合×比較/評判/料金/乗換え/特性,中,③B カテゴリ競合,TOMAS,10,76.0,305.0,LOW,サービス探し（家庭教師・塾・支援） | 比較検討・料金・申込 | 受験・進路 | ブランド・指名検索,KWP_CompetitorKeywordSeed
40579,トーマス 大学 受験 料金,CORE,代表,C18397,1,トーマス 大学 受験 料金,競合の比較検討（評判・料金）,保護者,B,カテゴリ競合×比較/評判/料金/乗換え/特性,中,③B カテゴリ競合,TOMAS,30,126.0,498.0,MEDIUM,比較検討・料金・申込 | 受験・進路 | ブランド・指名検索,KWP_CompetitorKeywordSeed
40583,トーマス 大学 受験 評判,CORE,代表,C18398,1,トーマス 大学 受験 評判,競合の比較検討（評判・料金）,保護者,B,カテゴリ競合×比較/評判/料金/乗換え/特性,中,③B カテゴリ競合,TOMAS,10,,,LOW,比較検討・料金・申込 | 受験・進路 | ブランド・指名検索,KWP_CompetitorKeywordSeed
40669,トーマス 口コミ,CORE,代表,C18399,1,トーマス 口コミ,競合の比較検討（評判・料金）,保護者,B,カテゴリ競合×比較/評判/料金/乗換え/特性,中,③B カテゴリ競合,TOMAS,50,58.0,224.0,LOW,比較検討・料金・申込 | ブランド・指名検索,KWP_CompetitorKeywordSeed
21234,トーマス 塾 口コミ,CORE,代表,C18400,1,トーマス 塾 口コミ,競合の比較検討（評判・料金）,保護者,B,カテゴリ競合×比較/評判/料金/乗換え/特性,中,③B カテゴリ競合,TOMAS,170,75.0,304.0,LOW,サービス探し（家庭教師・塾・支援） | 比較検討・料金・申込 | ブランド・指名検索,KWP_UrlSeed || KWP_CompetitorKeywordSeed || Google_competitor_suggest || CompetitorMatrix
40644,トーマス 塾 境界 知能 口コミ,CORE,代表,C18401,1,トーマス 塾 境界 知能 口コミ,競合の比較検討（評判・料金）,保護者,B,特性/不登校×家庭教師・塾・個別,高,③B カテゴリ競合,TOMAS,,,,UNSPECIFIED,サービス探し（家庭教師・塾・支援） | 比較検討・料金・申込 | ブランド・指名検索,KWP_CompetitorKeywordSeed
40642,トーマス 塾 ld 口コミ,CORE,代表,C18402,2,トーマス 塾 ld 口コミ,競合の比較検討（評判・料金）,保護者,B,特性/不登校×家庭教師・塾・個別,高,③B カテゴリ競合,TOMAS,,,,UNSPECIFIED,サービス探し（家庭教師・塾・支援） | 比較検討・料金・申込 | ブランド・指名検索,KWP_CompetitorKeywordSeed
40711,トーマス 夏 合宿 費用,CORE,代表,C18403,1,トーマス 夏 合宿 費用,競合の比較検討（評判・料金）,保護者,B,カテゴリ競合×比較/評判/料金/乗換え/特性,中,③B カテゴリ競合,TOMAS,10,,,LOW,比較検討・料金・申込 | 学習のやり方・学習課題 | ブランド・指名検索,KWP_CompetitorKeywordSeed
40656,トーマス 塾 境界 知能 料金,CORE,代表,C18405,1,トーマス 塾 境界 知能 料金,競合の比較検討（評判・料金）,保護者,B,特性/不登校×家庭教師・塾・個別,高,③B カテゴリ競合,TOMAS,,,,UNSPECIFIED,サービス探し（家庭教師・塾・支援） | 比較検討・料金・申込 | ブランド・指名検索,KWP_CompetitorKeywordSeed
40627,トーマス 塾 境界 知能,CORE,代表,C18406,1,トーマス 塾 境界 知能,競合×特性/不登校対応の確認,保護者,B,特性/不登校×家庭教師・塾・個別,高,③B カテゴリ競合,TOMAS,,,,UNSPECIFIED,サービス探し（家庭教師・塾・支援） | ブランド・指名検索,KWP_CompetitorKeywordSeed
40650,トーマス 塾 境界 知能 評判,CORE,代表,C18407,1,トーマス 塾 境界 知能 評判,競合の比較検討（評判・料金）,保護者,B,特性/不登校×家庭教師・塾・個別,高,③B カテゴリ競合,TOMAS,,,,UNSPECIFIED,サービス探し（家庭教師・塾・支援） | 比較検討・料金・申込 | ブランド・指名検索,KWP_CompetitorKeywordSeed
40608,トーマス 塾 失敗,CORE,代表,C18409,1,トーマス 塾 失敗,競合の不満・乗り換え,保護者,B,カテゴリ競合×比較/評判/料金/乗換え/特性,中,③B カテゴリ競合,TOMAS,,,,UNSPECIFIED,サービス探し（家庭教師・塾・支援） | 比較検討・料金・申込 | ブランド・指名検索,KWP_CompetitorKeywordSeed
40654,トーマス 塾 ld 料金,CORE,代表,C18411,2,トーマス 塾 ld 料金,競合の比較検討（評判・料金）,保護者,B,特性/不登校×家庭教師・塾・個別,高,③B カテゴリ競合,TOMAS,,,,UNSPECIFIED,サービス探し（家庭教師・塾・支援） | 比較検討・料金・申込 | ブランド・指名検索,KWP_CompetitorKeywordSeed
40575,学習 塾 トーマス 評判,CORE,代表,C18412,1,学習 塾 トーマス 評判,競合の比較検討（評判・料金）,保護者,B,カテゴリ競合×比較/評判/料金/乗換え/特性,中,③B カテゴリ競合,TOMAS,10,,,MEDIUM,サービス探し（家庭教師・塾・支援） | 比較検討・料金・申込 | ブランド・指名検索,KWP_CompetitorKeywordSeed || Google_competitor_suggest
40648,トーマス 塾 ld 評判,CORE,代表,C18413,2,トーマス 塾 ld 評判,競合の比較検討（評判・料金）,保護者,B,特性/不登校×家庭教師・塾・個別,高,③B カテゴリ競合,TOMAS,,,,UNSPECIFIED,サービス探し（家庭教師・塾・支援） | 比較検討・料金・申込 | ブランド・指名検索,KWP_CompetitorKeywordSeed
40626,トーマス 塾 ld,CORE,代表,C18414,1,トーマス 塾 ld,競合×特性/不登校対応の確認,保護者,B,特性/不登校×家庭教師・塾・個別,高,③B カテゴリ競合,TOMAS,,,,UNSPECIFIED,サービス探し（家庭教師・塾・支援） | ブランド・指名検索,KWP_CompetitorKeywordSeed
40597,トーマス 塾 安い,CORE,代表,C18415,1,トーマス 塾 安い,競合の比較検討（評判・料金）,保護者,B,カテゴリ競合×比較/評判/料金/乗換え/特性,中,③B カテゴリ競合,TOMAS,,,,UNSPECIFIED,サービス探し（家庭教師・塾・支援） | 比較検討・料金・申込 | ブランド・指名検索,KWP_CompetitorKeywordSeed
48046,トーマス 塾 料金 小学生,CORE,代表,C18417,1,トーマス 塾 料金 小学生,競合の比較検討（評判・料金）,保護者,B,カテゴリ競合×比較/評判/料金/乗換え/特性,中,③B カテゴリ競合,TOMAS,20,,,LOW,サービス探し（家庭教師・塾・支援） | 比較検討・料金・申込 | ブランド・指名検索,Google_competitor_suggest
40609,トーマス 塾 後悔,CORE,代表,C18418,1,トーマス 塾 後悔,競合の不満・乗り換え,保護者,B,カテゴリ競合×比較/評判/料金/乗換え/特性,中,③B カテゴリ競合,TOMAS,,,,UNSPECIFIED,サービス探し（家庭教師・塾・支援） | 比較検討・料金・申込 | ブランド・指名検索,KWP_CompetitorKeywordSeed
40606,トーマス 塾 怪しい,CORE,代表,C18419,1,トーマス 塾 怪しい,競合の不満・乗り換え,保護者,B,カテゴリ競合×比較/評判/料金/乗換え/特性,中,③B カテゴリ競合,TOMAS,,,,UNSPECIFIED,サービス探し（家庭教師・塾・支援） | 比較検討・料金・申込 | ブランド・指名検索,KWP_CompetitorKeywordSeed
40591,トーマス 塾 感想,CORE,代表,C18420,1,トーマス 塾 感想,競合の比較検討（評判・料金）,保護者,B,カテゴリ競合×比較/評判/料金/乗換え/特性,中,③B カテゴリ競合,TOMAS,,,,UNSPECIFIED,サービス探し（家庭教師・塾・支援） | 比較検討・料金・申込 | ブランド・指名検索,KWP_CompetitorKeywordSeed
2454,トーマス 塾 料金,CORE,代表,C18424,7,トーマス 塾 料金,競合の比較検討（評判・料金）,保護者,B,カテゴリ競合×比較/評判/料金/乗換え/特性,中,③B カテゴリ競合,TOMAS,480,101.0,330.0,LOW,サービス探し（家庭教師・塾・支援） | 比較検討・料金・申込 | ブランド・指名検索,KWP_KeywordSeed || KWP_UrlSeed || KWP_CompetitorKeywordSeed || Google_competitor_suggest || CompetitorMatrix
48052,トーマス 塾 料金 知恵袋,CORE,代表,C18425,1,トーマス 塾 料金 知恵袋,競合の比較検討（評判・料金）,保護者,B,カテゴリ競合×比較/評判/料金/乗換え/特性,中,③B カテゴリ競合,TOMAS,40,,,LOW,サービス探し（家庭教師・塾・支援） | 比較検討・料金・申込 | ブランド・指名検索,Google_competitor_suggest
67887,トーマス 塾 料金表,CORE,代表,C18426,2,トーマス 塾 料金表,競合の比較検討（評判・料金）,保護者,B,カテゴリ競合×比較/評判/料金/乗換え/特性,中,③B カテゴリ競合,TOMAS,70,113.0,349.0,LOW,サービス探し（家庭教師・塾・支援） | 比較検討・料金・申込 | ブランド・指名検索,CompetitorMatrix
2894,トーマス 塾 料金 高校生,CORE,代表,C18427,1,トーマス 塾 料金 高校生,競合の比較検討（評判・料金）,保護者,B,カテゴリ競合×比較/評判/料金/乗換え/特性,中,③B カテゴリ競合,TOMAS,20,,,LOW,サービス探し（家庭教師・塾・支援） | 比較検討・料金・申込 | ブランド・指名検索,KWP_KeywordSeed || KWP_CompetitorKeywordSeed || Google_competitor_suggest
40607,トーマス 塾 最悪,CORE,代表,C18429,1,トーマス 塾 最悪,競合の不満・乗り換え,保護者,B,カテゴリ競合×比較/評判/料金/乗換え/特性,中,③B カテゴリ競合,TOMAS,,,,UNSPECIFIED,サービス探し（家庭教師・塾・支援） | 比較検討・料金・申込 | ブランド・指名検索,KWP_CompetitorKeywordSeed
40598,トーマス 塾 比較,CORE,代表,C18431,1,トーマス 塾 比較,競合の比較検討（評判・料金）,保護者,B,カテゴリ競合×比較/評判/料金/乗換え/特性,中,③B カテゴリ競合,TOMAS,,,,UNSPECIFIED,サービス探し（家庭教師・塾・支援） | 比較検討・料金・申込 | ブランド・指名検索,KWP_CompetitorKeywordSeed
40622,トーマス 塾 申し込み,CORE,代表,C18434,1,トーマス 塾 申し込み,競合の比較検討（評判・料金）,保護者,B,カテゴリ競合×比較/評判/料金/乗換え/特性,中,③B カテゴリ競合,TOMAS,,,,UNSPECIFIED,サービス探し（家庭教師・塾・支援） | 比較検討・料金・申込 | ブランド・指名検索,KWP_CompetitorKeywordSeed
40616,トーマス 塾 解約,CORE,代表,C18436,1,トーマス 塾 解約,競合の不満・乗り換え,保護者,B,カテゴリ競合×比較/評判/料金/乗換え/特性,中,③B カテゴリ競合,TOMAS,,,,UNSPECIFIED,サービス探し（家庭教師・塾・支援） | 比較検討・料金・申込 | ブランド・指名検索,KWP_CompetitorKeywordSeed
40578,トーマス 塾 評価,CORE,代表,C18437,1,トーマス 塾 評価,競合の比較検討（評判・料金）,保護者,B,カテゴリ競合×比較/評判/料金/乗換え/特性,中,③B カテゴリ競合,TOMAS,10,,,LOW,サービス探し（家庭教師・塾・支援） | 比較検討・料金・申込 | ブランド・指名検索,KWP_CompetitorKeywordSeed || CompetitorMatrix
21190,トーマス 塾 評判,CORE,代表,C18438,2,トーマス 塾 評判,競合の比較検討（評判・料金）,保護者,B,カテゴリ競合×比較/評判/料金/乗換え/特性,中,③B カテゴリ競合,TOMAS,40,48.0,282.0,LOW,サービス探し（家庭教師・塾・支援） | 比較検討・料金・申込 | ブランド・指名検索,KWP_UrlSeed || KWP_CompetitorKeywordSeed || Google_competitor_suggest || CompetitorMatrix
40621,トーマス 塾 資料 請求,CORE,代表,C18439,1,トーマス 塾 資料 請求,競合の比較検討（評判・料金）,保護者,B,カテゴリ競合×比較/評判/料金/乗換え/特性,中,③B カテゴリ競合,TOMAS,,,,UNSPECIFIED,サービス探し（家庭教師・塾・支援） | 比較検討・料金・申込 | ブランド・指名検索,KWP_CompetitorKeywordSeed
2599,トーマス 塾 費用,CORE,代表,C18440,1,トーマス 塾 費用,競合の比較検討（評判・料金）,保護者,B,カテゴリ競合×比較/評判/料金/乗換え/特性,中,③B カテゴリ競合,TOMAS,260,103.0,371.0,LOW,サービス探し（家庭教師・塾・支援） | 比較検討・料金・申込 | ブランド・指名検索,KWP_KeywordSeed || KWP_UrlSeed || KWP_CompetitorKeywordSeed || CompetitorMatrix
40611,トーマス 塾 退会,CORE,代表,C18441,1,トーマス 塾 退会,競合の不満・乗り換え,保護者,B,カテゴリ競合×比較/評判/料金/乗換え/特性,中,③B カテゴリ競合,TOMAS,10,,,LOW,サービス探し（家庭教師・塾・支援） | 合わない・断られた・乗り換え | ブランド・指名検索,KWP_CompetitorKeywordSeed || CompetitorMatrix
21231,トーマス 塾 高い,CORE,代表,C18445,1,トーマス 塾 高い,競合の比較検討（評判・料金）,保護者,B,カテゴリ競合×比較/評判/料金/乗換え/特性,中,③B カテゴリ競合,TOMAS,20,,,LOW,サービス探し（家庭教師・塾・支援） | 比較検討・料金・申込 | ブランド・指名検索,KWP_UrlSeed || KWP_CompetitorKeywordSeed || CompetitorMatrix
40592,トーマス 夏期 講習 料金,CORE,代表,C18447,1,トーマス 夏期 講習 料金,競合の比較検討（評判・料金）,保護者,B,カテゴリ競合×比較/評判/料金/乗換え/特性,中,③B カテゴリ競合,TOMAS,30,99.0,206.0,LOW,比較検討・料金・申込 | 学習のやり方・学習課題 | ブランド・指名検索,KWP_CompetitorKeywordSeed
40712,トーマス 料金 小学生,CORE,代表,C18453,1,トーマス 料金 小学生,競合の比較検討（評判・料金）,保護者,B,カテゴリ競合×比較/評判/料金/乗換え/特性,中,③B カテゴリ競合,TOMAS,10,,,UNSPECIFIED,比較検討・料金・申込 | ブランド・指名検索,KWP_CompetitorKeywordSeed
40694,トーマス 料金,CORE,代表,C18456,4,トーマス 料金,競合の比較検討（評判・料金）,保護者,B,カテゴリ競合×比較/評判/料金/乗換え/特性,中,③B カテゴリ競合,TOMAS,90,88.0,341.0,LOW,比較検討・料金・申込 | ブランド・指名検索,KWP_CompetitorKeywordSeed
40587,トーマス 春期 講習 料金,CORE,代表,C18457,1,トーマス 春期 講習 料金,競合の比較検討（評判・料金）,保護者,B,カテゴリ競合×比較/評判/料金/乗換え/特性,中,③B カテゴリ競合,TOMAS,10,,,UNSPECIFIED,比較検討・料金・申込 | 学習のやり方・学習課題 | ブランド・指名検索,KWP_CompetitorKeywordSeed
40672,トーマス 料金 高校生,CORE,代表,C18458,1,トーマス 料金 高校生,競合の比較検討（評判・料金）,保護者,B,カテゴリ競合×比較/評判/料金/乗換え/特性,中,③B カテゴリ競合,TOMAS,10,,,MEDIUM,比較検討・料金・申込 | ブランド・指名検索,KWP_CompetitorKeywordSeed
40671,トーマス 評判,CORE,代表,C18469,1,トーマス 評判,競合の比較検討（評判・料金）,保護者,B,カテゴリ競合×比較/評判/料金/乗換え/特性,中,③B カテゴリ競合,TOMAS,30,65.0,390.0,LOW,比較検討・料金・申込 | ブランド・指名検索,KWP_CompetitorKeywordSeed
40698,トーマス 費用,CORE,代表,C18470,1,トーマス 費用,競合の比較検討（評判・料金）,保護者,B,カテゴリ競合×比較/評判/料金/乗換え/特性,中,③B カテゴリ競合,TOMAS,30,,,LOW,比較検討・料金・申込 | ブランド・指名検索,KWP_CompetitorKeywordSeed
40733,トーマス 退会,CORE,代表,C18471,1,トーマス 退会,競合の不満・乗り換え,保護者,B,カテゴリ競合×比較/評判/料金/乗換え/特性,中,③B カテゴリ競合,TOMAS,10,,,LOW,合わない・断られた・乗り換え | ブランド・指名検索,KWP_CompetitorKeywordSeed
40713,トーマス 高い,CORE,代表,C18473,1,トーマス 高い,競合の比較検討（評判・料金）,保護者,B,カテゴリ競合×比較/評判/料金/乗換え/特性,中,③B カテゴリ競合,TOMAS,20,,,LOW,比較検討・料金・申込 | ブランド・指名検索,KWP_CompetitorKeywordSeed
39493,ナビ 個別 レビュー,CORE,代表,C18564,1,ナビ 個別 レビュー,競合の比較検討（評判・料金）,保護者,B,カテゴリ競合×比較/評判/料金/乗換え/特性,中,③B カテゴリ競合,ナビ個別指導学院,,,,UNSPECIFIED,比較検討・料金・申込 | ブランド・指名検索,KWP_CompetitorKeywordSeed
39393,ナビ 個別 指導 学院 レビュー,CORE,代表,C18565,2,ナビ 個別 指導 学院 レビュー,競合の比較検討（評判・料金）,保護者,B,カテゴリ競合×比較/評判/料金/乗換え/特性,中,③B カテゴリ競合,ナビ個別指導学院,10,,,LOW,サービス探し（家庭教師・塾・支援） | 比較検討・料金・申込 | ブランド・指名検索,KWP_CompetitorKeywordSeed
39443,ナビ 個別 指導 学院 不 登校 口コミ,CORE,代表,C18579,1,ナビ 個別 指導 学院 不 登校 口コミ,競合の比較検討（評判・料金）,保護者,B,特性/不登校×家庭教師・塾・個別,高,③B カテゴリ競合,ナビ個別指導学院,,,,UNSPECIFIED,サービス探し（家庭教師・塾・支援） | 比較検討・料金・申込 | 学校生活・不登校・学校種別 | ブランド・指名検索,KWP_CompetitorKeywordSeed
39463,ナビ 個別 指導 学院 不 登校 料金,CORE,代表,C18580,1,ナビ 個別 指導 学院 不 登校 料金,競合の比較検討（評判・料金）,保護者,B,特性/不登校×家庭教師・塾・個別,高,③B カテゴリ競合,ナビ個別指導学院,,,,UNSPECIFIED,サービス探し（家庭教師・塾・支援） | 比較検討・料金・申込 | 学校生活・不登校・学校種別 | ブランド・指名検索,KWP_CompetitorKeywordSeed
39433,ナビ 個別 指導 学院 不 登校,CORE,代表,C18581,1,ナビ 個別 指導 学院 不 登校,競合×特性/不登校対応の確認,保護者,B,特性/不登校×家庭教師・塾・個別,高,③B カテゴリ競合,ナビ個別指導学院,,,,UNSPECIFIED,サービス探し（家庭教師・塾・支援） | 学校生活・不登校・学校種別 | ブランド・指名検索,KWP_CompetitorKeywordSeed
39453,ナビ 個別 指導 学院 不 登校 評判,CORE,代表,C18582,1,ナビ 個別 指導 学院 不 登校 評判,競合の比較検討（評判・料金）,保護者,B,特性/不登校×家庭教師・塾・個別,高,③B カテゴリ競合,ナビ個別指導学院,,,,UNSPECIFIED,サービス探し（家庭教師・塾・支援） | 比較検討・料金・申込 | 学校生活・不登校・学校種別 | ブランド・指名検索,KWP_CompetitorKeywordSeed
39535,ナビ 個別 不 登校,CORE,代表,C18583,1,ナビ 個別 不 登校,競合×特性/不登校対応の確認,保護者,B,カテゴリ競合×比較/評判/料金/乗換え/特性,中,③B カテゴリ競合,ナビ個別指導学院,,,,UNSPECIFIED,学校生活・不登校・学校種別 | ブランド・指名検索,KWP_CompetitorKeywordSeed
47978,ナビ個別指導学院 料金 中学生,CORE,代表,C18595,1,ナビ個別指導学院 料金 中学生,競合の比較検討（評判・料金）,保護者,B,カテゴリ競合×比較/評判/料金/乗換え/特性,中,③B カテゴリ競合,ナビ個別指導学院,50,81.0,263.0,MEDIUM,サービス探し（家庭教師・塾・支援） | 比較検討・料金・申込 | ブランド・指名検索,Google_competitor_suggest
39414,ナビ 個別 指導 学院 休会,CORE,代表,C18628,1,ナビ 個別 指導 学院 休会,競合の不満・乗り換え,保護者,B,カテゴリ競合×比較/評判/料金/乗換え/特性,中,③B カテゴリ競合,ナビ個別指導学院,10,,,LOW,サービス探し（家庭教師・塾・支援） | 比較検討・料金・申込 | ブランド・指名検索 | 利用中・会員の手続き,KWP_CompetitorKeywordSeed
39524,ナビ 個別 体験,CORE,代表,C18631,1,ナビ 個別 体験,競合の比較検討（評判・料金）,保護者,B,カテゴリ競合×比較/評判/料金/乗換え/特性,中,③B カテゴリ競合,ナビ個別指導学院,,,,UNSPECIFIED,比較検討・料金・申込 | ブランド・指名検索,KWP_CompetitorKeywordSeed
39027,ナビ 個別 指導 学院 体験,CORE,代表,C18632,2,ナビ 個別 指導 学院 体験,競合の比較検討（評判・料金）,保護者,B,カテゴリ競合×比較/評判/料金/乗換え/特性,中,③B カテゴリ競合,ナビ個別指導学院,20,183.0,776.0,MEDIUM,サービス探し（家庭教師・塾・支援） | 比較検討・料金・申込 | ブランド・指名検索,KWP_CompetitorKeywordSeed
39421,ナビ 個別 指導 学院 体験 授業,CORE,代表,C18633,1,ナビ 個別 指導 学院 体験 授業,競合の比較検討（評判・料金）,保護者,B,カテゴリ競合×比較/評判/料金/乗換え/特性,中,③B カテゴリ競合,ナビ個別指導学院,,,,UNSPECIFIED,サービス探し（家庭教師・塾・支援） | 比較検討・料金・申込 | 学習のやり方・学習課題 | ブランド・指名検索,KWP_CompetitorKeywordSeed
39049,ナビ 個別 指導 学院 無料 体験,CORE,代表,C18634,2,ナビ 個別 指導 学院 無料 体験,競合の比較検討（評判・料金）,保護者,B,カテゴリ競合×比較/評判/料金/乗換え/特性,中,③B カテゴリ競合,ナビ個別指導学院,30,181.0,783.0,MEDIUM,サービス探し（家庭教師・塾・支援） | 比較検討・料金・申込 | ブランド・指名検索,KWP_CompetitorKeywordSeed
39394,ナビ 個別 指導 学院 体験 談,CORE,代表,C18635,1,ナビ 個別 指導 学院 体験 談,競合の比較検討（評判・料金）,保護者,B,カテゴリ競合×比較/評判/料金/乗換え/特性,中,③B カテゴリ競合,ナビ個別指導学院,,,,UNSPECIFIED,サービス探し（家庭教師・塾・支援） | 比較検討・料金・申込 | ブランド・指名検索,KWP_CompetitorKeywordSeed
39525,ナビ 個別 体験 授業,CORE,代表,C18636,1,ナビ 個別 体験 授業,競合の比較検討（評判・料金）,保護者,B,カテゴリ競合×比較/評判/料金/乗換え/特性,中,③B カテゴリ競合,ナビ個別指導学院,,,,UNSPECIFIED,比較検討・料金・申込 | 学習のやり方・学習課題 | ブランド・指名検索,KWP_CompetitorKeywordSeed
39523,ナビ 個別 無料 体験,CORE,代表,C18637,1,ナビ 個別 無料 体験,競合の比較検討（評判・料金）,保護者,B,カテゴリ競合×比較/評判/料金/乗換え/特性,中,③B カテゴリ競合,ナビ個別指導学院,,,,UNSPECIFIED,比較検討・料金・申込 | ブランド・指名検索,KWP_CompetitorKeywordSeed
39494,ナビ 個別 体験 談,CORE,代表,C18638,1,ナビ 個別 体験 談,競合の比較検討（評判・料金）,保護者,B,カテゴリ競合×比較/評判/料金/乗換え/特性,中,③B カテゴリ競合,ナビ個別指導学院,,,,UNSPECIFIED,比較検討・料金・申込 | ブランド・指名検索,KWP_CompetitorKeywordSeed
39529,ナビ 個別 入会,CORE,代表,C18655,1,ナビ 個別 入会,競合の比較検討（評判・料金）,保護者,B,カテゴリ競合×比較/評判/料金/乗換え/特性,中,③B カテゴリ競合,ナビ個別指導学院,,,,UNSPECIFIED,比較検討・料金・申込 | ブランド・指名検索,KWP_CompetitorKeywordSeed
39424,ナビ 個別 指導 学院 入会,CORE,代表,C18656,1,ナビ 個別 指導 学院 入会,競合の比較検討（評判・料金）,保護者,B,カテゴリ競合×比較/評判/料金/乗換え/特性,中,③B カテゴリ競合,ナビ個別指導学院,,,,UNSPECIFIED,サービス探し（家庭教師・塾・支援） | 比較検討・料金・申込 | ブランド・指名検索,KWP_CompetitorKeywordSeed
39043,ナビ 個別 指導 学院 入会 金,CORE,代表,C18657,2,ナビ 個別 指導 学院 入会 金,競合の比較検討（評判・料金）,保護者,B,カテゴリ競合×比較/評判/料金/乗換え/特性,中,③B カテゴリ競合,ナビ個別指導学院,30,88.0,415.0,MEDIUM,サービス探し（家庭教師・塾・支援） | 比較検討・料金・申込 | ブランド・指名検索,KWP_CompetitorKeywordSeed
39164,ナビ 個別 入会 金,CORE,代表,C18658,2,ナビ 個別 入会 金,競合の比較検討（評判・料金）,保護者,B,カテゴリ競合×比較/評判/料金/乗換え/特性,中,③B カテゴリ競合,ナビ個別指導学院,10,,,LOW,比較検討・料金・申込 | ブランド・指名検索,KWP_CompetitorKeywordSeed
39482,ナビ 個別 口コミ,CORE,代表,C18698,2,ナビ 個別 口コミ,競合の比較検討（評判・料金）,保護者,B,カテゴリ競合×比較/評判/料金/乗換え/特性,中,③B カテゴリ競合,ナビ個別指導学院,30,69.0,226.0,MEDIUM,比較検討・料金・申込 | ブランド・指名検索,KWP_CompetitorKeywordSeed
47972,塾 ナビ個別指導学院 口コミ,CORE,代表,C18699,1,塾 ナビ個別指導学院 口コミ,競合の比較検討（評判・料金）,保護者,B,カテゴリ競合×比較/評判/料金/乗換え/特性,中,③B カテゴリ競合,ナビ個別指導学院,10,,,LOW,サービス探し（家庭教師・塾・支援） | 比較検討・料金・申込 | ブランド・指名検索,Google_competitor_suggest
39137,ナビ 個別 指導 塾 口コミ,CORE,代表,C18700,1,ナビ 個別 指導 塾 口コミ,競合の比較検討（評判・料金）,保護者,B,カテゴリ競合×比較/評判/料金/乗換え/特性,中,③B カテゴリ競合,ナビ個別指導学院,10,51.0,240.0,LOW,サービス探し（家庭教師・塾・支援） | 比較検討・料金・申込 | ブランド・指名検索,KWP_CompetitorKeywordSeed
39442,ナビ 個別 指導 学院 境界 知能 口コミ,CORE,代表,C18701,1,ナビ 個別 指導 学院 境界 知能 口コミ,競合の比較検討（評判・料金）,保護者,B,特性/不登校×家庭教師・塾・個別,高,③B カテゴリ競合,ナビ個別指導学院,,,,UNSPECIFIED,サービス探し（家庭教師・塾・支援） | 比較検討・料金・申込 | ブランド・指名検索,KWP_CompetitorKeywordSeed
39440,ナビ 個別 指導 学院 ld 口コミ,CORE,代表,C18702,2,ナビ 個別 指導 学院 ld 口コミ,競合の比較検討（評判・料金）,保護者,B,特性/不登校×家庭教師・塾・個別,高,③B カテゴリ競合,ナビ個別指導学院,,,,UNSPECIFIED,サービス探し（家庭教師・塾・支援） | 比較検討・料金・申込 | ブランド・指名検索,KWP_CompetitorKeywordSeed
39022,ナビ 個別 指導 学院 口コミ,CORE,代表,C18703,3,ナビ 個別 指導 学院 口コミ,競合の比較検討（評判・料金）,保護者,B,カテゴリ競合×比較/評判/料金/乗換え/特性,中,③B カテゴリ競合,ナビ個別指導学院,880,81.0,350.0,LOW,サービス探し（家庭教師・塾・支援） | 比較検討・料金・申込 | ブランド・指名検索,KWP_CompetitorKeywordSeed
39434,ナビ 個別 指導 学院 発達 障害 口コミ,CORE,代表,C18704,2,ナビ 個別 指導 学院 発達 障害 口コミ,競合の比較検討（評判・料金）,保護者,B,特性/不登校×家庭教師・塾・個別,高,③B カテゴリ競合,ナビ個別指導学院,,,,UNSPECIFIED,サービス探し（家庭教師・塾・支援） | 比較検討・料金・申込 | ブランド・指名検索,KWP_CompetitorKeywordSeed
39439,ナビ 個別 指導 学院 自 閉 症 口コミ,CORE,代表,C18705,1,ナビ 個別 指導 学院 自 閉 症 口コミ,競合の比較検討（評判・料金）,保護者,B,特性/不登校×家庭教師・塾・個別,高,③B カテゴリ競合,ナビ個別指導学院,,,,UNSPECIFIED,サービス探し（家庭教師・塾・支援） | 比較検討・料金・申込 | ブランド・指名検索,KWP_CompetitorKeywordSeed
39097,ナビ 個別 指導 口コミ,CORE,代表,C18706,2,ナビ 個別 指導 口コミ,競合の比較検討（評判・料金）,保護者,B,カテゴリ競合×比較/評判/料金/乗換え/特性,中,③B カテゴリ競合,ナビ個別指導学院,20,115.0,556.0,MEDIUM,サービス探し（家庭教師・塾・支援） | 比較検討・料金・申込 | ブランド・指名検索,KWP_CompetitorKeywordSeed
39051,ナビ 個別 指導 学院 合格 実績,CORE,代表,C18712,2,ナビ 個別 指導 学院 合格 実績,競合の比較検討（評判・料金）,保護者,B,カテゴリ競合×比較/評判/料金/乗換え/特性,中,③B カテゴリ競合,ナビ個別指導学院,40,,,LOW,サービス探し（家庭教師・塾・支援） | 比較検討・料金・申込 | 受験・進路 | ブランド・指名検索,KWP_CompetitorKeywordSeed
2966,ナビ 個別 指導 塾 料金,CORE,代表,C18740,1,ナビ 個別 指導 塾 料金,競合の比較検討（評判・料金）,保護者,B,カテゴリ競合×比較/評判/料金/乗換え/特性,中,③B カテゴリ競合,ナビ個別指導学院,30,104.0,378.0,MEDIUM,サービス探し（家庭教師・塾・支援） | 比較検討・料金・申込 | ブランド・指名検索,KWP_KeywordSeed || KWP_CompetitorKeywordSeed
3063,ナビ 個別 塾 料金,CORE,代表,C18741,1,ナビ 個別 塾 料金,競合の比較検討（評判・料金）,保護者,B,カテゴリ競合×比較/評判/料金/乗換え/特性,中,③B カテゴリ競合,ナビ個別指導学院,20,95.0,349.0,MEDIUM,サービス探し（家庭教師・塾・支援） | 比較検討・料金・申込 | ブランド・指名検索,KWP_KeywordSeed || KWP_CompetitorKeywordSeed
39462,ナビ 個別 指導 学院 境界 知能 料金,CORE,代表,C18743,1,ナビ 個別 指導 学院 境界 知能 料金,競合の比較検討（評判・料金）,保護者,B,特性/不登校×家庭教師・塾・個別,高,③B カテゴリ競合,ナビ個別指導学院,,,,UNSPECIFIED,サービス探し（家庭教師・塾・支援） | 比較検討・料金・申込 | ブランド・指名検索,KWP_CompetitorKeywordSeed
39432,ナビ 個別 指導 学院 境界 知能,CORE,代表,C18744,1,ナビ 個別 指導 学院 境界 知能,競合×特性/不登校対応の確認,保護者,B,特性/不登校×家庭教師・塾・個別,高,③B カテゴリ競合,ナビ個別指導学院,,,,UNSPECIFIED,サービス探し（家庭教師・塾・支援） | ブランド・指名検索,KWP_CompetitorKeywordSeed
39452,ナビ 個別 指導 学院 境界 知能 評判,CORE,代表,C18745,1,ナビ 個別 指導 学院 境界 知能 評判,競合の比較検討（評判・料金）,保護者,B,特性/不登校×家庭教師・塾・個別,高,③B カテゴリ競合,ナビ個別指導学院,,,,UNSPECIFIED,サービス探し（家庭教師・塾・支援） | 比較検討・料金・申込 | ブランド・指名検索,KWP_CompetitorKeywordSeed
39534,ナビ 個別 境界 知能,CORE,代表,C18746,1,ナビ 個別 境界 知能,競合×特性/不登校対応の確認,保護者,B,カテゴリ競合×比較/評判/料金/乗換え/特性,中,③B カテゴリ競合,ナビ個別指導学院,,,,UNSPECIFIED,ブランド・指名検索,KWP_CompetitorKeywordSeed
2738,ナビ 個別 指導 学院 夏期 講習 料金,CORE,代表,C18748,1,ナビ 個別 指導 学院 夏期 講習 料金,競合の比較検討（評判・料金）,保護者,B,カテゴリ競合×比較/評判/料金/乗換え/特性,中,③B カテゴリ競合,ナビ個別指導学院,90,57.0,226.0,LOW,サービス探し（家庭教師・塾・支援） | 比較検討・料金・申込 | 学習のやり方・学習課題 | ブランド・指名検索,KWP_KeywordSeed || KWP_CompetitorKeywordSeed
39513,ナビ 個別 失敗,CORE,代表,C18770,1,ナビ 個別 失敗,競合の不満・乗り換え,保護者,B,カテゴリ競合×比較/評判/料金/乗換え/特性,中,③B カテゴリ競合,ナビ個別指導学院,,,,UNSPECIFIED,比較検討・料金・申込 | ブランド・指名検索,KWP_CompetitorKeywordSeed
39408,ナビ 個別 指導 学院 失敗,CORE,代表,C18771,1,ナビ 個別 指導 学院 失敗,競合の不満・乗り換え,保護者,B,カテゴリ競合×比較/評判/料金/乗換え/特性,中,③B カテゴリ競合,ナビ個別指導学院,,,,UNSPECIFIED,サービス探し（家庭教師・塾・支援） | 比較検討・料金・申込 | ブランド・指名検索,KWP_CompetitorKeywordSeed
39460,ナビ 個別 指導 学院 ld 料金,CORE,代表,C18777,2,ナビ 個別 指導 学院 ld 料金,競合の比較検討（評判・料金）,保護者,B,特性/不登校×家庭教師・塾・個別,高,③B カテゴリ競合,ナビ個別指導学院,,,,UNSPECIFIED,サービス探し（家庭教師・塾・支援） | 比較検討・料金・申込 | ブランド・指名検索,KWP_CompetitorKeywordSeed
39450,ナビ 個別 指導 学院 ld 評判,CORE,代表,C18778,2,ナビ 個別 指導 学院 ld 評判,競合の比較検討（評判・料金）,保護者,B,特性/不登校×家庭教師・塾・個別,高,③B カテゴリ競合,ナビ個別指導学院,,,,UNSPECIFIED,サービス探し（家庭教師・塾・支援） | 比較検討・料金・申込 | ブランド・指名検索,KWP_CompetitorKeywordSeed
39430,ナビ 個別 指導 学院 ld,CORE,代表,C18779,2,ナビ 個別 指導 学院 ld,競合×特性/不登校対応の確認,保護者,B,特性/不登校×家庭教師・塾・個別,高,③B カテゴリ競合,ナビ個別指導学院,,,,UNSPECIFIED,サービス探し（家庭教師・塾・支援） | ブランド・指名検索,KWP_CompetitorKeywordSeed
39532,ナビ 個別 ld,CORE,代表,C18780,2,ナビ 個別 ld,競合×特性/不登校対応の確認,保護者,B,カテゴリ競合×比較/評判/料金/乗換え/特性,中,③B カテゴリ競合,ナビ個別指導学院,,,,UNSPECIFIED,ブランド・指名検索,KWP_CompetitorKeywordSeed
39397,ナビ 個別 指導 学院 安い,CORE,代表,C18784,1,ナビ 個別 指導 学院 安い,競合の比較検討（評判・料金）,保護者,B,カテゴリ競合×比較/評判/料金/乗換え/特性,中,③B カテゴリ競合,ナビ個別指導学院,,,,UNSPECIFIED,サービス探し（家庭教師・塾・支援） | 比較検討・料金・申込 | ブランド・指名検索,KWP_CompetitorKeywordSeed
39249,ナビ 個別 指導 学院 実績,CORE,代表,C18787,1,ナビ 個別 指導 学院 実績,競合の比較検討（評判・料金）,保護者,B,カテゴリ競合×比較/評判/料金/乗換え/特性,中,③B カテゴリ競合,ナビ個別指導学院,20,,,LOW,サービス探し（家庭教師・塾・支援） | 比較検討・料金・申込 | ブランド・指名検索,KWP_CompetitorKeywordSeed
39349,ナビ 個別 指導 学院 進学 実績,CORE,代表,C18788,1,ナビ 個別 指導 学院 進学 実績,競合の比較検討（評判・料金）,保護者,B,カテゴリ競合×比較/評判/料金/乗換え/特性,中,③B カテゴリ競合,ナビ個別指導学院,30,,,LOW,サービス探し（家庭教師・塾・支援） | 比較検討・料金・申込 | 受験・進路 | ブランド・指名検索,KWP_CompetitorKeywordSeed
47977,ナビ個別指導学院 料金 小学生,CORE,代表,C18799,1,ナビ個別指導学院 料金 小学生,競合の比較検討（評判・料金）,保護者,B,カテゴリ競合×比較/評判/料金/乗換え/特性,中,③B カテゴリ競合,ナビ個別指導学院,10,114.0,351.0,MEDIUM,サービス探し（家庭教師・塾・支援） | 比較検討・料金・申込 | ブランド・指名検索,Google_competitor_suggest
39409,ナビ 個別 指導 学院 後悔,CORE,代表,C18825,1,ナビ 個別 指導 学院 後悔,競合の不満・乗り換え,保護者,B,カテゴリ競合×比較/評判/料金/乗換え/特性,中,③B カテゴリ競合,ナビ個別指導学院,,,,UNSPECIFIED,サービス探し（家庭教師・塾・支援） | 比較検討・料金・申込 | ブランド・指名検索,KWP_CompetitorKeywordSeed
39406,ナビ 個別 指導 学院 怪しい,CORE,代表,C18831,1,ナビ 個別 指導 学院 怪しい,競合の不満・乗り換え,保護者,B,カテゴリ競合×比較/評判/料金/乗換え/特性,中,③B カテゴリ競合,ナビ個別指導学院,,,,UNSPECIFIED,サービス探し（家庭教師・塾・支援） | 比較検討・料金・申込 | ブランド・指名検索,KWP_CompetitorKeywordSeed
39388,ナビ 個別 指導 学院 評判 悪い,CORE,代表,C18833,2,ナビ 個別 指導 学院 評判 悪い,競合の比較検討（評判・料金）,保護者,B,カテゴリ競合×比較/評判/料金/乗換え/特性,中,③B カテゴリ競合,ナビ個別指導学院,880,151.0,422.0,LOW,サービス探し（家庭教師・塾・支援） | 比較検討・料金・申込 | ブランド・指名検索,KWP_CompetitorKeywordSeed
39395,ナビ 個別 指導 学院 感想,CORE,代表,C18836,1,ナビ 個別 指導 学院 感想,競合の比較検討（評判・料金）,保護者,B,カテゴリ競合×比較/評判/料金/乗換え/特性,中,③B カテゴリ競合,ナビ個別指導学院,,,,UNSPECIFIED,サービス探し（家庭教師・塾・支援） | 比較検討・料金・申込 | ブランド・指名検索,KWP_CompetitorKeywordSeed
2429,ナビ 個別 指導 学院 料金,CORE,代表,C18851,7,ナビ 個別 指導 学院 料金,競合の比較検討（評判・料金）,保護者,B,カテゴリ競合×比較/評判/料金/乗換え/特性,中,③B カテゴリ競合,ナビ個別指導学院,2400,97.0,354.0,MEDIUM,サービス探し（家庭教師・塾・支援） | 比較検討・料金・申込 | ブランド・指名検索,KWP_KeywordSeed || KWP_CompetitorKeywordSeed
39454,ナビ 個別 指導 学院 発達 障害 料金,CORE,代表,C18852,2,ナビ 個別 指導 学院 発達 障害 料金,競合の比較検討（評判・料金）,保護者,B,特性/不登校×家庭教師・塾・個別,高,③B カテゴリ競合,ナビ個別指導学院,,,,UNSPECIFIED,サービス探し（家庭教師・塾・支援） | 比較検討・料金・申込 | ブランド・指名検索,KWP_CompetitorKeywordSeed
39032,ナビ 個別 指導 学院 料金 知恵袋,CORE,代表,C18853,2,ナビ 個別 指導 学院 料金 知恵袋,競合の比較検討（評判・料金）,保護者,B,カテゴリ競合×比較/評判/料金/乗換え/特性,中,③B カテゴリ競合,ナビ個別指導学院,90,217.0,715.0,LOW,サービス探し（家庭教師・塾・支援） | 比較検討・料金・申込 | ブランド・指名検索,KWP_CompetitorKeywordSeed
39459,ナビ 個別 指導 学院 自 閉 症 料金,CORE,代表,C18854,1,ナビ 個別 指導 学院 自 閉 症 料金,競合の比較検討（評判・料金）,保護者,B,特性/不登校×家庭教師・塾・個別,高,③B カテゴリ競合,ナビ個別指導学院,,,,UNSPECIFIED,サービス探し（家庭教師・塾・支援） | 比較検討・料金・申込 | ブランド・指名検索,KWP_CompetitorKeywordSeed
67863,ナビ個別指導学院 料金表,CORE,代表,C18855,1,ナビ個別指導学院 料金表,競合の比較検討（評判・料金）,保護者,B,カテゴリ競合×比較/評判/料金/乗換え/特性,中,③B カテゴリ競合,ナビ個別指導学院,10,135.0,536.0,MEDIUM,サービス探し（家庭教師・塾・支援） | 比較検討・料金・申込 | ブランド・指名検索,CompetitorMatrix
47979,ナビ個別指導学院 料金 高い,CORE,代表,C18856,1,ナビ個別指導学院 料金 高い,競合の比較検討（評判・料金）,保護者,B,カテゴリ競合×比較/評判/料金/乗換え/特性,中,③B カテゴリ競合,ナビ個別指導学院,320,85.0,317.0,LOW,サービス探し（家庭教師・塾・支援） | 比較検討・料金・申込 | ブランド・指名検索,Google_competitor_suggest
47981,ナビ個別指導学院 料金 高校生,CORE,代表,C18857,1,ナビ個別指導学院 料金 高校生,競合の比較検討（評判・料金）,保護者,B,カテゴリ競合×比較/評判/料金/乗換え/特性,中,③B カテゴリ競合,ナビ個別指導学院,10,91.0,394.0,MEDIUM,サービス探し（家庭教師・塾・支援） | 比較検討・料金・申込 | ブランド・指名検索,Google_competitor_suggest
39416,ナビ 個別 指導 学院 退会 方法,CORE,代表,C18867,1,ナビ 個別 指導 学院 退会 方法,競合の不満・乗り換え,保護者,B,カテゴリ競合×比較/評判/料金/乗換え/特性,中,③B カテゴリ競合,ナビ個別指導学院,40,,,LOW,サービス探し（家庭教師・塾・支援） | 比較検討・料金・申込 | 合わない・断られた・乗り換え | ブランド・指名検索 | 利用中・会員の手続き,KWP_CompetitorKeywordSeed
39407,ナビ 個別 指導 学院 最悪,CORE,代表,C18873,1,ナビ 個別 指導 学院 最悪,競合の不満・乗り換え,保護者,B,カテゴリ競合×比較/評判/料金/乗換え/特性,中,③B カテゴリ競合,ナビ個別指導学院,,,,UNSPECIFIED,サービス探し（家庭教師・塾・支援） | 比較検討・料金・申込 | ブランド・指名検索,KWP_CompetitorKeywordSeed
39399,ナビ 個別 指導 学院 比較,CORE,代表,C18952,1,ナビ 個別 指導 学院 比較,競合の比較検討（評判・料金）,保護者,B,カテゴリ競合×比較/評判/料金/乗換え/特性,中,③B カテゴリ競合,ナビ個別指導学院,,,,UNSPECIFIED,サービス探し（家庭教師・塾・支援） | 比較検討・料金・申込 | ブランド・指名検索,KWP_CompetitorKeywordSeed
39423,ナビ 個別 指導 学院 申し込み,CORE,代表,C18963,1,ナビ 個別 指導 学院 申し込み,競合の比較検討（評判・料金）,保護者,B,カテゴリ競合×比較/評判/料金/乗換え/特性,中,③B カテゴリ競合,ナビ個別指導学院,,,,UNSPECIFIED,サービス探し（家庭教師・塾・支援） | 比較検討・料金・申込 | ブランド・指名検索,KWP_CompetitorKeywordSeed
39444,ナビ 個別 指導 学院 発達 障害 評判,CORE,代表,C18965,2,ナビ 個別 指導 学院 発達 障害 評判,競合の比較検討（評判・料金）,保護者,B,特性/不登校×家庭教師・塾・個別,高,③B カテゴリ競合,ナビ個別指導学院,,,,UNSPECIFIED,サービス探し（家庭教師・塾・支援） | 比較検討・料金・申込 | ブランド・指名検索,KWP_CompetitorKeywordSeed
115,ナビ 個別 指導 学院 発達 障害,CORE,代表,C18966,3,ナビ 個別 指導 学院 発達 障害,競合×特性/不登校対応の確認,保護者,B,特性/不登校×家庭教師・塾・個別,高,③B カテゴリ競合,ナビ個別指導学院,10,,,LOW,サービス探し（家庭教師・塾・支援） | ブランド・指名検索,KWP_KeywordSeed || KWP_CompetitorKeywordSeed
39322,ナビ 個別 指導 学院 知恵袋,CORE,代表,C18970,2,ナビ 個別 指導 学院 知恵袋,競合の比較検討（評判・料金）,保護者,B,カテゴリ競合×比較/評判/料金/乗換え/特性,中,③B カテゴリ競合,ナビ個別指導学院,30,,,LOW,サービス探し（家庭教師・塾・支援） | 比較検討・料金・申込 | ブランド・指名検索,KWP_CompetitorKeywordSeed
39429,ナビ 個別 指導 学院 自 閉 症,CORE,代表,C18975,1,ナビ 個別 指導 学院 自 閉 症,競合×特性/不登校対応の確認,保護者,B,特性/不登校×家庭教師・塾・個別,高,③B カテゴリ競合,ナビ個別指導学院,,,,UNSPECIFIED,サービス探し（家庭教師・塾・支援） | ブランド・指名検索,KWP_CompetitorKeywordSeed
39449,ナビ 個別 指導 学院 自 閉 症 評判,CORE,代表,C18976,1,ナビ 個別 指導 学院 自 閉 症 評判,競合の比較検討（評判・料金）,保護者,B,特性/不登校×家庭教師・塾・個別,高,③B カテゴリ競合,ナビ個別指導学院,,,,UNSPECIFIED,サービス探し（家庭教師・塾・支援） | 比較検討・料金・申込 | ブランド・指名検索,KWP_CompetitorKeywordSeed
39412,ナビ 個別 指導 学院 解約,CORE,代表,C18986,2,ナビ 個別 指導 学院 解約,競合の不満・乗り換え,保護者,B,カテゴリ競合×比較/評判/料金/乗換え/特性,中,③B カテゴリ競合,ナビ個別指導学院,10,,,UNSPECIFIED,サービス探し（家庭教師・塾・支援） | 比較検討・料金・申込 | ブランド・指名検索,KWP_CompetitorKeywordSeed
39342,ナビ 個別 指導 学院 評価,CORE,代表,C18987,2,ナビ 個別 指導 学院 評価,競合の比較検討（評判・料金）,保護者,B,カテゴリ競合×比較/評判/料金/乗換え/特性,中,③B カテゴリ競合,ナビ個別指導学院,10,,,LOW,サービス探し（家庭教師・塾・支援） | 比較検討・料金・申込 | ブランド・指名検索,KWP_CompetitorKeywordSeed
39031,ナビ 個別 指導 学院 評判,CORE,代表,C18988,2,ナビ 個別 指導 学院 評判,競合の比較検討（評判・料金）,保護者,B,カテゴリ競合×比較/評判/料金/乗換え/特性,中,③B カテゴリ競合,ナビ個別指導学院,90,75.0,268.0,LOW,サービス探し（家庭教師・塾・支援） | 比較検討・料金・申込 | ブランド・指名検索,KWP_CompetitorKeywordSeed
39420,ナビ 個別 指導 学院 資料 請求,CORE,代表,C18989,2,ナビ 個別 指導 学院 資料 請求,競合の比較検討（評判・料金）,保護者,B,カテゴリ競合×比較/評判/料金/乗換え/特性,中,③B カテゴリ競合,ナビ個別指導学院,10,,,HIGH,サービス探し（家庭教師・塾・支援） | 比較検討・料金・申込 | ブランド・指名検索,KWP_CompetitorKeywordSeed
3457,ナビ 個別 指導 学院 費用,CORE,代表,C18992,2,ナビ 個別 指導 学院 費用,競合の比較検討（評判・料金）,保護者,B,カテゴリ競合×比較/評判/料金/乗換え/特性,中,③B カテゴリ競合,ナビ個別指導学院,10,96.0,408.0,MEDIUM,サービス探し（家庭教師・塾・支援） | 比較検討・料金・申込 | ブランド・指名検索,KWP_KeywordSeed || KWP_CompetitorKeywordSeed
39411,ナビ 個別 指導 学院 退会,CORE,代表,C18995,2,ナビ 個別 指導 学院 退会,競合の不満・乗り換え,保護者,B,カテゴリ競合×比較/評判/料金/乗換え/特性,中,③B カテゴリ競合,ナビ個別指導学院,40,,,LOW,サービス探し（家庭教師・塾・支援） | 合わない・断られた・乗り換え | ブランド・指名検索,KWP_CompetitorKeywordSeed
39357,ナビ 個別 指導 学院 高い,CORE,代表,C19010,2,ナビ 個別 指導 学院 高い,競合の比較検討（評判・料金）,保護者,B,カテゴリ競合×比較/評判/料金/乗換え/特性,中,③B カテゴリ競合,ナビ個別指導学院,20,138.0,383.0,LOW,サービス探し（家庭教師・塾・支援） | 比較検討・料金・申込 | ブランド・指名検索,KWP_CompetitorKeywordSeed
3142,ナビ 個別 学院 料金,CORE,代表,C19018,1,ナビ 個別 学院 料金,競合の比較検討（評判・料金）,保護者,B,カテゴリ競合×比較/評判/料金/乗換え/特性,中,③B カテゴリ競合,ナビ個別指導学院,10,145.0,405.0,MEDIUM,比較検討・料金・申込 | ブランド・指名検索,KWP_KeywordSeed || KWP_CompetitorKeywordSeed
39166,ナビ 個別 学院 評判,CORE,代表,C19019,1,ナビ 個別 学院 評判,競合の比較検討（評判・料金）,保護者,B,カテゴリ競合×比較/評判/料金/乗換え/特性,中,③B カテゴリ競合,ナビ個別指導学院,10,,,MEDIUM,比較検討・料金・申込 | ブランド・指名検索,KWP_CompetitorKeywordSeed
39502,ナビ 個別 安い,CORE,代表,C19020,1,ナビ 個別 安い,競合の比較検討（評判・料金）,保護者,B,カテゴリ競合×比較/評判/料金/乗換え/特性,中,③B カテゴリ競合,ナビ個別指導学院,,,,UNSPECIFIED,比較検討・料金・申込 | ブランド・指名検索,KWP_CompetitorKeywordSeed
39514,ナビ 個別 後悔,CORE,代表,C19023,1,ナビ 個別 後悔,競合の不満・乗り換え,保護者,B,カテゴリ競合×比較/評判/料金/乗換え/特性,中,③B カテゴリ競合,ナビ個別指導学院,,,,UNSPECIFIED,比較検討・料金・申込 | ブランド・指名検索,KWP_CompetitorKeywordSeed
39511,ナビ 個別 怪しい,CORE,代表,C19024,1,ナビ 個別 怪しい,競合の不満・乗り換え,保護者,B,カテゴリ競合×比較/評判/料金/乗換え/特性,中,③B カテゴリ競合,ナビ個別指導学院,,,,UNSPECIFIED,比較検討・料金・申込 | ブランド・指名検索,KWP_CompetitorKeywordSeed
39495,ナビ 個別 感想,CORE,代表,C19025,1,ナビ 個別 感想,競合の比較検討（評判・料金）,保護者,B,カテゴリ競合×比較/評判/料金/乗換え/特性,中,③B カテゴリ競合,ナビ個別指導学院,,,,UNSPECIFIED,比較検討・料金・申込 | ブランド・指名検索,KWP_CompetitorKeywordSeed
2596,ナビ 個別 指導 料金,CORE,代表,C19027,3,ナビ 個別 指導 料金,競合の比較検討（評判・料金）,保護者,B,カテゴリ競合×比較/評判/料金/乗換え/特性,中,③B カテゴリ競合,ナビ個別指導学院,110,111.0,493.0,MEDIUM,サービス探し（家庭教師・塾・支援） | 比較検討・料金・申込 | ブランド・指名検索,KWP_KeywordSeed || KWP_CompetitorKeywordSeed
39036,個別 指導 ナビ 評判,CORE,代表,C19028,2,個別 指導 ナビ 評判,競合の比較検討（評判・料金）,保護者,B,カテゴリ競合×比較/評判/料金/乗換え/特性,中,③B カテゴリ競合,ナビ個別指導学院,10,169.0,877.0,HIGH,サービス探し（家庭教師・塾・支援） | 比較検討・料金・申込 | ブランド・指名検索,KWP_CompetitorKeywordSeed
39516,ナビ 個別 指導 退会,CORE,代表,C19029,1,ナビ 個別 指導 退会,競合の不満・乗り換え,保護者,B,カテゴリ競合×比較/評判/料金/乗換え/特性,中,③B カテゴリ競合,ナビ個別指導学院,10,,,LOW,サービス探し（家庭教師・塾・支援） | 合わない・断られた・乗り換え | ブランド・指名検索,KWP_CompetitorKeywordSeed
39468,ナビ 個別 料金,CORE,代表,C19035,6,ナビ 個別 料金,競合の比較検討（評判・料金）,保護者,B,カテゴリ競合×比較/評判/料金/乗換え/特性,中,③B カテゴリ競合,ナビ個別指導学院,320,149.0,622.0,MEDIUM,比較検討・料金・申込 | ブランド・指名検索,KWP_CompetitorKeywordSeed
39512,ナビ 個別 最悪,CORE,代表,C19038,1,ナビ 個別 最悪,競合の不満・乗り換え,保護者,B,カテゴリ競合×比較/評判/料金/乗換え/特性,中,③B カテゴリ競合,ナビ個別指導学院,,,,UNSPECIFIED,比較検討・料金・申込 | ブランド・指名検索,KWP_CompetitorKeywordSeed
39503,ナビ 個別 比較,CORE,代表,C19039,1,ナビ 個別 比較,競合の比較検討（評判・料金）,保護者,B,カテゴリ競合×比較/評判/料金/乗換え/特性,中,③B カテゴリ競合,ナビ個別指導学院,,,,UNSPECIFIED,比較検討・料金・申込 | ブランド・指名検索,KWP_CompetitorKeywordSeed
39528,ナビ 個別 申し込み,CORE,代表,C19041,1,ナビ 個別 申し込み,競合の比較検討（評判・料金）,保護者,B,カテゴリ競合×比較/評判/料金/乗換え/特性,中,③B カテゴリ競合,ナビ個別指導学院,,,,UNSPECIFIED,比較検討・料金・申込 | ブランド・指名検索,KWP_CompetitorKeywordSeed
39522,ナビ 個別 解約,CORE,代表,C19043,1,ナビ 個別 解約,競合の不満・乗り換え,保護者,B,カテゴリ競合×比較/評判/料金/乗換え/特性,中,③B カテゴリ競合,ナビ個別指導学院,,,,UNSPECIFIED,比較検討・料金・申込 | ブランド・指名検索,KWP_CompetitorKeywordSeed
39496,ナビ 個別 評価,CORE,代表,C19044,1,ナビ 個別 評価,競合の比較検討（評判・料金）,保護者,B,カテゴリ競合×比較/評判/料金/乗換え/特性,中,③B カテゴリ競合,ナビ個別指導学院,,,,UNSPECIFIED,比較検討・料金・申込 | ブランド・指名検索,KWP_CompetitorKeywordSeed
39378,ナビ 個別 評判,CORE,代表,C19046,2,ナビ 個別 評判,競合の比較検討（評判・料金）,保護者,B,カテゴリ競合×比較/評判/料金/乗換え/特性,中,③B カテゴリ競合,ナビ個別指導学院,10,140.0,588.0,MEDIUM,比較検討・料金・申込 | ブランド・指名検索,KWP_CompetitorKeywordSeed
39527,ナビ 個別 資料 請求,CORE,代表,C19047,1,ナビ 個別 資料 請求,競合の比較検討（評判・料金）,保護者,B,カテゴリ競合×比較/評判/料金/乗換え/特性,中,③B カテゴリ競合,ナビ個別指導学院,,,,UNSPECIFIED,比較検討・料金・申込 | ブランド・指名検索,KWP_CompetitorKeywordSeed
39497,ナビ 個別 費用,CORE,代表,C19049,1,ナビ 個別 費用,競合の比較検討（評判・料金）,保護者,B,カテゴリ競合×比較/評判/料金/乗換え/特性,中,③B カテゴリ競合,ナビ個別指導学院,,,,UNSPECIFIED,比較検討・料金・申込 | ブランド・指名検索,KWP_CompetitorKeywordSeed
39515,ナビ 個別 退会,CORE,代表,C19051,2,ナビ 個別 退会,競合の不満・乗り換え,保護者,B,カテゴリ競合×比較/評判/料金/乗換え/特性,中,③B カテゴリ競合,ナビ個別指導学院,10,,,LOW,合わない・断られた・乗り換え | ブランド・指名検索,KWP_CompetitorKeywordSeed
39501,ナビ 個別 高い,CORE,代表,C19053,1,ナビ 個別 高い,競合の比較検討（評判・料金）,保護者,B,カテゴリ競合×比較/評判/料金/乗換え/特性,中,③B カテゴリ競合,ナビ個別指導学院,,,,UNSPECIFIED,比較検討・料金・申込 | ブランド・指名検索,KWP_CompetitorKeywordSeed
3009,個別 指導 ネッツ 料金,CORE,代表,C19167,1,個別 指導 ネッツ 料金,競合の比較検討（評判・料金）,保護者,B,カテゴリ競合×比較/評判/料金/乗換え/特性,中,③B カテゴリ競合,個別指導ネッツ,10,,,UNSPECIFIED,サービス探し（家庭教師・塾・支援） | 比較検討・料金・申込 | ブランド・指名検索,KWP_KeywordSeed
32573,家庭 教師 の ノーバス レビュー,CORE,代表,C19206,1,家庭 教師 の ノーバス レビュー,競合の比較検討（評判・料金）,保護者,B,カテゴリ競合×比較/評判/料金/乗換え/特性,中,③B カテゴリ競合,家庭教師のノーバス,,,,UNSPECIFIED,サービス探し（家庭教師・塾・支援） | 比較検討・料金・申込 | ブランド・指名検索,KWP_CompetitorKeywordSeed
32551,ノーバス 不 登校 口コミ,CORE,代表,C19207,1,ノーバス 不 登校 口コミ,競合の比較検討（評判・料金）,保護者,B,カテゴリ競合×比較/評判/料金/乗換え/特性,中,③B カテゴリ競合,家庭教師のノーバス,,,,UNSPECIFIED,比較検討・料金・申込 | 学校生活・不登校・学校種別 | ブランド・指名検索,KWP_CompetitorKeywordSeed
32618,家庭 教師 の ノーバス 不 登校,CORE,代表,C19208,1,家庭 教師 の ノーバス 不 登校,競合×特性/不登校対応の確認,保護者,B,特性/不登校×家庭教師・塾・個別,高,③B カテゴリ競合,家庭教師のノーバス,,,,UNSPECIFIED,サービス探し（家庭教師・塾・支援） | 学校生活・不登校・学校種別 | ブランド・指名検索,KWP_CompetitorKeywordSeed
32563,ノーバス 不 登校 料金,CORE,代表,C19209,1,ノーバス 不 登校 料金,競合の比較検討（評判・料金）,保護者,B,カテゴリ競合×比較/評判/料金/乗換え/特性,中,③B カテゴリ競合,家庭教師のノーバス,,,,UNSPECIFIED,比較検討・料金・申込 | 学校生活・不登校・学校種別 | ブランド・指名検索,KWP_CompetitorKeywordSeed
32540,ノーバス 不 登校,CORE,代表,C19210,1,ノーバス 不 登校,競合×特性/不登校対応の確認,保護者,B,カテゴリ競合×比較/評判/料金/乗換え/特性,中,③B カテゴリ競合,家庭教師のノーバス,,,,UNSPECIFIED,学校生活・不登校・学校種別 | ブランド・指名検索,KWP_CompetitorKeywordSeed
32557,ノーバス 不 登校 評判,CORE,代表,C19211,1,ノーバス 不 登校 評判,競合の比較検討（評判・料金）,保護者,B,カテゴリ競合×比較/評判/料金/乗換え/特性,中,③B カテゴリ競合,家庭教師のノーバス,,,,UNSPECIFIED,比較検討・料金・申込 | 学校生活・不登校・学校種別 | ブランド・指名検索,KWP_CompetitorKeywordSeed
32529,ノーバス 体験,CORE,代表,C19221,1,ノーバス 体験,競合の比較検討（評判・料金）,保護者,B,カテゴリ競合×比較/評判/料金/乗換え/特性,中,③B カテゴリ競合,家庭教師のノーバス,,,,UNSPECIFIED,比較検討・料金・申込 | ブランド・指名検索,KWP_CompetitorKeywordSeed
32604,家庭 教師 の ノーバス 体験 授業,CORE,代表,C19222,1,家庭 教師 の ノーバス 体験 授業,競合の比較検討（評判・料金）,保護者,B,カテゴリ競合×比較/評判/料金/乗換え/特性,中,③B カテゴリ競合,家庭教師のノーバス,,,,UNSPECIFIED,サービス探し（家庭教師・塾・支援） | 比較検討・料金・申込 | 学習のやり方・学習課題 | ブランド・指名検索,KWP_CompetitorKeywordSeed
32603,家庭 教師 の ノーバス 体験,CORE,代表,C19223,1,家庭 教師 の ノーバス 体験,競合の比較検討（評判・料金）,保護者,B,カテゴリ競合×比較/評判/料金/乗換え/特性,中,③B カテゴリ競合,家庭教師のノーバス,,,,UNSPECIFIED,サービス探し（家庭教師・塾・支援） | 比較検討・料金・申込 | ブランド・指名検索,KWP_CompetitorKeywordSeed
32602,家庭 教師 の ノーバス 無料 体験,CORE,代表,C19224,1,家庭 教師 の ノーバス 無料 体験,競合の比較検討（評判・料金）,保護者,B,カテゴリ競合×比較/評判/料金/乗換え/特性,中,③B カテゴリ競合,家庭教師のノーバス,,,,UNSPECIFIED,サービス探し（家庭教師・塾・支援） | 比較検討・料金・申込 | ブランド・指名検索,KWP_CompetitorKeywordSeed
32574,家庭 教師 の ノーバス 体験 談,CORE,代表,C19225,1,家庭 教師 の ノーバス 体験 談,競合の比較検討（評判・料金）,保護者,B,カテゴリ競合×比較/評判/料金/乗換え/特性,中,③B カテゴリ競合,家庭教師のノーバス,,,,UNSPECIFIED,サービス探し（家庭教師・塾・支援） | 比較検討・料金・申込 | ブランド・指名検索,KWP_CompetitorKeywordSeed
32530,ノーバス 体験 授業,CORE,代表,C19226,1,ノーバス 体験 授業,競合の比較検討（評判・料金）,保護者,B,カテゴリ競合×比較/評判/料金/乗換え/特性,中,③B カテゴリ競合,家庭教師のノーバス,,,,UNSPECIFIED,比較検討・料金・申込 | 学習のやり方・学習課題 | ブランド・指名検索,KWP_CompetitorKeywordSeed
32528,ノーバス 無料 体験,CORE,代表,C19227,1,ノーバス 無料 体験,競合の比較検討（評判・料金）,保護者,B,カテゴリ競合×比較/評判/料金/乗換え/特性,中,③B カテゴリ競合,家庭教師のノーバス,,,,UNSPECIFIED,比較検討・料金・申込 | ブランド・指名検索,KWP_CompetitorKeywordSeed
32500,ノーバス 体験 談,CORE,代表,C19228,1,ノーバス 体験 談,競合の比較検討（評判・料金）,保護者,B,カテゴリ競合×比較/評判/料金/乗換え/特性,中,③B カテゴリ競合,家庭教師のノーバス,,,,UNSPECIFIED,比較検討・料金・申込 | ブランド・指名検索,KWP_CompetitorKeywordSeed
32486,個別 指導 塾 ノーバス 口コミ,CORE,代表,C19231,2,個別 指導 塾 ノーバス 口コミ,競合の比較検討（評判・料金）,保護者,B,カテゴリ競合×比較/評判/料金/乗換え/特性,中,③B カテゴリ競合,家庭教師のノーバス,10,,,LOW,サービス探し（家庭教師・塾・支援） | 比較検討・料金・申込 | ブランド・指名検索,KWP_CompetitorKeywordSeed
47570,個別 指導 ノーバス 口コミ,CORE,代表,C19232,1,個別 指導 ノーバス 口コミ,競合の比較検討（評判・料金）,保護者,B,カテゴリ競合×比較/評判/料金/乗換え/特性,中,③B カテゴリ競合,家庭教師のノーバス,,,,UNSPECIFIED,サービス探し（家庭教師・塾・支援） | 比較検討・料金・申込 | ブランド・指名検索,Google_competitor_suggest
2999,個別 指導 塾 ノーバス 料金,CORE,代表,C19238,2,個別 指導 塾 ノーバス 料金,競合の比較検討（評判・料金）,保護者,B,カテゴリ競合×比較/評判/料金/乗換え/特性,中,③B カテゴリ競合,家庭教師のノーバス,40,119.0,340.0,MEDIUM,サービス探し（家庭教師・塾・支援） | 比較検討・料金・申込 | ブランド・指名検索,KWP_KeywordSeed || KWP_CompetitorKeywordSeed || Google_competitor_suggest
32456,個別 指導 塾 ノーバス 評判,CORE,代表,C19240,2,個別 指導 塾 ノーバス 評判,競合の比較検討（評判・料金）,保護者,B,カテゴリ競合×比較/評判/料金/乗換え/特性,中,③B カテゴリ競合,家庭教師のノーバス,30,107.0,559.0,MEDIUM,サービス探し（家庭教師・塾・支援） | 比較検討・料金・申込 | ブランド・指名検索,KWP_CompetitorKeywordSeed || Google_competitor_suggest
47579,個別指導 ノーバス 料金,CORE,代表,C19242,1,個別指導 ノーバス 料金,競合の比較検討（評判・料金）,保護者,B,カテゴリ競合×比較/評判/料金/乗換え/特性,中,③B カテゴリ競合,家庭教師のノーバス,10,173.0,351.0,HIGH,サービス探し（家庭教師・塾・支援） | 比較検討・料金・申込 | ブランド・指名検索,Google_competitor_suggest
32482,個別 指導 ノーバス 評判,CORE,代表,C19243,1,個別 指導 ノーバス 評判,競合の比較検討（評判・料金）,保護者,B,カテゴリ競合×比較/評判/料金/乗換え/特性,中,③B カテゴリ競合,家庭教師のノーバス,10,334.0,756.0,MEDIUM,サービス探し（家庭教師・塾・支援） | 比較検討・料金・申込 | ブランド・指名検索,KWP_CompetitorKeywordSeed
47571,ノーバス 光 評判,CORE,代表,C19244,1,ノーバス 光 評判,競合の比較検討（評判・料金）,保護者,B,カテゴリ競合×比較/評判/料金/乗換え/特性,中,③B カテゴリ競合,家庭教師のノーバス,10,,,LOW,比較検討・料金・申込 | ブランド・指名検索,Google_competitor_suggest
32534,ノーバス 入会,CORE,代表,C19245,1,ノーバス 入会,競合の比較検討（評判・料金）,保護者,B,カテゴリ競合×比較/評判/料金/乗換え/特性,中,③B カテゴリ競合,家庭教師のノーバス,,,,UNSPECIFIED,比較検討・料金・申込 | ブランド・指名検索,KWP_CompetitorKeywordSeed
32608,家庭 教師 の ノーバス 入会,CORE,代表,C19246,1,家庭 教師 の ノーバス 入会,競合の比較検討（評判・料金）,保護者,B,カテゴリ競合×比較/評判/料金/乗換え/特性,中,③B カテゴリ競合,家庭教師のノーバス,,,,UNSPECIFIED,サービス探し（家庭教師・塾・支援） | 比較検討・料金・申込 | ブランド・指名検索,KWP_CompetitorKeywordSeed
32581,家庭 教師 の ノーバス 入会 金,CORE,代表,C19247,1,家庭 教師 の ノーバス 入会 金,競合の比較検討（評判・料金）,保護者,B,カテゴリ競合×比較/評判/料金/乗換え/特性,中,③B カテゴリ競合,家庭教師のノーバス,,,,UNSPECIFIED,サービス探し（家庭教師・塾・支援） | 比較検討・料金・申込 | ブランド・指名検索,KWP_CompetitorKeywordSeed
32503,ノーバス 入会 金,CORE,代表,C19248,2,ノーバス 入会 金,競合の比較検討（評判・料金）,保護者,B,カテゴリ競合×比較/評判/料金/乗換え/特性,中,③B カテゴリ競合,家庭教師のノーバス,10,,,MEDIUM,比較検討・料金・申込 | ブランド・指名検索,KWP_CompetitorKeywordSeed
47569,ノーバス 北浦 和 口コミ,CORE,代表,C19251,1,ノーバス 北浦 和 口コミ,競合の比較検討（評判・料金）,保護者,B,カテゴリ競合×比較/評判/料金/乗換え/特性,中,③B カテゴリ競合,家庭教師のノーバス,,,,UNSPECIFIED,比較検討・料金・申込 | ブランド・指名検索,Google_competitor_suggest
47566,ノーバス 南 浦和 口コミ,CORE,代表,C19254,1,ノーバス 南 浦和 口コミ,競合の比較検討（評判・料金）,保護者,B,カテゴリ競合×比較/評判/料金/乗換え/特性,中,③B カテゴリ競合,家庭教師のノーバス,,,,UNSPECIFIED,比較検討・料金・申込 | ブランド・指名検索,Google_competitor_suggest
47576,ノーバス 南 浦和 料金,CORE,代表,C19255,1,ノーバス 南 浦和 料金,競合の比較検討（評判・料金）,保護者,B,カテゴリ競合×比較/評判/料金/乗換え/特性,中,③B カテゴリ競合,家庭教師のノーバス,,,,UNSPECIFIED,比較検討・料金・申込 | ブランド・指名検索,Google_competitor_suggest
17583,ノーバス 口コミ,CORE,代表,C19260,1,ノーバス 口コミ,競合の比較検討（評判・料金）,保護者,B,カテゴリ競合×比較/評判/料金/乗換え/特性,中,③B カテゴリ競合,家庭教師のノーバス,40,89.0,381.0,MEDIUM,比較検討・料金・申込 | ブランド・指名検索,KWP_UrlSeed || KWP_SiteSeed || KWP_CompetitorKeywordSeed || Google_competitor_suggest || CompetitorMatrix
23670,ノーバス 塾 口コミ,CORE,代表,C19261,1,ノーバス 塾 口コミ,競合の比較検討（評判・料金）,保護者,B,カテゴリ競合×比較/評判/料金/乗換え/特性,中,③B カテゴリ競合,家庭教師のノーバス,20,109.0,250.0,MEDIUM,サービス探し（家庭教師・塾・支援） | 比較検討・料金・申込 | ブランド・指名検索,KWP_UrlSeed || KWP_CompetitorKeywordSeed || Google_competitor_suggest
32550,ノーバス 境界 知能 口コミ,CORE,代表,C19262,1,ノーバス 境界 知能 口コミ,競合の比較検討（評判・料金）,保護者,B,カテゴリ競合×比較/評判/料金/乗換え/特性,中,③B カテゴリ競合,家庭教師のノーバス,,,,UNSPECIFIED,比較検討・料金・申込 | ブランド・指名検索,KWP_CompetitorKeywordSeed
32549,ノーバス ld 口コミ,CORE,代表,C19263,1,ノーバス ld 口コミ,競合の比較検討（評判・料金）,保護者,B,カテゴリ競合×比較/評判/料金/乗換え/特性,中,③B カテゴリ競合,家庭教師のノーバス,,,,UNSPECIFIED,比較検討・料金・申込 | ブランド・指名検索,KWP_CompetitorKeywordSeed
32459,ノーバス 家庭 教師 口コミ,CORE,代表,C19264,6,ノーバス 家庭 教師 口コミ,競合の比較検討（評判・料金）,保護者,B,カテゴリ競合×比較/評判/料金/乗換え/特性,中,③B カテゴリ競合,家庭教師のノーバス,140,221.0,843.0,MEDIUM,サービス探し（家庭教師・塾・支援） | 比較検討・料金・申込 | ブランド・指名検索,KWP_CompetitorKeywordSeed
47565,ノーバス我孫子 口コミ,CORE,代表,C19265,1,ノーバス我孫子 口コミ,競合の比較検討（評判・料金）,保護者,B,カテゴリ競合×比較/評判/料金/乗換え/特性,中,③B カテゴリ競合,家庭教師のノーバス,,,,UNSPECIFIED,比較検討・料金・申込 | ブランド・指名検索,Google_competitor_suggest
47568,ノーバス 武蔵浦和 口コミ,CORE,代表,C19266,1,ノーバス 武蔵浦和 口コミ,競合の比較検討（評判・料金）,保護者,B,カテゴリ競合×比較/評判/料金/乗換え/特性,中,③B カテゴリ競合,家庭教師のノーバス,,,,UNSPECIFIED,比較検討・料金・申込 | ブランド・指名検索,Google_competitor_suggest
32498,ノーバス 合格 実績,CORE,代表,C19267,2,ノーバス 合格 実績,競合の比較検討（評判・料金）,保護者,B,カテゴリ競合×比較/評判/料金/乗換え/特性,中,③B カテゴリ競合,家庭教師のノーバス,10,,,MEDIUM,比較検討・料金・申込 | 受験・進路 | ブランド・指名検索,KWP_CompetitorKeywordSeed
3292,ノーバス 塾 料金,CORE,代表,C19271,1,ノーバス 塾 料金,競合の比較検討（評判・料金）,保護者,B,カテゴリ競合×比較/評判/料金/乗換え/特性,中,③B カテゴリ競合,家庭教師のノーバス,20,139.0,351.0,MEDIUM,サービス探し（家庭教師・塾・支援） | 比較検討・料金・申込 | ブランド・指名検索,KWP_KeywordSeed || KWP_UrlSeed || KWP_CompetitorKeywordSeed || Google_competitor_suggest
47574,塾 ノーバス 評判,CORE,代表,C19273,1,塾 ノーバス 評判,競合の比較検討（評判・料金）,保護者,B,カテゴリ競合×比較/評判/料金/乗換え/特性,中,③B カテゴリ競合,家庭教師のノーバス,,,,UNSPECIFIED,サービス探し（家庭教師・塾・支援） | 比較検討・料金・申込 | ブランド・指名検索,Google_competitor_suggest
32617,家庭 教師 の ノーバス 境界 知能,CORE,代表,C19275,1,家庭 教師 の ノーバス 境界 知能,競合×特性/不登校対応の確認,保護者,B,特性/不登校×家庭教師・塾・個別,高,③B カテゴリ競合,家庭教師のノーバス,,,,UNSPECIFIED,サービス探し（家庭教師・塾・支援） | ブランド・指名検索,KWP_CompetitorKeywordSeed
32562,ノーバス 境界 知能 料金,CORE,代表,C19276,1,ノーバス 境界 知能 料金,競合の比較検討（評判・料金）,保護者,B,カテゴリ競合×比較/評判/料金/乗換え/特性,中,③B カテゴリ競合,家庭教師のノーバス,,,,UNSPECIFIED,比較検討・料金・申込 | ブランド・指名検索,KWP_CompetitorKeywordSeed
32539,ノーバス 境界 知能,CORE,代表,C19277,1,ノーバス 境界 知能,競合×特性/不登校対応の確認,保護者,B,カテゴリ競合×比較/評判/料金/乗換え/特性,中,③B カテゴリ競合,家庭教師のノーバス,,,,UNSPECIFIED,ブランド・指名検索,KWP_CompetitorKeywordSeed
32556,ノーバス 境界 知能 評判,CORE,代表,C19278,1,ノーバス 境界 知能 評判,競合の比較検討（評判・料金）,保護者,B,カテゴリ競合×比較/評判/料金/乗換え/特性,中,③B カテゴリ競合,家庭教師のノーバス,,,,UNSPECIFIED,比較検討・料金・申込 | ブランド・指名検索,KWP_CompetitorKeywordSeed
32521,ノーバス 失敗,CORE,代表,C19283,1,ノーバス 失敗,競合の不満・乗り換え,保護者,B,カテゴリ競合×比較/評判/料金/乗換え/特性,中,③B カテゴリ競合,家庭教師のノーバス,,,,UNSPECIFIED,比較検討・料金・申込 | ブランド・指名検索,KWP_CompetitorKeywordSeed
32594,家庭 教師 の ノーバス 失敗,CORE,代表,C19284,1,家庭 教師 の ノーバス 失敗,競合の不満・乗り換え,保護者,B,カテゴリ競合×比較/評判/料金/乗換え/特性,中,③B カテゴリ競合,家庭教師のノーバス,,,,UNSPECIFIED,サービス探し（家庭教師・塾・支援） | 比較検討・料金・申込 | ブランド・指名検索,KWP_CompetitorKeywordSeed
32615,家庭 教師 の ノーバス ld,CORE,代表,C19285,2,家庭 教師 の ノーバス ld,競合×特性/不登校対応の確認,保護者,B,特性/不登校×家庭教師・塾・個別,高,③B カテゴリ競合,家庭教師のノーバス,,,,UNSPECIFIED,サービス探し（家庭教師・塾・支援） | ブランド・指名検索,KWP_CompetitorKeywordSeed
32560,ノーバス ld 料金,CORE,代表,C19286,2,ノーバス ld 料金,競合の比較検討（評判・料金）,保護者,B,カテゴリ競合×比較/評判/料金/乗換え/特性,中,③B カテゴリ競合,家庭教師のノーバス,,,,UNSPECIFIED,比較検討・料金・申込 | ブランド・指名検索,KWP_CompetitorKeywordSeed
32554,ノーバス ld 評判,CORE,代表,C19287,2,ノーバス ld 評判,競合の比較検討（評判・料金）,保護者,B,カテゴリ競合×比較/評判/料金/乗換え/特性,中,③B カテゴリ競合,家庭教師のノーバス,,,,UNSPECIFIED,比較検討・料金・申込 | ブランド・指名検索,KWP_CompetitorKeywordSeed
32537,ノーバス ld,CORE,代表,C19288,2,ノーバス ld,競合×特性/不登校対応の確認,保護者,B,カテゴリ競合×比較/評判/料金/乗換え/特性,中,③B カテゴリ競合,家庭教師のノーバス,,,,UNSPECIFIED,ブランド・指名検索,KWP_CompetitorKeywordSeed
32510,ノーバス 安い,CORE,代表,C19290,1,ノーバス 安い,競合の比較検討（評判・料金）,保護者,B,カテゴリ競合×比較/評判/料金/乗換え/特性,中,③B カテゴリ競合,家庭教師のノーバス,,,,UNSPECIFIED,比較検討・料金・申込 | ブランド・指名検索,KWP_CompetitorKeywordSeed
32584,家庭 教師 の ノーバス 安い,CORE,代表,C19291,1,家庭 教師 の ノーバス 安い,競合の比較検討（評判・料金）,保護者,B,カテゴリ競合×比較/評判/料金/乗換え/特性,中,③B カテゴリ競合,家庭教師のノーバス,,,,UNSPECIFIED,サービス探し（家庭教師・塾・支援） | 比較検討・料金・申込 | ブランド・指名検索,KWP_CompetitorKeywordSeed
32595,家庭 教師 の ノーバス 後悔,CORE,代表,C19293,1,家庭 教師 の ノーバス 後悔,競合の不満・乗り換え,保護者,B,カテゴリ競合×比較/評判/料金/乗換え/特性,中,③B カテゴリ競合,家庭教師のノーバス,,,,UNSPECIFIED,サービス探し（家庭教師・塾・支援） | 比較検討・料金・申込 | ブランド・指名検索,KWP_CompetitorKeywordSeed
32593,家庭 教師 の ノーバス 怪しい,CORE,代表,C19294,1,家庭 教師 の ノーバス 怪しい,競合の不満・乗り換え,保護者,B,カテゴリ競合×比較/評判/料金/乗換え/特性,中,③B カテゴリ競合,家庭教師のノーバス,,,,UNSPECIFIED,サービス探し（家庭教師・塾・支援） | 比較検討・料金・申込 | ブランド・指名検索,KWP_CompetitorKeywordSeed
32497,家庭 教師 ノーバス 評判 悪い,CORE,代表,C19295,1,家庭 教師 ノーバス 評判 悪い,競合の比較検討（評判・料金）,保護者,B,カテゴリ競合×比較/評判/料金/乗換え/特性,中,③B カテゴリ競合,家庭教師のノーバス,210,172.0,946.0,LOW,サービス探し（家庭教師・塾・支援） | 比較検討・料金・申込 | ブランド・指名検索,KWP_CompetitorKeywordSeed
32575,家庭 教師 の ノーバス 感想,CORE,代表,C19296,1,家庭 教師 の ノーバス 感想,競合の比較検討（評判・料金）,保護者,B,カテゴリ競合×比較/評判/料金/乗換え/特性,中,③B カテゴリ競合,家庭教師のノーバス,,,,UNSPECIFIED,サービス探し（家庭教師・塾・支援） | 比較検討・料金・申込 | ブランド・指名検索,KWP_CompetitorKeywordSeed
2188,家庭 教師 ノーバス 料金,CORE,代表,C19300,8,家庭 教師 ノーバス 料金,競合の比較検討（評判・料金）,保護者,B,カテゴリ競合×比較/評判/料金/乗換え/特性,中,③B カテゴリ競合,家庭教師のノーバス,70,179.0,883.0,MEDIUM,サービス探し（家庭教師・塾・支援） | 比較検討・料金・申込 | ブランド・指名検索,KWP_KeywordSeed || KWP_CompetitorKeywordSeed
32495,家庭 教師 ノーバス 最悪,CORE,代表,C19301,3,家庭 教師 ノーバス 最悪,競合の不満・乗り換え,保護者,B,カテゴリ競合×比較/評判/料金/乗換え/特性,中,③B カテゴリ競合,家庭教師のノーバス,40,148.0,883.0,LOW,サービス探し（家庭教師・塾・支援） | 比較検討・料金・申込 | ブランド・指名検索,KWP_CompetitorKeywordSeed
32585,家庭 教師 の ノーバス 比較,CORE,代表,C19302,1,家庭 教師 の ノーバス 比較,競合の比較検討（評判・料金）,保護者,B,カテゴリ競合×比較/評判/料金/乗換え/特性,中,③B カテゴリ競合,家庭教師のノーバス,,,,UNSPECIFIED,サービス探し（家庭教師・塾・支援） | 比較検討・料金・申込 | ブランド・指名検索,KWP_CompetitorKeywordSeed
32607,家庭 教師 の ノーバス 申し込み,CORE,代表,C19304,1,家庭 教師 の ノーバス 申し込み,競合の比較検討（評判・料金）,保護者,B,カテゴリ競合×比較/評判/料金/乗換え/特性,中,③B カテゴリ競合,家庭教師のノーバス,,,,UNSPECIFIED,サービス探し（家庭教師・塾・支援） | 比較検討・料金・申込 | ブランド・指名検索,KWP_CompetitorKeywordSeed
22,家庭 教師 ノーバス 発達 障害,CORE,代表,C19305,4,家庭 教師 ノーバス 発達 障害,競合×特性/不登校対応の確認,保護者,B,特性/不登校×家庭教師・塾・個別,高,③B カテゴリ競合,家庭教師のノーバス,20,273.0,671.0,MEDIUM,サービス探し（家庭教師・塾・支援） | ブランド・指名検索,KWP_KeywordSeed
32614,家庭 教師 の ノーバス 自 閉 症,CORE,代表,C19306,1,家庭 教師 の ノーバス 自 閉 症,競合×特性/不登校対応の確認,保護者,B,特性/不登校×家庭教師・塾・個別,高,③B カテゴリ競合,家庭教師のノーバス,,,,UNSPECIFIED,サービス探し（家庭教師・塾・支援） | ブランド・指名検索,KWP_CompetitorKeywordSeed
32601,家庭 教師 の ノーバス 解約,CORE,代表,C19307,1,家庭 教師 の ノーバス 解約,競合の不満・乗り換え,保護者,B,カテゴリ競合×比較/評判/料金/乗換え/特性,中,③B カテゴリ競合,家庭教師のノーバス,,,,UNSPECIFIED,サービス探し（家庭教師・塾・支援） | 比較検討・料金・申込 | ブランド・指名検索,KWP_CompetitorKeywordSeed
32576,家庭 教師 の ノーバス 評価,CORE,代表,C19308,1,家庭 教師 の ノーバス 評価,競合の比較検討（評判・料金）,保護者,B,カテゴリ競合×比較/評判/料金/乗換え/特性,中,③B カテゴリ競合,家庭教師のノーバス,,,,UNSPECIFIED,サービス探し（家庭教師・塾・支援） | 比較検討・料金・申込 | ブランド・指名検索,KWP_CompetitorKeywordSeed
32448,家庭 教師 ノーバス 評判,CORE,代表,C19309,4,家庭 教師 ノーバス 評判,競合の比較検討（評判・料金）,保護者,B,カテゴリ競合×比較/評判/料金/乗換え/特性,中,③B カテゴリ競合,家庭教師のノーバス,70,244.0,1015.0,MEDIUM,サービス探し（家庭教師・塾・支援） | 比較検討・料金・申込 | ブランド・指名検索,KWP_CompetitorKeywordSeed || Google_competitor_suggest
32606,家庭 教師 の ノーバス 資料 請求,CORE,代表,C19310,1,家庭 教師 の ノーバス 資料 請求,競合の比較検討（評判・料金）,保護者,B,カテゴリ競合×比較/評判/料金/乗換え/特性,中,③B カテゴリ競合,家庭教師のノーバス,,,,UNSPECIFIED,サービス探し（家庭教師・塾・支援） | 比較検討・料金・申込 | ブランド・指名検索,KWP_CompetitorKeywordSeed
32577,家庭 教師 の ノーバス 費用,CORE,代表,C19311,1,家庭 教師 の ノーバス 費用,競合の比較検討（評判・料金）,保護者,B,カテゴリ競合×比較/評判/料金/乗換え/特性,中,③B カテゴリ競合,家庭教師のノーバス,,,,UNSPECIFIED,サービス探し（家庭教師・塾・支援） | 比較検討・料金・申込 | ブランド・指名検索,KWP_CompetitorKeywordSeed
32600,家庭 教師 の ノーバス 退会,CORE,代表,C19312,1,家庭 教師 の ノーバス 退会,競合の不満・乗り換え,保護者,B,カテゴリ競合×比較/評判/料金/乗換え/特性,中,③B カテゴリ競合,家庭教師のノーバス,,,,UNSPECIFIED,サービス探し（家庭教師・塾・支援） | 合わない・断られた・乗り換え | ブランド・指名検索,KWP_CompetitorKeywordSeed
32583,家庭 教師 の ノーバス 高い,CORE,代表,C19314,1,家庭 教師 の ノーバス 高い,競合の比較検討（評判・料金）,保護者,B,カテゴリ競合×比較/評判/料金/乗換え/特性,中,③B カテゴリ競合,家庭教師のノーバス,,,,UNSPECIFIED,サービス探し（家庭教師・塾・支援） | 比較検討・料金・申込 | ブランド・指名検索,KWP_CompetitorKeywordSeed
32478,ノーバス 武蔵 小杉 評判,CORE,代表,C19319,1,ノーバス 武蔵 小杉 評判,競合の比較検討（評判・料金）,保護者,B,カテゴリ競合×比較/評判/料金/乗換え/特性,中,③B カテゴリ競合,家庭教師のノーバス,10,,,UNSPECIFIED,比較検討・料金・申込 | ブランド・指名検索,KWP_CompetitorKeywordSeed || Google_competitor_suggest
32522,ノーバス 後悔,CORE,代表,C19323,1,ノーバス 後悔,競合の不満・乗り換え,保護者,B,カテゴリ競合×比較/評判/料金/乗換え/特性,中,③B カテゴリ競合,家庭教師のノーバス,,,,UNSPECIFIED,比較検討・料金・申込 | ブランド・指名検索,KWP_CompetitorKeywordSeed
32519,ノーバス 怪しい,CORE,代表,C19324,1,ノーバス 怪しい,競合の不満・乗り換え,保護者,B,カテゴリ競合×比較/評判/料金/乗換え/特性,中,③B カテゴリ競合,家庭教師のノーバス,,,,UNSPECIFIED,比較検討・料金・申込 | ブランド・指名検索,KWP_CompetitorKeywordSeed
23668,ノーバス 評判 悪い,CORE,代表,C19325,1,ノーバス 評判 悪い,競合の比較検討（評判・料金）,保護者,B,カテゴリ競合×比較/評判/料金/乗換え/特性,中,③B カテゴリ競合,家庭教師のノーバス,110,164.0,566.0,LOW,比較検討・料金・申込 | ブランド・指名検索,KWP_UrlSeed || KWP_CompetitorKeywordSeed || Google_competitor_SERP || Google_competitor_suggest || CompetitorMatrix
32501,ノーバス 感想,CORE,代表,C19326,1,ノーバス 感想,競合の比較検討（評判・料金）,保護者,B,カテゴリ競合×比較/評判/料金/乗換え/特性,中,③B カテゴリ競合,家庭教師のノーバス,,,,UNSPECIFIED,比較検討・料金・申込 | ブランド・指名検索,KWP_CompetitorKeywordSeed
14575,ノーバス 料金,CORE,代表,C19329,4,ノーバス 料金,競合の比較検討（評判・料金）,保護者,B,カテゴリ競合×比較/評判/料金/乗換え/特性,中,③B カテゴリ競合,家庭教師のノーバス,90,149.0,407.0,MEDIUM,比較検討・料金・申込 | ブランド・指名検索,KWP_UrlSeed || KWP_SiteSeed || KWP_CompetitorKeywordSeed || Google_competitor_SERP || Google_competitor_suggest || CompetitorMatrix
47577,ノーバス 武蔵 浦和 料金,CORE,代表,C19330,1,ノーバス 武蔵 浦和 料金,競合の比較検討（評判・料金）,保護者,B,カテゴリ競合×比較/評判/料金/乗換え/特性,中,③B カテゴリ競合,家庭教師のノーバス,,,,UNSPECIFIED,比較検討・料金・申込 | ブランド・指名検索,Google_competitor_suggest
47575,ノーバス 料金表,CORE,代表,C19331,2,ノーバス 料金表,競合の比較検討（評判・料金）,保護者,B,カテゴリ競合×比較/評判/料金/乗換え/特性,中,③B カテゴリ競合,家庭教師のノーバス,,,,UNSPECIFIED,比較検討・料金・申込 | ブランド・指名検索,Google_competitor_suggest
32520,ノーバス 最悪,CORE,代表,C19333,1,ノーバス 最悪,競合の不満・乗り換え,保護者,B,カテゴリ競合×比較/評判/料金/乗換え/特性,中,③B カテゴリ競合,家庭教師のノーバス,,,,UNSPECIFIED,比較検討・料金・申込 | ブランド・指名検索,KWP_CompetitorKeywordSeed
32511,ノーバス 比較,CORE,代表,C19338,1,ノーバス 比較,競合の比較検討（評判・料金）,保護者,B,カテゴリ競合×比較/評判/料金/乗換え/特性,中,③B カテゴリ競合,家庭教師のノーバス,,,,UNSPECIFIED,比較検討・料金・申込 | ブランド・指名検索,KWP_CompetitorKeywordSeed
32533,ノーバス 申し込み,CORE,代表,C19341,1,ノーバス 申し込み,競合の比較検討（評判・料金）,保護者,B,カテゴリ競合×比較/評判/料金/乗換え/特性,中,③B カテゴリ競合,家庭教師のノーバス,,,,UNSPECIFIED,比較検討・料金・申込 | ブランド・指名検索,KWP_CompetitorKeywordSeed
32527,ノーバス 解約,CORE,代表,C19344,1,ノーバス 解約,競合の不満・乗り換え,保護者,B,カテゴリ競合×比較/評判/料金/乗換え/特性,中,③B カテゴリ競合,家庭教師のノーバス,,,,UNSPECIFIED,比較検討・料金・申込 | ブランド・指名検索,KWP_CompetitorKeywordSeed
32502,ノーバス 評価,CORE,代表,C19345,1,ノーバス 評価,競合の比較検討（評判・料金）,保護者,B,カテゴリ競合×比較/評判/料金/乗換え/特性,中,③B カテゴリ競合,家庭教師のノーバス,,,,UNSPECIFIED,比較検討・料金・申込 | ブランド・指名検索,KWP_CompetitorKeywordSeed
23664,ノーバス 評判,CORE,代表,C19346,1,ノーバス 評判,競合の比較検討（評判・料金）,保護者,B,カテゴリ競合×比較/評判/料金/乗換え/特性,中,③B カテゴリ競合,家庭教師のノーバス,20,80.0,413.0,LOW,比較検討・料金・申込 | ブランド・指名検索,KWP_UrlSeed || KWP_SiteSeed || KWP_CompetitorKeywordSeed || Google_competitor_suggest || CompetitorMatrix
32532,ノーバス 資料 請求,CORE,代表,C19347,1,ノーバス 資料 請求,競合の比較検討（評判・料金）,保護者,B,カテゴリ競合×比較/評判/料金/乗換え/特性,中,③B カテゴリ競合,家庭教師のノーバス,,,,UNSPECIFIED,比較検討・料金・申込 | ブランド・指名検索,KWP_CompetitorKeywordSeed
32504,ノーバス 費用,CORE,代表,C19348,1,ノーバス 費用,競合の比較検討（評判・料金）,保護者,B,カテゴリ競合×比較/評判/料金/乗換え/特性,中,③B カテゴリ競合,家庭教師のノーバス,,,,UNSPECIFIED,比較検討・料金・申込 | ブランド・指名検索,KWP_CompetitorKeywordSeed
21385,ノーバス 退会,CORE,代表,C19349,1,ノーバス 退会,競合の不満・乗り換え,保護者,B,カテゴリ競合×比較/評判/料金/乗換え/特性,中,③B カテゴリ競合,家庭教師のノーバス,10,,,LOW,合わない・断られた・乗り換え | ブランド・指名検索,KWP_UrlSeed || KWP_SiteSeed || KWP_CompetitorKeywordSeed || CompetitorMatrix
32509,ノーバス 高い,CORE,代表,C19353,1,ノーバス 高い,競合の比較検討（評判・料金）,保護者,B,カテゴリ競合×比較/評判/料金/乗換え/特性,中,③B カテゴリ競合,家庭教師のノーバス,,,,UNSPECIFIED,比較検討・料金・申込 | ブランド・指名検索,KWP_CompetitorKeywordSeed
36912,明光 義塾 ノート 値段,CORE,代表,C19367,1,明光 義塾 ノート 値段,競合の比較検討（評判・料金）,保護者,B,カテゴリ競合×比較/評判/料金/乗換え/特性,中,③B カテゴリ競合,個別指導の明光義塾,20,,,LOW,サービス探し（家庭教師・塾・支援） | 比較検討・料金・申込 | ブランド・指名検索 | 一般の学校・学習情報（特性語なし）,KWP_CompetitorKeywordSeed
32535,ノーバス グレー ゾーン,CORE,代表,C19380,1,ノーバス グレー ゾーン,競合×特性/不登校対応の確認,保護者,B,カテゴリ競合×比較/評判/料金/乗換え/特性,中,③B カテゴリ競合,家庭教師のノーバス,,,,UNSPECIFIED,ブランド・指名検索,KWP_CompetitorKeywordSeed
32547,ノーバス グレー ゾーン 口コミ,CORE,代表,C19381,1,ノーバス グレー ゾーン 口コミ,競合の比較検討（評判・料金）,保護者,B,カテゴリ競合×比較/評判/料金/乗換え/特性,中,③B カテゴリ競合,家庭教師のノーバス,,,,UNSPECIFIED,比較検討・料金・申込 | ブランド・指名検索,KWP_CompetitorKeywordSeed
32611,家庭 教師 の ノーバス グレー ゾーン,CORE,代表,C19382,1,家庭 教師 の ノーバス グレー ゾーン,競合×特性/不登校対応の確認,保護者,B,特性/不登校×家庭教師・塾・個別,高,③B カテゴリ競合,家庭教師のノーバス,,,,UNSPECIFIED,サービス探し（家庭教師・塾・支援） | ブランド・指名検索,KWP_CompetitorKeywordSeed
32558,ノーバス グレー ゾーン 料金,CORE,代表,C19383,1,ノーバス グレー ゾーン 料金,競合の比較検討（評判・料金）,保護者,B,カテゴリ競合×比較/評判/料金/乗換え/特性,中,③B カテゴリ競合,家庭教師のノーバス,,,,UNSPECIFIED,比較検討・料金・申込 | ブランド・指名検索,KWP_CompetitorKeywordSeed
32552,ノーバス グレー ゾーン 評判,CORE,代表,C19384,1,ノーバス グレー ゾーン 評判,競合の比較検討（評判・料金）,保護者,B,カテゴリ競合×比較/評判/料金/乗換え/特性,中,③B カテゴリ競合,家庭教師のノーバス,,,,UNSPECIFIED,比較検討・料金・申込 | ブランド・指名検索,KWP_CompetitorKeywordSeed
32499,ノーバス レビュー,CORE,代表,C19387,1,ノーバス レビュー,競合の比較検討（評判・料金）,保護者,B,カテゴリ競合×比較/評判/料金/乗換え/特性,中,③B カテゴリ競合,家庭教師のノーバス,,,,UNSPECIFIED,比較検討・料金・申込 | ブランド・指名検索,KWP_CompetitorKeywordSeed
3501,京 進 ハイ スクール 料金,CORE,代表,C19393,1,京 進 ハイ スクール 料金,競合の比較検討（評判・料金）,保護者,B,カテゴリ競合×比較/評判/料金/乗換え/特性,中,③B カテゴリ競合,京進スクール・ワン,10,105.0,364.0,MEDIUM,比較検討・料金・申込 | ブランド・指名検索,KWP_KeywordSeed || KWP_CompetitorKeywordSeed
1865,バンザン メガスタ,CORE,代表,C19445,1,バンザン メガスタ,競合指名・周辺,保護者,B,終了競合の乗換え需要,高,③X 終了サービス/乗換え,オンラインプロ教師のメガスタ,30,,,LOW,ブランド・指名検索,KWP_KeywordSeed || KWP_CompetitorKeywordSeed
3169,個別 指導 学院 ヒーローズ 料金,CORE,代表,C19484,1,個別 指導 学院 ヒーローズ 料金,競合の比較検討（評判・料金）,保護者,B,カテゴリ競合×比較/評判/料金/乗換え/特性,中,③B カテゴリ競合,個別指導学院ヒーローズ,20,143.0,382.0,HIGH,サービス探し（家庭教師・塾・支援） | 比較検討・料金・申込 | ブランド・指名検索,KWP_KeywordSeed
2872,個別 指導 ヒーローズ 料金,CORE,代表,C19486,1,個別 指導 ヒーローズ 料金,競合の比較検討（評判・料金）,保護者,B,カテゴリ競合×比較/評判/料金/乗換え/特性,中,③B カテゴリ競合,個別指導学院ヒーローズ,40,136.0,427.0,MEDIUM,サービス探し（家庭教師・塾・支援） | 比較検討・料金・申込 | ブランド・指名検索,KWP_KeywordSeed
2563,ヒーローズ 塾 料金,CORE,代表,C19491,3,ヒーローズ 塾 料金,競合の比較検討（評判・料金）,保護者,B,カテゴリ競合×比較/評判/料金/乗換え/特性,中,③B カテゴリ競合,個別指導学院ヒーローズ,170,129.0,430.0,MEDIUM,サービス探し（家庭教師・塾・支援） | 比較検討・料金・申込 | ブランド・指名検索,KWP_KeywordSeed
3469,ヒーローズ 塾 料金 高校生,CORE,代表,C19492,1,ヒーローズ 塾 料金 高校生,競合の比較検討（評判・料金）,保護者,B,カテゴリ競合×比較/評判/料金/乗換え/特性,中,③B カテゴリ競合,個別指導学院ヒーローズ,10,149.0,323.0,MEDIUM,サービス探し（家庭教師・塾・支援） | 比較検討・料金・申込 | ブランド・指名検索,KWP_KeywordSeed
2890,ヒーローズ 夏期 講習 料金,CORE,代表,C19493,1,ヒーローズ 夏期 講習 料金,競合の比較検討（評判・料金）,保護者,B,カテゴリ競合×比較/評判/料金/乗換え/特性,中,③B カテゴリ競合,個別指導学院ヒーローズ,10,,,LOW,比較検討・料金・申込 | 学習のやり方・学習課題 | ブランド・指名検索,KWP_KeywordSeed
2621,栄光 ビサビ 料金,CORE,代表,C19497,1,栄光 ビサビ 料金,競合の比較検討（評判・料金）,保護者,B,カテゴリ競合×比較/評判/料金/乗換え/特性,中,③B カテゴリ競合,栄光個別,10,160.0,1766.0,MEDIUM,比較検討・料金・申込 | ブランド・指名検索,KWP_KeywordSeed || KWP_CompetitorKeywordSeed
39659,ビザビ 不 登校 口コミ,CORE,代表,C19502,1,ビザビ 不 登校 口コミ,競合の比較検討（評判・料金）,保護者,B,カテゴリ競合×比較/評判/料金/乗換え/特性,中,③B カテゴリ競合,栄光の個別ビザビ,,,,UNSPECIFIED,比較検討・料金・申込 | 学校生活・不登校・学校種別 | ブランド・指名検索,KWP_CompetitorKeywordSeed
39671,ビザビ 不 登校 料金,CORE,代表,C19503,1,ビザビ 不 登校 料金,競合の比較検討（評判・料金）,保護者,B,カテゴリ競合×比較/評判/料金/乗換え/特性,中,③B カテゴリ競合,栄光の個別ビザビ,,,,UNSPECIFIED,比較検討・料金・申込 | 学校生活・不登校・学校種別 | ブランド・指名検索,KWP_CompetitorKeywordSeed
39757,栄光 ビザビ 不 登校,CORE,代表,C19504,1,栄光 ビザビ 不 登校,競合×特性/不登校対応の確認,保護者,B,カテゴリ競合×比較/評判/料金/乗換え/特性,中,③B カテゴリ競合,栄光の個別ビザビ,,,,UNSPECIFIED,学校生活・不登校・学校種別 | ブランド・指名検索,KWP_CompetitorKeywordSeed
39643,ビザビ 不 登校,CORE,代表,C19505,1,ビザビ 不 登校,競合×特性/不登校対応の確認,保護者,B,カテゴリ競合×比較/評判/料金/乗換え/特性,中,③B カテゴリ競合,栄光の個別ビザビ,,,,UNSPECIFIED,学校生活・不登校・学校種別 | ブランド・指名検索,KWP_CompetitorKeywordSeed
39665,ビザビ 不 登校 評判,CORE,代表,C19506,1,ビザビ 不 登校 評判,競合の比較検討（評判・料金）,保護者,B,カテゴリ競合×比較/評判/料金/乗換え/特性,中,③B カテゴリ競合,栄光の個別ビザビ,,,,UNSPECIFIED,比較検討・料金・申込 | 学校生活・不登校・学校種別 | ブランド・指名検索,KWP_CompetitorKeywordSeed
39632,ビザビ 体験,CORE,代表,C19514,1,ビザビ 体験,競合の比較検討（評判・料金）,保護者,B,カテゴリ競合×比較/評判/料金/乗換え/特性,中,③B カテゴリ競合,栄光の個別ビザビ,,,,UNSPECIFIED,比較検討・料金・申込 | ブランド・指名検索,KWP_CompetitorKeywordSeed
39633,ビザビ 体験 授業,CORE,代表,C19515,1,ビザビ 体験 授業,競合の比較検討（評判・料金）,保護者,B,カテゴリ競合×比較/評判/料金/乗換え/特性,中,③B カテゴリ競合,栄光の個別ビザビ,,,,UNSPECIFIED,比較検討・料金・申込 | 学習のやり方・学習課題 | ブランド・指名検索,KWP_CompetitorKeywordSeed
39747,栄光 ビザビ 体験 授業,CORE,代表,C19516,1,栄光 ビザビ 体験 授業,競合の比較検討（評判・料金）,保護者,B,カテゴリ競合×比較/評判/料金/乗換え/特性,中,③B カテゴリ競合,栄光の個別ビザビ,,,,UNSPECIFIED,比較検討・料金・申込 | 学習のやり方・学習課題 | ブランド・指名検索,KWP_CompetitorKeywordSeed
39746,栄光 ビザビ 体験,CORE,代表,C19517,1,栄光 ビザビ 体験,競合の比較検討（評判・料金）,保護者,B,カテゴリ競合×比較/評判/料金/乗換え/特性,中,③B カテゴリ競合,栄光の個別ビザビ,,,,UNSPECIFIED,比較検討・料金・申込 | ブランド・指名検索,KWP_CompetitorKeywordSeed
39745,栄光 ビザビ 無料 体験,CORE,代表,C19518,1,栄光 ビザビ 無料 体験,競合の比較検討（評判・料金）,保護者,B,カテゴリ競合×比較/評判/料金/乗換え/特性,中,③B カテゴリ競合,栄光の個別ビザビ,,,,UNSPECIFIED,比較検討・料金・申込 | ブランド・指名検索,KWP_CompetitorKeywordSeed
39715,栄光 ビザビ 体験 談,CORE,代表,C19519,1,栄光 ビザビ 体験 談,競合の比較検討（評判・料金）,保護者,B,カテゴリ競合×比較/評判/料金/乗換え/特性,中,③B カテゴリ競合,栄光の個別ビザビ,,,,UNSPECIFIED,比較検討・料金・申込 | ブランド・指名検索,KWP_CompetitorKeywordSeed
39631,ビザビ 無料 体験,CORE,代表,C19520,1,ビザビ 無料 体験,競合の比較検討（評判・料金）,保護者,B,カテゴリ競合×比較/評判/料金/乗換え/特性,中,③B カテゴリ競合,栄光の個別ビザビ,,,,UNSPECIFIED,比較検討・料金・申込 | ブランド・指名検索,KWP_CompetitorKeywordSeed
39595,ビザビ 体験 談,CORE,代表,C19521,1,ビザビ 体験 談,競合の比較検討（評判・料金）,保護者,B,カテゴリ競合×比較/評判/料金/乗換え/特性,中,③B カテゴリ競合,栄光の個別ビザビ,,,,UNSPECIFIED,比較検討・料金・申込 | ブランド・指名検索,KWP_CompetitorKeywordSeed
39585,栄光 の 個別 ビザビ 口コミ,CORE,代表,C19523,2,栄光 の 個別 ビザビ 口コミ,競合の比較検討（評判・料金）,保護者,B,カテゴリ競合×比較/評判/料金/乗換え/特性,中,③B カテゴリ競合,栄光の個別ビザビ,20,82.0,1522.0,MEDIUM,比較検討・料金・申込 | ブランド・指名検索,KWP_CompetitorKeywordSeed
39580,栄光 の 個別 ビザビ 合格 実績,CORE,代表,C19524,1,栄光 の 個別 ビザビ 合格 実績,競合の比較検討（評判・料金）,保護者,B,カテゴリ競合×比較/評判/料金/乗換え/特性,中,③B カテゴリ競合,栄光の個別ビザビ,30,73.0,932.0,LOW,比較検討・料金・申込 | 受験・進路 | ブランド・指名検索,KWP_CompetitorKeywordSeed
37751,東京 個別 指導 学院 栄光 ビザビ 比較,CORE,代表,C19526,1,東京 個別 指導 学院 栄光 ビザビ 比較,競合の比較検討（評判・料金）,保護者,B,カテゴリ競合×比較/評判/料金/乗換え/特性,中,③B カテゴリ競合,東京個別指導学院,10,,,LOW,サービス探し（家庭教師・塾・支援） | 比較検討・料金・申込 | ブランド・指名検索 | 地域・近くで探す,KWP_CompetitorKeywordSeed
3358,個別 指導 ビザビ 料金,CORE,代表,C19529,1,個別 指導 ビザビ 料金,競合の比較検討（評判・料金）,保護者,B,カテゴリ競合×比較/評判/料金/乗換え/特性,中,③B カテゴリ競合,栄光の個別ビザビ,10,,,HIGH,サービス探し（家庭教師・塾・支援） | 比較検討・料金・申込 | ブランド・指名検索,KWP_KeywordSeed || KWP_CompetitorKeywordSeed || Google_competitor_suggest
2702,個別 ビザビ 料金,CORE,代表,C19531,1,個別 ビザビ 料金,競合の比較検討（評判・料金）,保護者,B,カテゴリ競合×比較/評判/料金/乗換え/特性,中,③B カテゴリ競合,栄光の個別ビザビ,20,194.0,1169.0,MEDIUM,比較検討・料金・申込 | ブランド・指名検索,KWP_KeywordSeed || KWP_CompetitorKeywordSeed || Google_competitor_suggest
2493,栄光 の 個別 ビザビ 料金,CORE,代表,C19532,2,栄光 の 個別 ビザビ 料金,競合の比較検討（評判・料金）,保護者,B,カテゴリ競合×比較/評判/料金/乗換え/特性,中,③B カテゴリ競合,栄光の個別ビザビ,210,155.0,1663.0,MEDIUM,比較検討・料金・申込 | ブランド・指名検索,KWP_KeywordSeed || KWP_CompetitorKeywordSeed
39582,栄光 の 個別 ビザビ 評判,CORE,代表,C19535,1,栄光 の 個別 ビザビ 評判,競合の比較検討（評判・料金）,保護者,B,カテゴリ競合×比較/評判/料金/乗換え/特性,中,③B カテゴリ競合,栄光の個別ビザビ,90,94.0,1191.0,MEDIUM,比較検討・料金・申込 | ブランド・指名検索,KWP_CompetitorKeywordSeed
47997,個別 ビザビ 評判,CORE,代表,C19536,1,個別 ビザビ 評判,競合の比較検討（評判・料金）,保護者,B,カテゴリ競合×比較/評判/料金/乗換え/特性,中,③B カテゴリ競合,栄光の個別ビザビ,,,,UNSPECIFIED,比較検討・料金・申込 | ブランド・指名検索,Google_competitor_suggest
39637,ビザビ 入会,CORE,代表,C19537,1,ビザビ 入会,競合の比較検討（評判・料金）,保護者,B,カテゴリ競合×比較/評判/料金/乗換え/特性,中,③B カテゴリ競合,栄光の個別ビザビ,,,,UNSPECIFIED,比較検討・料金・申込 | ブランド・指名検索,KWP_CompetitorKeywordSeed
39751,栄光 ビザビ 入会,CORE,代表,C19538,1,栄光 ビザビ 入会,競合の比較検討（評判・料金）,保護者,B,カテゴリ競合×比較/評判/料金/乗換え/特性,中,③B カテゴリ競合,栄光の個別ビザビ,,,,UNSPECIFIED,比較検討・料金・申込 | ブランド・指名検索,KWP_CompetitorKeywordSeed
39721,栄光 ビザビ 入会 金,CORE,代表,C19539,1,栄光 ビザビ 入会 金,競合の比較検討（評判・料金）,保護者,B,カテゴリ競合×比較/評判/料金/乗換え/特性,中,③B カテゴリ競合,栄光の個別ビザビ,,,,UNSPECIFIED,比較検討・料金・申込 | ブランド・指名検索,KWP_CompetitorKeywordSeed
39608,ビザビ 入会 金,CORE,代表,C19540,1,ビザビ 入会 金,競合の比較検討（評判・料金）,保護者,B,カテゴリ競合×比較/評判/料金/乗換え/特性,中,③B カテゴリ競合,栄光の個別ビザビ,,,,UNSPECIFIED,比較検討・料金・申込 | ブランド・指名検索,KWP_CompetitorKeywordSeed
39575,ビザビ 口コミ,CORE,代表,C19551,1,ビザビ 口コミ,競合の比較検討（評判・料金）,保護者,B,カテゴリ競合×比較/評判/料金/乗換え/特性,中,③B カテゴリ競合,栄光の個別ビザビ,20,,,LOW,比較検討・料金・申込 | ブランド・指名検索,KWP_CompetitorKeywordSeed || Google_competitor_suggest || CompetitorMatrix
47993,ビザビ 塾 口コミ,CORE,代表,C19552,1,ビザビ 塾 口コミ,競合の比較検討（評判・料金）,保護者,B,カテゴリ競合×比較/評判/料金/乗換え/特性,中,③B カテゴリ競合,栄光の個別ビザビ,,,,UNSPECIFIED,サービス探し（家庭教師・塾・支援） | 比較検討・料金・申込 | ブランド・指名検索,Google_competitor_suggest
39658,ビザビ 境界 知能 口コミ,CORE,代表,C19553,1,ビザビ 境界 知能 口コミ,競合の比較検討（評判・料金）,保護者,B,カテゴリ競合×比較/評判/料金/乗換え/特性,中,③B カテゴリ競合,栄光の個別ビザビ,,,,UNSPECIFIED,比較検討・料金・申込 | ブランド・指名検索,KWP_CompetitorKeywordSeed
39656,ビザビ ld 口コミ,CORE,代表,C19554,2,ビザビ ld 口コミ,競合の比較検討（評判・料金）,保護者,B,カテゴリ競合×比較/評判/料金/乗換え/特性,中,③B カテゴリ競合,栄光の個別ビザビ,,,,UNSPECIFIED,比較検討・料金・申込 | ブランド・指名検索,KWP_CompetitorKeywordSeed
39567,ビザビ 服 口コミ,CORE,代表,C19555,1,ビザビ 服 口コミ,競合の比較検討（評判・料金）,保護者,B,カテゴリ競合×比較/評判/料金/乗換え/特性,中,③B カテゴリ競合,栄光の個別ビザビ,10,,,UNSPECIFIED,比較検討・料金・申込 | ブランド・指名検索,KWP_CompetitorKeywordSeed
39584,栄光 ビザビ 口コミ,CORE,代表,C19556,2,栄光 ビザビ 口コミ,競合の比較検討（評判・料金）,保護者,B,カテゴリ競合×比較/評判/料金/乗換え/特性,中,③B カテゴリ競合,栄光の個別ビザビ,40,58.0,1143.0,MEDIUM,比較検討・料金・申込 | ブランド・指名検索,KWP_CompetitorKeywordSeed || Google_competitor_suggest
39587,ビザビ 合格 実績,CORE,代表,C19557,2,ビザビ 合格 実績,競合の比較検討（評判・料金）,保護者,B,カテゴリ競合×比較/評判/料金/乗換え/特性,中,③B カテゴリ競合,栄光の個別ビザビ,10,,,LOW,比較検討・料金・申込 | 受験・進路 | ブランド・指名検索,KWP_CompetitorKeywordSeed
39586,栄光 ビザビ 合格 実績,CORE,代表,C19558,2,栄光 ビザビ 合格 実績,競合の比較検討（評判・料金）,保護者,B,カテゴリ競合×比較/評判/料金/乗換え/特性,中,③B カテゴリ競合,栄光の個別ビザビ,10,,,LOW,比較検討・料金・申込 | 受験・進路 | ブランド・指名検索,KWP_CompetitorKeywordSeed
47999,ビザビ 塾 料金,CORE,代表,C19563,1,ビザビ 塾 料金,競合の比較検討（評判・料金）,保護者,B,カテゴリ競合×比較/評判/料金/乗換え/特性,中,③B カテゴリ競合,栄光の個別ビザビ,,,,UNSPECIFIED,サービス探し（家庭教師・塾・支援） | 比較検討・料金・申込 | ブランド・指名検索,Google_competitor_suggest
39670,ビザビ 境界 知能 料金,CORE,代表,C19564,1,ビザビ 境界 知能 料金,競合の比較検討（評判・料金）,保護者,B,カテゴリ競合×比較/評判/料金/乗換え/特性,中,③B カテゴリ競合,栄光の個別ビザビ,,,,UNSPECIFIED,比較検討・料金・申込 | ブランド・指名検索,KWP_CompetitorKeywordSeed
39756,栄光 ビザビ 境界 知能,CORE,代表,C19565,1,栄光 ビザビ 境界 知能,競合×特性/不登校対応の確認,保護者,B,カテゴリ競合×比較/評判/料金/乗換え/特性,中,③B カテゴリ競合,栄光の個別ビザビ,,,,UNSPECIFIED,ブランド・指名検索,KWP_CompetitorKeywordSeed
39642,ビザビ 境界 知能,CORE,代表,C19566,1,ビザビ 境界 知能,競合×特性/不登校対応の確認,保護者,B,カテゴリ競合×比較/評判/料金/乗換え/特性,中,③B カテゴリ競合,栄光の個別ビザビ,,,,UNSPECIFIED,ブランド・指名検索,KWP_CompetitorKeywordSeed
39664,ビザビ 境界 知能 評判,CORE,代表,C19567,1,ビザビ 境界 知能 評判,競合の比較検討（評判・料金）,保護者,B,カテゴリ競合×比較/評判/料金/乗換え/特性,中,③B カテゴリ競合,栄光の個別ビザビ,,,,UNSPECIFIED,比較検討・料金・申込 | ブランド・指名検索,KWP_CompetitorKeywordSeed
3471,ビザビ 夏期 講習 料金,CORE,代表,C19568,1,ビザビ 夏期 講習 料金,競合の比較検討（評判・料金）,保護者,B,カテゴリ競合×比較/評判/料金/乗換え/特性,中,③B カテゴリ競合,栄光の個別ビザビ,10,,,UNSPECIFIED,比較検討・料金・申込 | 学習のやり方・学習課題 | ブランド・指名検索,KWP_KeywordSeed || KWP_CompetitorKeywordSeed
39622,ビザビ 失敗,CORE,代表,C19573,1,ビザビ 失敗,競合の不満・乗り換え,保護者,B,カテゴリ競合×比較/評判/料金/乗換え/特性,中,③B カテゴリ競合,栄光の個別ビザビ,,,,UNSPECIFIED,比較検討・料金・申込 | ブランド・指名検索,KWP_CompetitorKeywordSeed
39738,栄光 ビザビ 失敗,CORE,代表,C19574,1,栄光 ビザビ 失敗,競合の不満・乗り換え,保護者,B,カテゴリ競合×比較/評判/料金/乗換え/特性,中,③B カテゴリ競合,栄光の個別ビザビ,,,,UNSPECIFIED,比較検討・料金・申込 | ブランド・指名検索,KWP_CompetitorKeywordSeed
39668,ビザビ ld 料金,CORE,代表,C19575,2,ビザビ ld 料金,競合の比較検討（評判・料金）,保護者,B,カテゴリ競合×比較/評判/料金/乗換え/特性,中,③B カテゴリ競合,栄光の個別ビザビ,,,,UNSPECIFIED,比較検討・料金・申込 | ブランド・指名検索,KWP_CompetitorKeywordSeed
39754,栄光 ビザビ ld,CORE,代表,C19576,2,栄光 ビザビ ld,競合×特性/不登校対応の確認,保護者,B,カテゴリ競合×比較/評判/料金/乗換え/特性,中,③B カテゴリ競合,栄光の個別ビザビ,,,,UNSPECIFIED,ブランド・指名検索,KWP_CompetitorKeywordSeed
39662,ビザビ ld 評判,CORE,代表,C19577,2,ビザビ ld 評判,競合の比較検討（評判・料金）,保護者,B,カテゴリ競合×比較/評判/料金/乗換え/特性,中,③B カテゴリ競合,栄光の個別ビザビ,,,,UNSPECIFIED,比較検討・料金・申込 | ブランド・指名検索,KWP_CompetitorKeywordSeed
39640,ビザビ ld,CORE,代表,C19578,2,ビザビ ld,競合×特性/不登校対応の確認,保護者,B,カテゴリ競合×比較/評判/料金/乗換え/特性,中,③B カテゴリ競合,栄光の個別ビザビ,,,,UNSPECIFIED,ブランド・指名検索,KWP_CompetitorKeywordSeed
39611,ビザビ 安い,CORE,代表,C19579,1,ビザビ 安い,競合の比較検討（評判・料金）,保護者,B,カテゴリ競合×比較/評判/料金/乗換え/特性,中,③B カテゴリ競合,栄光の個別ビザビ,,,,UNSPECIFIED,比較検討・料金・申込 | ブランド・指名検索,KWP_CompetitorKeywordSeed
39724,栄光 ビザビ 安い,CORE,代表,C19580,1,栄光 ビザビ 安い,競合の比較検討（評判・料金）,保護者,B,カテゴリ競合×比較/評判/料金/乗換え/特性,中,③B カテゴリ競合,栄光の個別ビザビ,,,,UNSPECIFIED,比較検討・料金・申込 | ブランド・指名検索,KWP_CompetitorKeywordSeed
39604,ビザビ 料金 小学生,CORE,代表,C19582,1,ビザビ 料金 小学生,競合の比較検討（評判・料金）,保護者,B,カテゴリ競合×比較/評判/料金/乗換え/特性,中,③B カテゴリ競合,栄光の個別ビザビ,10,,,HIGH,比較検討・料金・申込 | ブランド・指名検索,KWP_CompetitorKeywordSeed || Google_competitor_suggest
47995,ビザビ 岡山 評判,CORE,代表,C19586,1,ビザビ 岡山 評判,競合の比較検討（評判・料金）,保護者,B,カテゴリ競合×比較/評判/料金/乗換え/特性,中,③B カテゴリ競合,栄光の個別ビザビ,40,,,LOW,比較検討・料金・申込 | ブランド・指名検索,Google_competitor_suggest
39623,ビザビ 後悔,CORE,代表,C19587,1,ビザビ 後悔,競合の不満・乗り換え,保護者,B,カテゴリ競合×比較/評判/料金/乗換え/特性,中,③B カテゴリ競合,栄光の個別ビザビ,,,,UNSPECIFIED,比較検討・料金・申込 | ブランド・指名検索,KWP_CompetitorKeywordSeed
39739,栄光 ビザビ 後悔,CORE,代表,C19588,1,栄光 ビザビ 後悔,競合の不満・乗り換え,保護者,B,カテゴリ競合×比較/評判/料金/乗換え/特性,中,③B カテゴリ競合,栄光の個別ビザビ,,,,UNSPECIFIED,比較検討・料金・申込 | ブランド・指名検索,KWP_CompetitorKeywordSeed
39620,ビザビ 怪しい,CORE,代表,C19589,1,ビザビ 怪しい,競合の不満・乗り換え,保護者,B,カテゴリ競合×比較/評判/料金/乗換え/特性,中,③B カテゴリ競合,栄光の個別ビザビ,,,,UNSPECIFIED,比較検討・料金・申込 | ブランド・指名検索,KWP_CompetitorKeywordSeed
39736,栄光 ビザビ 怪しい,CORE,代表,C19590,1,栄光 ビザビ 怪しい,競合の不満・乗り換え,保護者,B,カテゴリ競合×比較/評判/料金/乗換え/特性,中,③B カテゴリ競合,栄光の個別ビザビ,,,,UNSPECIFIED,比較検討・料金・申込 | ブランド・指名検索,KWP_CompetitorKeywordSeed
39596,ビザビ 感想,CORE,代表,C19592,1,ビザビ 感想,競合の比較検討（評判・料金）,保護者,B,カテゴリ競合×比較/評判/料金/乗換え/特性,中,③B カテゴリ競合,栄光の個別ビザビ,,,,UNSPECIFIED,比較検討・料金・申込 | ブランド・指名検索,KWP_CompetitorKeywordSeed
39716,栄光 ビザビ 感想,CORE,代表,C19593,1,栄光 ビザビ 感想,競合の比較検討（評判・料金）,保護者,B,カテゴリ競合×比較/評判/料金/乗換え/特性,中,③B カテゴリ競合,栄光の個別ビザビ,,,,UNSPECIFIED,比較検討・料金・申込 | ブランド・指名検索,KWP_CompetitorKeywordSeed
39598,ビザビ 料金,CORE,代表,C19598,4,ビザビ 料金,競合の比較検討（評判・料金）,保護者,B,カテゴリ競合×比較/評判/料金/乗換え/特性,中,③B カテゴリ競合,栄光の個別ビザビ,90,132.0,2072.0,MEDIUM,比較検討・料金・申込 | ブランド・指名検索,KWP_CompetitorKeywordSeed || Google_competitor_suggest || CompetitorMatrix
39577,栄光 ビザビ 料金,CORE,代表,C19599,7,栄光 ビザビ 料金,競合の比較検討（評判・料金）,保護者,B,カテゴリ競合×比較/評判/料金/乗換え/特性,中,③B カテゴリ競合,栄光の個別ビザビ,140,137.0,1940.0,LOW,比較検討・料金・申込 | ブランド・指名検索,KWP_CompetitorKeywordSeed || Google_competitor_suggest
3643,栄光 ビザビ 料金 高校生,CORE,代表,C19600,1,栄光 ビザビ 料金 高校生,競合の比較検討（評判・料金）,保護者,B,カテゴリ競合×比較/評判/料金/乗換え/特性,中,③B カテゴリ競合,栄光の個別ビザビ,10,74.0,671.0,MEDIUM,比較検討・料金・申込 | ブランド・指名検索,KWP_KeywordSeed || KWP_CompetitorKeywordSeed || Google_competitor_suggest
67870,ビザビ 料金表,CORE,代表,C19601,1,ビザビ 料金表,競合の比較検討（評判・料金）,保護者,B,カテゴリ競合×比較/評判/料金/乗換え/特性,中,③B カテゴリ競合,栄光の個別ビザビ,10,,,UNSPECIFIED,比較検討・料金・申込 | ブランド・指名検索,CompetitorMatrix
39621,ビザビ 最悪,CORE,代表,C19604,1,ビザビ 最悪,競合の不満・乗り換え,保護者,B,カテゴリ競合×比較/評判/料金/乗換え/特性,中,③B カテゴリ競合,栄光の個別ビザビ,,,,UNSPECIFIED,比較検討・料金・申込 | ブランド・指名検索,KWP_CompetitorKeywordSeed
39737,栄光 ビザビ 最悪,CORE,代表,C19605,1,栄光 ビザビ 最悪,競合の不満・乗り換え,保護者,B,カテゴリ競合×比較/評判/料金/乗換え/特性,中,③B カテゴリ競合,栄光の個別ビザビ,,,,UNSPECIFIED,比較検討・料金・申込 | ブランド・指名検索,KWP_CompetitorKeywordSeed
39728,栄光 ビザビ 比較,CORE,代表,C19609,1,栄光 ビザビ 比較,競合の比較検討（評判・料金）,保護者,B,カテゴリ競合×比較/評判/料金/乗換え/特性,中,③B カテゴリ競合,栄光の個別ビザビ,,,,UNSPECIFIED,比較検討・料金・申込 | ブランド・指名検索,KWP_CompetitorKeywordSeed
39750,栄光 ビザビ 申し込み,CORE,代表,C19613,1,栄光 ビザビ 申し込み,競合の比較検討（評判・料金）,保護者,B,カテゴリ競合×比較/評判/料金/乗換え/特性,中,③B カテゴリ競合,栄光の個別ビザビ,,,,UNSPECIFIED,比較検討・料金・申込 | ブランド・指名検索,KWP_CompetitorKeywordSeed
39744,栄光 ビザビ 解約,CORE,代表,C19615,1,栄光 ビザビ 解約,競合の不満・乗り換え,保護者,B,カテゴリ競合×比較/評判/料金/乗換え/特性,中,③B カテゴリ競合,栄光の個別ビザビ,,,,UNSPECIFIED,比較検討・料金・申込 | ブランド・指名検索,KWP_CompetitorKeywordSeed
39717,栄光 ビザビ 評価,CORE,代表,C19616,1,栄光 ビザビ 評価,競合の比較検討（評判・料金）,保護者,B,カテゴリ競合×比較/評判/料金/乗換え/特性,中,③B カテゴリ競合,栄光の個別ビザビ,,,,UNSPECIFIED,比較検討・料金・申込 | ブランド・指名検索,KWP_CompetitorKeywordSeed
39581,栄光 ビザビ 評判,CORE,代表,C19617,2,栄光 ビザビ 評判,競合の比較検討（評判・料金）,保護者,B,カテゴリ競合×比較/評判/料金/乗換え/特性,中,③B カテゴリ競合,栄光の個別ビザビ,10,,,LOW,比較検討・料金・申込 | ブランド・指名検索,KWP_CompetitorKeywordSeed || Google_competitor_suggest
39749,栄光 ビザビ 資料 請求,CORE,代表,C19618,1,栄光 ビザビ 資料 請求,競合の比較検討（評判・料金）,保護者,B,カテゴリ競合×比較/評判/料金/乗換え/特性,中,③B カテゴリ競合,栄光の個別ビザビ,,,,UNSPECIFIED,比較検討・料金・申込 | ブランド・指名検索,KWP_CompetitorKeywordSeed
39718,栄光 ビザビ 費用,CORE,代表,C19620,1,栄光 ビザビ 費用,競合の比較検討（評判・料金）,保護者,B,カテゴリ競合×比較/評判/料金/乗換え/特性,中,③B カテゴリ競合,栄光の個別ビザビ,,,,UNSPECIFIED,比較検討・料金・申込 | ブランド・指名検索,KWP_CompetitorKeywordSeed
39624,栄光 ビザビ 退会,CORE,代表,C19621,2,栄光 ビザビ 退会,競合の不満・乗り換え,保護者,B,カテゴリ競合×比較/評判/料金/乗換え/特性,中,③B カテゴリ競合,栄光の個別ビザビ,10,,,LOW,合わない・断られた・乗り換え | ブランド・指名検索,KWP_CompetitorKeywordSeed
39723,栄光 ビザビ 高い,CORE,代表,C19623,1,栄光 ビザビ 高い,競合の比較検討（評判・料金）,保護者,B,カテゴリ競合×比較/評判/料金/乗換え/特性,中,③B カテゴリ競合,栄光の個別ビザビ,,,,UNSPECIFIED,比較検討・料金・申込 | ブランド・指名検索,KWP_CompetitorKeywordSeed
39612,ビザビ 比較,CORE,代表,C19627,1,ビザビ 比較,競合の比較検討（評判・料金）,保護者,B,カテゴリ競合×比較/評判/料金/乗換え/特性,中,③B カテゴリ競合,栄光の個別ビザビ,,,,UNSPECIFIED,比較検討・料金・申込 | ブランド・指名検索,KWP_CompetitorKeywordSeed
39636,ビザビ 申し込み,CORE,代表,C19631,1,ビザビ 申し込み,競合の比較検討（評判・料金）,保護者,B,カテゴリ競合×比較/評判/料金/乗換え/特性,中,③B カテゴリ競合,栄光の個別ビザビ,,,,UNSPECIFIED,比較検討・料金・申込 | ブランド・指名検索,KWP_CompetitorKeywordSeed
39630,ビザビ 解約,CORE,代表,C19637,1,ビザビ 解約,競合の不満・乗り換え,保護者,B,カテゴリ競合×比較/評判/料金/乗換え/特性,中,③B カテゴリ競合,栄光の個別ビザビ,,,,UNSPECIFIED,比較検討・料金・申込 | ブランド・指名検索,KWP_CompetitorKeywordSeed
39597,ビザビ 評価,CORE,代表,C19638,1,ビザビ 評価,競合の比較検討（評判・料金）,保護者,B,カテゴリ競合×比較/評判/料金/乗換え/特性,中,③B カテゴリ競合,栄光の個別ビザビ,,,,UNSPECIFIED,比較検討・料金・申込 | ブランド・指名検索,KWP_CompetitorKeywordSeed
39576,ビザビ 評判,CORE,代表,C19639,1,ビザビ 評判,競合の比較検討（評判・料金）,保護者,B,カテゴリ競合×比較/評判/料金/乗換え/特性,中,③B カテゴリ競合,栄光の個別ビザビ,20,,,LOW,比較検討・料金・申込 | ブランド・指名検索,KWP_CompetitorKeywordSeed || Google_competitor_suggest || CompetitorMatrix
39635,ビザビ 資料 請求,CORE,代表,C19640,1,ビザビ 資料 請求,競合の比較検討（評判・料金）,保護者,B,カテゴリ競合×比較/評判/料金/乗換え/特性,中,③B カテゴリ競合,栄光の個別ビザビ,,,,UNSPECIFIED,比較検討・料金・申込 | ブランド・指名検索,KWP_CompetitorKeywordSeed
39599,ビザビ 費用,CORE,代表,C19641,1,ビザビ 費用,競合の比較検討（評判・料金）,保護者,B,カテゴリ競合×比較/評判/料金/乗換え/特性,中,③B カテゴリ競合,栄光の個別ビザビ,10,,,UNSPECIFIED,比較検討・料金・申込 | ブランド・指名検索,KWP_CompetitorKeywordSeed || CompetitorMatrix
39629,ビザビ 退会,CORE,代表,C19642,1,ビザビ 退会,競合の不満・乗り換え,保護者,B,カテゴリ競合×比較/評判/料金/乗換え/特性,中,③B カテゴリ競合,栄光の個別ビザビ,,,,UNSPECIFIED,合わない・断られた・乗り換え | ブランド・指名検索,KWP_CompetitorKeywordSeed
39610,ビザビ 高い,CORE,代表,C19645,1,ビザビ 高い,競合の比較検討（評判・料金）,保護者,B,カテゴリ競合×比較/評判/料金/乗換え/特性,中,③B カテゴリ競合,栄光の個別ビザビ,,,,UNSPECIFIED,比較検討・料金・申込 | ブランド・指名検索,KWP_CompetitorKeywordSeed
39638,ビザビ グレー ゾーン,CORE,代表,C19649,1,ビザビ グレー ゾーン,競合×特性/不登校対応の確認,保護者,B,カテゴリ競合×比較/評判/料金/乗換え/特性,中,③B カテゴリ競合,栄光の個別ビザビ,,,,UNSPECIFIED,ブランド・指名検索,KWP_CompetitorKeywordSeed
39654,ビザビ グレー ゾーン 口コミ,CORE,代表,C19650,1,ビザビ グレー ゾーン 口コミ,競合の比較検討（評判・料金）,保護者,B,カテゴリ競合×比較/評判/料金/乗換え/特性,中,③B カテゴリ競合,栄光の個別ビザビ,,,,UNSPECIFIED,比較検討・料金・申込 | ブランド・指名検索,KWP_CompetitorKeywordSeed
39666,ビザビ グレー ゾーン 料金,CORE,代表,C19651,1,ビザビ グレー ゾーン 料金,競合の比較検討（評判・料金）,保護者,B,カテゴリ競合×比較/評判/料金/乗換え/特性,中,③B カテゴリ競合,栄光の個別ビザビ,,,,UNSPECIFIED,比較検討・料金・申込 | ブランド・指名検索,KWP_CompetitorKeywordSeed
39752,栄光 ビザビ グレー ゾーン,CORE,代表,C19652,1,栄光 ビザビ グレー ゾーン,競合×特性/不登校対応の確認,保護者,B,カテゴリ競合×比較/評判/料金/乗換え/特性,中,③B カテゴリ競合,栄光の個別ビザビ,,,,UNSPECIFIED,ブランド・指名検索,KWP_CompetitorKeywordSeed
39660,ビザビ グレー ゾーン 評判,CORE,代表,C19653,1,ビザビ グレー ゾーン 評判,競合の比較検討（評判・料金）,保護者,B,カテゴリ競合×比較/評判/料金/乗換え/特性,中,③B カテゴリ競合,栄光の個別ビザビ,,,,UNSPECIFIED,比較検討・料金・申込 | ブランド・指名検索,KWP_CompetitorKeywordSeed
39594,ビザビ レビュー,CORE,代表,C19664,1,ビザビ レビュー,競合の比較検討（評判・料金）,保護者,B,カテゴリ競合×比較/評判/料金/乗換え/特性,中,③B カテゴリ競合,栄光の個別ビザビ,,,,UNSPECIFIED,比較検討・料金・申込 | ブランド・指名検索,KWP_CompetitorKeywordSeed
39714,栄光 ビザビ レビュー,CORE,代表,C19665,1,栄光 ビザビ レビュー,競合の比較検討（評判・料金）,保護者,B,カテゴリ競合×比較/評判/料金/乗換え/特性,中,③B カテゴリ競合,栄光の個別ビザビ,,,,UNSPECIFIED,比較検討・料金・申込 | ブランド・指名検索,KWP_CompetitorKeywordSeed
2532,ファロス 個別 指導 学院 料金,CORE,代表,C19702,2,ファロス 個別 指導 学院 料金,競合の比較検討（評判・料金）,保護者,B,カテゴリ競合×比較/評判/料金/乗換え/特性,中,③B カテゴリ競合,ファロス個別指導学院,70,141.0,338.0,MEDIUM,サービス探し（家庭教師・塾・支援） | 比較検討・料金・申込 | ブランド・指名検索,KWP_KeywordSeed
3325,ファロス 個別 指導 料金,CORE,代表,C19703,1,ファロス 個別 指導 料金,競合の比較検討（評判・料金）,保護者,B,カテゴリ競合×比較/評判/料金/乗換え/特性,中,③B カテゴリ競合,ファロス個別指導学院,10,,,HIGH,サービス探し（家庭教師・塾・支援） | 比較検討・料金・申込 | ブランド・指名検索,KWP_KeywordSeed
3096,ファロス 個別 料金,CORE,代表,C19704,1,ファロス 個別 料金,競合の比較検討（評判・料金）,保護者,B,カテゴリ競合×比較/評判/料金/乗換え/特性,中,③B カテゴリ競合,ファロス個別指導学院,10,,,MEDIUM,比較検討・料金・申込 | ブランド・指名検索,KWP_KeywordSeed
3474,ファロス 塾 料金,CORE,代表,C19705,1,ファロス 塾 料金,競合の比較検討（評判・料金）,保護者,B,カテゴリ競合×比較/評判/料金/乗換え/特性,中,③B カテゴリ競合,ファロス個別指導学院,10,,,HIGH,サービス探し（家庭教師・塾・支援） | 比較検討・料金・申込 | ブランド・指名検索,KWP_KeywordSeed
3318,ファロス 夏期 講習 料金,CORE,代表,C19706,1,ファロス 夏期 講習 料金,競合の比較検討（評判・料金）,保護者,B,カテゴリ競合×比較/評判/料金/乗換え/特性,中,③B カテゴリ競合,ファロス個別指導学院,10,,,LOW,比較検討・料金・申込 | 学習のやり方・学習課題 | ブランド・指名検索,KWP_KeywordSeed
32829,家庭 教師 ファースト レビュー,CORE,代表,C19712,3,家庭 教師 ファースト レビュー,競合の比較検討（評判・料金）,保護者,B,カテゴリ競合×比較/評判/料金/乗換え/特性,中,③B カテゴリ競合,家庭教師ファースト,20,,,LOW,サービス探し（家庭教師・塾・支援） | 比較検討・料金・申込 | ブランド・指名検索,KWP_CompetitorKeywordSeed
32886,家庭 教師 ファースト 不 登校 口コミ,CORE,代表,C19713,1,家庭 教師 ファースト 不 登校 口コミ,競合の比較検討（評判・料金）,保護者,B,特性/不登校×家庭教師・塾・個別,高,③B カテゴリ競合,家庭教師ファースト,,,,UNSPECIFIED,サービス探し（家庭教師・塾・支援） | 比較検討・料金・申込 | 学校生活・不登校・学校種別 | ブランド・指名検索,KWP_CompetitorKeywordSeed
32903,家庭 教師 ファースト 不 登校 料金,CORE,代表,C19714,1,家庭 教師 ファースト 不 登校 料金,競合の比較検討（評判・料金）,保護者,B,特性/不登校×家庭教師・塾・個別,高,③B カテゴリ競合,家庭教師ファースト,,,,UNSPECIFIED,サービス探し（家庭教師・塾・支援） | 比較検討・料金・申込 | 学校生活・不登校・学校種別 | ブランド・指名検索,KWP_CompetitorKeywordSeed
32872,家庭 教師 ファースト 不 登校,CORE,代表,C19715,2,家庭 教師 ファースト 不 登校,競合×特性/不登校対応の確認,保護者,B,特性/不登校×家庭教師・塾・個別,高,③B カテゴリ競合,家庭教師ファースト,,,,UNSPECIFIED,サービス探し（家庭教師・塾・支援） | 学校生活・不登校・学校種別 | ブランド・指名検索,KWP_CompetitorKeywordSeed
32895,家庭 教師 ファースト 不 登校 評判,CORE,代表,C19716,1,家庭 教師 ファースト 不 登校 評判,競合の比較検討（評判・料金）,保護者,B,特性/不登校×家庭教師・塾・個別,高,③B カテゴリ競合,家庭教師ファースト,,,,UNSPECIFIED,サービス探し（家庭教師・塾・支援） | 比較検討・料金・申込 | 学校生活・不登校・学校種別 | ブランド・指名検索,KWP_CompetitorKeywordSeed
32860,家庭 教師 ファースト 体験 授業,CORE,代表,C19721,2,家庭 教師 ファースト 体験 授業,競合の比較検討（評判・料金）,保護者,B,カテゴリ競合×比較/評判/料金/乗換え/特性,中,③B カテゴリ競合,家庭教師ファースト,,,,UNSPECIFIED,サービス探し（家庭教師・塾・支援） | 比較検討・料金・申込 | 学習のやり方・学習課題 | ブランド・指名検索,KWP_CompetitorKeywordSeed
32859,家庭 教師 ファースト 体験,CORE,代表,C19722,2,家庭 教師 ファースト 体験,競合の比較検討（評判・料金）,保護者,B,カテゴリ競合×比較/評判/料金/乗換え/特性,中,③B カテゴリ競合,家庭教師ファースト,,,,UNSPECIFIED,サービス探し（家庭教師・塾・支援） | 比較検討・料金・申込 | ブランド・指名検索,KWP_CompetitorKeywordSeed
32858,家庭 教師 ファースト 無料 体験,CORE,代表,C19723,2,家庭 教師 ファースト 無料 体験,競合の比較検討（評判・料金）,保護者,B,カテゴリ競合×比較/評判/料金/乗換え/特性,中,③B カテゴリ競合,家庭教師ファースト,,,,UNSPECIFIED,サービス探し（家庭教師・塾・支援） | 比較検討・料金・申込 | ブランド・指名検索,KWP_CompetitorKeywordSeed
32830,家庭 教師 ファースト 体験 談,CORE,代表,C19724,2,家庭 教師 ファースト 体験 談,競合の比較検討（評判・料金）,保護者,B,カテゴリ競合×比較/評判/料金/乗換え/特性,中,③B カテゴリ競合,家庭教師ファースト,,,,UNSPECIFIED,サービス探し（家庭教師・塾・支援） | 比較検討・料金・申込 | ブランド・指名検索,KWP_CompetitorKeywordSeed
32864,家庭 教師 ファースト 入会,CORE,代表,C19734,2,家庭 教師 ファースト 入会,競合の比較検討（評判・料金）,保護者,B,カテゴリ競合×比較/評判/料金/乗換え/特性,中,③B カテゴリ競合,家庭教師ファースト,,,,UNSPECIFIED,サービス探し（家庭教師・塾・支援） | 比較検討・料金・申込 | ブランド・指名検索,KWP_CompetitorKeywordSeed
32836,家庭 教師 ファースト 入会 金,CORE,代表,C19735,2,家庭 教師 ファースト 入会 金,競合の比較検討（評判・料金）,保護者,B,カテゴリ競合×比較/評判/料金/乗換え/特性,中,③B カテゴリ競合,家庭教師ファースト,,,,UNSPECIFIED,サービス探し（家庭教師・塾・支援） | 比較検討・料金・申込 | ブランド・指名検索,KWP_CompetitorKeywordSeed
32885,家庭 教師 ファースト 境界 知能 口コミ,CORE,代表,C19739,1,家庭 教師 ファースト 境界 知能 口コミ,競合の比較検討（評判・料金）,保護者,B,特性/不登校×家庭教師・塾・個別,高,③B カテゴリ競合,家庭教師ファースト,,,,UNSPECIFIED,サービス探し（家庭教師・塾・支援） | 比較検討・料金・申込 | ブランド・指名検索,KWP_CompetitorKeywordSeed
32883,家庭 教師 ファースト ld 口コミ,CORE,代表,C19740,2,家庭 教師 ファースト ld 口コミ,競合の比較検討（評判・料金）,保護者,B,特性/不登校×家庭教師・塾・個別,高,③B カテゴリ競合,家庭教師ファースト,,,,UNSPECIFIED,サービス探し（家庭教師・塾・支援） | 比較検討・料金・申込 | ブランド・指名検索,KWP_CompetitorKeywordSeed
32806,家庭 教師 ファースト 口コミ,CORE,代表,C19742,5,家庭 教師 ファースト 口コミ,競合の比較検討（評判・料金）,保護者,B,カテゴリ競合×比較/評判/料金/乗換え/特性,中,③B カテゴリ競合,家庭教師ファースト,210,291.0,999.0,MEDIUM,サービス探し（家庭教師・塾・支援） | 比較検討・料金・申込 | ブランド・指名検索,KWP_CompetitorKeywordSeed
3692,家庭 教師 ファースト 発達 障害 口コミ,CORE,代表,C19743,3,家庭 教師 ファースト 発達 障害 口コミ,競合の比較検討（評判・料金）,保護者,B,特性/不登校×家庭教師・塾・個別,高,③B カテゴリ競合,家庭教師ファースト,20,212.0,549.0,MEDIUM,サービス探し（家庭教師・塾・支援） | 比較検討・料金・申込 | ブランド・指名検索,KWP_KeywordSeed || KWP_CompetitorKeywordSeed
32902,家庭 教師 ファースト 境界 知能 料金,CORE,代表,C19745,1,家庭 教師 ファースト 境界 知能 料金,競合の比較検討（評判・料金）,保護者,B,特性/不登校×家庭教師・塾・個別,高,③B カテゴリ競合,家庭教師ファースト,,,,UNSPECIFIED,サービス探し（家庭教師・塾・支援） | 比較検討・料金・申込 | ブランド・指名検索,KWP_CompetitorKeywordSeed
32871,家庭 教師 ファースト 境界 知能,CORE,代表,C19746,2,家庭 教師 ファースト 境界 知能,競合×特性/不登校対応の確認,保護者,B,特性/不登校×家庭教師・塾・個別,高,③B カテゴリ競合,家庭教師ファースト,,,,UNSPECIFIED,サービス探し（家庭教師・塾・支援） | ブランド・指名検索,KWP_CompetitorKeywordSeed
32894,家庭 教師 ファースト 境界 知能 評判,CORE,代表,C19747,1,家庭 教師 ファースト 境界 知能 評判,競合の比較検討（評判・料金）,保護者,B,特性/不登校×家庭教師・塾・個別,高,③B カテゴリ競合,家庭教師ファースト,,,,UNSPECIFIED,サービス探し（家庭教師・塾・支援） | 比較検討・料金・申込 | ブランド・指名検索,KWP_CompetitorKeywordSeed
32850,家庭 教師 ファースト 失敗,CORE,代表,C19748,2,家庭 教師 ファースト 失敗,競合の不満・乗り換え,保護者,B,カテゴリ競合×比較/評判/料金/乗換え/特性,中,③B カテゴリ競合,家庭教師ファースト,,,,UNSPECIFIED,サービス探し（家庭教師・塾・支援） | 比較検討・料金・申込 | ブランド・指名検索,KWP_CompetitorKeywordSeed
32900,家庭 教師 ファースト ld 料金,CORE,代表,C19749,2,家庭 教師 ファースト ld 料金,競合の比較検討（評判・料金）,保護者,B,特性/不登校×家庭教師・塾・個別,高,③B カテゴリ競合,家庭教師ファースト,,,,UNSPECIFIED,サービス探し（家庭教師・塾・支援） | 比較検討・料金・申込 | ブランド・指名検索,KWP_CompetitorKeywordSeed
32892,家庭 教師 ファースト ld 評判,CORE,代表,C19750,2,家庭 教師 ファースト ld 評判,競合の比較検討（評判・料金）,保護者,B,特性/不登校×家庭教師・塾・個別,高,③B カテゴリ競合,家庭教師ファースト,,,,UNSPECIFIED,サービス探し（家庭教師・塾・支援） | 比較検討・料金・申込 | ブランド・指名検索,KWP_CompetitorKeywordSeed
32869,家庭 教師 ファースト ld,CORE,代表,C19751,4,家庭 教師 ファースト ld,競合×特性/不登校対応の確認,保護者,B,特性/不登校×家庭教師・塾・個別,高,③B カテゴリ競合,家庭教師ファースト,,,,UNSPECIFIED,サービス探し（家庭教師・塾・支援） | ブランド・指名検索,KWP_CompetitorKeywordSeed
32839,家庭 教師 ファースト 安い,CORE,代表,C19752,2,家庭 教師 ファースト 安い,競合の比較検討（評判・料金）,保護者,B,カテゴリ競合×比較/評判/料金/乗換え/特性,中,③B カテゴリ競合,家庭教師ファースト,,,,UNSPECIFIED,サービス探し（家庭教師・塾・支援） | 比較検討・料金・申込 | ブランド・指名検索,KWP_CompetitorKeywordSeed
32851,家庭 教師 ファースト 後悔,CORE,代表,C19754,2,家庭 教師 ファースト 後悔,競合の不満・乗り換え,保護者,B,カテゴリ競合×比較/評判/料金/乗換え/特性,中,③B カテゴリ競合,家庭教師ファースト,,,,UNSPECIFIED,サービス探し（家庭教師・塾・支援） | 比較検討・料金・申込 | ブランド・指名検索,KWP_CompetitorKeywordSeed
32848,家庭 教師 ファースト 怪しい,CORE,代表,C19755,2,家庭 教師 ファースト 怪しい,競合の不満・乗り換え,保護者,B,カテゴリ競合×比較/評判/料金/乗換え/特性,中,③B カテゴリ競合,家庭教師ファースト,,,,UNSPECIFIED,サービス探し（家庭教師・塾・支援） | 比較検討・料金・申込 | ブランド・指名検索,KWP_CompetitorKeywordSeed
32831,家庭 教師 ファースト 感想,CORE,代表,C19756,2,家庭 教師 ファースト 感想,競合の比較検討（評判・料金）,保護者,B,カテゴリ競合×比較/評判/料金/乗換え/特性,中,③B カテゴリ競合,家庭教師ファースト,,,,UNSPECIFIED,サービス探し（家庭教師・塾・支援） | 比較検討・料金・申込 | ブランド・指名検索,KWP_CompetitorKeywordSeed
2288,家庭 教師 ファースト 料金,CORE,代表,C19760,10,家庭 教師 ファースト 料金,競合の比較検討（評判・料金）,保護者,B,カテゴリ競合×比較/評判/料金/乗換え/特性,中,③B カテゴリ競合,家庭教師ファースト,30,203.0,473.0,MEDIUM,サービス探し（家庭教師・塾・支援） | 比較検討・料金・申込 | ブランド・指名検索,KWP_KeywordSeed || KWP_CompetitorKeywordSeed
32896,家庭 教師 ファースト 発達 障がい 料金,CORE,代表,C19761,1,家庭 教師 ファースト 発達 障がい 料金,競合の比較検討（評判・料金）,保護者,B,特性/不登校×家庭教師・塾・個別,高,③B カテゴリ競合,家庭教師ファースト,,,,UNSPECIFIED,サービス探し（家庭教師・塾・支援） | 比較検討・料金・申込 | ブランド・指名検索,KWP_CompetitorKeywordSeed
32849,家庭 教師 ファースト 最悪,CORE,代表,C19762,2,家庭 教師 ファースト 最悪,競合の不満・乗り換え,保護者,B,カテゴリ競合×比較/評判/料金/乗換え/特性,中,③B カテゴリ競合,家庭教師ファースト,,,,UNSPECIFIED,サービス探し（家庭教師・塾・支援） | 比較検討・料金・申込 | ブランド・指名検索,KWP_CompetitorKeywordSeed
32840,家庭 教師 ファースト 比較,CORE,代表,C19764,2,家庭 教師 ファースト 比較,競合の比較検討（評判・料金）,保護者,B,カテゴリ競合×比較/評判/料金/乗換え/特性,中,③B カテゴリ競合,家庭教師ファースト,,,,UNSPECIFIED,サービス探し（家庭教師・塾・支援） | 比較検討・料金・申込 | ブランド・指名検索,KWP_CompetitorKeywordSeed
32863,家庭 教師 ファースト 申し込み,CORE,代表,C19767,2,家庭 教師 ファースト 申し込み,競合の比較検討（評判・料金）,保護者,B,カテゴリ競合×比較/評判/料金/乗換え/特性,中,③B カテゴリ競合,家庭教師ファースト,,,,UNSPECIFIED,サービス探し（家庭教師・塾・支援） | 比較検討・料金・申込 | ブランド・指名検索,KWP_CompetitorKeywordSeed
32887,家庭 教師 ファースト 発達 障害 評判,CORE,代表,C19768,2,家庭 教師 ファースト 発達 障害 評判,競合の比較検討（評判・料金）,保護者,B,特性/不登校×家庭教師・塾・個別,高,③B カテゴリ競合,家庭教師ファースト,,,,UNSPECIFIED,サービス探し（家庭教師・塾・支援） | 比較検討・料金・申込 | ブランド・指名検索,KWP_CompetitorKeywordSeed
17,家庭 教師 ファースト 発達 障害,CORE,代表,C19769,5,家庭 教師 ファースト 発達 障害,競合×特性/不登校対応の確認,保護者,B,特性/不登校×家庭教師・塾・個別,高,③B カテゴリ競合,家庭教師ファースト,30,215.0,497.0,MEDIUM,サービス探し（家庭教師・塾・支援） | ブランド・指名検索,KWP_KeywordSeed || KWP_CompetitorKeywordSeed
20208,家庭 教師 ファースト 知恵袋,CORE,代表,C19771,2,家庭 教師 ファースト 知恵袋,競合の比較検討（評判・料金）,保護者,B,カテゴリ競合×比較/評判/料金/乗換え/特性,中,③B カテゴリ競合,家庭教師ファースト,30,741.0,1458.0,LOW,サービス探し（家庭教師・塾・支援） | 比較検討・料金・申込 | ブランド・指名検索,KWP_UrlSeed
32948,家庭 教師 の ファースト 自 閉 症,CORE,代表,C19772,1,家庭 教師 の ファースト 自 閉 症,競合×特性/不登校対応の確認,保護者,B,特性/不登校×家庭教師・塾・個別,高,③B カテゴリ競合,家庭教師ファースト,,,,UNSPECIFIED,サービス探し（家庭教師・塾・支援） | ブランド・指名検索,KWP_CompetitorKeywordSeed
32856,家庭 教師 ファースト 解約,CORE,代表,C19773,2,家庭 教師 ファースト 解約,競合の不満・乗り換え,保護者,B,カテゴリ競合×比較/評判/料金/乗換え/特性,中,③B カテゴリ競合,家庭教師ファースト,,,,UNSPECIFIED,サービス探し（家庭教師・塾・支援） | 比較検討・料金・申込 | ブランド・指名検索,KWP_CompetitorKeywordSeed
32828,家庭 教師 ファースト 評価,CORE,代表,C19774,3,家庭 教師 ファースト 評価,競合の比較検討（評判・料金）,保護者,B,カテゴリ競合×比較/評判/料金/乗換え/特性,中,③B カテゴリ競合,家庭教師ファースト,10,,,UNSPECIFIED,サービス探し（家庭教師・塾・支援） | 比較検討・料金・申込 | ブランド・指名検索,KWP_CompetitorKeywordSeed
32805,家庭 教師 ファースト 評判,CORE,代表,C19776,4,家庭 教師 ファースト 評判,競合の比較検討（評判・料金）,保護者,B,カテゴリ競合×比較/評判/料金/乗換え/特性,中,③B カテゴリ競合,家庭教師ファースト,90,313.0,871.0,LOW,サービス探し（家庭教師・塾・支援） | 比較検討・料金・申込 | ブランド・指名検索,KWP_CompetitorKeywordSeed
32862,家庭 教師 ファースト 資料 請求,CORE,代表,C19777,2,家庭 教師 ファースト 資料 請求,競合の比較検討（評判・料金）,保護者,B,カテゴリ競合×比較/評判/料金/乗換え/特性,中,③B カテゴリ競合,家庭教師ファースト,,,,UNSPECIFIED,サービス探し（家庭教師・塾・支援） | 比較検討・料金・申込 | ブランド・指名検索,KWP_CompetitorKeywordSeed
32832,家庭 教師 ファースト 費用,CORE,代表,C19778,2,家庭 教師 ファースト 費用,競合の比較検討（評判・料金）,保護者,B,カテゴリ競合×比較/評判/料金/乗換え/特性,中,③B カテゴリ競合,家庭教師ファースト,,,,UNSPECIFIED,サービス探し（家庭教師・塾・支援） | 比較検討・料金・申込 | ブランド・指名検索,KWP_CompetitorKeywordSeed
20209,家庭 教師 ファースト 退会,CORE,代表,C19779,3,家庭 教師 ファースト 退会,競合の不満・乗り換え,保護者,B,カテゴリ競合×比較/評判/料金/乗換え/特性,中,③B カテゴリ競合,家庭教師ファースト,10,,,LOW,サービス探し（家庭教師・塾・支援） | 合わない・断られた・乗り換え | ブランド・指名検索,KWP_UrlSeed || KWP_CompetitorKeywordSeed
32838,家庭 教師 ファースト 高い,CORE,代表,C19783,2,家庭 教師 ファースト 高い,競合の比較検討（評判・料金）,保護者,B,カテゴリ競合×比較/評判/料金/乗換え/特性,中,③B カテゴリ競合,家庭教師ファースト,,,,UNSPECIFIED,サービス探し（家庭教師・塾・支援） | 比較検討・料金・申込 | ブランド・指名検索,KWP_CompetitorKeywordSeed
32880,家庭 教師 ファースト グレー ゾーン 口コミ,CORE,代表,C19786,1,家庭 教師 ファースト グレー ゾーン 口コミ,競合の比較検討（評判・料金）,保護者,B,特性/不登校×家庭教師・塾・個別,高,③B カテゴリ競合,家庭教師ファースト,,,,UNSPECIFIED,サービス探し（家庭教師・塾・支援） | 比較検討・料金・申込 | ブランド・指名検索,KWP_CompetitorKeywordSeed
32866,家庭 教師 ファースト グレー ゾーン,CORE,代表,C19787,2,家庭 教師 ファースト グレー ゾーン,競合×特性/不登校対応の確認,保護者,B,特性/不登校×家庭教師・塾・個別,高,③B カテゴリ競合,家庭教師ファースト,,,,UNSPECIFIED,サービス探し（家庭教師・塾・支援） | ブランド・指名検索,KWP_CompetitorKeywordSeed
32897,家庭 教師 ファースト グレー ゾーン 料金,CORE,代表,C19788,1,家庭 教師 ファースト グレー ゾーン 料金,競合の比較検討（評判・料金）,保護者,B,特性/不登校×家庭教師・塾・個別,高,③B カテゴリ競合,家庭教師ファースト,,,,UNSPECIFIED,サービス探し（家庭教師・塾・支援） | 比較検討・料金・申込 | ブランド・指名検索,KWP_CompetitorKeywordSeed
32889,家庭 教師 ファースト グレー ゾーン 評判,CORE,代表,C19789,1,家庭 教師 ファースト グレー ゾーン 評判,競合の比較検討（評判・料金）,保護者,B,特性/不登校×家庭教師・塾・個別,高,③B カテゴリ競合,家庭教師ファースト,,,,UNSPECIFIED,サービス探し（家庭教師・塾・支援） | 比較検討・料金・申込 | ブランド・指名検索,KWP_CompetitorKeywordSeed
40384,森 塾 フォレスタ 評判,CORE,代表,C19807,1,森 塾 フォレスタ 評判,競合の比較検討（評判・料金）,保護者,B,カテゴリ競合×比較/評判/料金/乗換え/特性,中,③B カテゴリ競合,森塾,10,,,LOW,サービス探し（家庭教師・塾・支援） | 比較検討・料金・申込 | ブランド・指名検索,KWP_CompetitorKeywordSeed
9029,フリー スクール 伊藤 塾,CORE,代表,C19858,2,フリー スクール 伊藤 塾,サービス探し（特性/不登校×学習支援）,保護者,A,特性/不登校×家庭教師・塾・個別,高,②顕在,,20,,,LOW,サービス探し（家庭教師・塾・支援） | 療育・福祉・居場所 | 学校生活・不登校・学校種別,KWP_KeywordSeed
9032,フリー スクール 伊藤 幸弘 塾 費用,CORE,代表,C19859,1,フリー スクール 伊藤 幸弘 塾 費用,サービス探し（特性/不登校×学習支援）,保護者,A,特性/不登校×家庭教師・塾・個別,高,②顕在,,10,,,UNSPECIFIED,サービス探し（家庭教師・塾・支援） | 比較検討・料金・申込 | 療育・福祉・居場所 | 学校生活・不登校・学校種別,KWP_KeywordSeed
9040,フリー スクール 塾,CORE,代表,C19892,1,フリー スクール 塾,サービス探し（特性/不登校×学習支援）,保護者,A,特性/不登校×家庭教師・塾・個別,高,②顕在,,40,139.0,271.0,MEDIUM,サービス探し（家庭教師・塾・支援） | 療育・福祉・居場所 | 学校生活・不登校・学校種別,KWP_KeywordSeed
9129,類 塾 フリー スクール,CORE,代表,C19893,1,類 塾 フリー スクール,サービス探し（特性/不登校×学習支援）,保護者,A,特性/不登校×家庭教師・塾・個別,高,②顕在,,10,148.0,472.0,LOW,サービス探し（家庭教師・塾・支援） | 療育・福祉・居場所 | 学校生活・不登校・学校種別,KWP_KeywordSeed
9067,フリー スクール 選び方,CORE,代表,C19972,1,フリー スクール 選び方,不登校・学校生活,保護者（推定）,D,特性/不登校×比較・おすすめ,高,①王道,,20,,,LOW,比較検討・料金・申込 | 療育・福祉・居場所 | 学校生活・不登校・学校種別,KWP_KeywordSeed
9017,フリー スクール ハーベスト,CORE,代表,C19989,1,フリー スクール ハーベスト,不登校・学校生活,保護者（推定）,D,特性/不登校×比較・おすすめ,高,①王道,,10,,,UNSPECIFIED,療育・福祉・居場所 | 学校生活・不登校・学校種別,KWP_KeywordSeed
41676,フリー ステップ グレー ゾーン,CORE,代表,C19998,1,フリー ステップ グレー ゾーン,競合×特性/不登校対応の確認,保護者,B,カテゴリ競合×比較/評判/料金/乗換え/特性,中,③B カテゴリ競合,フリーステップ,,,,UNSPECIFIED,ブランド・指名検索,KWP_CompetitorKeywordSeed
41684,フリー ステップ グレー ゾーン 口コミ,CORE,代表,C19999,1,フリー ステップ グレー ゾーン 口コミ,競合の比較検討（評判・料金）,保護者,B,カテゴリ競合×比較/評判/料金/乗換え/特性,中,③B カテゴリ競合,フリーステップ,,,,UNSPECIFIED,比較検討・料金・申込 | ブランド・指名検索,KWP_CompetitorKeywordSeed
41696,フリー ステップ グレー ゾーン 料金,CORE,代表,C20000,1,フリー ステップ グレー ゾーン 料金,競合の比較検討（評判・料金）,保護者,B,カテゴリ競合×比較/評判/料金/乗換え/特性,中,③B カテゴリ競合,フリーステップ,,,,UNSPECIFIED,比較検討・料金・申込 | ブランド・指名検索,KWP_CompetitorKeywordSeed
41690,フリー ステップ グレー ゾーン 評判,CORE,代表,C20001,1,フリー ステップ グレー ゾーン 評判,競合の比較検討（評判・料金）,保護者,B,カテゴリ競合×比較/評判/料金/乗換え/特性,中,③B カテゴリ競合,フリーステップ,,,,UNSPECIFIED,比較検討・料金・申込 | ブランド・指名検索,KWP_CompetitorKeywordSeed
3129,フリー ステップ サテライン 料金,CORE,代表,C20003,1,フリー ステップ サテライン 料金,競合の比較検討（評判・料金）,保護者,B,カテゴリ競合×比較/評判/料金/乗換え/特性,中,③B カテゴリ競合,フリーステップ,10,,,UNSPECIFIED,比較検討・料金・申込 | ブランド・指名検索,KWP_KeywordSeed || KWP_CompetitorKeywordSeed
48109,フリーステップ リンク ワン 口コミ,CORE,代表,C20006,1,フリーステップ リンク ワン 口コミ,競合の比較検討（評判・料金）,保護者,B,カテゴリ競合×比較/評判/料金/乗換え/特性,中,③B カテゴリ競合,フリーステップ,,,,UNSPECIFIED,比較検討・料金・申込 | ブランド・指名検索,Google_competitor_suggest
37090,明光 義塾 中学 受験 ブログ,CORE,代表,C20068,1,明光 義塾 中学 受験 ブログ,競合の比較検討（評判・料金）,保護者,B,カテゴリ競合×比較/評判/料金/乗換え/特性,中,③B カテゴリ競合,個別指導の明光義塾,10,,,LOW,サービス探し（家庭教師・塾・支援） | 比較検討・料金・申込 | 受験・進路 | ブランド・指名検索,KWP_CompetitorKeywordSeed
3636,東京 個別 指導 学院 料金 ブログ,CORE,代表,C20077,2,東京 個別 指導 学院 料金 ブログ,競合の比較検討（評判・料金）,保護者,B,カテゴリ競合×比較/評判/料金/乗換え/特性,中,③B カテゴリ競合,東京個別指導学院,10,,,LOW,サービス探し（家庭教師・塾・支援） | 比較検討・料金・申込 | ブランド・指名検索 | 地域・近くで探す,KWP_KeywordSeed || KWP_CompetitorKeywordSeed
41408,武田 塾 料金 ブログ,CORE,代表,C20090,1,武田 塾 料金 ブログ,競合の比較検討（評判・料金）,保護者,B,カテゴリ競合×比較/評判/料金/乗換え/特性,中,③B カテゴリ競合,武田塾,10,,,LOW,サービス探し（家庭教師・塾・支援） | 比較検討・料金・申込 | ブランド・指名検索,KWP_CompetitorKeywordSeed
41380,武田 塾 料金 プラン,CORE,代表,C20117,1,武田 塾 料金 プラン,競合の比較検討（評判・料金）,保護者,B,カテゴリ競合×比較/評判/料金/乗換え/特性,中,③B カテゴリ競合,武田塾,20,91.0,298.0,MEDIUM,サービス探し（家庭教師・塾・支援） | 比較検討・料金・申込 | ブランド・指名検索,KWP_CompetitorKeywordSeed
35575,プレ ステップ オンライン,CORE,代表,C20158,1,プレ ステップ オンライン,競合指名・周辺,保護者,B,直接競合（特性/不登校×1対1学習支援）,高,③A 直接競合,Preステップオンライン,70,154.0,488.0,LOW,サービス探し（家庭教師・塾・支援） | ブランド・指名検索,KWP_CompetitorKeywordSeed
35625,プレ ステップ オンライン 中学 受験,CORE,代表,C20159,1,プレ ステップ オンライン 中学 受験,競合指名・周辺,保護者,B,直接競合（特性/不登校×1対1学習支援）,高,③A 直接競合,Preステップオンライン,,,,UNSPECIFIED,サービス探し（家庭教師・塾・支援） | 受験・進路 | ブランド・指名検索,KWP_CompetitorKeywordSeed
35622,プレ ステップ オンライン 中学生,CORE,代表,C20160,1,プレ ステップ オンライン 中学生,競合指名・周辺,保護者,B,直接競合（特性/不登校×1対1学習支援）,高,③A 直接競合,Preステップオンライン,,,,UNSPECIFIED,サービス探し（家庭教師・塾・支援） | ブランド・指名検索,KWP_CompetitorKeywordSeed
35595,プレ ステップ オンライン 他社,CORE,代表,C20161,1,プレ ステップ オンライン 他社,競合指名・周辺,保護者,B,直接競合（特性/不登校×1対1学習支援）,高,③A 直接競合,Preステップオンライン,,,,UNSPECIFIED,サービス探し（家庭教師・塾・支援） | 比較検討・料金・申込 | ブランド・指名検索,KWP_CompetitorKeywordSeed
35610,プレ ステップ オンライン 体験,CORE,代表,C20162,1,プレ ステップ オンライン 体験,競合の比較検討（評判・料金）,保護者,B,直接競合（特性/不登校×1対1学習支援）,高,③A 直接競合,Preステップオンライン,,,,UNSPECIFIED,サービス探し（家庭教師・塾・支援） | 比較検討・料金・申込 | ブランド・指名検索,KWP_CompetitorKeywordSeed
35611,プレ ステップ オンライン 体験 授業,CORE,代表,C20163,1,プレ ステップ オンライン 体験 授業,競合の比較検討（評判・料金）,保護者,B,直接競合（特性/不登校×1対1学習支援）,高,③A 直接競合,Preステップオンライン,,,,UNSPECIFIED,サービス探し（家庭教師・塾・支援） | 比較検討・料金・申込 | 学習のやり方・学習課題 | ブランド・指名検索,KWP_CompetitorKeywordSeed
35609,プレ ステップ オンライン 無料 体験,CORE,代表,C20164,1,プレ ステップ オンライン 無料 体験,競合の比較検討（評判・料金）,保護者,B,直接競合（特性/不登校×1対1学習支援）,高,③A 直接競合,Preステップオンライン,,,,UNSPECIFIED,サービス探し（家庭教師・塾・支援） | 比較検討・料金・申込 | ブランド・指名検索,KWP_CompetitorKeywordSeed
35579,プレ ステップ オンライン 体験 談,CORE,代表,C20165,1,プレ ステップ オンライン 体験 談,競合の比較検討（評判・料金）,保護者,B,直接競合（特性/不登校×1対1学習支援）,高,③A 直接競合,Preステップオンライン,,,,UNSPECIFIED,サービス探し（家庭教師・塾・支援） | 比較検討・料金・申込 | ブランド・指名検索,KWP_CompetitorKeywordSeed
35615,プレ ステップ オンライン 入会,CORE,代表,C20166,1,プレ ステップ オンライン 入会,競合の比較検討（評判・料金）,保護者,B,直接競合（特性/不登校×1対1学習支援）,高,③A 直接競合,Preステップオンライン,,,,UNSPECIFIED,サービス探し（家庭教師・塾・支援） | 比較検討・料金・申込 | ブランド・指名検索,KWP_CompetitorKeywordSeed
35587,プレ ステップ オンライン 入会 金,CORE,代表,C20167,1,プレ ステップ オンライン 入会 金,競合の比較検討（評判・料金）,保護者,B,直接競合（特性/不登校×1対1学習支援）,高,③A 直接競合,Preステップオンライン,,,,UNSPECIFIED,サービス探し（家庭教師・塾・支援） | 比較検討・料金・申込 | ブランド・指名検索,KWP_CompetitorKeywordSeed
35626,プレ ステップ オンライン 大学 受験,CORE,代表,C20168,1,プレ ステップ オンライン 大学 受験,競合指名・周辺,保護者,B,直接競合（特性/不登校×1対1学習支援）,高,③A 直接競合,Preステップオンライン,,,,UNSPECIFIED,サービス探し（家庭教師・塾・支援） | 受験・進路 | ブランド・指名検索,KWP_CompetitorKeywordSeed
35624,プレ ステップ オンライン 高校 受験,CORE,代表,C20169,1,プレ ステップ オンライン 高校 受験,競合指名・周辺,保護者,B,直接競合（特性/不登校×1対1学習支援）,高,③A 直接競合,Preステップオンライン,,,,UNSPECIFIED,サービス探し（家庭教師・塾・支援） | 受験・進路 | ブランド・指名検索,KWP_CompetitorKeywordSeed
35576,プレ ステップ オンライン 口コミ,CORE,代表,C20170,1,プレ ステップ オンライン 口コミ,競合の比較検討（評判・料金）,保護者,B,直接競合（特性/不登校×1対1学習支援）,高,③A 直接競合,Preステップオンライン,,,,UNSPECIFIED,サービス探し（家庭教師・塾・支援） | 比較検討・料金・申込 | ブランド・指名検索,KWP_CompetitorKeywordSeed
35620,プレ ステップ オンライン 境界 知能,CORE,代表,C20171,1,プレ ステップ オンライン 境界 知能,競合×特性/不登校対応の確認,保護者,B,直接競合（特性/不登校×1対1学習支援）,高,③A 直接競合,Preステップオンライン,,,,UNSPECIFIED,サービス探し（家庭教師・塾・支援） | ブランド・指名検索,KWP_CompetitorKeywordSeed
35601,プレ ステップ オンライン 失敗,CORE,代表,C20172,1,プレ ステップ オンライン 失敗,競合の不満・乗り換え,保護者,B,直接競合（特性/不登校×1対1学習支援）,高,③A 直接競合,Preステップオンライン,,,,UNSPECIFIED,サービス探し（家庭教師・塾・支援） | 比較検討・料金・申込 | ブランド・指名検索,KWP_CompetitorKeywordSeed
35618,プレ ステップ オンライン ld,CORE,代表,C20173,2,プレ ステップ オンライン ld,競合×特性/不登校対応の確認,保護者,B,直接競合（特性/不登校×1対1学習支援）,高,③A 直接競合,Preステップオンライン,,,,UNSPECIFIED,サービス探し（家庭教師・塾・支援） | ブランド・指名検索,KWP_CompetitorKeywordSeed
35590,プレ ステップ オンライン 安い,CORE,代表,C20174,1,プレ ステップ オンライン 安い,競合の比較検討（評判・料金）,保護者,B,直接競合（特性/不登校×1対1学習支援）,高,③A 直接競合,Preステップオンライン,,,,UNSPECIFIED,サービス探し（家庭教師・塾・支援） | 比較検討・料金・申込 | ブランド・指名検索,KWP_CompetitorKeywordSeed
35621,プレ ステップ オンライン 小学生,CORE,代表,C20175,1,プレ ステップ オンライン 小学生,競合指名・周辺,保護者,B,直接競合（特性/不登校×1対1学習支援）,高,③A 直接競合,Preステップオンライン,,,,UNSPECIFIED,サービス探し（家庭教師・塾・支援） | ブランド・指名検索,KWP_CompetitorKeywordSeed
35602,プレ ステップ オンライン 後悔,CORE,代表,C20176,1,プレ ステップ オンライン 後悔,競合の不満・乗り換え,保護者,B,直接競合（特性/不登校×1対1学習支援）,高,③A 直接競合,Preステップオンライン,,,,UNSPECIFIED,サービス探し（家庭教師・塾・支援） | 比較検討・料金・申込 | ブランド・指名検索,KWP_CompetitorKeywordSeed
35599,プレ ステップ オンライン 怪しい,CORE,代表,C20177,1,プレ ステップ オンライン 怪しい,競合の不満・乗り換え,保護者,B,直接競合（特性/不登校×1対1学習支援）,高,③A 直接競合,Preステップオンライン,,,,UNSPECIFIED,サービス探し（家庭教師・塾・支援） | 比較検討・料金・申込 | ブランド・指名検索,KWP_CompetitorKeywordSeed
35580,プレ ステップ オンライン 感想,CORE,代表,C20178,1,プレ ステップ オンライン 感想,競合の比較検討（評判・料金）,保護者,B,直接競合（特性/不登校×1対1学習支援）,高,③A 直接競合,Preステップオンライン,,,,UNSPECIFIED,サービス探し（家庭教師・塾・支援） | 比較検討・料金・申込 | ブランド・指名検索,KWP_CompetitorKeywordSeed
35588,プレ ステップ オンライン 教材 費,CORE,代表,C20179,1,プレ ステップ オンライン 教材 費,競合指名・周辺,保護者,B,直接競合（特性/不登校×1対1学習支援）,高,③A 直接競合,Preステップオンライン,,,,UNSPECIFIED,サービス探し（家庭教師・塾・支援） | 比較検討・料金・申込 | 教材・通信教育 | ブランド・指名検索,KWP_CompetitorKeywordSeed
35582,プレ ステップ オンライン 料金,CORE,代表,C20180,4,プレ ステップ オンライン 料金,競合の比較検討（評判・料金）,保護者,B,直接競合（特性/不登校×1対1学習支援）,高,③A 直接競合,Preステップオンライン,,,,UNSPECIFIED,サービス探し（家庭教師・塾・支援） | 比較検討・料金・申込 | ブランド・指名検索,KWP_CompetitorKeywordSeed
35600,プレ ステップ オンライン 最悪,CORE,代表,C20181,1,プレ ステップ オンライン 最悪,競合の不満・乗り換え,保護者,B,直接競合（特性/不登校×1対1学習支援）,高,③A 直接競合,Preステップオンライン,,,,UNSPECIFIED,サービス探し（家庭教師・塾・支援） | 比較検討・料金・申込 | ブランド・指名検索,KWP_CompetitorKeywordSeed
35591,プレ ステップ オンライン 比較,CORE,代表,C20182,1,プレ ステップ オンライン 比較,競合の比較検討（評判・料金）,保護者,B,直接競合（特性/不登校×1対1学習支援）,高,③A 直接競合,Preステップオンライン,,,,UNSPECIFIED,サービス探し（家庭教師・塾・支援） | 比較検討・料金・申込 | ブランド・指名検索,KWP_CompetitorKeywordSeed
35612,プレ ステップ オンライン 無料 相談,CORE,代表,C20183,1,プレ ステップ オンライン 無料 相談,競合指名・周辺,保護者,B,直接競合（特性/不登校×1対1学習支援）,高,③A 直接競合,Preステップオンライン,,,,UNSPECIFIED,サービス探し（家庭教師・塾・支援） | 比較検討・料金・申込 | ブランド・指名検索,KWP_CompetitorKeywordSeed
35614,プレ ステップ オンライン 申し込み,CORE,代表,C20184,1,プレ ステップ オンライン 申し込み,競合の比較検討（評判・料金）,保護者,B,直接競合（特性/不登校×1対1学習支援）,高,③A 直接競合,Preステップオンライン,,,,UNSPECIFIED,サービス探し（家庭教師・塾・支援） | 比較検討・料金・申込 | ブランド・指名検索,KWP_CompetitorKeywordSeed
35608,プレ ステップ オンライン 解約,CORE,代表,C20185,1,プレ ステップ オンライン 解約,競合の不満・乗り換え,保護者,B,直接競合（特性/不登校×1対1学習支援）,高,③A 直接競合,Preステップオンライン,,,,UNSPECIFIED,サービス探し（家庭教師・塾・支援） | 比較検討・料金・申込 | ブランド・指名検索,KWP_CompetitorKeywordSeed
35581,プレ ステップ オンライン 評価,CORE,代表,C20186,1,プレ ステップ オンライン 評価,競合の比較検討（評判・料金）,保護者,B,直接競合（特性/不登校×1対1学習支援）,高,③A 直接競合,Preステップオンライン,,,,UNSPECIFIED,サービス探し（家庭教師・塾・支援） | 比較検討・料金・申込 | ブランド・指名検索,KWP_CompetitorKeywordSeed
35577,プレ ステップ オンライン 評判,CORE,代表,C20187,1,プレ ステップ オンライン 評判,競合の比較検討（評判・料金）,保護者,B,直接競合（特性/不登校×1対1学習支援）,高,③A 直接競合,Preステップオンライン,,,,UNSPECIFIED,サービス探し（家庭教師・塾・支援） | 比較検討・料金・申込 | ブランド・指名検索,KWP_CompetitorKeywordSeed
35613,プレ ステップ オンライン 資料 請求,CORE,代表,C20188,1,プレ ステップ オンライン 資料 請求,競合の比較検討（評判・料金）,保護者,B,直接競合（特性/不登校×1対1学習支援）,高,③A 直接競合,Preステップオンライン,,,,UNSPECIFIED,サービス探し（家庭教師・塾・支援） | 比較検討・料金・申込 | ブランド・指名検索,KWP_CompetitorKeywordSeed
35583,プレ ステップ オンライン 費用,CORE,代表,C20189,1,プレ ステップ オンライン 費用,競合の比較検討（評判・料金）,保護者,B,直接競合（特性/不登校×1対1学習支援）,高,③A 直接競合,Preステップオンライン,,,,UNSPECIFIED,サービス探し（家庭教師・塾・支援） | 比較検討・料金・申込 | ブランド・指名検索,KWP_CompetitorKeywordSeed
35607,プレ ステップ オンライン 退会,CORE,代表,C20190,1,プレ ステップ オンライン 退会,競合の不満・乗り換え,保護者,B,直接競合（特性/不登校×1対1学習支援）,高,③A 直接競合,Preステップオンライン,,,,UNSPECIFIED,サービス探し（家庭教師・塾・支援） | 合わない・断られた・乗り換え | ブランド・指名検索,KWP_CompetitorKeywordSeed
35592,プレ ステップ オンライン 違い,CORE,代表,C20191,1,プレ ステップ オンライン 違い,競合指名・周辺,保護者,B,直接競合（特性/不登校×1対1学習支援）,高,③A 直接競合,Preステップオンライン,,,,UNSPECIFIED,サービス探し（家庭教師・塾・支援） | 比較検討・料金・申込 | ブランド・指名検索 | 特性そのものを調べる（とは・特徴・チェック）,KWP_CompetitorKeywordSeed
35589,プレ ステップ オンライン 高い,CORE,代表,C20192,1,プレ ステップ オンライン 高い,競合の比較検討（評判・料金）,保護者,B,直接競合（特性/不登校×1対1学習支援）,高,③A 直接競合,Preステップオンライン,,,,UNSPECIFIED,サービス探し（家庭教師・塾・支援） | 比較検討・料金・申込 | ブランド・指名検索,KWP_CompetitorKeywordSeed
35623,プレ ステップ オンライン 高校生,CORE,代表,C20193,1,プレ ステップ オンライン 高校生,競合指名・周辺,保護者,B,直接競合（特性/不登校×1対1学習支援）,高,③A 直接競合,Preステップオンライン,,,,UNSPECIFIED,サービス探し（家庭教師・塾・支援） | ブランド・指名検索,KWP_CompetitorKeywordSeed
35616,プレ ステップ オンライン グレー ゾーン,CORE,代表,C20194,1,プレ ステップ オンライン グレー ゾーン,競合×特性/不登校対応の確認,保護者,B,直接競合（特性/不登校×1対1学習支援）,高,③A 直接競合,Preステップオンライン,,,,UNSPECIFIED,サービス探し（家庭教師・塾・支援） | ブランド・指名検索,KWP_CompetitorKeywordSeed
35597,プレ ステップ オンライン デメリット,CORE,代表,C20195,1,プレ ステップ オンライン デメリット,競合指名・周辺,保護者,B,直接競合（特性/不登校×1対1学習支援）,高,③A 直接競合,Preステップオンライン,,,,UNSPECIFIED,サービス探し（家庭教師・塾・支援） | 比較検討・料金・申込 | ブランド・指名検索,KWP_CompetitorKeywordSeed
35598,プレ ステップ オンライン メリット,CORE,代表,C20196,1,プレ ステップ オンライン メリット,競合指名・周辺,保護者,B,直接競合（特性/不登校×1対1学習支援）,高,③A 直接競合,Preステップオンライン,,,,UNSPECIFIED,サービス探し（家庭教師・塾・支援） | ブランド・指名検索,KWP_CompetitorKeywordSeed
35578,プレ ステップ オンライン レビュー,CORE,代表,C20197,1,プレ ステップ オンライン レビュー,競合の比較検討（評判・料金）,保護者,B,直接競合（特性/不登校×1対1学習支援）,高,③A 直接競合,Preステップオンライン,,,,UNSPECIFIED,サービス探し（家庭教師・塾・支援） | 比較検討・料金・申込 | ブランド・指名検索,KWP_CompetitorKeywordSeed
709,不 登校 プロ 家庭 教師,CORE,代表,C20206,2,不 登校 プロ 家庭 教師,サービス探し（特性/不登校×学習支援）,保護者,A,特性/不登校×家庭教師・塾・個別,高,②顕在,,10,,,HIGH,サービス探し（家庭教師・塾・支援） | 学校生活・不登校・学校種別,KWP_KeywordSeed
28,プロ 家庭 教師 発達 障害,CORE,代表,C20217,2,プロ 家庭 教師 発達 障害,サービス探し（特性/不登校×学習支援）,保護者,A,特性/不登校×家庭教師・塾・個別,高,②顕在,,10,550.0,1609.0,HIGH,サービス探し（家庭教師・塾・支援）,KWP_KeywordSeed || KWP_UrlSeed
36877,明光 義塾 プログラミング 口コミ,CORE,代表,C20234,1,明光 義塾 プログラミング 口コミ,競合の比較検討（評判・料金）,保護者,B,カテゴリ競合×比較/評判/料金/乗換え/特性,中,③B カテゴリ競合,個別指導の明光義塾,10,,,UNSPECIFIED,サービス探し（家庭教師・塾・支援） | 比較検討・料金・申込 | ブランド・指名検索 | 習い事・トレーニング,KWP_CompetitorKeywordSeed
36902,明光 義塾 プログラミング 料金,CORE,代表,C20237,1,明光 義塾 プログラミング 料金,競合の比較検討（評判・料金）,保護者,B,カテゴリ競合×比較/評判/料金/乗換え/特性,中,③B カテゴリ競合,個別指導の明光義塾,50,110.0,574.0,LOW,サービス探し（家庭教師・塾・支援） | 比較検討・料金・申込 | ブランド・指名検索 | 習い事・トレーニング,KWP_CompetitorKeywordSeed
40397,森 塾 プログラミング 料金,CORE,代表,C20238,1,森 塾 プログラミング 料金,競合の比較検討（評判・料金）,保護者,B,カテゴリ競合×比較/評判/料金/乗換え/特性,中,③B カテゴリ競合,森塾,40,,,LOW,サービス探し（家庭教師・塾・支援） | 比較検討・料金・申込 | ブランド・指名検索 | 習い事・トレーニング,KWP_CompetitorKeywordSeed
36855,明光 義塾 プログラミング 評判,CORE,代表,C20239,1,明光 義塾 プログラミング 評判,競合の比較検討（評判・料金）,保護者,B,カテゴリ競合×比較/評判/料金/乗換え/特性,中,③B カテゴリ競合,個別指導の明光義塾,20,,,MEDIUM,サービス探し（家庭教師・塾・支援） | 比較検討・料金・申込 | ブランド・指名検索 | 習い事・トレーニング,KWP_CompetitorKeywordSeed
42250,ベスト ワン 不 登校 口コミ,CORE,代表,C20294,1,ベスト ワン 不 登校 口コミ,競合の比較検討（評判・料金）,保護者,B,カテゴリ競合×比較/評判/料金/乗換え/特性,中,③B カテゴリ競合,ECCベストワン,,,,UNSPECIFIED,比較検討・料金・申込 | 学校生活・不登校・学校種別 | ブランド・指名検索,KWP_CompetitorKeywordSeed
42262,ベスト ワン 不 登校 料金,CORE,代表,C20295,1,ベスト ワン 不 登校 料金,競合の比較検討（評判・料金）,保護者,B,カテゴリ競合×比較/評判/料金/乗換え/特性,中,③B カテゴリ競合,ECCベストワン,,,,UNSPECIFIED,比較検討・料金・申込 | 学校生活・不登校・学校種別 | ブランド・指名検索,KWP_CompetitorKeywordSeed
42238,ベスト ワン 不 登校,CORE,代表,C20296,1,ベスト ワン 不 登校,競合×特性/不登校対応の確認,保護者,B,カテゴリ競合×比較/評判/料金/乗換え/特性,中,③B カテゴリ競合,ECCベストワン,,,,UNSPECIFIED,学校生活・不登校・学校種別 | ブランド・指名検索,KWP_CompetitorKeywordSeed
42256,ベスト ワン 不 登校 評判,CORE,代表,C20297,1,ベスト ワン 不 登校 評判,競合の比較検討（評判・料金）,保護者,B,カテゴリ競合×比較/評判/料金/乗換え/特性,中,③B カテゴリ競合,ECCベストワン,,,,UNSPECIFIED,比較検討・料金・申込 | 学校生活・不登校・学校種別 | ブランド・指名検索,KWP_CompetitorKeywordSeed
42228,ベスト ワン 体験 授業,CORE,代表,C20302,1,ベスト ワン 体験 授業,競合の比較検討（評判・料金）,保護者,B,カテゴリ競合×比較/評判/料金/乗換え/特性,中,③B カテゴリ競合,ECCベストワン,,,,UNSPECIFIED,比較検討・料金・申込 | 学習のやり方・学習課題 | ブランド・指名検索,KWP_CompetitorKeywordSeed
48179,ベストワン 塾 口コミ,CORE,代表,C20314,1,ベストワン 塾 口コミ,競合の比較検討（評判・料金）,保護者,B,カテゴリ競合×比較/評判/料金/乗換え/特性,中,③B カテゴリ競合,ECCベストワン,10,,,LOW,サービス探し（家庭教師・塾・支援） | 比較検討・料金・申込 | ブランド・指名検索,Google_competitor_suggest
42247,ベスト ワン ld 口コミ,CORE,代表,C20316,2,ベスト ワン ld 口コミ,競合の比較検討（評判・料金）,保護者,B,カテゴリ競合×比較/評判/料金/乗換え/特性,中,③B カテゴリ競合,ECCベストワン,,,,UNSPECIFIED,比較検討・料金・申込 | ブランド・指名検索,KWP_CompetitorKeywordSeed
3023,ベスト ワン 塾 料金,CORE,代表,C20318,2,ベスト ワン 塾 料金,競合の比較検討（評判・料金）,保護者,B,カテゴリ競合×比較/評判/料金/乗換え/特性,中,③B カテゴリ競合,ECCベストワン,50,168.0,405.0,LOW,サービス探し（家庭教師・塾・支援） | 比較検討・料金・申込 | ブランド・指名検索,KWP_KeywordSeed || KWP_CompetitorKeywordSeed
42194,ベスト ワン 塾 評判,CORE,代表,C20319,1,ベスト ワン 塾 評判,競合の比較検討（評判・料金）,保護者,B,カテゴリ競合×比較/評判/料金/乗換え/特性,中,③B カテゴリ競合,ECCベストワン,10,,,LOW,サービス探し（家庭教師・塾・支援） | 比較検討・料金・申込 | ブランド・指名検索,KWP_CompetitorKeywordSeed
42259,ベスト ワン ld 料金,CORE,代表,C20327,2,ベスト ワン ld 料金,競合の比較検討（評判・料金）,保護者,B,カテゴリ競合×比較/評判/料金/乗換え/特性,中,③B カテゴリ競合,ECCベストワン,,,,UNSPECIFIED,比較検討・料金・申込 | ブランド・指名検索,KWP_CompetitorKeywordSeed
42253,ベスト ワン ld 評判,CORE,代表,C20328,2,ベスト ワン ld 評判,競合の比較検討（評判・料金）,保護者,B,カテゴリ競合×比較/評判/料金/乗換え/特性,中,③B カテゴリ競合,ECCベストワン,,,,UNSPECIFIED,比較検討・料金・申込 | ブランド・指名検索,KWP_CompetitorKeywordSeed
42235,ベスト ワン ld,CORE,代表,C20329,2,ベスト ワン ld,競合×特性/不登校対応の確認,保護者,B,カテゴリ競合×比較/評判/料金/乗換え/特性,中,③B カテゴリ競合,ECCベストワン,,,,UNSPECIFIED,ブランド・指名検索,KWP_CompetitorKeywordSeed
42233,ベスト ワン グレー ゾーン,CORE,代表,C20375,1,ベスト ワン グレー ゾーン,競合×特性/不登校対応の確認,保護者,B,カテゴリ競合×比較/評判/料金/乗換え/特性,中,③B カテゴリ競合,ECCベストワン,,,,UNSPECIFIED,ブランド・指名検索,KWP_CompetitorKeywordSeed
42245,ベスト ワン グレー ゾーン 口コミ,CORE,代表,C20376,1,ベスト ワン グレー ゾーン 口コミ,競合の比較検討（評判・料金）,保護者,B,カテゴリ競合×比較/評判/料金/乗換え/特性,中,③B カテゴリ競合,ECCベストワン,,,,UNSPECIFIED,比較検討・料金・申込 | ブランド・指名検索,KWP_CompetitorKeywordSeed
42257,ベスト ワン グレー ゾーン 料金,CORE,代表,C20377,1,ベスト ワン グレー ゾーン 料金,競合の比較検討（評判・料金）,保護者,B,カテゴリ競合×比較/評判/料金/乗換え/特性,中,③B カテゴリ競合,ECCベストワン,,,,UNSPECIFIED,比較検討・料金・申込 | ブランド・指名検索,KWP_CompetitorKeywordSeed
42251,ベスト ワン グレー ゾーン 評判,CORE,代表,C20378,1,ベスト ワン グレー ゾーン 評判,競合の比較検討（評判・料金）,保護者,B,カテゴリ競合×比較/評判/料金/乗換え/特性,中,③B カテゴリ競合,ECCベストワン,,,,UNSPECIFIED,比較検討・料金・申込 | ブランド・指名検索,KWP_CompetitorKeywordSeed
37498,ベネッセ 個別 指導 口コミ,CORE,代表,C20391,1,ベネッセ 個別 指導 口コミ,競合の比較検討（評判・料金）,保護者,B,カテゴリ競合×比較/評判/料金/乗換え/特性,中,③B カテゴリ競合,ベネッセ個別指導,30,214.0,1082.0,LOW,サービス探し（家庭教師・塾・支援） | 比較検討・料金・申込 | ブランド・指名検索,KWP_CompetitorKeywordSeed
3480,ベネッセ 個別 指導 学院 料金,CORE,代表,C20394,1,ベネッセ 個別 指導 学院 料金,競合の比較検討（評判・料金）,保護者,B,カテゴリ競合×比較/評判/料金/乗換え/特性,中,③B カテゴリ競合,ベネッセ個別指導,10,,,MEDIUM,サービス探し（家庭教師・塾・支援） | 比較検討・料金・申込 | ブランド・指名検索,KWP_KeywordSeed || KWP_CompetitorKeywordSeed
2450,ベネッセ 個別 指導 料金,CORE,代表,C20398,1,ベネッセ 個別 指導 料金,競合の比較検討（評判・料金）,保護者,B,カテゴリ競合×比較/評判/料金/乗換え/特性,中,③B カテゴリ競合,ベネッセ個別指導,110,197.0,879.0,MEDIUM,サービス探し（家庭教師・塾・支援） | 比較検討・料金・申込 | ブランド・指名検索,KWP_KeywordSeed
2962,ベネッセ 個別 料金,CORE,代表,C20399,1,ベネッセ 個別 料金,競合の比較検討（評判・料金）,保護者,B,カテゴリ競合×比較/評判/料金/乗換え/特性,中,③B カテゴリ競合,ベネッセ個別指導,10,,,HIGH,比較検討・料金・申込 | ブランド・指名検索,KWP_KeywordSeed
3634,東京 個別 指導 学院 ベネッセ グループ 料金,CORE,代表,C20412,1,東京 個別 指導 学院 ベネッセ グループ 料金,競合の比較検討（評判・料金）,保護者,B,カテゴリ競合×比較/評判/料金/乗換え/特性,中,③B カテゴリ競合,東京個別指導学院,10,146.0,485.0,MEDIUM,サービス探し（家庭教師・塾・支援） | 比較検討・料金・申込 | ブランド・指名検索 | 地域・近くで探す,KWP_KeywordSeed || KWP_CompetitorKeywordSeed
14798,知 的 ボーダー 塾,CORE,代表,C20442,1,知 的 ボーダー 塾,サービス探し（特性/不登校×学習支援）,保護者,A,特性/不登校×家庭教師・塾・個別,高,②顕在,,10,,,MEDIUM,サービス探し（家庭教師・塾・支援）,KWP_UrlSeed
33767,マスター 家庭 教師 レビュー,CORE,代表,C20497,2,マスター 家庭 教師 レビュー,競合の比較検討（評判・料金）,保護者,B,カテゴリ競合×比較/評判/料金/乗換え/特性,中,③B カテゴリ競合,家庭教師のマスター,,,,UNSPECIFIED,サービス探し（家庭教師・塾・支援） | 比較検討・料金・申込 | ブランド・指名検索,KWP_CompetitorKeywordSeed
33744,家庭 教師 の マスター 不 登校 口コミ,CORE,代表,C20498,1,家庭 教師 の マスター 不 登校 口コミ,競合の比較検討（評判・料金）,保護者,B,特性/不登校×家庭教師・塾・個別,高,③B カテゴリ競合,家庭教師のマスター,,,,UNSPECIFIED,サービス探し（家庭教師・塾・支援） | 比較検討・料金・申込 | 学校生活・不登校・学校種別 | ブランド・指名検索,KWP_CompetitorKeywordSeed
33764,家庭 教師 の マスター 不 登校 料金,CORE,代表,C20499,1,家庭 教師 の マスター 不 登校 料金,競合の比較検討（評判・料金）,保護者,B,特性/不登校×家庭教師・塾・個別,高,③B カテゴリ競合,家庭教師のマスター,,,,UNSPECIFIED,サービス探し（家庭教師・塾・支援） | 比較検討・料金・申込 | 学校生活・不登校・学校種別 | ブランド・指名検索,KWP_CompetitorKeywordSeed
33814,マスター 家庭 教師 不 登校,CORE,代表,C20500,2,マスター 家庭 教師 不 登校,競合×特性/不登校対応の確認,保護者,B,特性/不登校×家庭教師・塾・個別,高,③B カテゴリ競合,家庭教師のマスター,,,,UNSPECIFIED,サービス探し（家庭教師・塾・支援） | 学校生活・不登校・学校種別 | ブランド・指名検索,KWP_CompetitorKeywordSeed
33754,家庭 教師 の マスター 不 登校 評判,CORE,代表,C20501,1,家庭 教師 の マスター 不 登校 評判,競合の比較検討（評判・料金）,保護者,B,特性/不登校×家庭教師・塾・個別,高,③B カテゴリ競合,家庭教師のマスター,,,,UNSPECIFIED,サービス探し（家庭教師・塾・支援） | 比較検討・料金・申込 | 学校生活・不登校・学校種別 | ブランド・指名検索,KWP_CompetitorKeywordSeed
33800,マスター 家庭 教師 体験 授業,CORE,代表,C20505,2,マスター 家庭 教師 体験 授業,競合の比較検討（評判・料金）,保護者,B,カテゴリ競合×比較/評判/料金/乗換え/特性,中,③B カテゴリ競合,家庭教師のマスター,,,,UNSPECIFIED,サービス探し（家庭教師・塾・支援） | 比較検討・料金・申込 | 学習のやり方・学習課題 | ブランド・指名検索,KWP_CompetitorKeywordSeed
33799,マスター 家庭 教師 体験,CORE,代表,C20506,2,マスター 家庭 教師 体験,競合の比較検討（評判・料金）,保護者,B,カテゴリ競合×比較/評判/料金/乗換え/特性,中,③B カテゴリ競合,家庭教師のマスター,,,,UNSPECIFIED,サービス探し（家庭教師・塾・支援） | 比較検討・料金・申込 | ブランド・指名検索,KWP_CompetitorKeywordSeed
33798,マスター 家庭 教師 無料 体験,CORE,代表,C20507,2,マスター 家庭 教師 無料 体験,競合の比較検討（評判・料金）,保護者,B,カテゴリ競合×比較/評判/料金/乗換え/特性,中,③B カテゴリ競合,家庭教師のマスター,,,,UNSPECIFIED,サービス探し（家庭教師・塾・支援） | 比較検討・料金・申込 | ブランド・指名検索,KWP_CompetitorKeywordSeed
33768,マスター 家庭 教師 体験 談,CORE,代表,C20508,2,マスター 家庭 教師 体験 談,競合の比較検討（評判・料金）,保護者,B,カテゴリ競合×比較/評判/料金/乗換え/特性,中,③B カテゴリ競合,家庭教師のマスター,,,,UNSPECIFIED,サービス探し（家庭教師・塾・支援） | 比較検討・料金・申込 | ブランド・指名検索,KWP_CompetitorKeywordSeed
33804,マスター 家庭 教師 入会,CORE,代表,C20509,2,マスター 家庭 教師 入会,競合の比較検討（評判・料金）,保護者,B,カテゴリ競合×比較/評判/料金/乗換え/特性,中,③B カテゴリ競合,家庭教師のマスター,,,,UNSPECIFIED,サービス探し（家庭教師・塾・支援） | 比較検討・料金・申込 | ブランド・指名検索,KWP_CompetitorKeywordSeed
33658,家庭 教師 の マスター 入会 金,CORE,代表,C20511,3,家庭 教師 の マスター 入会 金,競合の比較検討（評判・料金）,保護者,B,カテゴリ競合×比較/評判/料金/乗換え/特性,中,③B カテゴリ競合,家庭教師のマスター,10,,,HIGH,サービス探し（家庭教師・塾・支援） | 比較検討・料金・申込 | ブランド・指名検索,KWP_CompetitorKeywordSeed
33743,家庭 教師 の マスター 境界 知能 口コミ,CORE,代表,C20514,1,家庭 教師 の マスター 境界 知能 口コミ,競合の比較検討（評判・料金）,保護者,B,特性/不登校×家庭教師・塾・個別,高,③B カテゴリ競合,家庭教師のマスター,,,,UNSPECIFIED,サービス探し（家庭教師・塾・支援） | 比較検討・料金・申込 | ブランド・指名検索,KWP_CompetitorKeywordSeed
33741,家庭 教師 の マスター ld 口コミ,CORE,代表,C20515,2,家庭 教師 の マスター ld 口コミ,競合の比較検討（評判・料金）,保護者,B,特性/不登校×家庭教師・塾・個別,高,③B カテゴリ競合,家庭教師のマスター,,,,UNSPECIFIED,サービス探し（家庭教師・塾・支援） | 比較検討・料金・申込 | ブランド・指名検索,KWP_CompetitorKeywordSeed
33661,家庭 教師 の マスター 口コミ,CORE,代表,C20517,3,家庭 教師 の マスター 口コミ,競合の比較検討（評判・料金）,保護者,B,カテゴリ競合×比較/評判/料金/乗換え/特性,中,③B カテゴリ競合,家庭教師のマスター,210,363.0,3099.0,MEDIUM,サービス探し（家庭教師・塾・支援） | 比較検討・料金・申込 | ブランド・指名検索,KWP_CompetitorKeywordSeed
33735,家庭 教師 の マスター 発達 障害 口コミ,CORE,代表,C20518,2,家庭 教師 の マスター 発達 障害 口コミ,競合の比較検討（評判・料金）,保護者,B,特性/不登校×家庭教師・塾・個別,高,③B カテゴリ競合,家庭教師のマスター,,,,UNSPECIFIED,サービス探し（家庭教師・塾・支援） | 比較検討・料金・申込 | ブランド・指名検索,KWP_CompetitorKeywordSeed
33740,家庭 教師 の マスター 自 閉 症 口コミ,CORE,代表,C20519,1,家庭 教師 の マスター 自 閉 症 口コミ,競合の比較検討（評判・料金）,保護者,B,特性/不登校×家庭教師・塾・個別,高,③B カテゴリ競合,家庭教師のマスター,,,,UNSPECIFIED,サービス探し（家庭教師・塾・支援） | 比較検討・料金・申込 | ブランド・指名検索,KWP_CompetitorKeywordSeed
33763,家庭 教師 の マスター 境界 知能 料金,CORE,代表,C20520,1,家庭 教師 の マスター 境界 知能 料金,競合の比較検討（評判・料金）,保護者,B,特性/不登校×家庭教師・塾・個別,高,③B カテゴリ競合,家庭教師のマスター,,,,UNSPECIFIED,サービス探し（家庭教師・塾・支援） | 比較検討・料金・申込 | ブランド・指名検索,KWP_CompetitorKeywordSeed
33813,マスター 家庭 教師 境界 知能,CORE,代表,C20521,2,マスター 家庭 教師 境界 知能,競合×特性/不登校対応の確認,保護者,B,特性/不登校×家庭教師・塾・個別,高,③B カテゴリ競合,家庭教師のマスター,,,,UNSPECIFIED,サービス探し（家庭教師・塾・支援） | ブランド・指名検索,KWP_CompetitorKeywordSeed
33753,家庭 教師 の マスター 境界 知能 評判,CORE,代表,C20522,1,家庭 教師 の マスター 境界 知能 評判,競合の比較検討（評判・料金）,保護者,B,特性/不登校×家庭教師・塾・個別,高,③B カテゴリ競合,家庭教師のマスター,,,,UNSPECIFIED,サービス探し（家庭教師・塾・支援） | 比較検討・料金・申込 | ブランド・指名検索,KWP_CompetitorKeywordSeed
33790,マスター 家庭 教師 失敗,CORE,代表,C20524,2,マスター 家庭 教師 失敗,競合の不満・乗り換え,保護者,B,カテゴリ競合×比較/評判/料金/乗換え/特性,中,③B カテゴリ競合,家庭教師のマスター,,,,UNSPECIFIED,サービス探し（家庭教師・塾・支援） | 比較検討・料金・申込 | ブランド・指名検索,KWP_CompetitorKeywordSeed
33761,家庭 教師 の マスター ld 料金,CORE,代表,C20525,2,家庭 教師 の マスター ld 料金,競合の比較検討（評判・料金）,保護者,B,特性/不登校×家庭教師・塾・個別,高,③B カテゴリ競合,家庭教師のマスター,,,,UNSPECIFIED,サービス探し（家庭教師・塾・支援） | 比較検討・料金・申込 | ブランド・指名検索,KWP_CompetitorKeywordSeed
33751,家庭 教師 の マスター ld 評判,CORE,代表,C20526,2,家庭 教師 の マスター ld 評判,競合の比較検討（評判・料金）,保護者,B,特性/不登校×家庭教師・塾・個別,高,③B カテゴリ競合,家庭教師のマスター,,,,UNSPECIFIED,サービス探し（家庭教師・塾・支援） | 比較検討・料金・申込 | ブランド・指名検索,KWP_CompetitorKeywordSeed
33811,マスター 家庭 教師 ld,CORE,代表,C20527,4,マスター 家庭 教師 ld,競合×特性/不登校対応の確認,保護者,B,特性/不登校×家庭教師・塾・個別,高,③B カテゴリ競合,家庭教師のマスター,,,,UNSPECIFIED,サービス探し（家庭教師・塾・支援） | ブランド・指名検索,KWP_CompetitorKeywordSeed
33779,マスター 家庭 教師 安い,CORE,代表,C20528,2,マスター 家庭 教師 安い,競合の比較検討（評判・料金）,保護者,B,カテゴリ競合×比較/評判/料金/乗換え/特性,中,③B カテゴリ競合,家庭教師のマスター,,,,UNSPECIFIED,サービス探し（家庭教師・塾・支援） | 比較検討・料金・申込 | ブランド・指名検索,KWP_CompetitorKeywordSeed
33791,マスター 家庭 教師 後悔,CORE,代表,C20530,2,マスター 家庭 教師 後悔,競合の不満・乗り換え,保護者,B,カテゴリ競合×比較/評判/料金/乗換え/特性,中,③B カテゴリ競合,家庭教師のマスター,,,,UNSPECIFIED,サービス探し（家庭教師・塾・支援） | 比較検討・料金・申込 | ブランド・指名検索,KWP_CompetitorKeywordSeed
33788,マスター 家庭 教師 怪しい,CORE,代表,C20531,2,マスター 家庭 教師 怪しい,競合の不満・乗り換え,保護者,B,カテゴリ競合×比較/評判/料金/乗換え/特性,中,③B カテゴリ競合,家庭教師のマスター,,,,UNSPECIFIED,サービス探し（家庭教師・塾・支援） | 比較検討・料金・申込 | ブランド・指名検索,KWP_CompetitorKeywordSeed
33769,マスター 家庭 教師 感想,CORE,代表,C20532,2,マスター 家庭 教師 感想,競合の比較検討（評判・料金）,保護者,B,カテゴリ競合×比較/評判/料金/乗換え/特性,中,③B カテゴリ競合,家庭教師のマスター,,,,UNSPECIFIED,サービス探し（家庭教師・塾・支援） | 比較検討・料金・申込 | ブランド・指名検索,KWP_CompetitorKeywordSeed
2159,家庭 教師 の マスター 料金,CORE,代表,C20538,9,家庭 教師 の マスター 料金,競合の比較検討（評判・料金）,保護者,B,カテゴリ競合×比較/評判/料金/乗換え/特性,中,③B カテゴリ競合,家庭教師のマスター,20,252.0,2419.0,MEDIUM,サービス探し（家庭教師・塾・支援） | 比較検討・料金・申込 | ブランド・指名検索,KWP_KeywordSeed || KWP_CompetitorKeywordSeed
33755,家庭 教師 の マスター 発達 障害 料金,CORE,代表,C20539,2,家庭 教師 の マスター 発達 障害 料金,競合の比較検討（評判・料金）,保護者,B,特性/不登校×家庭教師・塾・個別,高,③B カテゴリ競合,家庭教師のマスター,,,,UNSPECIFIED,サービス探し（家庭教師・塾・支援） | 比較検討・料金・申込 | ブランド・指名検索,KWP_CompetitorKeywordSeed
33760,家庭 教師 の マスター 自 閉 症 料金,CORE,代表,C20540,1,家庭 教師 の マスター 自 閉 症 料金,競合の比較検討（評判・料金）,保護者,B,特性/不登校×家庭教師・塾・個別,高,③B カテゴリ競合,家庭教師のマスター,,,,UNSPECIFIED,サービス探し（家庭教師・塾・支援） | 比較検討・料金・申込 | ブランド・指名検索,KWP_CompetitorKeywordSeed
33789,マスター 家庭 教師 最悪,CORE,代表,C20542,2,マスター 家庭 教師 最悪,競合の不満・乗り換え,保護者,B,カテゴリ競合×比較/評判/料金/乗換え/特性,中,③B カテゴリ競合,家庭教師のマスター,,,,UNSPECIFIED,サービス探し（家庭教師・塾・支援） | 比較検討・料金・申込 | ブランド・指名検索,KWP_CompetitorKeywordSeed
33780,マスター 家庭 教師 比較,CORE,代表,C20543,2,マスター 家庭 教師 比較,競合の比較検討（評判・料金）,保護者,B,カテゴリ競合×比較/評判/料金/乗換え/特性,中,③B カテゴリ競合,家庭教師のマスター,,,,UNSPECIFIED,サービス探し（家庭教師・塾・支援） | 比較検討・料金・申込 | ブランド・指名検索,KWP_CompetitorKeywordSeed
33803,マスター 家庭 教師 申し込み,CORE,代表,C20545,2,マスター 家庭 教師 申し込み,競合の比較検討（評判・料金）,保護者,B,カテゴリ競合×比較/評判/料金/乗換え/特性,中,③B カテゴリ競合,家庭教師のマスター,,,,UNSPECIFIED,サービス探し（家庭教師・塾・支援） | 比較検討・料金・申込 | ブランド・指名検索,KWP_CompetitorKeywordSeed
33745,家庭 教師 の マスター 発達 障害 評判,CORE,代表,C20546,2,家庭 教師 の マスター 発達 障害 評判,競合の比較検討（評判・料金）,保護者,B,特性/不登校×家庭教師・塾・個別,高,③B カテゴリ競合,家庭教師のマスター,,,,UNSPECIFIED,サービス探し（家庭教師・塾・支援） | 比較検討・料金・申込 | ブランド・指名検索,KWP_CompetitorKeywordSeed
33805,マスター 家庭 教師 発達 障害,CORE,代表,C20547,4,マスター 家庭 教師 発達 障害,競合×特性/不登校対応の確認,保護者,B,特性/不登校×家庭教師・塾・個別,高,③B カテゴリ競合,家庭教師のマスター,,,,UNSPECIFIED,サービス探し（家庭教師・塾・支援） | ブランド・指名検索,KWP_CompetitorKeywordSeed
67793,家庭教師のマスター 知恵袋,CORE,代表,C20548,1,家庭教師のマスター 知恵袋,競合の比較検討（評判・料金）,保護者,B,カテゴリ競合×比較/評判/料金/乗換え/特性,中,③B カテゴリ競合,家庭教師のマスター,10,,,MEDIUM,サービス探し（家庭教師・塾・支援） | 比較検討・料金・申込 | ブランド・指名検索,CompetitorMatrix
33810,マスター 家庭 教師 自 閉 症,CORE,代表,C20549,2,マスター 家庭 教師 自 閉 症,競合×特性/不登校対応の確認,保護者,B,特性/不登校×家庭教師・塾・個別,高,③B カテゴリ競合,家庭教師のマスター,,,,UNSPECIFIED,サービス探し（家庭教師・塾・支援） | ブランド・指名検索,KWP_CompetitorKeywordSeed
33750,家庭 教師 の マスター 自 閉 症 評判,CORE,代表,C20550,1,家庭 教師 の マスター 自 閉 症 評判,競合の比較検討（評判・料金）,保護者,B,特性/不登校×家庭教師・塾・個別,高,③B カテゴリ競合,家庭教師のマスター,,,,UNSPECIFIED,サービス探し（家庭教師・塾・支援） | 比較検討・料金・申込 | ブランド・指名検索,KWP_CompetitorKeywordSeed
33711,家庭 教師 の マスター 解約,CORE,代表,C20552,3,家庭 教師 の マスター 解約,競合の不満・乗り換え,保護者,B,カテゴリ競合×比較/評判/料金/乗換え/特性,中,③B カテゴリ競合,家庭教師のマスター,10,,,LOW,サービス探し（家庭教師・塾・支援） | 比較検討・料金・申込 | ブランド・指名検索,KWP_CompetitorKeywordSeed
33676,家庭 教師 の マスター 評価,CORE,代表,C20553,3,家庭 教師 の マスター 評価,競合の比較検討（評判・料金）,保護者,B,カテゴリ競合×比較/評判/料金/乗換え/特性,中,③B カテゴリ競合,家庭教師のマスター,10,,,UNSPECIFIED,サービス探し（家庭教師・塾・支援） | 比較検討・料金・申込 | ブランド・指名検索,KWP_CompetitorKeywordSeed
33765,マスター 家庭 教師 評判,CORE,代表,C20555,4,マスター 家庭 教師 評判,競合の比較検討（評判・料金）,保護者,B,カテゴリ競合×比較/評判/料金/乗換え/特性,中,③B カテゴリ競合,家庭教師のマスター,50,378.0,1924.0,MEDIUM,サービス探し（家庭教師・塾・支援） | 比較検討・料金・申込 | ブランド・指名検索,KWP_CompetitorKeywordSeed
33802,マスター 家庭 教師 資料 請求,CORE,代表,C20556,2,マスター 家庭 教師 資料 請求,競合の比較検討（評判・料金）,保護者,B,カテゴリ競合×比較/評判/料金/乗換え/特性,中,③B カテゴリ競合,家庭教師のマスター,,,,UNSPECIFIED,サービス探し（家庭教師・塾・支援） | 比較検討・料金・申込 | ブランド・指名検索,KWP_CompetitorKeywordSeed
33772,マスター 家庭 教師 費用,CORE,代表,C20557,2,マスター 家庭 教師 費用,競合の比較検討（評判・料金）,保護者,B,カテゴリ競合×比較/評判/料金/乗換え/特性,中,③B カテゴリ競合,家庭教師のマスター,,,,UNSPECIFIED,サービス探し（家庭教師・塾・支援） | 比較検討・料金・申込 | ブランド・指名検索,KWP_CompetitorKeywordSeed
33705,家庭 教師 の マスター 退会,CORE,代表,C20559,3,家庭 教師 の マスター 退会,競合の不満・乗り換え,保護者,B,カテゴリ競合×比較/評判/料金/乗換え/特性,中,③B カテゴリ競合,家庭教師のマスター,10,,,UNSPECIFIED,サービス探し（家庭教師・塾・支援） | 合わない・断られた・乗り換え | ブランド・指名検索,KWP_CompetitorKeywordSeed
33778,マスター 家庭 教師 高い,CORE,代表,C20565,2,マスター 家庭 教師 高い,競合の比較検討（評判・料金）,保護者,B,カテゴリ競合×比較/評判/料金/乗換え/特性,中,③B カテゴリ競合,家庭教師のマスター,,,,UNSPECIFIED,サービス探し（家庭教師・塾・支援） | 比較検討・料金・申込 | ブランド・指名検索,KWP_CompetitorKeywordSeed
33737,家庭 教師 の マスター グレー ゾーン 口コミ,CORE,代表,C20569,1,家庭 教師 の マスター グレー ゾーン 口コミ,競合の比較検討（評判・料金）,保護者,B,特性/不登校×家庭教師・塾・個別,高,③B カテゴリ競合,家庭教師のマスター,,,,UNSPECIFIED,サービス探し（家庭教師・塾・支援） | 比較検討・料金・申込 | ブランド・指名検索,KWP_CompetitorKeywordSeed
33721,家庭 教師 の マスター グレー ゾーン,CORE,代表,C20570,1,家庭 教師 の マスター グレー ゾーン,競合×特性/不登校対応の確認,保護者,B,特性/不登校×家庭教師・塾・個別,高,③B カテゴリ競合,家庭教師のマスター,,,,UNSPECIFIED,サービス探し（家庭教師・塾・支援） | ブランド・指名検索,KWP_CompetitorKeywordSeed
33757,家庭 教師 の マスター グレー ゾーン 料金,CORE,代表,C20571,1,家庭 教師 の マスター グレー ゾーン 料金,競合の比較検討（評判・料金）,保護者,B,特性/不登校×家庭教師・塾・個別,高,③B カテゴリ競合,家庭教師のマスター,,,,UNSPECIFIED,サービス探し（家庭教師・塾・支援） | 比較検討・料金・申込 | ブランド・指名検索,KWP_CompetitorKeywordSeed
33747,家庭 教師 の マスター グレー ゾーン 評判,CORE,代表,C20572,1,家庭 教師 の マスター グレー ゾーン 評判,競合の比較検討（評判・料金）,保護者,B,特性/不登校×家庭教師・塾・個別,高,③B カテゴリ競合,家庭教師のマスター,,,,UNSPECIFIED,サービス探し（家庭教師・塾・支援） | 比較検討・料金・申込 | ブランド・指名検索,KWP_CompetitorKeywordSeed
41438,河合塾 マナビス 武田 塾 比較,CORE,代表,C20582,1,河合塾 マナビス 武田 塾 比較,競合の比較検討（評判・料金）,保護者,B,カテゴリ競合×比較/評判/料金/乗換え/特性,中,③B カテゴリ競合,武田塾,10,,,LOW,サービス探し（家庭教師・塾・支援） | 比較検討・料金・申込 | ブランド・指名検索,KWP_CompetitorKeywordSeed
6651,河合塾 マナビス 値段,CORE,代表,C20584,1,河合塾 マナビス 値段,競合の比較検討（評判・料金）,保護者,B,カテゴリ競合×比較/評判/料金/乗換え/特性,中,③B カテゴリ競合,ナビ個別指導学院,110,81.0,268.0,LOW,サービス探し（家庭教師・塾・支援） | 比較検討・料金・申込 | ブランド・指名検索,KWP_KeywordSeed
34935,マナブ テラス 不 登校,CORE,代表,C20593,1,マナブ テラス 不 登校,競合×特性/不登校対応の確認,保護者,B,カテゴリ競合×比較/評判/料金/乗換え/特性,中,③B カテゴリ競合,まなぶてらす,,,,UNSPECIFIED,学校生活・不登校・学校種別 | ブランド・指名検索,KWP_CompetitorKeywordSeed
34924,マナブ テラス 体験,CORE,代表,C20597,1,マナブ テラス 体験,競合の比較検討（評判・料金）,保護者,B,カテゴリ競合×比較/評判/料金/乗換え/特性,中,③B カテゴリ競合,まなぶてらす,,,,UNSPECIFIED,比較検討・料金・申込 | ブランド・指名検索,KWP_CompetitorKeywordSeed
34925,マナブ テラス 体験 授業,CORE,代表,C20598,1,マナブ テラス 体験 授業,競合の比較検討（評判・料金）,保護者,B,カテゴリ競合×比較/評判/料金/乗換え/特性,中,③B カテゴリ競合,まなぶてらす,,,,UNSPECIFIED,比較検討・料金・申込 | 学習のやり方・学習課題 | ブランド・指名検索,KWP_CompetitorKeywordSeed
34923,マナブ テラス 無料 体験,CORE,代表,C20599,1,マナブ テラス 無料 体験,競合の比較検討（評判・料金）,保護者,B,カテゴリ競合×比較/評判/料金/乗換え/特性,中,③B カテゴリ競合,まなぶてらす,,,,UNSPECIFIED,比較検討・料金・申込 | ブランド・指名検索,KWP_CompetitorKeywordSeed
34893,マナブ テラス 体験 談,CORE,代表,C20600,1,マナブ テラス 体験 談,競合の比較検討（評判・料金）,保護者,B,カテゴリ競合×比較/評判/料金/乗換え/特性,中,③B カテゴリ競合,まなぶてらす,,,,UNSPECIFIED,比較検討・料金・申込 | ブランド・指名検索,KWP_CompetitorKeywordSeed
34929,マナブ テラス 入会,CORE,代表,C20601,1,マナブ テラス 入会,競合の比較検討（評判・料金）,保護者,B,カテゴリ競合×比較/評判/料金/乗換え/特性,中,③B カテゴリ競合,まなぶてらす,,,,UNSPECIFIED,比較検討・料金・申込 | ブランド・指名検索,KWP_CompetitorKeywordSeed
34901,マナブ テラス 入会 金,CORE,代表,C20602,1,マナブ テラス 入会 金,競合の比較検討（評判・料金）,保護者,B,カテゴリ競合×比較/評判/料金/乗換え/特性,中,③B カテゴリ競合,まなぶてらす,,,,UNSPECIFIED,比較検討・料金・申込 | ブランド・指名検索,KWP_CompetitorKeywordSeed
34890,マナブ テラス 口コミ,CORE,代表,C20605,1,マナブ テラス 口コミ,競合の比較検討（評判・料金）,保護者,B,カテゴリ競合×比較/評判/料金/乗換え/特性,中,③B カテゴリ競合,まなぶてらす,,,,UNSPECIFIED,比較検討・料金・申込 | ブランド・指名検索,KWP_CompetitorKeywordSeed
34934,マナブ テラス 境界 知能,CORE,代表,C20606,1,マナブ テラス 境界 知能,競合×特性/不登校対応の確認,保護者,B,カテゴリ競合×比較/評判/料金/乗換え/特性,中,③B カテゴリ競合,まなぶてらす,,,,UNSPECIFIED,ブランド・指名検索,KWP_CompetitorKeywordSeed
34915,マナブ テラス 失敗,CORE,代表,C20607,1,マナブ テラス 失敗,競合の不満・乗り換え,保護者,B,カテゴリ競合×比較/評判/料金/乗換え/特性,中,③B カテゴリ競合,まなぶてらす,,,,UNSPECIFIED,比較検討・料金・申込 | ブランド・指名検索,KWP_CompetitorKeywordSeed
34932,マナブ テラス ld,CORE,代表,C20608,2,マナブ テラス ld,競合×特性/不登校対応の確認,保護者,B,カテゴリ競合×比較/評判/料金/乗換え/特性,中,③B カテゴリ競合,まなぶてらす,,,,UNSPECIFIED,ブランド・指名検索,KWP_CompetitorKeywordSeed
34904,マナブ テラス 安い,CORE,代表,C20609,1,マナブ テラス 安い,競合の比較検討（評判・料金）,保護者,B,カテゴリ競合×比較/評判/料金/乗換え/特性,中,③B カテゴリ競合,まなぶてらす,,,,UNSPECIFIED,比較検討・料金・申込 | ブランド・指名検索,KWP_CompetitorKeywordSeed
34916,マナブ テラス 後悔,CORE,代表,C20611,1,マナブ テラス 後悔,競合の不満・乗り換え,保護者,B,カテゴリ競合×比較/評判/料金/乗換え/特性,中,③B カテゴリ競合,まなぶてらす,,,,UNSPECIFIED,比較検討・料金・申込 | ブランド・指名検索,KWP_CompetitorKeywordSeed
34913,マナブ テラス 怪しい,CORE,代表,C20612,1,マナブ テラス 怪しい,競合の不満・乗り換え,保護者,B,カテゴリ競合×比較/評判/料金/乗換え/特性,中,③B カテゴリ競合,まなぶてらす,,,,UNSPECIFIED,比較検討・料金・申込 | ブランド・指名検索,KWP_CompetitorKeywordSeed
34894,マナブ テラス 感想,CORE,代表,C20613,1,マナブ テラス 感想,競合の比較検討（評判・料金）,保護者,B,カテゴリ競合×比較/評判/料金/乗換え/特性,中,③B カテゴリ競合,まなぶてらす,,,,UNSPECIFIED,比較検討・料金・申込 | ブランド・指名検索,KWP_CompetitorKeywordSeed
34896,マナブ テラス 料金,CORE,代表,C20615,4,マナブ テラス 料金,競合の比較検討（評判・料金）,保護者,B,カテゴリ競合×比較/評判/料金/乗換え/特性,中,③B カテゴリ競合,まなぶてらす,,,,UNSPECIFIED,比較検討・料金・申込 | ブランド・指名検索,KWP_CompetitorKeywordSeed
34914,マナブ テラス 最悪,CORE,代表,C20616,1,マナブ テラス 最悪,競合の不満・乗り換え,保護者,B,カテゴリ競合×比較/評判/料金/乗換え/特性,中,③B カテゴリ競合,まなぶてらす,,,,UNSPECIFIED,比較検討・料金・申込 | ブランド・指名検索,KWP_CompetitorKeywordSeed
34905,マナブ テラス 比較,CORE,代表,C20617,1,マナブ テラス 比較,競合の比較検討（評判・料金）,保護者,B,カテゴリ競合×比較/評判/料金/乗換え/特性,中,③B カテゴリ競合,まなぶてらす,,,,UNSPECIFIED,比較検討・料金・申込 | ブランド・指名検索,KWP_CompetitorKeywordSeed
34928,マナブ テラス 申し込み,CORE,代表,C20619,1,マナブ テラス 申し込み,競合の比較検討（評判・料金）,保護者,B,カテゴリ競合×比較/評判/料金/乗換え/特性,中,③B カテゴリ競合,まなぶてらす,,,,UNSPECIFIED,比較検討・料金・申込 | ブランド・指名検索,KWP_CompetitorKeywordSeed
34922,マナブ テラス 解約,CORE,代表,C20620,1,マナブ テラス 解約,競合の不満・乗り換え,保護者,B,カテゴリ競合×比較/評判/料金/乗換え/特性,中,③B カテゴリ競合,まなぶてらす,,,,UNSPECIFIED,比較検討・料金・申込 | ブランド・指名検索,KWP_CompetitorKeywordSeed
34895,マナブ テラス 評価,CORE,代表,C20621,1,マナブ テラス 評価,競合の比較検討（評判・料金）,保護者,B,カテゴリ競合×比較/評判/料金/乗換え/特性,中,③B カテゴリ競合,まなぶてらす,,,,UNSPECIFIED,比較検討・料金・申込 | ブランド・指名検索,KWP_CompetitorKeywordSeed
34891,マナブ テラス 評判,CORE,代表,C20622,1,マナブ テラス 評判,競合の比較検討（評判・料金）,保護者,B,カテゴリ競合×比較/評判/料金/乗換え/特性,中,③B カテゴリ競合,まなぶてらす,,,,UNSPECIFIED,比較検討・料金・申込 | ブランド・指名検索,KWP_CompetitorKeywordSeed
34927,マナブ テラス 資料 請求,CORE,代表,C20623,1,マナブ テラス 資料 請求,競合の比較検討（評判・料金）,保護者,B,カテゴリ競合×比較/評判/料金/乗換え/特性,中,③B カテゴリ競合,まなぶてらす,,,,UNSPECIFIED,比較検討・料金・申込 | ブランド・指名検索,KWP_CompetitorKeywordSeed
34897,マナブ テラス 費用,CORE,代表,C20624,1,マナブ テラス 費用,競合の比較検討（評判・料金）,保護者,B,カテゴリ競合×比較/評判/料金/乗換え/特性,中,③B カテゴリ競合,まなぶてらす,,,,UNSPECIFIED,比較検討・料金・申込 | ブランド・指名検索,KWP_CompetitorKeywordSeed
34921,マナブ テラス 退会,CORE,代表,C20625,1,マナブ テラス 退会,競合の不満・乗り換え,保護者,B,カテゴリ競合×比較/評判/料金/乗換え/特性,中,③B カテゴリ競合,まなぶてらす,,,,UNSPECIFIED,合わない・断られた・乗り換え | ブランド・指名検索,KWP_CompetitorKeywordSeed
34903,マナブ テラス 高い,CORE,代表,C20627,1,マナブ テラス 高い,競合の比較検討（評判・料金）,保護者,B,カテゴリ競合×比較/評判/料金/乗換え/特性,中,③B カテゴリ競合,まなぶてらす,,,,UNSPECIFIED,比較検討・料金・申込 | ブランド・指名検索,KWP_CompetitorKeywordSeed
34930,マナブ テラス グレー ゾーン,CORE,代表,C20629,1,マナブ テラス グレー ゾーン,競合×特性/不登校対応の確認,保護者,B,カテゴリ競合×比較/評判/料金/乗換え/特性,中,③B カテゴリ競合,まなぶてらす,,,,UNSPECIFIED,ブランド・指名検索,KWP_CompetitorKeywordSeed
34892,マナブ テラス レビュー,CORE,代表,C20632,1,マナブ テラス レビュー,競合の比較検討（評判・料金）,保護者,B,カテゴリ競合×比較/評判/料金/乗換え/特性,中,③B カテゴリ競合,まなぶてらす,,,,UNSPECIFIED,比較検討・料金・申込 | ブランド・指名検索,KWP_CompetitorKeywordSeed
35006,マナ リンク 不 登校 口コミ,CORE,代表,C20637,1,マナ リンク 不 登校 口コミ,競合の比較検討（評判・料金）,保護者,B,カテゴリ競合×比較/評判/料金/乗換え/特性,中,③B カテゴリ競合,マナリンク,,,,UNSPECIFIED,比較検討・料金・申込 | 学校生活・不登校・学校種別 | ブランド・指名検索,KWP_CompetitorKeywordSeed
35018,マナ リンク 不 登校 料金,CORE,代表,C20638,1,マナ リンク 不 登校 料金,競合の比較検討（評判・料金）,保護者,B,カテゴリ競合×比較/評判/料金/乗換え/特性,中,③B カテゴリ競合,マナリンク,,,,UNSPECIFIED,比較検討・料金・申込 | 学校生活・不登校・学校種別 | ブランド・指名検索,KWP_CompetitorKeywordSeed
34994,マナ リンク 不 登校,CORE,代表,C20639,1,マナ リンク 不 登校,競合×特性/不登校対応の確認,保護者,B,カテゴリ競合×比較/評判/料金/乗換え/特性,中,③B カテゴリ競合,マナリンク,,,,UNSPECIFIED,学校生活・不登校・学校種別 | ブランド・指名検索,KWP_CompetitorKeywordSeed
35012,マナ リンク 不 登校 評判,CORE,代表,C20640,1,マナ リンク 不 登校 評判,競合の比較検討（評判・料金）,保護者,B,カテゴリ競合×比較/評判/料金/乗換え/特性,中,③B カテゴリ競合,マナリンク,,,,UNSPECIFIED,比較検討・料金・申込 | 学校生活・不登校・学校種別 | ブランド・指名検索,KWP_CompetitorKeywordSeed
34983,マナ リンク 体験,CORE,代表,C20644,1,マナ リンク 体験,競合の比較検討（評判・料金）,保護者,B,カテゴリ競合×比較/評判/料金/乗換え/特性,中,③B カテゴリ競合,マナリンク,,,,UNSPECIFIED,比較検討・料金・申込 | ブランド・指名検索,KWP_CompetitorKeywordSeed
34984,マナ リンク 体験 授業,CORE,代表,C20645,1,マナ リンク 体験 授業,競合の比較検討（評判・料金）,保護者,B,カテゴリ競合×比較/評判/料金/乗換え/特性,中,③B カテゴリ競合,マナリンク,,,,UNSPECIFIED,比較検討・料金・申込 | 学習のやり方・学習課題 | ブランド・指名検索,KWP_CompetitorKeywordSeed
34982,マナ リンク 無料 体験,CORE,代表,C20646,1,マナ リンク 無料 体験,競合の比較検討（評判・料金）,保護者,B,カテゴリ競合×比較/評判/料金/乗換え/特性,中,③B カテゴリ競合,マナリンク,,,,UNSPECIFIED,比較検討・料金・申込 | ブランド・指名検索,KWP_CompetitorKeywordSeed
34952,マナ リンク 体験 談,CORE,代表,C20647,1,マナ リンク 体験 談,競合の比較検討（評判・料金）,保護者,B,カテゴリ競合×比較/評判/料金/乗換え/特性,中,③B カテゴリ競合,マナリンク,,,,UNSPECIFIED,比較検討・料金・申込 | ブランド・指名検索,KWP_CompetitorKeywordSeed
34988,マナ リンク 入会,CORE,代表,C20648,1,マナ リンク 入会,競合の比較検討（評判・料金）,保護者,B,カテゴリ競合×比較/評判/料金/乗換え/特性,中,③B カテゴリ競合,マナリンク,,,,UNSPECIFIED,比較検討・料金・申込 | ブランド・指名検索,KWP_CompetitorKeywordSeed
34960,マナ リンク 入会 金,CORE,代表,C20649,2,マナ リンク 入会 金,競合の比較検討（評判・料金）,保護者,B,カテゴリ競合×比較/評判/料金/乗換え/特性,中,③B カテゴリ競合,マナリンク,,,,UNSPECIFIED,比較検討・料金・申込 | ブランド・指名検索,KWP_CompetitorKeywordSeed
34947,マナ リンク 口コミ,CORE,代表,C20654,2,マナ リンク 口コミ,競合の比較検討（評判・料金）,保護者,B,カテゴリ競合×比較/評判/料金/乗換え/特性,中,③B カテゴリ競合,マナリンク,110,269.0,810.0,LOW,比較検討・料金・申込 | ブランド・指名検索,KWP_CompetitorKeywordSeed
35005,マナ リンク 境界 知能 口コミ,CORE,代表,C20655,1,マナ リンク 境界 知能 口コミ,競合の比較検討（評判・料金）,保護者,B,カテゴリ競合×比較/評判/料金/乗換え/特性,中,③B カテゴリ競合,マナリンク,,,,UNSPECIFIED,比較検討・料金・申込 | ブランド・指名検索,KWP_CompetitorKeywordSeed
35003,マナ リンク ld 口コミ,CORE,代表,C20656,2,マナ リンク ld 口コミ,競合の比較検討（評判・料金）,保護者,B,カテゴリ競合×比較/評判/料金/乗換え/特性,中,③B カテゴリ競合,マナリンク,,,,UNSPECIFIED,比較検討・料金・申込 | ブランド・指名検索,KWP_CompetitorKeywordSeed
35017,マナ リンク 境界 知能 料金,CORE,代表,C20657,1,マナ リンク 境界 知能 料金,競合の比較検討（評判・料金）,保護者,B,カテゴリ競合×比較/評判/料金/乗換え/特性,中,③B カテゴリ競合,マナリンク,,,,UNSPECIFIED,比較検討・料金・申込 | ブランド・指名検索,KWP_CompetitorKeywordSeed
34993,マナ リンク 境界 知能,CORE,代表,C20658,1,マナ リンク 境界 知能,競合×特性/不登校対応の確認,保護者,B,カテゴリ競合×比較/評判/料金/乗換え/特性,中,③B カテゴリ競合,マナリンク,,,,UNSPECIFIED,ブランド・指名検索,KWP_CompetitorKeywordSeed
35011,マナ リンク 境界 知能 評判,CORE,代表,C20659,1,マナ リンク 境界 知能 評判,競合の比較検討（評判・料金）,保護者,B,カテゴリ競合×比較/評判/料金/乗換え/特性,中,③B カテゴリ競合,マナリンク,,,,UNSPECIFIED,比較検討・料金・申込 | ブランド・指名検索,KWP_CompetitorKeywordSeed
34974,マナ リンク 失敗,CORE,代表,C20660,1,マナ リンク 失敗,競合の不満・乗り換え,保護者,B,カテゴリ競合×比較/評判/料金/乗換え/特性,中,③B カテゴリ競合,マナリンク,,,,UNSPECIFIED,比較検討・料金・申込 | ブランド・指名検索,KWP_CompetitorKeywordSeed
35015,マナ リンク ld 料金,CORE,代表,C20661,2,マナ リンク ld 料金,競合の比較検討（評判・料金）,保護者,B,カテゴリ競合×比較/評判/料金/乗換え/特性,中,③B カテゴリ競合,マナリンク,,,,UNSPECIFIED,比較検討・料金・申込 | ブランド・指名検索,KWP_CompetitorKeywordSeed
35009,マナ リンク ld 評判,CORE,代表,C20662,2,マナ リンク ld 評判,競合の比較検討（評判・料金）,保護者,B,カテゴリ競合×比較/評判/料金/乗換え/特性,中,③B カテゴリ競合,マナリンク,,,,UNSPECIFIED,比較検討・料金・申込 | ブランド・指名検索,KWP_CompetitorKeywordSeed
34991,マナ リンク ld,CORE,代表,C20663,2,マナ リンク ld,競合×特性/不登校対応の確認,保護者,B,カテゴリ競合×比較/評判/料金/乗換え/特性,中,③B カテゴリ競合,マナリンク,,,,UNSPECIFIED,ブランド・指名検索,KWP_CompetitorKeywordSeed
34963,マナ リンク 安い,CORE,代表,C20665,1,マナ リンク 安い,競合の比較検討（評判・料金）,保護者,B,カテゴリ競合×比較/評判/料金/乗換え/特性,中,③B カテゴリ競合,マナリンク,,,,UNSPECIFIED,比較検討・料金・申込 | ブランド・指名検索,KWP_CompetitorKeywordSeed
34975,マナ リンク 後悔,CORE,代表,C20668,1,マナ リンク 後悔,競合の不満・乗り換え,保護者,B,カテゴリ競合×比較/評判/料金/乗換え/特性,中,③B カテゴリ競合,マナリンク,,,,UNSPECIFIED,比較検討・料金・申込 | ブランド・指名検索,KWP_CompetitorKeywordSeed
34972,マナ リンク 怪しい,CORE,代表,C20669,2,マナ リンク 怪しい,競合の不満・乗り換え,保護者,B,カテゴリ競合×比較/評判/料金/乗換え/特性,中,③B カテゴリ競合,マナリンク,50,342.0,723.0,LOW,比較検討・料金・申込 | ブランド・指名検索,KWP_CompetitorKeywordSeed || Google_competitor_SERP || Google_competitor_suggest
34953,マナ リンク 感想,CORE,代表,C20670,1,マナ リンク 感想,競合の比較検討（評判・料金）,保護者,B,カテゴリ競合×比較/評判/料金/乗換え/特性,中,③B カテゴリ競合,マナリンク,,,,UNSPECIFIED,比較検討・料金・申込 | ブランド・指名検索,KWP_CompetitorKeywordSeed
34955,マナ リンク 料金,CORE,代表,C20673,5,マナ リンク 料金,競合の比較検討（評判・料金）,保護者,B,カテゴリ競合×比較/評判/料金/乗換え/特性,中,③B カテゴリ競合,マナリンク,20,,,LOW,比較検討・料金・申込 | ブランド・指名検索,KWP_CompetitorKeywordSeed || Google_competitor_SERP || Google_competitor_suggest
34973,マナ リンク 最悪,CORE,代表,C20674,1,マナ リンク 最悪,競合の不満・乗り換え,保護者,B,カテゴリ競合×比較/評判/料金/乗換え/特性,中,③B カテゴリ競合,マナリンク,,,,UNSPECIFIED,比較検討・料金・申込 | ブランド・指名検索,KWP_CompetitorKeywordSeed
34964,マナ リンク 比較,CORE,代表,C20675,1,マナ リンク 比較,競合の比較検討（評判・料金）,保護者,B,カテゴリ競合×比較/評判/料金/乗換え/特性,中,③B カテゴリ競合,マナリンク,,,,UNSPECIFIED,比較検討・料金・申込 | ブランド・指名検索,KWP_CompetitorKeywordSeed
34987,マナ リンク 申し込み,CORE,代表,C20677,1,マナ リンク 申し込み,競合の比較検討（評判・料金）,保護者,B,カテゴリ競合×比較/評判/料金/乗換え/特性,中,③B カテゴリ競合,マナリンク,,,,UNSPECIFIED,比較検討・料金・申込 | ブランド・指名検索,KWP_CompetitorKeywordSeed
34981,マナ リンク 解約,CORE,代表,C20678,1,マナ リンク 解約,競合の不満・乗り換え,保護者,B,カテゴリ競合×比較/評判/料金/乗換え/特性,中,③B カテゴリ競合,マナリンク,,,,UNSPECIFIED,比較検討・料金・申込 | ブランド・指名検索,KWP_CompetitorKeywordSeed
34954,マナ リンク 評価,CORE,代表,C20679,1,マナ リンク 評価,競合の比較検討（評判・料金）,保護者,B,カテゴリ競合×比較/評判/料金/乗換え/特性,中,③B カテゴリ競合,マナリンク,,,,UNSPECIFIED,比較検討・料金・申込 | ブランド・指名検索,KWP_CompetitorKeywordSeed
34948,マナ リンク 評判,CORE,代表,C20680,2,マナ リンク 評判,競合の比較検討（評判・料金）,保護者,B,カテゴリ競合×比較/評判/料金/乗換え/特性,中,③B カテゴリ競合,マナリンク,210,234.0,753.0,LOW,比較検討・料金・申込 | ブランド・指名検索,KWP_CompetitorKeywordSeed
34986,マナ リンク 資料 請求,CORE,代表,C20682,1,マナ リンク 資料 請求,競合の比較検討（評判・料金）,保護者,B,カテゴリ競合×比較/評判/料金/乗換え/特性,中,③B カテゴリ競合,マナリンク,,,,UNSPECIFIED,比較検討・料金・申込 | ブランド・指名検索,KWP_CompetitorKeywordSeed
34956,マナ リンク 費用,CORE,代表,C20684,1,マナ リンク 費用,競合の比較検討（評判・料金）,保護者,B,カテゴリ競合×比較/評判/料金/乗換え/特性,中,③B カテゴリ競合,マナリンク,,,,UNSPECIFIED,比較検討・料金・申込 | ブランド・指名検索,KWP_CompetitorKeywordSeed
34980,マナ リンク 退会,CORE,代表,C20685,1,マナ リンク 退会,競合の不満・乗り換え,保護者,B,カテゴリ競合×比較/評判/料金/乗換え/特性,中,③B カテゴリ競合,マナリンク,,,,UNSPECIFIED,合わない・断られた・乗り換え | ブランド・指名検索,KWP_CompetitorKeywordSeed
34962,マナ リンク 高い,CORE,代表,C20687,1,マナ リンク 高い,競合の比較検討（評判・料金）,保護者,B,カテゴリ競合×比較/評判/料金/乗換え/特性,中,③B カテゴリ競合,マナリンク,,,,UNSPECIFIED,比較検討・料金・申込 | ブランド・指名検索,KWP_CompetitorKeywordSeed
34989,マナ リンク グレー ゾーン,CORE,代表,C20690,1,マナ リンク グレー ゾーン,競合×特性/不登校対応の確認,保護者,B,カテゴリ競合×比較/評判/料金/乗換え/特性,中,③B カテゴリ競合,マナリンク,,,,UNSPECIFIED,ブランド・指名検索,KWP_CompetitorKeywordSeed
35001,マナ リンク グレー ゾーン 口コミ,CORE,代表,C20691,1,マナ リンク グレー ゾーン 口コミ,競合の比較検討（評判・料金）,保護者,B,カテゴリ競合×比較/評判/料金/乗換え/特性,中,③B カテゴリ競合,マナリンク,,,,UNSPECIFIED,比較検討・料金・申込 | ブランド・指名検索,KWP_CompetitorKeywordSeed
35013,マナ リンク グレー ゾーン 料金,CORE,代表,C20692,1,マナ リンク グレー ゾーン 料金,競合の比較検討（評判・料金）,保護者,B,カテゴリ競合×比較/評判/料金/乗換え/特性,中,③B カテゴリ競合,マナリンク,,,,UNSPECIFIED,比較検討・料金・申込 | ブランド・指名検索,KWP_CompetitorKeywordSeed
35007,マナ リンク グレー ゾーン 評判,CORE,代表,C20693,1,マナ リンク グレー ゾーン 評判,競合の比較検討（評判・料金）,保護者,B,カテゴリ競合×比較/評判/料金/乗換え/特性,中,③B カテゴリ競合,マナリンク,,,,UNSPECIFIED,比較検討・料金・申込 | ブランド・指名検索,KWP_CompetitorKeywordSeed
34951,マナ リンク レビュー,CORE,代表,C20696,2,マナ リンク レビュー,競合の比較検討（評判・料金）,保護者,B,カテゴリ競合×比較/評判/料金/乗換え/特性,中,③B カテゴリ競合,マナリンク,30,299.0,694.0,LOW,比較検討・料金・申込 | ブランド・指名検索,KWP_CompetitorKeywordSeed
36911,明光 ミューズ 料金,CORE,代表,C20722,1,明光 ミューズ 料金,競合の比較検討（評判・料金）,保護者,B,カテゴリ競合×比較/評判/料金/乗換え/特性,中,③B カテゴリ競合,個別指導の明光義塾,10,,,MEDIUM,比較検討・料金・申込 | ブランド・指名検索,KWP_CompetitorKeywordSeed
36867,明光 ミューズ 評判,CORE,代表,C20723,1,明光 ミューズ 評判,競合の比較検討（評判・料金）,保護者,B,カテゴリ競合×比較/評判/料金/乗換え/特性,中,③B カテゴリ競合,個別指導の明光義塾,20,,,LOW,比較検討・料金・申込 | ブランド・指名検索,KWP_CompetitorKeywordSeed
34397,メガジュン 体験 談,CORE,代表,C20729,1,メガジュン 体験 談,競合の比較検討（評判・料金）,保護者,B,直接競合（特性/不登校×1対1学習支援）,高,③A 直接競合,メガジュン,,,,UNSPECIFIED,比較検討・料金・申込 | ブランド・指名検索,KWP_CompetitorKeywordSeed
34404,メガジュン 入会 金,CORE,代表,C20730,1,メガジュン 入会 金,競合の比較検討（評判・料金）,保護者,B,直接競合（特性/不登校×1対1学習支援）,高,③A 直接競合,メガジュン,,,,UNSPECIFIED,比較検討・料金・申込 | ブランド・指名検索,KWP_CompetitorKeywordSeed
34418,メガジュン 失敗,CORE,代表,C20731,1,メガジュン 失敗,競合の不満・乗り換え,保護者,B,直接競合（特性/不登校×1対1学習支援）,高,③A 直接競合,メガジュン,,,,UNSPECIFIED,比較検討・料金・申込 | ブランド・指名検索,KWP_CompetitorKeywordSeed
34407,メガジュン 安い,CORE,代表,C20732,1,メガジュン 安い,競合の比較検討（評判・料金）,保護者,B,直接競合（特性/不登校×1対1学習支援）,高,③A 直接競合,メガジュン,,,,UNSPECIFIED,比較検討・料金・申込 | ブランド・指名検索,KWP_CompetitorKeywordSeed
34419,メガジュン 後悔,CORE,代表,C20733,1,メガジュン 後悔,競合の不満・乗り換え,保護者,B,直接競合（特性/不登校×1対1学習支援）,高,③A 直接競合,メガジュン,,,,UNSPECIFIED,比較検討・料金・申込 | ブランド・指名検索,KWP_CompetitorKeywordSeed
34416,メガジュン 怪しい,CORE,代表,C20734,1,メガジュン 怪しい,競合の不満・乗り換え,保護者,B,直接競合（特性/不登校×1対1学習支援）,高,③A 直接競合,メガジュン,,,,UNSPECIFIED,比較検討・料金・申込 | ブランド・指名検索,KWP_CompetitorKeywordSeed
34408,メガジュン 比較,CORE,代表,C20735,1,メガジュン 比較,競合の比較検討（評判・料金）,保護者,B,直接競合（特性/不登校×1対1学習支援）,高,③A 直接競合,メガジュン,,,,UNSPECIFIED,比較検討・料金・申込 | ブランド・指名検索,KWP_CompetitorKeywordSeed
34399,メガジュン 評価,CORE,代表,C20736,1,メガジュン 評価,競合の比較検討（評判・料金）,保護者,B,直接競合（特性/不登校×1対1学習支援）,高,③A 直接競合,メガジュン,,,,UNSPECIFIED,比較検討・料金・申込 | ブランド・指名検索,KWP_CompetitorKeywordSeed
34409,メガジュン 違い,CORE,代表,C20737,1,メガジュン 違い,競合指名・周辺,保護者,B,直接競合（特性/不登校×1対1学習支援）,高,③A 直接競合,メガジュン,,,,UNSPECIFIED,比較検討・料金・申込 | ブランド・指名検索 | 特性そのものを調べる（とは・特徴・チェック）,KWP_CompetitorKeywordSeed
34406,メガジュン 高い,CORE,代表,C20738,1,メガジュン 高い,競合の比較検討（評判・料金）,保護者,B,直接競合（特性/不登校×1対1学習支援）,高,③A 直接競合,メガジュン,,,,UNSPECIFIED,比較検討・料金・申込 | ブランド・指名検索,KWP_CompetitorKeywordSeed
34414,メガジュン デメリット,CORE,代表,C20739,1,メガジュン デメリット,競合指名・周辺,保護者,B,直接競合（特性/不登校×1対1学習支援）,高,③A 直接競合,メガジュン,,,,UNSPECIFIED,比較検討・料金・申込 | ブランド・指名検索,KWP_CompetitorKeywordSeed
47701,メガジュン ブログ,CORE,代表,C20740,1,メガジュン ブログ,競合の比較検討（評判・料金）,保護者,B,直接競合（特性/不登校×1対1学習支援）,高,③A 直接競合,メガジュン,,,,UNSPECIFIED,比較検討・料金・申込 | ブランド・指名検索,Google_competitor_suggest
34415,メガジュン メリット,CORE,代表,C20741,1,メガジュン メリット,競合指名・周辺,保護者,B,直接競合（特性/不登校×1対1学習支援）,高,③A 直接競合,メガジュン,,,,UNSPECIFIED,ブランド・指名検索,KWP_CompetitorKeywordSeed
34396,メガジュン レビュー,CORE,代表,C20742,1,メガジュン レビュー,競合の比較検討（評判・料金）,保護者,B,直接競合（特性/不登校×1対1学習支援）,高,③A 直接競合,メガジュン,,,,UNSPECIFIED,比較検討・料金・申込 | ブランド・指名検索,KWP_CompetitorKeywordSeed
27958,メガスタ,CORE,代表,C20743,1,メガスタ,競合指名・周辺,保護者,B,終了競合の乗換え需要,高,③X 終了サービス/乗換え,オンラインプロ教師のメガスタ,5400,121.0,373.0,LOW,ブランド・指名検索,KWP_SiteSeed || KWP_CompetitorKeywordSeed
32115,メガスタ 不 登校 口コミ,CORE,代表,C20744,1,メガスタ 不 登校 口コミ,競合の比較検討（評判・料金）,保護者,B,終了競合の乗換え需要,高,③X 終了サービス/乗換え,オンラインプロ教師のメガスタ,,,,UNSPECIFIED,比較検討・料金・申込 | 学校生活・不登校・学校種別 | ブランド・指名検索,KWP_CompetitorKeywordSeed
32127,メガスタ 不 登校 料金,CORE,代表,C20745,1,メガスタ 不 登校 料金,競合の比較検討（評判・料金）,保護者,B,終了競合の乗換え需要,高,③X 終了サービス/乗換え,オンラインプロ教師のメガスタ,,,,UNSPECIFIED,比較検討・料金・申込 | 学校生活・不登校・学校種別 | ブランド・指名検索,KWP_CompetitorKeywordSeed
623,メガスタ 不 登校,CORE,代表,C20746,2,メガスタ 不 登校,競合×特性/不登校対応の確認,保護者,B,終了競合の乗換え需要,高,③X 終了サービス/乗換え,オンラインプロ教師のメガスタ,10,,,UNSPECIFIED,学校生活・不登校・学校種別 | ブランド・指名検索,KWP_KeywordSeed || KWP_CompetitorKeywordSeed
32121,メガスタ 不 登校 評判,CORE,代表,C20747,1,メガスタ 不 登校 評判,競合の比較検討（評判・料金）,保護者,B,終了競合の乗換え需要,高,③X 終了サービス/乗換え,オンラインプロ教師のメガスタ,,,,UNSPECIFIED,比較検討・料金・申込 | 学校生活・不登校・学校種別 | ブランド・指名検索,KWP_CompetitorKeywordSeed
1800,メガスタ 中学,CORE,代表,C20748,1,メガスタ 中学,競合指名・周辺,保護者,B,終了競合の乗換え需要,高,③X 終了サービス/乗換え,オンラインプロ教師のメガスタ,10,,,UNSPECIFIED,ブランド・指名検索,KWP_KeywordSeed || KWP_CompetitorKeywordSeed
32107,メガスタ 中学 受験,CORE,代表,C20749,2,メガスタ 中学 受験,競合指名・周辺,保護者,B,終了競合の乗換え需要,高,③X 終了サービス/乗換え,オンラインプロ教師のメガスタ,10,,,HIGH,受験・進路 | ブランド・指名検索,KWP_CompetitorKeywordSeed
1582,メガスタ 中学生,CORE,代表,C20750,1,メガスタ 中学生,競合指名・周辺,保護者,B,終了競合の乗換え需要,高,③X 終了サービス/乗換え,オンラインプロ教師のメガスタ,40,,,UNSPECIFIED,ブランド・指名検索,KWP_KeywordSeed || KWP_CompetitorKeywordSeed || CompetitorMatrix
1606,メガスタ 料金 中学生,CORE,代表,C20751,2,メガスタ 料金 中学生,競合の比較検討（評判・料金）,保護者,B,終了競合の乗換え需要,高,③X 終了サービス/乗換え,オンラインプロ教師のメガスタ,30,,,UNSPECIFIED,比較検討・料金・申込 | ブランド・指名検索,KWP_KeywordSeed || KWP_CompetitorKeywordSeed || Google_competitor_suggest
32036,メガスタ 中学生 評判,CORE,代表,C20752,1,メガスタ 中学生 評判,競合の比較検討（評判・料金）,保護者,B,終了競合の乗換え需要,高,③X 終了サービス/乗換え,オンラインプロ教師のメガスタ,20,,,UNSPECIFIED,比較検討・料金・申込 | ブランド・指名検索,KWP_CompetitorKeywordSeed || Google_competitor_SERP || Google_competitor_suggest
32082,メガスタ 他社,CORE,代表,C20753,1,メガスタ 他社,競合指名・周辺,保護者,B,終了競合の乗換え需要,高,③X 終了サービス/乗換え,オンラインプロ教師のメガスタ,,,,UNSPECIFIED,比較検討・料金・申込 | ブランド・指名検索,KWP_CompetitorKeywordSeed
1961,メガスタ 会社,CORE,代表,C20754,1,メガスタ 会社,競合指名・周辺,保護者,B,終了競合の乗換え需要,高,③X 終了サービス/乗換え,オンラインプロ教師のメガスタ,10,,,UNSPECIFIED,ブランド・指名検索,KWP_KeywordSeed
32096,メガスタ 体験,CORE,代表,C20755,1,メガスタ 体験,競合の比較検討（評判・料金）,保護者,B,終了競合の乗換え需要,高,③X 終了サービス/乗換え,オンラインプロ教師のメガスタ,,,,UNSPECIFIED,比較検討・料金・申込 | ブランド・指名検索,KWP_CompetitorKeywordSeed
32097,メガスタ 体験 授業,CORE,代表,C20756,1,メガスタ 体験 授業,競合の比較検討（評判・料金）,保護者,B,終了競合の乗換え需要,高,③X 終了サービス/乗換え,オンラインプロ教師のメガスタ,,,,UNSPECIFIED,比較検討・料金・申込 | 学習のやり方・学習課題 | ブランド・指名検索,KWP_CompetitorKeywordSeed
32095,メガスタ 無料 体験,CORE,代表,C20757,1,メガスタ 無料 体験,競合の比較検討（評判・料金）,保護者,B,終了競合の乗換え需要,高,③X 終了サービス/乗換え,オンラインプロ教師のメガスタ,,,,UNSPECIFIED,比較検討・料金・申込 | ブランド・指名検索,KWP_CompetitorKeywordSeed
1807,メガスタ 体験 談,CORE,代表,C20758,2,メガスタ 体験 談,競合の比較検討（評判・料金）,保護者,B,終了競合の乗換え需要,高,③X 終了サービス/乗換え,オンラインプロ教師のメガスタ,10,,,UNSPECIFIED,比較検討・料金・申込 | ブランド・指名検索,KWP_KeywordSeed || KWP_CompetitorKeywordSeed
32101,メガスタ 入会,CORE,代表,C20759,1,メガスタ 入会,競合の比較検討（評判・料金）,保護者,B,終了競合の乗換え需要,高,③X 終了サービス/乗換え,オンラインプロ教師のメガスタ,,,,UNSPECIFIED,比較検討・料金・申込 | ブランド・指名検索,KWP_CompetitorKeywordSeed
32075,メガスタ 入会 金,CORE,代表,C20760,1,メガスタ 入会 金,競合の比較検討（評判・料金）,保護者,B,終了競合の乗換え需要,高,③X 終了サービス/乗換え,オンラインプロ教師のメガスタ,,,,UNSPECIFIED,比較検討・料金・申込 | ブランド・指名検索,KWP_CompetitorKeywordSeed
68129,メガスタ 割引,CORE,代表,C20761,1,メガスタ 割引,競合指名・周辺,保護者,B,終了競合の乗換え需要,高,③X 終了サービス/乗換え,オンラインプロ教師のメガスタ,10,,,UNSPECIFIED,比較検討・料金・申込 | ブランド・指名検索,CompetitorMatrix
47500,メガスタ 大学受験 口コミ,CORE,代表,C20762,1,メガスタ 大学受験 口コミ,競合の比較検討（評判・料金）,保護者,B,終了競合の乗換え需要,高,③X 終了サービス/乗換え,オンラインプロ教師のメガスタ,,,,UNSPECIFIED,比較検討・料金・申込 | 受験・進路 | ブランド・指名検索,Google_competitor_suggest
1636,メガスタ 大学 受験,CORE,代表,C20763,2,メガスタ 大学 受験,競合指名・周辺,保護者,B,終了競合の乗換え需要,高,③X 終了サービス/乗換え,オンラインプロ教師のメガスタ,10,,,LOW,受験・進路 | ブランド・指名検索,KWP_KeywordSeed || KWP_CompetitorKeywordSeed
1779,メガスタ 高校 受験,CORE,代表,C20764,2,メガスタ 高校 受験,競合指名・周辺,保護者,B,終了競合の乗換え需要,高,③X 終了サービス/乗換え,オンラインプロ教師のメガスタ,10,,,HIGH,受験・進路 | ブランド・指名検索,KWP_KeywordSeed || KWP_CompetitorKeywordSeed
1595,メガスタ 口コミ,CORE,代表,C20765,2,メガスタ 口コミ,競合の比較検討（評判・料金）,保護者,B,終了競合の乗換え需要,高,③X 終了サービス/乗換え,オンラインプロ教師のメガスタ,140,,,MEDIUM,比較検討・料金・申込 | ブランド・指名検索,KWP_KeywordSeed || KWP_CompetitorKeywordSeed || Google_competitor_suggest || CompetitorMatrix
47499,メガスタ 総合型選抜 口コミ,CORE,代表,C20766,1,メガスタ 総合型選抜 口コミ,競合の比較検討（評判・料金）,保護者,B,終了競合の乗換え需要,高,③X 終了サービス/乗換え,オンラインプロ教師のメガスタ,10,,,LOW,比較検討・料金・申込 | ブランド・指名検索,Google_competitor_suggest
47501,メガスタ 塾 口コミ,CORE,代表,C20767,1,メガスタ 塾 口コミ,競合の比較検討（評判・料金）,保護者,B,終了競合の乗換え需要,高,③X 終了サービス/乗換え,オンラインプロ教師のメガスタ,,,,UNSPECIFIED,サービス探し（家庭教師・塾・支援） | 比較検討・料金・申込 | ブランド・指名検索,Google_competitor_suggest
32114,メガスタ 境界 知能 口コミ,CORE,代表,C20768,1,メガスタ 境界 知能 口コミ,競合の比較検討（評判・料金）,保護者,B,終了競合の乗換え需要,高,③X 終了サービス/乗換え,オンラインプロ教師のメガスタ,,,,UNSPECIFIED,比較検討・料金・申込 | ブランド・指名検索,KWP_CompetitorKeywordSeed
32112,メガスタ ld 口コミ,CORE,代表,C20769,2,メガスタ ld 口コミ,競合の比較検討（評判・料金）,保護者,B,終了競合の乗換え需要,高,③X 終了サービス/乗換え,オンラインプロ教師のメガスタ,,,,UNSPECIFIED,比較検討・料金・申込 | ブランド・指名検索,KWP_CompetitorKeywordSeed
1965,メガスタ 私立 口コミ,CORE,代表,C20770,1,メガスタ 私立 口コミ,競合の比較検討（評判・料金）,保護者,B,終了競合の乗換え需要,高,③X 終了サービス/乗換え,オンラインプロ教師のメガスタ,10,,,UNSPECIFIED,比較検討・料金・申込 | 学校生活・不登校・学校種別 | ブランド・指名検索,KWP_KeywordSeed || KWP_CompetitorKeywordSeed || Google_competitor_suggest
32045,メガスタ 評判 口コミ,CORE,代表,C20771,1,メガスタ 評判 口コミ,競合の比較検討（評判・料金）,保護者,B,終了競合の乗換え需要,高,③X 終了サービス/乗換え,オンラインプロ教師のメガスタ,10,,,UNSPECIFIED,比較検討・料金・申込 | ブランド・指名検索,KWP_CompetitorKeywordSeed
1681,メガスタ 高校生 口コミ,CORE,代表,C20772,1,メガスタ 高校生 口コミ,競合の比較検討（評判・料金）,保護者,B,終了競合の乗換え需要,高,③X 終了サービス/乗換え,オンラインプロ教師のメガスタ,20,,,UNSPECIFIED,比較検討・料金・申込 | ブランド・指名検索,KWP_KeywordSeed || KWP_CompetitorKeywordSeed || Google_competitor_suggest
68128,メガスタ 合格実績,CORE,代表,C20773,1,メガスタ 合格実績,競合の比較検討（評判・料金）,保護者,B,終了競合の乗換え需要,高,③X 終了サービス/乗換え,オンラインプロ教師のメガスタ,10,,,LOW,比較検討・料金・申込 | 受験・進路 | ブランド・指名検索,CompetitorMatrix
32042,メガスタ 問い合わせ,CORE,代表,C20774,1,メガスタ 問い合わせ,競合の比較検討（評判・料金）,保護者,B,終了競合の乗換え需要,高,③X 終了サービス/乗換え,オンラインプロ教師のメガスタ,10,,,UNSPECIFIED,比較検討・料金・申込 | ブランド・指名検索,KWP_CompetitorKeywordSeed
47506,メガスタ 総合型選抜 料金,CORE,代表,C20775,1,メガスタ 総合型選抜 料金,競合の比較検討（評判・料金）,保護者,B,終了競合の乗換え需要,高,③X 終了サービス/乗換え,オンラインプロ教師のメガスタ,10,,,UNSPECIFIED,比較検討・料金・申込 | ブランド・指名検索,Google_competitor_suggest
47505,メガスタ 評判 総合型選抜,CORE,代表,C20776,1,メガスタ 評判 総合型選抜,競合の比較検討（評判・料金）,保護者,B,終了競合の乗換え需要,高,③X 終了サービス/乗換え,オンラインプロ教師のメガスタ,10,,,UNSPECIFIED,比較検討・料金・申込 | ブランド・指名検索,Google_competitor_suggest
27992,メガスタ 塾,CORE,代表,C20777,1,メガスタ 塾,競合指名・周辺,保護者,B,終了競合の乗換え需要,高,③X 終了サービス/乗換え,オンラインプロ教師のメガスタ,50,,,LOW,サービス探し（家庭教師・塾・支援） | ブランド・指名検索,KWP_SiteSeed || KWP_CompetitorKeywordSeed
32126,メガスタ 境界 知能 料金,CORE,代表,C20778,1,メガスタ 境界 知能 料金,競合の比較検討（評判・料金）,保護者,B,終了競合の乗換え需要,高,③X 終了サービス/乗換え,オンラインプロ教師のメガスタ,,,,UNSPECIFIED,比較検討・料金・申込 | ブランド・指名検索,KWP_CompetitorKeywordSeed
32106,メガスタ 境界 知能,CORE,代表,C20779,1,メガスタ 境界 知能,競合×特性/不登校対応の確認,保護者,B,終了競合の乗換え需要,高,③X 終了サービス/乗換え,オンラインプロ教師のメガスタ,,,,UNSPECIFIED,ブランド・指名検索,KWP_CompetitorKeywordSeed
32120,メガスタ 境界 知能 評判,CORE,代表,C20780,1,メガスタ 境界 知能 評判,競合の比較検討（評判・料金）,保護者,B,終了競合の乗換え需要,高,③X 終了サービス/乗換え,オンラインプロ教師のメガスタ,,,,UNSPECIFIED,比較検討・料金・申込 | ブランド・指名検索,KWP_CompetitorKeywordSeed
67763,メガスタ 夏期講習,CORE,代表,C20781,1,メガスタ 夏期講習,競合指名・周辺,保護者,B,終了競合の乗換え需要,高,③X 終了サービス/乗換え,オンラインプロ教師のメガスタ,10,,,UNSPECIFIED,学習のやり方・学習課題 | ブランド・指名検索,CompetitorMatrix
1962,メガスタ 大学,CORE,代表,C20782,1,メガスタ 大学,競合指名・周辺,保護者,B,終了競合の乗換え需要,高,③X 終了サービス/乗換え,オンラインプロ教師のメガスタ,10,,,UNSPECIFIED,受験・進路 | ブランド・指名検索,KWP_KeywordSeed || KWP_CompetitorKeywordSeed
32087,メガスタ 失敗,CORE,代表,C20783,1,メガスタ 失敗,競合の不満・乗り換え,保護者,B,終了競合の乗換え需要,高,③X 終了サービス/乗換え,オンラインプロ教師のメガスタ,,,,UNSPECIFIED,比較検討・料金・申込 | ブランド・指名検索,KWP_CompetitorKeywordSeed
1963,メガスタ 学生 講師,CORE,代表,C20784,1,メガスタ 学生 講師,競合指名・周辺,保護者,B,終了競合の乗換え需要,高,③X 終了サービス/乗換え,オンラインプロ教師のメガスタ,10,,,UNSPECIFIED,サービス探し（家庭教師・塾・支援） | ブランド・指名検索,KWP_KeywordSeed || KWP_CompetitorKeywordSeed
32124,メガスタ ld 料金,CORE,代表,C20785,2,メガスタ ld 料金,競合の比較検討（評判・料金）,保護者,B,終了競合の乗換え需要,高,③X 終了サービス/乗換え,オンラインプロ教師のメガスタ,,,,UNSPECIFIED,比較検討・料金・申込 | ブランド・指名検索,KWP_CompetitorKeywordSeed
32118,メガスタ ld 評判,CORE,代表,C20786,2,メガスタ ld 評判,競合の比較検討（評判・料金）,保護者,B,終了競合の乗換え需要,高,③X 終了サービス/乗換え,オンラインプロ教師のメガスタ,,,,UNSPECIFIED,比較検討・料金・申込 | ブランド・指名検索,KWP_CompetitorKeywordSeed
32104,メガスタ ld,CORE,代表,C20787,2,メガスタ ld,競合×特性/不登校対応の確認,保護者,B,終了競合の乗換え需要,高,③X 終了サービス/乗換え,オンラインプロ教師のメガスタ,,,,UNSPECIFIED,ブランド・指名検索,KWP_CompetitorKeywordSeed
32077,メガスタ 安い,CORE,代表,C20788,1,メガスタ 安い,競合の比較検討（評判・料金）,保護者,B,終了競合の乗換え需要,高,③X 終了サービス/乗換え,オンラインプロ教師のメガスタ,,,,UNSPECIFIED,比較検討・料金・申込 | ブランド・指名検索,KWP_CompetitorKeywordSeed
1601,メガスタ 家庭 教師,CORE,代表,C20789,4,メガスタ 家庭 教師,競合指名・周辺,保護者,B,終了競合の乗換え需要,高,③X 終了サービス/乗換え,オンラインプロ教師のメガスタ,70,218.0,818.0,LOW,サービス探し（家庭教師・塾・支援） | ブランド・指名検索,KWP_KeywordSeed || KWP_CompetitorKeywordSeed
32038,家庭 教師 メガスタ 評判,CORE,代表,C20790,1,家庭 教師 メガスタ 評判,競合の比較検討（評判・料金）,保護者,B,終了競合の乗換え需要,高,③X 終了サービス/乗換え,オンラインプロ教師のメガスタ,10,,,MEDIUM,サービス探し（家庭教師・塾・支援） | 比較検討・料金・申込 | ブランド・指名検索,KWP_CompetitorKeywordSeed || Google_competitor_suggest
1742,メガスタ 小学生,CORE,代表,C20791,1,メガスタ 小学生,競合指名・周辺,保護者,B,終了競合の乗換え需要,高,③X 終了サービス/乗換え,オンラインプロ教師のメガスタ,10,,,UNSPECIFIED,ブランド・指名検索,KWP_KeywordSeed || KWP_CompetitorKeywordSeed || CompetitorMatrix
47493,メガスタ 山内,CORE,代表,C20792,1,メガスタ 山内,競合指名・周辺,保護者,B,終了競合の乗換え需要,高,③X 終了サービス/乗換え,オンラインプロ教師のメガスタ,320,,,LOW,ブランド・指名検索,Google_competitor_suggest
32060,メガスタ 消費 者 庁,CORE,代表,C20793,1,メガスタ 消費 者 庁,競合指名・周辺,保護者,B,終了競合の乗換え需要,高,③X 終了サービス/乗換え,オンラインプロ教師のメガスタ,10,,,LOW,ブランド・指名検索,KWP_CompetitorKeywordSeed
32088,メガスタ 後悔,CORE,代表,C20794,1,メガスタ 後悔,競合の不満・乗り換え,保護者,B,終了競合の乗換え需要,高,③X 終了サービス/乗換え,オンラインプロ教師のメガスタ,,,,UNSPECIFIED,比較検討・料金・申込 | ブランド・指名検索,KWP_CompetitorKeywordSeed
32063,メガスタ 怪しい,CORE,代表,C20795,1,メガスタ 怪しい,競合の不満・乗り換え,保護者,B,終了競合の乗換え需要,高,③X 終了サービス/乗換え,オンラインプロ教師のメガスタ,40,,,LOW,比較検討・料金・申込 | ブランド・指名検索,KWP_CompetitorKeywordSeed || CompetitorMatrix
32064,メガスタ 評判 悪い,CORE,代表,C20796,1,メガスタ 評判 悪い,競合の比較検討（評判・料金）,保護者,B,終了競合の乗換え需要,高,③X 終了サービス/乗換え,オンラインプロ教師のメガスタ,10,,,UNSPECIFIED,比較検討・料金・申込 | ブランド・指名検索,KWP_CompetitorKeywordSeed || Google_competitor_suggest || CompetitorMatrix
32069,メガスタ 感想,CORE,代表,C20797,1,メガスタ 感想,競合の比較検討（評判・料金）,保護者,B,終了競合の乗換え需要,高,③X 終了サービス/乗換え,オンラインプロ教師のメガスタ,,,,UNSPECIFIED,比較検討・料金・申込 | ブランド・指名検索,KWP_CompetitorKeywordSeed
32057,メガスタ 指 原,CORE,代表,C20798,1,メガスタ 指 原,競合指名・周辺,保護者,B,終了競合の乗換え需要,高,③X 終了サービス/乗換え,オンラインプロ教師のメガスタ,10,,,LOW,ブランド・指名検索,KWP_CompetitorKeywordSeed
32058,メガスタ 指 原 莉乃,CORE,代表,C20799,1,メガスタ 指 原 莉乃,競合指名・周辺,保護者,B,終了競合の乗換え需要,高,③X 終了サービス/乗換え,オンラインプロ教師のメガスタ,10,,,LOW,ブランド・指名検索,KWP_CompetitorKeywordSeed
1689,メガスタ 授業 料,CORE,代表,C20800,2,メガスタ 授業 料,競合指名・周辺,保護者,B,終了競合の乗換え需要,高,③X 終了サービス/乗換え,オンラインプロ教師のメガスタ,20,,,UNSPECIFIED,比較検討・料金・申込 | 学習のやり方・学習課題 | ブランド・指名検索,KWP_KeywordSeed || KWP_CompetitorKeywordSeed
1757,メガスタ 教師,CORE,代表,C20801,1,メガスタ 教師,競合指名・周辺,保護者,B,終了競合の乗換え需要,高,③X 終了サービス/乗換え,オンラインプロ教師のメガスタ,10,,,UNSPECIFIED,ブランド・指名検索,KWP_KeywordSeed || KWP_CompetitorKeywordSeed
32046,メガスタ 教材,CORE,代表,C20802,1,メガスタ 教材,競合指名・周辺,保護者,B,終了競合の乗換え需要,高,③X 終了サービス/乗換え,オンラインプロ教師のメガスタ,10,,,UNSPECIFIED,教材・通信教育 | ブランド・指名検索,KWP_CompetitorKeywordSeed
32076,メガスタ 教材 費,CORE,代表,C20803,1,メガスタ 教材 費,競合指名・周辺,保護者,B,終了競合の乗換え需要,高,③X 終了サービス/乗換え,オンラインプロ教師のメガスタ,,,,UNSPECIFIED,比較検討・料金・申込 | 教材・通信教育 | ブランド・指名検索,KWP_CompetitorKeywordSeed
1561,メガスタ 料金,CORE,代表,C20804,4,メガスタ 料金,競合の比較検討（評判・料金）,保護者,B,終了競合の乗換え需要,高,③X 終了サービス/乗換え,オンラインプロ教師のメガスタ,260,,,LOW,比較検討・料金・申込 | ブランド・指名検索,KWP_KeywordSeed || KWP_CompetitorKeywordSeed || Google_competitor_SERP || Google_competitor_suggest || CompetitorMatrix
1748,メガスタ 料金 知恵袋,CORE,代表,C20805,1,メガスタ 料金 知恵袋,競合の比較検討（評判・料金）,保護者,B,終了競合の乗換え需要,高,③X 終了サービス/乗換え,オンラインプロ教師のメガスタ,10,,,UNSPECIFIED,比較検討・料金・申込 | ブランド・指名検索,KWP_KeywordSeed || KWP_CompetitorKeywordSeed || Google_competitor_suggest
47507,メガスタ 私立 料金,CORE,代表,C20806,1,メガスタ 私立 料金,競合の比較検討（評判・料金）,保護者,B,終了競合の乗換え需要,高,③X 終了サービス/乗換え,オンラインプロ教師のメガスタ,10,,,UNSPECIFIED,比較検討・料金・申込 | 学校生活・不登校・学校種別 | ブランド・指名検索,Google_competitor_suggest
1670,メガスタ 料金 高い,CORE,代表,C20807,1,メガスタ 料金 高い,競合の比較検討（評判・料金）,保護者,B,終了競合の乗換え需要,高,③X 終了サービス/乗換え,オンラインプロ教師のメガスタ,10,,,UNSPECIFIED,比較検討・料金・申込 | ブランド・指名検索,KWP_KeywordSeed || KWP_CompetitorKeywordSeed || Google_competitor_suggest
1623,メガスタ 高校生 料金,CORE,代表,C20808,2,メガスタ 高校生 料金,競合の比較検討（評判・料金）,保護者,B,終了競合の乗換え需要,高,③X 終了サービス/乗換え,オンラインプロ教師のメガスタ,20,,,UNSPECIFIED,比較検討・料金・申込 | ブランド・指名検索,KWP_KeywordSeed || KWP_CompetitorKeywordSeed
32086,メガスタ 最悪,CORE,代表,C20809,1,メガスタ 最悪,競合の不満・乗り換え,保護者,B,終了競合の乗換え需要,高,③X 終了サービス/乗換え,オンラインプロ教師のメガスタ,,,,UNSPECIFIED,比較検討・料金・申込 | ブランド・指名検索,KWP_CompetitorKeywordSeed
32078,メガスタ 比較,CORE,代表,C20810,1,メガスタ 比較,競合の比較検討（評判・料金）,保護者,B,終了競合の乗換え需要,高,③X 終了サービス/乗換え,オンラインプロ教師のメガスタ,,,,UNSPECIFIED,比較検討・料金・申込 | ブランド・指名検索,KWP_CompetitorKeywordSeed
32098,メガスタ 無料 相談,CORE,代表,C20811,1,メガスタ 無料 相談,競合指名・周辺,保護者,B,終了競合の乗換え需要,高,③X 終了サービス/乗換え,オンラインプロ教師のメガスタ,,,,UNSPECIFIED,比較検討・料金・申込 | ブランド・指名検索,KWP_CompetitorKeywordSeed
32100,メガスタ 申し込み,CORE,代表,C20812,1,メガスタ 申し込み,競合の比較検討（評判・料金）,保護者,B,終了競合の乗換え需要,高,③X 終了サービス/乗換え,オンラインプロ教師のメガスタ,,,,UNSPECIFIED,比較検討・料金・申込 | ブランド・指名検索,KWP_CompetitorKeywordSeed
27989,メガスタ 登録,CORE,代表,C20813,1,メガスタ 登録,競合指名・周辺,保護者,B,終了競合の乗換え需要,高,③X 終了サービス/乗換え,オンラインプロ教師のメガスタ,10,,,HIGH,ブランド・指名検索,KWP_SiteSeed
1964,メガスタ 知恵袋,CORE,代表,C20814,1,メガスタ 知恵袋,競合の比較検討（評判・料金）,保護者,B,終了競合の乗換え需要,高,③X 終了サービス/乗換え,オンラインプロ教師のメガスタ,20,,,LOW,比較検討・料金・申込 | ブランド・指名検索,KWP_KeywordSeed || KWP_CompetitorKeywordSeed || CompetitorMatrix
32037,メガスタ 評判 知恵袋,CORE,代表,C20815,1,メガスタ 評判 知恵袋,競合の比較検討（評判・料金）,保護者,B,終了競合の乗換え需要,高,③X 終了サービス/乗換え,オンラインプロ教師のメガスタ,30,,,UNSPECIFIED,比較検討・料金・申込 | ブランド・指名検索,KWP_CompetitorKeywordSeed || Google_competitor_SERP || Google_competitor_suggest
45932,メガスタ破産,CORE,代表,C20816,2,メガスタ破産,競合指名・周辺,保護者,B,終了競合の乗換え需要,高,③X 終了サービス/乗換え,オンラインプロ教師のメガスタ,1900,,,LOW,ブランド・指名検索 | 運営会社・企業情報,Google_competitor_SERP || Google_competitor_suggest
32035,メガスタ 私立,CORE,代表,C20817,1,メガスタ 私立,競合指名・周辺,保護者,B,終了競合の乗換え需要,高,③X 終了サービス/乗換え,オンラインプロ教師のメガスタ,40,,,HIGH,学校生活・不登校・学校種別 | ブランド・指名検索,KWP_CompetitorKeywordSeed
32043,メガスタ 私立 評判,CORE,代表,C20818,1,メガスタ 私立 評判,競合の比較検討（評判・料金）,保護者,B,終了競合の乗換え需要,高,③X 終了サービス/乗換え,オンラインプロ教師のメガスタ,10,,,UNSPECIFIED,比較検討・料金・申込 | 学校生活・不登校・学校種別 | ブランド・指名検索,KWP_CompetitorKeywordSeed || Google_competitor_suggest
1877,メガスタ 紹介,CORE,代表,C20819,1,メガスタ 紹介,競合指名・周辺,保護者,B,終了競合の乗換え需要,高,③X 終了サービス/乗換え,オンラインプロ教師のメガスタ,10,,,UNSPECIFIED,ブランド・指名検索,KWP_KeywordSeed || KWP_CompetitorKeywordSeed
32091,メガスタ 解約,CORE,代表,C20820,1,メガスタ 解約,競合の不満・乗り換え,保護者,B,終了競合の乗換え需要,高,③X 終了サービス/乗換え,オンラインプロ教師のメガスタ,10,,,LOW,比較検討・料金・申込 | ブランド・指名検索,KWP_CompetitorKeywordSeed || CompetitorMatrix
32044,メガスタ 評価,CORE,代表,C20821,1,メガスタ 評価,競合の比較検討（評判・料金）,保護者,B,終了競合の乗換え需要,高,③X 終了サービス/乗換え,オンラインプロ教師のメガスタ,10,,,UNSPECIFIED,比較検討・料金・申込 | ブランド・指名検索,KWP_CompetitorKeywordSeed || CompetitorMatrix
32034,メガスタ 評判,CORE,代表,C20822,1,メガスタ 評判,競合の比較検討（評判・料金）,保護者,B,終了競合の乗換え需要,高,③X 終了サービス/乗換え,オンラインプロ教師のメガスタ,260,,,LOW,比較検討・料金・申込 | ブランド・指名検索,KWP_CompetitorKeywordSeed || Google_competitor_suggest || CompetitorMatrix
32061,メガスタ 講師 評判,CORE,代表,C20823,1,メガスタ 講師 評判,競合の比較検討（評判・料金）,保護者,B,終了競合の乗換え需要,高,③X 終了サービス/乗換え,オンラインプロ教師のメガスタ,10,,,UNSPECIFIED,比較検討・料金・申込 | ブランド・指名検索,KWP_CompetitorKeywordSeed
32040,メガスタ 高校生 評判,CORE,代表,C20824,1,メガスタ 高校生 評判,競合の比較検討（評判・料金）,保護者,B,終了競合の乗換え需要,高,③X 終了サービス/乗換え,オンラインプロ教師のメガスタ,10,,,UNSPECIFIED,比較検討・料金・申込 | ブランド・指名検索,KWP_CompetitorKeywordSeed || Google_competitor_suggest
32099,メガスタ 資料 請求,CORE,代表,C20825,1,メガスタ 資料 請求,競合の比較検討（評判・料金）,保護者,B,終了競合の乗換え需要,高,③X 終了サービス/乗換え,オンラインプロ教師のメガスタ,,,,UNSPECIFIED,比較検討・料金・申込 | ブランド・指名検索,KWP_CompetitorKeywordSeed
1658,メガスタ 講師,CORE,代表,C20826,1,メガスタ 講師,競合指名・周辺,保護者,B,終了競合の乗換え需要,高,③X 終了サービス/乗換え,オンラインプロ教師のメガスタ,30,,,UNSPECIFIED,ブランド・指名検索,KWP_KeywordSeed || KWP_SiteSeed || KWP_CompetitorKeywordSeed || CompetitorMatrix
1682,メガスタ 費用,CORE,代表,C20827,1,メガスタ 費用,競合の比較検討（評判・料金）,保護者,B,終了競合の乗換え需要,高,③X 終了サービス/乗換え,オンラインプロ教師のメガスタ,10,,,UNSPECIFIED,比較検討・料金・申込 | ブランド・指名検索,KWP_KeywordSeed || KWP_CompetitorKeywordSeed || CompetitorMatrix
32090,メガスタ 退会,CORE,代表,C20828,1,メガスタ 退会,競合の不満・乗り換え,保護者,B,終了競合の乗換え需要,高,③X 終了サービス/乗換え,オンラインプロ教師のメガスタ,10,,,LOW,合わない・断られた・乗り換え | ブランド・指名検索,KWP_CompetitorKeywordSeed || CompetitorMatrix
32079,メガスタ 違い,CORE,代表,C20829,1,メガスタ 違い,競合指名・周辺,保護者,B,終了競合の乗換え需要,高,③X 終了サービス/乗換え,オンラインプロ教師のメガスタ,,,,UNSPECIFIED,比較検討・料金・申込 | ブランド・指名検索 | 特性そのものを調べる（とは・特徴・チェック）,KWP_CompetitorKeywordSeed
1730,メガスタ 金額,CORE,代表,C20830,1,メガスタ 金額,競合指名・周辺,保護者,B,終了競合の乗換え需要,高,③X 終了サービス/乗換え,オンラインプロ教師のメガスタ,10,,,UNSPECIFIED,比較検討・料金・申込 | ブランド・指名検索,KWP_KeywordSeed || KWP_CompetitorKeywordSeed
32039,メガスタ 電話,CORE,代表,C20831,1,メガスタ 電話,競合指名・周辺,保護者,B,終了競合の乗換え需要,高,③X 終了サービス/乗換え,オンラインプロ教師のメガスタ,10,,,UNSPECIFIED,ブランド・指名検索,KWP_CompetitorKeywordSeed
32047,メガスタ 高い,CORE,代表,C20832,1,メガスタ 高い,競合の比較検討（評判・料金）,保護者,B,終了競合の乗換え需要,高,③X 終了サービス/乗換え,オンラインプロ教師のメガスタ,10,,,LOW,比較検討・料金・申込 | ブランド・指名検索,KWP_CompetitorKeywordSeed || CompetitorMatrix
1577,メガスタ 高校生,CORE,代表,C20833,2,メガスタ 高校生,競合指名・周辺,保護者,B,終了競合の乗換え需要,高,③X 終了サービス/乗換え,オンラインプロ教師のメガスタ,70,,,MEDIUM,ブランド・指名検索,KWP_KeywordSeed || KWP_CompetitorKeywordSeed || CompetitorMatrix
1680,メガスタ オンライン,CORE,代表,C20834,1,メガスタ オンライン,競合指名・周辺,保護者,B,終了競合の乗換え需要,高,③X 終了サービス/乗換え,オンラインプロ教師のメガスタ,50,,,LOW,サービス探し（家庭教師・塾・支援） | ブランド・指名検索,KWP_KeywordSeed || KWP_SiteSeed || KWP_CompetitorKeywordSeed
32178,メガスタ オンライン 中学 受験,CORE,代表,C20835,1,メガスタ オンライン 中学 受験,競合指名・周辺,保護者,B,終了競合の乗換え需要,高,③X 終了サービス/乗換え,オンラインプロ教師のメガスタ,,,,UNSPECIFIED,サービス探し（家庭教師・塾・支援） | 受験・進路 | ブランド・指名検索,KWP_CompetitorKeywordSeed
32175,メガスタ オンライン 中学生,CORE,代表,C20836,1,メガスタ オンライン 中学生,競合指名・周辺,保護者,B,終了競合の乗換え需要,高,③X 終了サービス/乗換え,オンラインプロ教師のメガスタ,,,,UNSPECIFIED,サービス探し（家庭教師・塾・支援） | ブランド・指名検索,KWP_CompetitorKeywordSeed
32148,メガスタ オンライン 他社,CORE,代表,C20837,1,メガスタ オンライン 他社,競合指名・周辺,保護者,B,終了競合の乗換え需要,高,③X 終了サービス/乗換え,オンラインプロ教師のメガスタ,,,,UNSPECIFIED,サービス探し（家庭教師・塾・支援） | 比較検討・料金・申込 | ブランド・指名検索,KWP_CompetitorKeywordSeed
32163,メガスタ オンライン 体験,CORE,代表,C20838,1,メガスタ オンライン 体験,競合の比較検討（評判・料金）,保護者,B,終了競合の乗換え需要,高,③X 終了サービス/乗換え,オンラインプロ教師のメガスタ,,,,UNSPECIFIED,サービス探し（家庭教師・塾・支援） | 比較検討・料金・申込 | ブランド・指名検索,KWP_CompetitorKeywordSeed
32164,メガスタ オンライン 体験 授業,CORE,代表,C20839,1,メガスタ オンライン 体験 授業,競合の比較検討（評判・料金）,保護者,B,終了競合の乗換え需要,高,③X 終了サービス/乗換え,オンラインプロ教師のメガスタ,,,,UNSPECIFIED,サービス探し（家庭教師・塾・支援） | 比較検討・料金・申込 | 学習のやり方・学習課題 | ブランド・指名検索,KWP_CompetitorKeywordSeed
32162,メガスタ オンライン 無料 体験,CORE,代表,C20840,1,メガスタ オンライン 無料 体験,競合の比較検討（評判・料金）,保護者,B,終了競合の乗換え需要,高,③X 終了サービス/乗換え,オンラインプロ教師のメガスタ,,,,UNSPECIFIED,サービス探し（家庭教師・塾・支援） | 比較検討・料金・申込 | ブランド・指名検索,KWP_CompetitorKeywordSeed
32133,メガスタ オンライン 体験 談,CORE,代表,C20841,1,メガスタ オンライン 体験 談,競合の比較検討（評判・料金）,保護者,B,終了競合の乗換え需要,高,③X 終了サービス/乗換え,オンラインプロ教師のメガスタ,,,,UNSPECIFIED,サービス探し（家庭教師・塾・支援） | 比較検討・料金・申込 | ブランド・指名検索,KWP_CompetitorKeywordSeed
32168,メガスタ オンライン 入会,CORE,代表,C20842,1,メガスタ オンライン 入会,競合の比較検討（評判・料金）,保護者,B,終了競合の乗換え需要,高,③X 終了サービス/乗換え,オンラインプロ教師のメガスタ,,,,UNSPECIFIED,サービス探し（家庭教師・塾・支援） | 比較検討・料金・申込 | ブランド・指名検索,KWP_CompetitorKeywordSeed
32140,メガスタ オンライン 入会 金,CORE,代表,C20843,1,メガスタ オンライン 入会 金,競合の比較検討（評判・料金）,保護者,B,終了競合の乗換え需要,高,③X 終了サービス/乗換え,オンラインプロ教師のメガスタ,,,,UNSPECIFIED,サービス探し（家庭教師・塾・支援） | 比較検討・料金・申込 | ブランド・指名検索,KWP_CompetitorKeywordSeed
32179,メガスタ オンライン 大学 受験,CORE,代表,C20844,1,メガスタ オンライン 大学 受験,競合指名・周辺,保護者,B,終了競合の乗換え需要,高,③X 終了サービス/乗換え,オンラインプロ教師のメガスタ,,,,UNSPECIFIED,サービス探し（家庭教師・塾・支援） | 受験・進路 | ブランド・指名検索,KWP_CompetitorKeywordSeed
32177,メガスタ オンライン 高校 受験,CORE,代表,C20845,1,メガスタ オンライン 高校 受験,競合指名・周辺,保護者,B,終了競合の乗換え需要,高,③X 終了サービス/乗換え,オンラインプロ教師のメガスタ,,,,UNSPECIFIED,サービス探し（家庭教師・塾・支援） | 受験・進路 | ブランド・指名検索,KWP_CompetitorKeywordSeed
1825,メガスタ オンライン 口コミ,CORE,代表,C20846,1,メガスタ オンライン 口コミ,競合の比較検討（評判・料金）,保護者,B,終了競合の乗換え需要,高,③X 終了サービス/乗換え,オンラインプロ教師のメガスタ,10,,,UNSPECIFIED,サービス探し（家庭教師・塾・支援） | 比較検討・料金・申込 | ブランド・指名検索,KWP_KeywordSeed || KWP_CompetitorKeywordSeed || CompetitorMatrix
32173,メガスタ オンライン 境界 知能,CORE,代表,C20847,1,メガスタ オンライン 境界 知能,競合×特性/不登校対応の確認,保護者,B,終了競合の乗換え需要,高,③X 終了サービス/乗換え,オンラインプロ教師のメガスタ,,,,UNSPECIFIED,サービス探し（家庭教師・塾・支援） | ブランド・指名検索,KWP_CompetitorKeywordSeed
32154,メガスタ オンライン 失敗,CORE,代表,C20848,1,メガスタ オンライン 失敗,競合の不満・乗り換え,保護者,B,終了競合の乗換え需要,高,③X 終了サービス/乗換え,オンラインプロ教師のメガスタ,,,,UNSPECIFIED,サービス探し（家庭教師・塾・支援） | 比較検討・料金・申込 | ブランド・指名検索,KWP_CompetitorKeywordSeed
32171,メガスタ オンライン ld,CORE,代表,C20849,2,メガスタ オンライン ld,競合×特性/不登校対応の確認,保護者,B,終了競合の乗換え需要,高,③X 終了サービス/乗換え,オンラインプロ教師のメガスタ,,,,UNSPECIFIED,サービス探し（家庭教師・塾・支援） | ブランド・指名検索,KWP_CompetitorKeywordSeed
32143,メガスタ オンライン 安い,CORE,代表,C20850,1,メガスタ オンライン 安い,競合の比較検討（評判・料金）,保護者,B,終了競合の乗換え需要,高,③X 終了サービス/乗換え,オンラインプロ教師のメガスタ,,,,UNSPECIFIED,サービス探し（家庭教師・塾・支援） | 比較検討・料金・申込 | ブランド・指名検索,KWP_CompetitorKeywordSeed
1777,メガスタ オンライン 家庭 教師,CORE,代表,C20851,1,メガスタ オンライン 家庭 教師,競合指名・周辺,保護者,B,終了競合の乗換え需要,高,③X 終了サービス/乗換え,オンラインプロ教師のメガスタ,10,445.0,825.0,HIGH,サービス探し（家庭教師・塾・支援） | ブランド・指名検索,KWP_KeywordSeed || KWP_CompetitorKeywordSeed
32174,メガスタ オンライン 小学生,CORE,代表,C20852,1,メガスタ オンライン 小学生,競合指名・周辺,保護者,B,終了競合の乗換え需要,高,③X 終了サービス/乗換え,オンラインプロ教師のメガスタ,,,,UNSPECIFIED,サービス探し（家庭教師・塾・支援） | ブランド・指名検索,KWP_CompetitorKeywordSeed
32155,メガスタ オンライン 後悔,CORE,代表,C20853,1,メガスタ オンライン 後悔,競合の不満・乗り換え,保護者,B,終了競合の乗換え需要,高,③X 終了サービス/乗換え,オンラインプロ教師のメガスタ,,,,UNSPECIFIED,サービス探し（家庭教師・塾・支援） | 比較検討・料金・申込 | ブランド・指名検索,KWP_CompetitorKeywordSeed
32152,メガスタ オンライン 怪しい,CORE,代表,C20854,1,メガスタ オンライン 怪しい,競合の不満・乗り換え,保護者,B,終了競合の乗換え需要,高,③X 終了サービス/乗換え,オンラインプロ教師のメガスタ,,,,UNSPECIFIED,サービス探し（家庭教師・塾・支援） | 比較検討・料金・申込 | ブランド・指名検索,KWP_CompetitorKeywordSeed
32134,メガスタ オンライン 感想,CORE,代表,C20855,1,メガスタ オンライン 感想,競合の比較検討（評判・料金）,保護者,B,終了競合の乗換え需要,高,③X 終了サービス/乗換え,オンラインプロ教師のメガスタ,,,,UNSPECIFIED,サービス探し（家庭教師・塾・支援） | 比較検討・料金・申込 | ブランド・指名検索,KWP_CompetitorKeywordSeed
1717,メガスタ オンライン 指導,CORE,代表,C20856,1,メガスタ オンライン 指導,競合指名・周辺,保護者,B,終了競合の乗換え需要,高,③X 終了サービス/乗換え,オンラインプロ教師のメガスタ,10,,,UNSPECIFIED,サービス探し（家庭教師・塾・支援） | ブランド・指名検索,KWP_KeywordSeed || KWP_CompetitorKeywordSeed
32141,メガスタ オンライン 教材 費,CORE,代表,C20857,1,メガスタ オンライン 教材 費,競合指名・周辺,保護者,B,終了競合の乗換え需要,高,③X 終了サービス/乗換え,オンラインプロ教師のメガスタ,,,,UNSPECIFIED,サービス探し（家庭教師・塾・支援） | 比較検討・料金・申込 | 教材・通信教育 | ブランド・指名検索,KWP_CompetitorKeywordSeed
32130,メガスタ オンライン 教育,CORE,代表,C20858,1,メガスタ オンライン 教育,競合指名・周辺,保護者,B,終了競合の乗換え需要,高,③X 終了サービス/乗換え,オンラインプロ教師のメガスタ,10,,,UNSPECIFIED,サービス探し（家庭教師・塾・支援） | ブランド・指名検索,KWP_CompetitorKeywordSeed
1709,メガスタ オンライン 料金,CORE,代表,C20859,4,メガスタ オンライン 料金,競合の比較検討（評判・料金）,保護者,B,終了競合の乗換え需要,高,③X 終了サービス/乗換え,オンラインプロ教師のメガスタ,10,,,LOW,サービス探し（家庭教師・塾・支援） | 比較検討・料金・申込 | ブランド・指名検索,KWP_KeywordSeed || KWP_CompetitorKeywordSeed || CompetitorMatrix
32153,メガスタ オンライン 最悪,CORE,代表,C20860,1,メガスタ オンライン 最悪,競合の不満・乗り換え,保護者,B,終了競合の乗換え需要,高,③X 終了サービス/乗換え,オンラインプロ教師のメガスタ,,,,UNSPECIFIED,サービス探し（家庭教師・塾・支援） | 比較検討・料金・申込 | ブランド・指名検索,KWP_CompetitorKeywordSeed
32144,メガスタ オンライン 比較,CORE,代表,C20861,1,メガスタ オンライン 比較,競合の比較検討（評判・料金）,保護者,B,終了競合の乗換え需要,高,③X 終了サービス/乗換え,オンラインプロ教師のメガスタ,,,,UNSPECIFIED,サービス探し（家庭教師・塾・支援） | 比較検討・料金・申込 | ブランド・指名検索,KWP_CompetitorKeywordSeed
32165,メガスタ オンライン 無料 相談,CORE,代表,C20862,1,メガスタ オンライン 無料 相談,競合指名・周辺,保護者,B,終了競合の乗換え需要,高,③X 終了サービス/乗換え,オンラインプロ教師のメガスタ,,,,UNSPECIFIED,サービス探し（家庭教師・塾・支援） | 比較検討・料金・申込 | ブランド・指名検索,KWP_CompetitorKeywordSeed
32167,メガスタ オンライン 申し込み,CORE,代表,C20863,1,メガスタ オンライン 申し込み,競合の比較検討（評判・料金）,保護者,B,終了競合の乗換え需要,高,③X 終了サービス/乗換え,オンラインプロ教師のメガスタ,,,,UNSPECIFIED,サービス探し（家庭教師・塾・支援） | 比較検討・料金・申込 | ブランド・指名検索,KWP_CompetitorKeywordSeed
32161,メガスタ オンライン 解約,CORE,代表,C20864,1,メガスタ オンライン 解約,競合の不満・乗り換え,保護者,B,終了競合の乗換え需要,高,③X 終了サービス/乗換え,オンラインプロ教師のメガスタ,,,,UNSPECIFIED,サービス探し（家庭教師・塾・支援） | 比較検討・料金・申込 | ブランド・指名検索,KWP_CompetitorKeywordSeed
32135,メガスタ オンライン 評価,CORE,代表,C20865,1,メガスタ オンライン 評価,競合の比較検討（評判・料金）,保護者,B,終了競合の乗換え需要,高,③X 終了サービス/乗換え,オンラインプロ教師のメガスタ,,,,UNSPECIFIED,サービス探し（家庭教師・塾・支援） | 比較検討・料金・申込 | ブランド・指名検索,KWP_CompetitorKeywordSeed
32055,メガスタ オンライン 評判,CORE,代表,C20866,1,メガスタ オンライン 評判,競合の比較検討（評判・料金）,保護者,B,終了競合の乗換え需要,高,③X 終了サービス/乗換え,オンラインプロ教師のメガスタ,10,,,UNSPECIFIED,サービス探し（家庭教師・塾・支援） | 比較検討・料金・申込 | ブランド・指名検索,KWP_CompetitorKeywordSeed || CompetitorMatrix
32166,メガスタ オンライン 資料 請求,CORE,代表,C20867,1,メガスタ オンライン 資料 請求,競合の比較検討（評判・料金）,保護者,B,終了競合の乗換え需要,高,③X 終了サービス/乗換え,オンラインプロ教師のメガスタ,,,,UNSPECIFIED,サービス探し（家庭教師・塾・支援） | 比較検討・料金・申込 | ブランド・指名検索,KWP_CompetitorKeywordSeed
32136,メガスタ オンライン 費用,CORE,代表,C20868,1,メガスタ オンライン 費用,競合の比較検討（評判・料金）,保護者,B,終了競合の乗換え需要,高,③X 終了サービス/乗換え,オンラインプロ教師のメガスタ,,,,UNSPECIFIED,サービス探し（家庭教師・塾・支援） | 比較検討・料金・申込 | ブランド・指名検索,KWP_CompetitorKeywordSeed
32160,メガスタ オンライン 退会,CORE,代表,C20869,1,メガスタ オンライン 退会,競合の不満・乗り換え,保護者,B,終了競合の乗換え需要,高,③X 終了サービス/乗換え,オンラインプロ教師のメガスタ,,,,UNSPECIFIED,サービス探し（家庭教師・塾・支援） | 合わない・断られた・乗り換え | ブランド・指名検索,KWP_CompetitorKeywordSeed
32145,メガスタ オンライン 違い,CORE,代表,C20870,1,メガスタ オンライン 違い,競合指名・周辺,保護者,B,終了競合の乗換え需要,高,③X 終了サービス/乗換え,オンラインプロ教師のメガスタ,,,,UNSPECIFIED,サービス探し（家庭教師・塾・支援） | 比較検討・料金・申込 | ブランド・指名検索 | 特性そのものを調べる（とは・特徴・チェック）,KWP_CompetitorKeywordSeed
32142,メガスタ オンライン 高い,CORE,代表,C20871,1,メガスタ オンライン 高い,競合の比較検討（評判・料金）,保護者,B,終了競合の乗換え需要,高,③X 終了サービス/乗換え,オンラインプロ教師のメガスタ,,,,UNSPECIFIED,サービス探し（家庭教師・塾・支援） | 比較検討・料金・申込 | ブランド・指名検索,KWP_CompetitorKeywordSeed
32176,メガスタ オンライン 高校生,CORE,代表,C20872,1,メガスタ オンライン 高校生,競合指名・周辺,保護者,B,終了競合の乗換え需要,高,③X 終了サービス/乗換え,オンラインプロ教師のメガスタ,,,,UNSPECIFIED,サービス探し（家庭教師・塾・支援） | ブランド・指名検索,KWP_CompetitorKeywordSeed
32169,メガスタ オンライン グレー ゾーン,CORE,代表,C20873,1,メガスタ オンライン グレー ゾーン,競合×特性/不登校対応の確認,保護者,B,終了競合の乗換え需要,高,③X 終了サービス/乗換え,オンラインプロ教師のメガスタ,,,,UNSPECIFIED,サービス探し（家庭教師・塾・支援） | ブランド・指名検索,KWP_CompetitorKeywordSeed
32150,メガスタ オンライン デメリット,CORE,代表,C20874,1,メガスタ オンライン デメリット,競合指名・周辺,保護者,B,終了競合の乗換え需要,高,③X 終了サービス/乗換え,オンラインプロ教師のメガスタ,,,,UNSPECIFIED,サービス探し（家庭教師・塾・支援） | 比較検討・料金・申込 | ブランド・指名検索,KWP_CompetitorKeywordSeed
32151,メガスタ オンライン メリット,CORE,代表,C20875,1,メガスタ オンライン メリット,競合指名・周辺,保護者,B,終了競合の乗換え需要,高,③X 終了サービス/乗換え,オンラインプロ教師のメガスタ,,,,UNSPECIFIED,サービス探し（家庭教師・塾・支援） | ブランド・指名検索,KWP_CompetitorKeywordSeed
32132,メガスタ オンライン レビュー,CORE,代表,C20876,1,メガスタ オンライン レビュー,競合の比較検討（評判・料金）,保護者,B,終了競合の乗換え需要,高,③X 終了サービス/乗換え,オンラインプロ教師のメガスタ,,,,UNSPECIFIED,サービス探し（家庭教師・塾・支援） | 比較検討・料金・申込 | ブランド・指名検索,KWP_CompetitorKeywordSeed
32102,メガスタ グレー ゾーン,CORE,代表,C20877,1,メガスタ グレー ゾーン,競合×特性/不登校対応の確認,保護者,B,終了競合の乗換え需要,高,③X 終了サービス/乗換え,オンラインプロ教師のメガスタ,,,,UNSPECIFIED,ブランド・指名検索,KWP_CompetitorKeywordSeed
32110,メガスタ グレー ゾーン 口コミ,CORE,代表,C20878,1,メガスタ グレー ゾーン 口コミ,競合の比較検討（評判・料金）,保護者,B,終了競合の乗換え需要,高,③X 終了サービス/乗換え,オンラインプロ教師のメガスタ,,,,UNSPECIFIED,比較検討・料金・申込 | ブランド・指名検索,KWP_CompetitorKeywordSeed
32122,メガスタ グレー ゾーン 料金,CORE,代表,C20879,1,メガスタ グレー ゾーン 料金,競合の比較検討（評判・料金）,保護者,B,終了競合の乗換え需要,高,③X 終了サービス/乗換え,オンラインプロ教師のメガスタ,,,,UNSPECIFIED,比較検討・料金・申込 | ブランド・指名検索,KWP_CompetitorKeywordSeed
32116,メガスタ グレー ゾーン 評判,CORE,代表,C20880,1,メガスタ グレー ゾーン 評判,競合の比較検討（評判・料金）,保護者,B,終了競合の乗換え需要,高,③X 終了サービス/乗換え,オンラインプロ教師のメガスタ,,,,UNSPECIFIED,比較検討・料金・申込 | ブランド・指名検索,KWP_CompetitorKeywordSeed
32128,メガ スタディ オンライン,CORE,代表,C20881,1,メガ スタディ オンライン,競合指名・周辺,保護者,B,終了競合の乗換え需要,高,③X 終了サービス/乗換え,オンラインプロ教師のメガスタ,10,,,HIGH,サービス探し（家庭教師・塾・支援） | ブランド・指名検索,KWP_CompetitorKeywordSeed
32084,メガスタ デメリット,CORE,代表,C20882,1,メガスタ デメリット,競合指名・周辺,保護者,B,終了競合の乗換え需要,高,③X 終了サービス/乗換え,オンラインプロ教師のメガスタ,,,,UNSPECIFIED,比較検討・料金・申込 | ブランド・指名検索,KWP_CompetitorKeywordSeed
47498,メガスタ バンザン,CORE,代表,C20883,1,メガスタ バンザン,競合指名・周辺,保護者,B,終了競合の乗換え需要,高,③X 終了サービス/乗換え,オンラインプロ教師のメガスタ,30,,,LOW,ブランド・指名検索,Google_competitor_suggest
1960,メガスタ プロ 教師,CORE,代表,C20884,1,メガスタ プロ 教師,競合指名・周辺,保護者,B,終了競合の乗換え需要,高,③X 終了サービス/乗換え,オンラインプロ教師のメガスタ,10,,,UNSPECIFIED,ブランド・指名検索,KWP_KeywordSeed || KWP_CompetitorKeywordSeed
1731,メガスタ プロ 講師,CORE,代表,C20885,1,メガスタ プロ 講師,競合指名・周辺,保護者,B,終了競合の乗換え需要,高,③X 終了サービス/乗換え,オンラインプロ教師のメガスタ,10,,,UNSPECIFIED,ブランド・指名検索,KWP_KeywordSeed || KWP_CompetitorKeywordSeed
68131,メガスタ ホームページ,CORE,代表,C20886,1,メガスタ ホームページ,競合指名・周辺,保護者,B,終了競合の乗換え需要,高,③X 終了サービス/乗換え,オンラインプロ教師のメガスタ,10,,,UNSPECIFIED,ブランド・指名検索,CompetitorMatrix
47497,メガスタ ポケモン,CORE,代表,C20887,1,メガスタ ポケモン,競合指名・周辺,保護者,B,終了競合の乗換え需要,高,③X 終了サービス/乗換え,オンラインプロ教師のメガスタ,50,,,LOW,ブランド・指名検索,Google_competitor_suggest
32085,メガスタ メリット,CORE,代表,C20888,1,メガスタ メリット,競合指名・周辺,保護者,B,終了競合の乗換え需要,高,③X 終了サービス/乗換え,オンラインプロ教師のメガスタ,,,,UNSPECIFIED,ブランド・指名検索,KWP_CompetitorKeywordSeed
32068,メガスタ レビュー,CORE,代表,C20889,1,メガスタ レビュー,競合の比較検討（評判・料金）,保護者,B,終了競合の乗換え需要,高,③X 終了サービス/乗換え,オンラインプロ教師のメガスタ,10,,,UNSPECIFIED,比較検討・料金・申込 | ブランド・指名検索,KWP_CompetitorKeywordSeed || CompetitorMatrix
47482,メガスターミー,CORE,代表,C20890,1,メガスターミー,競合指名・周辺,保護者,B,終了競合の乗換え需要,高,③X 終了サービス/乗換え,オンラインプロ教師のメガスタ,201000,139.0,690.0,LOW,ブランド・指名検索,Google_competitor_suggest
47484,メガスターミー 種族値,CORE,代表,C20891,1,メガスターミー 種族値,競合指名・周辺,保護者,B,終了競合の乗換え需要,高,③X 終了サービス/乗換え,オンラインプロ教師のメガスタ,6600,,,LOW,ブランド・指名検索,Google_competitor_suggest
47487,メガスターミー 対策,CORE,代表,C20892,1,メガスターミー 対策,競合指名・周辺,保護者,B,終了競合の乗換え需要,高,③X 終了サービス/乗換え,オンラインプロ教師のメガスタ,1900,,,LOW,ブランド・指名検索,Google_competitor_suggest
47488,メガスターミー 弱点,CORE,代表,C20893,1,メガスターミー 弱点,競合指名・周辺,保護者,B,終了競合の乗換え需要,高,③X 終了サービス/乗換え,オンラインプロ教師のメガスタ,2400,,,LOW,ブランド・指名検索,Google_competitor_suggest
47490,メガスターミー 構築,CORE,代表,C20894,1,メガスターミー 構築,競合指名・周辺,保護者,B,終了競合の乗換え需要,高,③X 終了サービス/乗換え,オンラインプロ教師のメガスタ,1000,,,LOW,ブランド・指名検索,Google_competitor_suggest
47483,メガスターミー 育成論,CORE,代表,C20895,1,メガスターミー 育成論,競合指名・周辺,保護者,B,終了競合の乗換え需要,高,③X 終了サービス/乗換え,オンラインプロ教師のメガスタ,6600,,,LOW,ブランド・指名検索,Google_competitor_suggest
40580,メディック トーマス 口コミ,CORE,代表,C20908,1,メディック トーマス 口コミ,競合の比較検討（評判・料金）,保護者,B,カテゴリ競合×比較/評判/料金/乗換え/特性,中,③B カテゴリ競合,TOMAS,10,,,LOW,比較検討・料金・申込 | ブランド・指名検索,KWP_CompetitorKeywordSeed
40593,メディック トーマス 料金,CORE,代表,C20911,1,メディック トーマス 料金,競合の比較検討（評判・料金）,保護者,B,カテゴリ競合×比較/評判/料金/乗換え/特性,中,③B カテゴリ競合,TOMAS,10,,,MEDIUM,比較検討・料金・申込 | ブランド・指名検索,KWP_CompetitorKeywordSeed
40588,メディック トーマス 評判,CORE,代表,C20912,1,メディック トーマス 評判,競合の比較検討（評判・料金）,保護者,B,カテゴリ競合×比較/評判/料金/乗換え/特性,中,③B カテゴリ競合,TOMAS,10,,,MEDIUM,比較検討・料金・申込 | ブランド・指名検索,KWP_CompetitorKeywordSeed
40997,ワーキング メモリ 武田 塾,CORE,代表,C20916,1,ワーキング メモリ 武田 塾,競合×特性/不登校対応の確認,保護者,B,特性/不登校×家庭教師・塾・個別,高,③B カテゴリ競合,武田塾,10,,,UNSPECIFIED,サービス探し（家庭教師・塾・支援） | ブランド・指名検索,KWP_CompetitorKeywordSeed
3771,ワーキング メモリ 学習 支援,CORE,代表,C20917,1,ワーキング メモリ 学習 支援,サービス探し（特性/不登校×学習支援）,保護者（推定）,A,特性/不登校×家庭教師・塾・個別,高,②顕在,,10,,,HIGH,サービス探し（家庭教師・塾・支援）,KWP_KeywordSeed
35473,リ バランス 塾 メリット,CORE,代表,C20921,1,リ バランス 塾 メリット,競合指名・周辺,保護者,B,直接競合（特性/不登校×1対1学習支援）,高,③A 直接競合,オンライン個別指導塾リバランス,,,,UNSPECIFIED,サービス探し（家庭教師・塾・支援） | ブランド・指名検索,KWP_CompetitorKeywordSeed
32663,家庭 教師 の ランナー レビュー,CORE,代表,C21026,3,家庭 教師 の ランナー レビュー,競合の比較検討（評判・料金）,保護者,B,カテゴリ競合×比較/評判/料金/乗換え/特性,中,③B カテゴリ競合,家庭教師のランナー,30,566.0,1727.0,LOW,サービス探し（家庭教師・塾・支援） | 比較検討・料金・申込 | ブランド・指名検索,KWP_CompetitorKeywordSeed
32727,家庭 教師 の ランナー 不 登校 口コミ,CORE,代表,C21027,1,家庭 教師 の ランナー 不 登校 口コミ,競合の比較検討（評判・料金）,保護者,B,特性/不登校×家庭教師・塾・個別,高,③B カテゴリ競合,家庭教師のランナー,,,,UNSPECIFIED,サービス探し（家庭教師・塾・支援） | 比較検討・料金・申込 | 学校生活・不登校・学校種別 | ブランド・指名検索,KWP_CompetitorKeywordSeed
32747,家庭 教師 の ランナー 不 登校 料金,CORE,代表,C21028,1,家庭 教師 の ランナー 不 登校 料金,競合の比較検討（評判・料金）,保護者,B,特性/不登校×家庭教師・塾・個別,高,③B カテゴリ競合,家庭教師のランナー,,,,UNSPECIFIED,サービス探し（家庭教師・塾・支援） | 比較検討・料金・申込 | 学校生活・不登校・学校種別 | ブランド・指名検索,KWP_CompetitorKeywordSeed
32798,ランナー 家庭 教師 不 登校,CORE,代表,C21029,2,ランナー 家庭 教師 不 登校,競合×特性/不登校対応の確認,保護者,B,特性/不登校×家庭教師・塾・個別,高,③B カテゴリ競合,家庭教師のランナー,,,,UNSPECIFIED,サービス探し（家庭教師・塾・支援） | 学校生活・不登校・学校種別 | ブランド・指名検索,KWP_CompetitorKeywordSeed
32737,家庭 教師 の ランナー 不 登校 評判,CORE,代表,C21030,1,家庭 教師 の ランナー 不 登校 評判,競合の比較検討（評判・料金）,保護者,B,特性/不登校×家庭教師・塾・個別,高,③B カテゴリ競合,家庭教師のランナー,,,,UNSPECIFIED,サービス探し（家庭教師・塾・支援） | 比較検討・料金・申込 | 学校生活・不登校・学校種別 | ブランド・指名検索,KWP_CompetitorKeywordSeed
32784,ランナー 家庭 教師 体験 授業,CORE,代表,C21036,2,ランナー 家庭 教師 体験 授業,競合の比較検討（評判・料金）,保護者,B,カテゴリ競合×比較/評判/料金/乗換え/特性,中,③B カテゴリ競合,家庭教師のランナー,,,,UNSPECIFIED,サービス探し（家庭教師・塾・支援） | 比較検討・料金・申込 | 学習のやり方・学習課題 | ブランド・指名検索,KWP_CompetitorKeywordSeed
32783,ランナー 家庭 教師 体験,CORE,代表,C21037,2,ランナー 家庭 教師 体験,競合の比較検討（評判・料金）,保護者,B,カテゴリ競合×比較/評判/料金/乗換え/特性,中,③B カテゴリ競合,家庭教師のランナー,,,,UNSPECIFIED,サービス探し（家庭教師・塾・支援） | 比較検討・料金・申込 | ブランド・指名検索,KWP_CompetitorKeywordSeed
32782,ランナー 家庭 教師 無料 体験,CORE,代表,C21038,2,ランナー 家庭 教師 無料 体験,競合の比較検討（評判・料金）,保護者,B,カテゴリ競合×比較/評判/料金/乗換え/特性,中,③B カテゴリ競合,家庭教師のランナー,,,,UNSPECIFIED,サービス探し（家庭教師・塾・支援） | 比較検討・料金・申込 | ブランド・指名検索,KWP_CompetitorKeywordSeed
32753,ランナー 家庭 教師 体験 談,CORE,代表,C21039,2,ランナー 家庭 教師 体験 談,競合の比較検討（評判・料金）,保護者,B,カテゴリ競合×比較/評判/料金/乗換え/特性,中,③B カテゴリ競合,家庭教師のランナー,,,,UNSPECIFIED,サービス探し（家庭教師・塾・支援） | 比較検討・料金・申込 | ブランド・指名検索,KWP_CompetitorKeywordSeed
32788,ランナー 家庭 教師 入会,CORE,代表,C21040,2,ランナー 家庭 教師 入会,競合の比較検討（評判・料金）,保護者,B,カテゴリ競合×比較/評判/料金/乗換え/特性,中,③B カテゴリ競合,家庭教師のランナー,,,,UNSPECIFIED,サービス探し（家庭教師・塾・支援） | 比較検討・料金・申込 | ブランド・指名検索,KWP_CompetitorKeywordSeed
32760,ランナー 家庭 教師 入会 金,CORE,代表,C21042,2,ランナー 家庭 教師 入会 金,競合の比較検討（評判・料金）,保護者,B,カテゴリ競合×比較/評判/料金/乗換え/特性,中,③B カテゴリ競合,家庭教師のランナー,,,,UNSPECIFIED,サービス探し（家庭教師・塾・支援） | 比較検討・料金・申込 | ブランド・指名検索,KWP_CompetitorKeywordSeed
32726,家庭 教師 の ランナー 境界 知能 口コミ,CORE,代表,C21046,1,家庭 教師 の ランナー 境界 知能 口コミ,競合の比較検討（評判・料金）,保護者,B,特性/不登校×家庭教師・塾・個別,高,③B カテゴリ競合,家庭教師のランナー,,,,UNSPECIFIED,サービス探し（家庭教師・塾・支援） | 比較検討・料金・申込 | ブランド・指名検索,KWP_CompetitorKeywordSeed
32724,家庭 教師 の ランナー ld 口コミ,CORE,代表,C21047,2,家庭 教師 の ランナー ld 口コミ,競合の比較検討（評判・料金）,保護者,B,特性/不登校×家庭教師・塾・個別,高,③B カテゴリ競合,家庭教師のランナー,,,,UNSPECIFIED,サービス探し（家庭教師・塾・支援） | 比較検討・料金・申込 | ブランド・指名検索,KWP_CompetitorKeywordSeed
32628,家庭 教師 の ランナー 口コミ,CORE,代表,C21049,4,家庭 教師 の ランナー 口コミ,競合の比較検討（評判・料金）,保護者,B,カテゴリ競合×比較/評判/料金/乗換え/特性,中,③B カテゴリ競合,家庭教師のランナー,170,282.0,1003.0,MEDIUM,サービス探し（家庭教師・塾・支援） | 比較検討・料金・申込 | ブランド・指名検索,KWP_CompetitorKeywordSeed
32718,家庭 教師 の ランナー 発達 障害 口コミ,CORE,代表,C21050,2,家庭 教師 の ランナー 発達 障害 口コミ,競合の比較検討（評判・料金）,保護者,B,特性/不登校×家庭教師・塾・個別,高,③B カテゴリ競合,家庭教師のランナー,,,,UNSPECIFIED,サービス探し（家庭教師・塾・支援） | 比較検討・料金・申込 | ブランド・指名検索,KWP_CompetitorKeywordSeed
32723,家庭 教師 の ランナー 自 閉 症 口コミ,CORE,代表,C21051,1,家庭 教師 の ランナー 自 閉 症 口コミ,競合の比較検討（評判・料金）,保護者,B,特性/不登校×家庭教師・塾・個別,高,③B カテゴリ競合,家庭教師のランナー,,,,UNSPECIFIED,サービス探し（家庭教師・塾・支援） | 比較検討・料金・申込 | ブランド・指名検索,KWP_CompetitorKeywordSeed
32746,家庭 教師 の ランナー 境界 知能 料金,CORE,代表,C21052,1,家庭 教師 の ランナー 境界 知能 料金,競合の比較検討（評判・料金）,保護者,B,特性/不登校×家庭教師・塾・個別,高,③B カテゴリ競合,家庭教師のランナー,,,,UNSPECIFIED,サービス探し（家庭教師・塾・支援） | 比較検討・料金・申込 | ブランド・指名検索,KWP_CompetitorKeywordSeed
32797,ランナー 家庭 教師 境界 知能,CORE,代表,C21053,2,ランナー 家庭 教師 境界 知能,競合×特性/不登校対応の確認,保護者,B,特性/不登校×家庭教師・塾・個別,高,③B カテゴリ競合,家庭教師のランナー,,,,UNSPECIFIED,サービス探し（家庭教師・塾・支援） | ブランド・指名検索,KWP_CompetitorKeywordSeed
32736,家庭 教師 の ランナー 境界 知能 評判,CORE,代表,C21054,1,家庭 教師 の ランナー 境界 知能 評判,競合の比較検討（評判・料金）,保護者,B,特性/不登校×家庭教師・塾・個別,高,③B カテゴリ競合,家庭教師のランナー,,,,UNSPECIFIED,サービス探し（家庭教師・塾・支援） | 比較検討・料金・申込 | ブランド・指名検索,KWP_CompetitorKeywordSeed
32774,ランナー 家庭 教師 失敗,CORE,代表,C21055,2,ランナー 家庭 教師 失敗,競合の不満・乗り換え,保護者,B,カテゴリ競合×比較/評判/料金/乗換え/特性,中,③B カテゴリ競合,家庭教師のランナー,,,,UNSPECIFIED,サービス探し（家庭教師・塾・支援） | 比較検討・料金・申込 | ブランド・指名検索,KWP_CompetitorKeywordSeed
32744,家庭 教師 の ランナー ld 料金,CORE,代表,C21056,2,家庭 教師 の ランナー ld 料金,競合の比較検討（評判・料金）,保護者,B,特性/不登校×家庭教師・塾・個別,高,③B カテゴリ競合,家庭教師のランナー,,,,UNSPECIFIED,サービス探し（家庭教師・塾・支援） | 比較検討・料金・申込 | ブランド・指名検索,KWP_CompetitorKeywordSeed
32734,家庭 教師 の ランナー ld 評判,CORE,代表,C21057,2,家庭 教師 の ランナー ld 評判,競合の比較検討（評判・料金）,保護者,B,特性/不登校×家庭教師・塾・個別,高,③B カテゴリ競合,家庭教師のランナー,,,,UNSPECIFIED,サービス探し（家庭教師・塾・支援） | 比較検討・料金・申込 | ブランド・指名検索,KWP_CompetitorKeywordSeed
32795,ランナー 家庭 教師 ld,CORE,代表,C21058,4,ランナー 家庭 教師 ld,競合×特性/不登校対応の確認,保護者,B,特性/不登校×家庭教師・塾・個別,高,③B カテゴリ競合,家庭教師のランナー,,,,UNSPECIFIED,サービス探し（家庭教師・塾・支援） | ブランド・指名検索,KWP_CompetitorKeywordSeed
32763,ランナー 家庭 教師 安い,CORE,代表,C21059,2,ランナー 家庭 教師 安い,競合の比較検討（評判・料金）,保護者,B,カテゴリ競合×比較/評判/料金/乗換え/特性,中,③B カテゴリ競合,家庭教師のランナー,,,,UNSPECIFIED,サービス探し（家庭教師・塾・支援） | 比較検討・料金・申込 | ブランド・指名検索,KWP_CompetitorKeywordSeed
32775,ランナー 家庭 教師 後悔,CORE,代表,C21061,2,ランナー 家庭 教師 後悔,競合の不満・乗り換え,保護者,B,カテゴリ競合×比較/評判/料金/乗換え/特性,中,③B カテゴリ競合,家庭教師のランナー,,,,UNSPECIFIED,サービス探し（家庭教師・塾・支援） | 比較検討・料金・申込 | ブランド・指名検索,KWP_CompetitorKeywordSeed
32772,ランナー 家庭 教師 怪しい,CORE,代表,C21062,2,ランナー 家庭 教師 怪しい,競合の不満・乗り換え,保護者,B,カテゴリ競合×比較/評判/料金/乗換え/特性,中,③B カテゴリ競合,家庭教師のランナー,,,,UNSPECIFIED,サービス探し（家庭教師・塾・支援） | 比較検討・料金・申込 | ブランド・指名検索,KWP_CompetitorKeywordSeed
32754,ランナー 家庭 教師 感想,CORE,代表,C21063,2,ランナー 家庭 教師 感想,競合の比較検討（評判・料金）,保護者,B,カテゴリ競合×比較/評判/料金/乗換え/特性,中,③B カテゴリ競合,家庭教師のランナー,,,,UNSPECIFIED,サービス探し（家庭教師・塾・支援） | 比較検討・料金・申込 | ブランド・指名検索,KWP_CompetitorKeywordSeed
2094,ランナー 家庭 教師 料金,CORE,代表,C21072,10,ランナー 家庭 教師 料金,競合の比較検討（評判・料金）,保護者,B,カテゴリ競合×比較/評判/料金/乗換え/特性,中,③B カテゴリ競合,家庭教師のランナー,10,156.0,436.0,HIGH,サービス探し（家庭教師・塾・支援） | 比較検討・料金・申込 | ブランド・指名検索,KWP_KeywordSeed || KWP_CompetitorKeywordSeed
32738,家庭 教師 の ランナー 発達 障害 料金,CORE,代表,C21073,2,家庭 教師 の ランナー 発達 障害 料金,競合の比較検討（評判・料金）,保護者,B,特性/不登校×家庭教師・塾・個別,高,③B カテゴリ競合,家庭教師のランナー,,,,UNSPECIFIED,サービス探し（家庭教師・塾・支援） | 比較検討・料金・申込 | ブランド・指名検索,KWP_CompetitorKeywordSeed
32743,家庭 教師 の ランナー 自 閉 症 料金,CORE,代表,C21074,1,家庭 教師 の ランナー 自 閉 症 料金,競合の比較検討（評判・料金）,保護者,B,特性/不登校×家庭教師・塾・個別,高,③B カテゴリ競合,家庭教師のランナー,,,,UNSPECIFIED,サービス探し（家庭教師・塾・支援） | 比較検討・料金・申込 | ブランド・指名検索,KWP_CompetitorKeywordSeed
32773,ランナー 家庭 教師 最悪,CORE,代表,C21075,2,ランナー 家庭 教師 最悪,競合の不満・乗り換え,保護者,B,カテゴリ競合×比較/評判/料金/乗換え/特性,中,③B カテゴリ競合,家庭教師のランナー,,,,UNSPECIFIED,サービス探し（家庭教師・塾・支援） | 比較検討・料金・申込 | ブランド・指名検索,KWP_CompetitorKeywordSeed
32764,ランナー 家庭 教師 比較,CORE,代表,C21078,2,ランナー 家庭 教師 比較,競合の比較検討（評判・料金）,保護者,B,カテゴリ競合×比較/評判/料金/乗換え/特性,中,③B カテゴリ競合,家庭教師のランナー,,,,UNSPECIFIED,サービス探し（家庭教師・塾・支援） | 比較検討・料金・申込 | ブランド・指名検索,KWP_CompetitorKeywordSeed
32787,ランナー 家庭 教師 申し込み,CORE,代表,C21080,2,ランナー 家庭 教師 申し込み,競合の比較検討（評判・料金）,保護者,B,カテゴリ競合×比較/評判/料金/乗換え/特性,中,③B カテゴリ競合,家庭教師のランナー,,,,UNSPECIFIED,サービス探し（家庭教師・塾・支援） | 比較検討・料金・申込 | ブランド・指名検索,KWP_CompetitorKeywordSeed
32728,家庭 教師 の ランナー 発達 障害 評判,CORE,代表,C21081,2,家庭 教師 の ランナー 発達 障害 評判,競合の比較検討（評判・料金）,保護者,B,特性/不登校×家庭教師・塾・個別,高,③B カテゴリ競合,家庭教師のランナー,,,,UNSPECIFIED,サービス探し（家庭教師・塾・支援） | 比較検討・料金・申込 | ブランド・指名検索,KWP_CompetitorKeywordSeed
32789,ランナー 家庭 教師 発達 障害,CORE,代表,C21082,4,ランナー 家庭 教師 発達 障害,競合×特性/不登校対応の確認,保護者,B,特性/不登校×家庭教師・塾・個別,高,③B カテゴリ競合,家庭教師のランナー,,,,UNSPECIFIED,サービス探し（家庭教師・塾・支援） | ブランド・指名検索,KWP_CompetitorKeywordSeed
32631,家庭 教師 の ランナー 知恵袋,CORE,代表,C21084,2,家庭 教師 の ランナー 知恵袋,競合の比較検討（評判・料金）,保護者,B,カテゴリ競合×比較/評判/料金/乗換え/特性,中,③B カテゴリ競合,家庭教師のランナー,10,,,UNSPECIFIED,サービス探し（家庭教師・塾・支援） | 比較検討・料金・申込 | ブランド・指名検索,KWP_CompetitorKeywordSeed
32794,ランナー 家庭 教師 自 閉 症,CORE,代表,C21085,2,ランナー 家庭 教師 自 閉 症,競合×特性/不登校対応の確認,保護者,B,特性/不登校×家庭教師・塾・個別,高,③B カテゴリ競合,家庭教師のランナー,,,,UNSPECIFIED,サービス探し（家庭教師・塾・支援） | ブランド・指名検索,KWP_CompetitorKeywordSeed
32733,家庭 教師 の ランナー 自 閉 症 評判,CORE,代表,C21086,1,家庭 教師 の ランナー 自 閉 症 評判,競合の比較検討（評判・料金）,保護者,B,特性/不登校×家庭教師・塾・個別,高,③B カテゴリ競合,家庭教師のランナー,,,,UNSPECIFIED,サービス探し（家庭教師・塾・支援） | 比較検討・料金・申込 | ブランド・指名検索,KWP_CompetitorKeywordSeed
32781,ランナー 家庭 教師 解約,CORE,代表,C21087,2,ランナー 家庭 教師 解約,競合の不満・乗り換え,保護者,B,カテゴリ競合×比較/評判/料金/乗換え/特性,中,③B カテゴリ競合,家庭教師のランナー,,,,UNSPECIFIED,サービス探し（家庭教師・塾・支援） | 比較検討・料金・申込 | ブランド・指名検索,KWP_CompetitorKeywordSeed
32755,ランナー 家庭 教師 評価,CORE,代表,C21088,2,ランナー 家庭 教師 評価,競合の比較検討（評判・料金）,保護者,B,カテゴリ競合×比較/評判/料金/乗換え/特性,中,③B カテゴリ競合,家庭教師のランナー,,,,UNSPECIFIED,サービス探し（家庭教師・塾・支援） | 比較検討・料金・申込 | ブランド・指名検索,KWP_CompetitorKeywordSeed
32627,家庭 教師 の ランナー 評判,CORE,代表,C21090,4,家庭 教師 の ランナー 評判,競合の比較検討（評判・料金）,保護者,B,カテゴリ競合×比較/評判/料金/乗換え/特性,中,③B カテゴリ競合,家庭教師のランナー,40,326.0,838.0,MEDIUM,サービス探し（家庭教師・塾・支援） | 比較検討・料金・申込 | ブランド・指名検索,KWP_CompetitorKeywordSeed
32786,ランナー 家庭 教師 資料 請求,CORE,代表,C21091,2,ランナー 家庭 教師 資料 請求,競合の比較検討（評判・料金）,保護者,B,カテゴリ競合×比較/評判/料金/乗換え/特性,中,③B カテゴリ競合,家庭教師のランナー,,,,UNSPECIFIED,サービス探し（家庭教師・塾・支援） | 比較検討・料金・申込 | ブランド・指名検索,KWP_CompetitorKeywordSeed
32756,ランナー 家庭 教師 費用,CORE,代表,C21092,2,ランナー 家庭 教師 費用,競合の比較検討（評判・料金）,保護者,B,カテゴリ競合×比較/評判/料金/乗換え/特性,中,③B カテゴリ競合,家庭教師のランナー,,,,UNSPECIFIED,サービス探し（家庭教師・塾・支援） | 比較検討・料金・申込 | ブランド・指名検索,KWP_CompetitorKeywordSeed
32688,家庭 教師 の ランナー 退会,CORE,代表,C21094,3,家庭 教師 の ランナー 退会,競合の不満・乗り換え,保護者,B,カテゴリ競合×比較/評判/料金/乗換え/特性,中,③B カテゴリ競合,家庭教師のランナー,10,,,LOW,サービス探し（家庭教師・塾・支援） | 合わない・断られた・乗り換え | ブランド・指名検索,KWP_CompetitorKeywordSeed
32762,ランナー 家庭 教師 高い,CORE,代表,C21099,2,ランナー 家庭 教師 高い,競合の比較検討（評判・料金）,保護者,B,カテゴリ競合×比較/評判/料金/乗換え/特性,中,③B カテゴリ競合,家庭教師のランナー,,,,UNSPECIFIED,サービス探し（家庭教師・塾・支援） | 比較検討・料金・申込 | ブランド・指名検索,KWP_CompetitorKeywordSeed
32720,家庭 教師 の ランナー グレー ゾーン 口コミ,CORE,代表,C21102,1,家庭 教師 の ランナー グレー ゾーン 口コミ,競合の比較検討（評判・料金）,保護者,B,特性/不登校×家庭教師・塾・個別,高,③B カテゴリ競合,家庭教師のランナー,,,,UNSPECIFIED,サービス探し（家庭教師・塾・支援） | 比較検討・料金・申込 | ブランド・指名検索,KWP_CompetitorKeywordSeed
32704,家庭 教師 の ランナー グレー ゾーン,CORE,代表,C21103,1,家庭 教師 の ランナー グレー ゾーン,競合×特性/不登校対応の確認,保護者,B,特性/不登校×家庭教師・塾・個別,高,③B カテゴリ競合,家庭教師のランナー,,,,UNSPECIFIED,サービス探し（家庭教師・塾・支援） | ブランド・指名検索,KWP_CompetitorKeywordSeed
32740,家庭 教師 の ランナー グレー ゾーン 料金,CORE,代表,C21104,1,家庭 教師 の ランナー グレー ゾーン 料金,競合の比較検討（評判・料金）,保護者,B,特性/不登校×家庭教師・塾・個別,高,③B カテゴリ競合,家庭教師のランナー,,,,UNSPECIFIED,サービス探し（家庭教師・塾・支援） | 比較検討・料金・申込 | ブランド・指名検索,KWP_CompetitorKeywordSeed
32730,家庭 教師 の ランナー グレー ゾーン 評判,CORE,代表,C21105,1,家庭 教師 の ランナー グレー ゾーン 評判,競合の比較検討（評判・料金）,保護者,B,特性/不登校×家庭教師・塾・個別,高,③B カテゴリ競合,家庭教師のランナー,,,,UNSPECIFIED,サービス探し（家庭教師・塾・支援） | 比較検討・料金・申込 | ブランド・指名検索,KWP_CompetitorKeywordSeed
35453,リ バランス 塾 レビュー,CORE,代表,C21330,1,リ バランス 塾 レビュー,競合の比較検討（評判・料金）,保護者,B,直接競合（特性/不登校×1対1学習支援）,高,③A 直接競合,オンライン個別指導塾リバランス,,,,UNSPECIFIED,サービス探し（家庭教師・塾・支援） | 比較検討・料金・申込 | ブランド・指名検索,KWP_CompetitorKeywordSeed
35437,リ バランス 不 登校 口コミ,CORE,代表,C21331,1,リ バランス 不 登校 口コミ,競合の比較検討（評判・料金）,保護者,B,直接競合（特性/不登校×1対1学習支援）,高,③A 直接競合,オンライン個別指導塾リバランス,,,,UNSPECIFIED,比較検討・料金・申込 | 学校生活・不登校・学校種別 | ブランド・指名検索,KWP_CompetitorKeywordSeed
35496,リ バランス 塾 不 登校,CORE,代表,C21332,1,リ バランス 塾 不 登校,競合×特性/不登校対応の確認,保護者,B,特性/不登校×家庭教師・塾・個別,高,③A 直接競合,オンライン個別指導塾リバランス,,,,UNSPECIFIED,サービス探し（家庭教師・塾・支援） | 学校生活・不登校・学校種別 | ブランド・指名検索,KWP_CompetitorKeywordSeed
35449,リ バランス 不 登校 料金,CORE,代表,C21333,1,リ バランス 不 登校 料金,競合の比較検討（評判・料金）,保護者,B,直接競合（特性/不登校×1対1学習支援）,高,③A 直接競合,オンライン個別指導塾リバランス,,,,UNSPECIFIED,比較検討・料金・申込 | 学校生活・不登校・学校種別 | ブランド・指名検索,KWP_CompetitorKeywordSeed
35425,リ バランス 不 登校,CORE,代表,C21334,1,リ バランス 不 登校,競合×特性/不登校対応の確認,保護者,B,直接競合（特性/不登校×1対1学習支援）,高,③A 直接競合,オンライン個別指導塾リバランス,,,,UNSPECIFIED,学校生活・不登校・学校種別 | ブランド・指名検索,KWP_CompetitorKeywordSeed
35443,リ バランス 不 登校 評判,CORE,代表,C21335,1,リ バランス 不 登校 評判,競合の比較検討（評判・料金）,保護者,B,直接競合（特性/不登校×1対1学習支援）,高,③A 直接競合,オンライン個別指導塾リバランス,,,,UNSPECIFIED,比較検討・料金・申込 | 学校生活・不登校・学校種別 | ブランド・指名検索,KWP_CompetitorKeywordSeed
35430,リ バランス 中学 受験,CORE,代表,C21336,1,リ バランス 中学 受験,競合指名・周辺,保護者,B,直接競合（特性/不登校×1対1学習支援）,高,③A 直接競合,オンライン個別指導塾リバランス,,,,UNSPECIFIED,受験・進路 | ブランド・指名検索,KWP_CompetitorKeywordSeed
35501,リ バランス 塾 中学 受験,CORE,代表,C21337,1,リ バランス 塾 中学 受験,競合指名・周辺,保護者,B,直接競合（特性/不登校×1対1学習支援）,高,③A 直接競合,オンライン個別指導塾リバランス,,,,UNSPECIFIED,サービス探し（家庭教師・塾・支援） | 受験・進路 | ブランド・指名検索,KWP_CompetitorKeywordSeed
35498,リ バランス 塾 中学生,CORE,代表,C21339,1,リ バランス 塾 中学生,競合指名・周辺,保護者,B,直接競合（特性/不登校×1対1学習支援）,高,③A 直接競合,オンライン個別指導塾リバランス,,,,UNSPECIFIED,サービス探し（家庭教師・塾・支援） | ブランド・指名検索,KWP_CompetitorKeywordSeed
35470,リ バランス 塾 他社,CORE,代表,C21341,1,リ バランス 塾 他社,競合指名・周辺,保護者,B,直接競合（特性/不登校×1対1学習支援）,高,③A 直接競合,オンライン個別指導塾リバランス,,,,UNSPECIFIED,サービス探し（家庭教師・塾・支援） | 比較検討・料金・申込 | ブランド・指名検索,KWP_CompetitorKeywordSeed
35485,リ バランス 塾 体験,CORE,代表,C21343,1,リ バランス 塾 体験,競合の比較検討（評判・料金）,保護者,B,直接競合（特性/不登校×1対1学習支援）,高,③A 直接競合,オンライン個別指導塾リバランス,,,,UNSPECIFIED,サービス探し（家庭教師・塾・支援） | 比較検討・料金・申込 | ブランド・指名検索,KWP_CompetitorKeywordSeed
35486,リ バランス 塾 体験 授業,CORE,代表,C21344,1,リ バランス 塾 体験 授業,競合の比較検討（評判・料金）,保護者,B,直接競合（特性/不登校×1対1学習支援）,高,③A 直接競合,オンライン個別指導塾リバランス,,,,UNSPECIFIED,サービス探し（家庭教師・塾・支援） | 比較検討・料金・申込 | 学習のやり方・学習課題 | ブランド・指名検索,KWP_CompetitorKeywordSeed
35484,リ バランス 塾 無料 体験,CORE,代表,C21345,1,リ バランス 塾 無料 体験,競合の比較検討（評判・料金）,保護者,B,直接競合（特性/不登校×1対1学習支援）,高,③A 直接競合,オンライン個別指導塾リバランス,,,,UNSPECIFIED,サービス探し（家庭教師・塾・支援） | 比較検討・料金・申込 | ブランド・指名検索,KWP_CompetitorKeywordSeed
35454,リ バランス 塾 体験 談,CORE,代表,C21346,1,リ バランス 塾 体験 談,競合の比較検討（評判・料金）,保護者,B,直接競合（特性/不登校×1対1学習支援）,高,③A 直接競合,オンライン個別指導塾リバランス,,,,UNSPECIFIED,サービス探し（家庭教師・塾・支援） | 比較検討・料金・申込 | ブランド・指名検索,KWP_CompetitorKeywordSeed
35414,リ バランス 体験 授業,CORE,代表,C21347,1,リ バランス 体験 授業,競合の比較検討（評判・料金）,保護者,B,直接競合（特性/不登校×1対1学習支援）,高,③A 直接競合,オンライン個別指導塾リバランス,,,,UNSPECIFIED,比較検討・料金・申込 | 学習のやり方・学習課題 | ブランド・指名検索,KWP_CompetitorKeywordSeed
35490,リ バランス 塾 入会,CORE,代表,C21351,1,リ バランス 塾 入会,競合の比較検討（評判・料金）,保護者,B,直接競合（特性/不登校×1対1学習支援）,高,③A 直接競合,オンライン個別指導塾リバランス,,,,UNSPECIFIED,サービス探し（家庭教師・塾・支援） | 比較検討・料金・申込 | ブランド・指名検索,KWP_CompetitorKeywordSeed
35462,リ バランス 塾 入会 金,CORE,代表,C21352,1,リ バランス 塾 入会 金,競合の比較検討（評判・料金）,保護者,B,直接競合（特性/不登校×1対1学習支援）,高,③A 直接競合,オンライン個別指導塾リバランス,,,,UNSPECIFIED,サービス探し（家庭教師・塾・支援） | 比較検討・料金・申込 | ブランド・指名検索,KWP_CompetitorKeywordSeed
35502,リ バランス 塾 大学 受験,CORE,代表,C21354,1,リ バランス 塾 大学 受験,競合指名・周辺,保護者,B,直接競合（特性/不登校×1対1学習支援）,高,③A 直接競合,オンライン個別指導塾リバランス,,,,UNSPECIFIED,サービス探し（家庭教師・塾・支援） | 受験・進路 | ブランド・指名検索,KWP_CompetitorKeywordSeed
35500,リ バランス 塾 高校 受験,CORE,代表,C21355,1,リ バランス 塾 高校 受験,競合指名・周辺,保護者,B,直接競合（特性/不登校×1対1学習支援）,高,③A 直接競合,オンライン個別指導塾リバランス,,,,UNSPECIFIED,サービス探し（家庭教師・塾・支援） | 受験・進路 | ブランド・指名検索,KWP_CompetitorKeywordSeed
35431,リ バランス 大学 受験,CORE,代表,C21356,1,リ バランス 大学 受験,競合指名・周辺,保護者,B,直接競合（特性/不登校×1対1学習支援）,高,③A 直接競合,オンライン個別指導塾リバランス,,,,UNSPECIFIED,受験・進路 | ブランド・指名検索,KWP_CompetitorKeywordSeed
35429,リ バランス 高校 受験,CORE,代表,C21357,1,リ バランス 高校 受験,競合指名・周辺,保護者,B,直接競合（特性/不登校×1対1学習支援）,高,③A 直接競合,オンライン個別指導塾リバランス,,,,UNSPECIFIED,受験・進路 | ブランド・指名検索,KWP_CompetitorKeywordSeed
35451,リ バランス 塾 口コミ,CORE,代表,C21359,2,リ バランス 塾 口コミ,競合の比較検討（評判・料金）,保護者,B,直接競合（特性/不登校×1対1学習支援）,高,③A 直接競合,オンライン個別指導塾リバランス,30,162.0,711.0,MEDIUM,サービス探し（家庭教師・塾・支援） | 比較検討・料金・申込 | ブランド・指名検索,KWP_CompetitorKeywordSeed
35434,リ バランス ld 口コミ,CORE,代表,C21361,2,リ バランス ld 口コミ,競合の比較検討（評判・料金）,保護者,B,直接競合（特性/不登校×1対1学習支援）,高,③A 直接競合,オンライン個別指導塾リバランス,,,,UNSPECIFIED,比較検討・料金・申込 | ブランド・指名検索,KWP_CompetitorKeywordSeed
35450,リ バランス 塾,CORE,代表,C21362,1,リ バランス 塾,競合指名・周辺,保護者,B,直接競合（特性/不登校×1対1学習支援）,高,③A 直接競合,オンライン個別指導塾リバランス,30,168.0,588.0,MEDIUM,サービス探し（家庭教師・塾・支援） | ブランド・指名検索,KWP_CompetitorKeywordSeed
35495,リ バランス 塾 境界 知能,CORE,代表,C21363,1,リ バランス 塾 境界 知能,競合×特性/不登校対応の確認,保護者,B,特性/不登校×家庭教師・塾・個別,高,③A 直接競合,オンライン個別指導塾リバランス,,,,UNSPECIFIED,サービス探し（家庭教師・塾・支援） | ブランド・指名検索,KWP_CompetitorKeywordSeed
35476,リ バランス 塾 失敗,CORE,代表,C21364,1,リ バランス 塾 失敗,競合の不満・乗り換え,保護者,B,直接競合（特性/不登校×1対1学習支援）,高,③A 直接競合,オンライン個別指導塾リバランス,,,,UNSPECIFIED,サービス探し（家庭教師・塾・支援） | 比較検討・料金・申込 | ブランド・指名検索,KWP_CompetitorKeywordSeed
35493,リ バランス 塾 ld,CORE,代表,C21365,2,リ バランス 塾 ld,競合×特性/不登校対応の確認,保護者,B,特性/不登校×家庭教師・塾・個別,高,③A 直接競合,オンライン個別指導塾リバランス,,,,UNSPECIFIED,サービス探し（家庭教師・塾・支援） | ブランド・指名検索,KWP_CompetitorKeywordSeed
35465,リ バランス 塾 安い,CORE,代表,C21366,1,リ バランス 塾 安い,競合の比較検討（評判・料金）,保護者,B,直接競合（特性/不登校×1対1学習支援）,高,③A 直接競合,オンライン個別指導塾リバランス,,,,UNSPECIFIED,サービス探し（家庭教師・塾・支援） | 比較検討・料金・申込 | ブランド・指名検索,KWP_CompetitorKeywordSeed
35497,リ バランス 塾 小学生,CORE,代表,C21367,1,リ バランス 塾 小学生,競合指名・周辺,保護者,B,直接競合（特性/不登校×1対1学習支援）,高,③A 直接競合,オンライン個別指導塾リバランス,,,,UNSPECIFIED,サービス探し（家庭教師・塾・支援） | ブランド・指名検索,KWP_CompetitorKeywordSeed
35477,リ バランス 塾 後悔,CORE,代表,C21368,1,リ バランス 塾 後悔,競合の不満・乗り換え,保護者,B,直接競合（特性/不登校×1対1学習支援）,高,③A 直接競合,オンライン個別指導塾リバランス,,,,UNSPECIFIED,サービス探し（家庭教師・塾・支援） | 比較検討・料金・申込 | ブランド・指名検索,KWP_CompetitorKeywordSeed
35474,リ バランス 塾 怪しい,CORE,代表,C21369,1,リ バランス 塾 怪しい,競合の不満・乗り換え,保護者,B,直接競合（特性/不登校×1対1学習支援）,高,③A 直接競合,オンライン個別指導塾リバランス,,,,UNSPECIFIED,サービス探し（家庭教師・塾・支援） | 比較検討・料金・申込 | ブランド・指名検索,KWP_CompetitorKeywordSeed
35455,リ バランス 塾 感想,CORE,代表,C21370,1,リ バランス 塾 感想,競合の比較検討（評判・料金）,保護者,B,直接競合（特性/不登校×1対1学習支援）,高,③A 直接競合,オンライン個別指導塾リバランス,,,,UNSPECIFIED,サービス探し（家庭教師・塾・支援） | 比較検討・料金・申込 | ブランド・指名検索,KWP_CompetitorKeywordSeed
35463,リ バランス 塾 教材 費,CORE,代表,C21371,1,リ バランス 塾 教材 費,競合指名・周辺,保護者,B,直接競合（特性/不登校×1対1学習支援）,高,③A 直接競合,オンライン個別指導塾リバランス,,,,UNSPECIFIED,サービス探し（家庭教師・塾・支援） | 比較検討・料金・申込 | 教材・通信教育 | ブランド・指名検索,KWP_CompetitorKeywordSeed
35457,リ バランス 塾 料金,CORE,代表,C21372,4,リ バランス 塾 料金,競合の比較検討（評判・料金）,保護者,B,直接競合（特性/不登校×1対1学習支援）,高,③A 直接競合,オンライン個別指導塾リバランス,,,,UNSPECIFIED,サービス探し（家庭教師・塾・支援） | 比較検討・料金・申込 | ブランド・指名検索,KWP_CompetitorKeywordSeed
35475,リ バランス 塾 最悪,CORE,代表,C21373,1,リ バランス 塾 最悪,競合の不満・乗り換え,保護者,B,直接競合（特性/不登校×1対1学習支援）,高,③A 直接競合,オンライン個別指導塾リバランス,,,,UNSPECIFIED,サービス探し（家庭教師・塾・支援） | 比較検討・料金・申込 | ブランド・指名検索,KWP_CompetitorKeywordSeed
35466,リ バランス 塾 比較,CORE,代表,C21374,1,リ バランス 塾 比較,競合の比較検討（評判・料金）,保護者,B,直接競合（特性/不登校×1対1学習支援）,高,③A 直接競合,オンライン個別指導塾リバランス,,,,UNSPECIFIED,サービス探し（家庭教師・塾・支援） | 比較検討・料金・申込 | ブランド・指名検索,KWP_CompetitorKeywordSeed
35487,リ バランス 塾 無料 相談,CORE,代表,C21375,1,リ バランス 塾 無料 相談,競合指名・周辺,保護者,B,直接競合（特性/不登校×1対1学習支援）,高,③A 直接競合,オンライン個別指導塾リバランス,,,,UNSPECIFIED,サービス探し（家庭教師・塾・支援） | 比較検討・料金・申込 | ブランド・指名検索,KWP_CompetitorKeywordSeed
35489,リ バランス 塾 申し込み,CORE,代表,C21376,1,リ バランス 塾 申し込み,競合の比較検討（評判・料金）,保護者,B,直接競合（特性/不登校×1対1学習支援）,高,③A 直接競合,オンライン個別指導塾リバランス,,,,UNSPECIFIED,サービス探し（家庭教師・塾・支援） | 比較検討・料金・申込 | ブランド・指名検索,KWP_CompetitorKeywordSeed
35483,リ バランス 塾 解約,CORE,代表,C21377,1,リ バランス 塾 解約,競合の不満・乗り換え,保護者,B,直接競合（特性/不登校×1対1学習支援）,高,③A 直接競合,オンライン個別指導塾リバランス,,,,UNSPECIFIED,サービス探し（家庭教師・塾・支援） | 比較検討・料金・申込 | ブランド・指名検索,KWP_CompetitorKeywordSeed
35456,リ バランス 塾 評価,CORE,代表,C21378,1,リ バランス 塾 評価,競合の比較検討（評判・料金）,保護者,B,直接競合（特性/不登校×1対1学習支援）,高,③A 直接競合,オンライン個別指導塾リバランス,,,,UNSPECIFIED,サービス探し（家庭教師・塾・支援） | 比較検討・料金・申込 | ブランド・指名検索,KWP_CompetitorKeywordSeed
35452,リ バランス 塾 評判,CORE,代表,C21379,1,リ バランス 塾 評判,競合の比較検討（評判・料金）,保護者,B,直接競合（特性/不登校×1対1学習支援）,高,③A 直接競合,オンライン個別指導塾リバランス,,,,UNSPECIFIED,サービス探し（家庭教師・塾・支援） | 比較検討・料金・申込 | ブランド・指名検索,KWP_CompetitorKeywordSeed
35488,リ バランス 塾 資料 請求,CORE,代表,C21380,1,リ バランス 塾 資料 請求,競合の比較検討（評判・料金）,保護者,B,直接競合（特性/不登校×1対1学習支援）,高,③A 直接競合,オンライン個別指導塾リバランス,,,,UNSPECIFIED,サービス探し（家庭教師・塾・支援） | 比較検討・料金・申込 | ブランド・指名検索,KWP_CompetitorKeywordSeed
35458,リ バランス 塾 費用,CORE,代表,C21381,1,リ バランス 塾 費用,競合の比較検討（評判・料金）,保護者,B,直接競合（特性/不登校×1対1学習支援）,高,③A 直接競合,オンライン個別指導塾リバランス,,,,UNSPECIFIED,サービス探し（家庭教師・塾・支援） | 比較検討・料金・申込 | ブランド・指名検索,KWP_CompetitorKeywordSeed
35482,リ バランス 塾 退会,CORE,代表,C21382,1,リ バランス 塾 退会,競合の不満・乗り換え,保護者,B,直接競合（特性/不登校×1対1学習支援）,高,③A 直接競合,オンライン個別指導塾リバランス,,,,UNSPECIFIED,サービス探し（家庭教師・塾・支援） | 合わない・断られた・乗り換え | ブランド・指名検索,KWP_CompetitorKeywordSeed
35467,リ バランス 塾 違い,CORE,代表,C21383,1,リ バランス 塾 違い,競合指名・周辺,保護者,B,直接競合（特性/不登校×1対1学習支援）,高,③A 直接競合,オンライン個別指導塾リバランス,,,,UNSPECIFIED,サービス探し（家庭教師・塾・支援） | 比較検討・料金・申込 | ブランド・指名検索 | 特性そのものを調べる（とは・特徴・チェック）,KWP_CompetitorKeywordSeed
35464,リ バランス 塾 高い,CORE,代表,C21384,1,リ バランス 塾 高い,競合の比較検討（評判・料金）,保護者,B,直接競合（特性/不登校×1対1学習支援）,高,③A 直接競合,オンライン個別指導塾リバランス,,,,UNSPECIFIED,サービス探し（家庭教師・塾・支援） | 比較検討・料金・申込 | ブランド・指名検索,KWP_CompetitorKeywordSeed
35499,リ バランス 塾 高校生,CORE,代表,C21385,1,リ バランス 塾 高校生,競合指名・周辺,保護者,B,直接競合（特性/不登校×1対1学習支援）,高,③A 直接競合,オンライン個別指導塾リバランス,,,,UNSPECIFIED,サービス探し（家庭教師・塾・支援） | ブランド・指名検索,KWP_CompetitorKeywordSeed
35446,リ バランス ld 料金,CORE,代表,C21390,2,リ バランス ld 料金,競合の比較検討（評判・料金）,保護者,B,直接競合（特性/不登校×1対1学習支援）,高,③A 直接競合,オンライン個別指導塾リバランス,,,,UNSPECIFIED,比較検討・料金・申込 | ブランド・指名検索,KWP_CompetitorKeywordSeed
35440,リ バランス ld 評判,CORE,代表,C21391,2,リ バランス ld 評判,競合の比較検討（評判・料金）,保護者,B,直接競合（特性/不登校×1対1学習支援）,高,③A 直接競合,オンライン個別指導塾リバランス,,,,UNSPECIFIED,比較検討・料金・申込 | ブランド・指名検索,KWP_CompetitorKeywordSeed
35422,リ バランス ld,CORE,代表,C21392,2,リ バランス ld,競合×特性/不登校対応の確認,保護者,B,直接競合（特性/不登校×1対1学習支援）,高,③A 直接競合,オンライン個別指導塾リバランス,,,,UNSPECIFIED,ブランド・指名検索,KWP_CompetitorKeywordSeed
35393,リ バランス 教材 費,CORE,代表,C21398,1,リ バランス 教材 費,競合指名・周辺,保護者,B,直接競合（特性/不登校×1対1学習支援）,高,③A 直接競合,オンライン個別指導塾リバランス,,,,UNSPECIFIED,比較検討・料金・申込 | 教材・通信教育 | ブランド・指名検索,KWP_CompetitorKeywordSeed
35419,リ バランス 発達 障害,CORE,代表,C21404,2,リ バランス 発達 障害,競合×特性/不登校対応の確認,保護者,B,直接競合（特性/不登校×1対1学習支援）,高,③A 直接競合,オンライン個別指導塾リバランス,10,59.0,307.0,MEDIUM,ブランド・指名検索,KWP_CompetitorKeywordSeed
35420,リ バランス グレー ゾーン,CORE,代表,C21414,1,リ バランス グレー ゾーン,競合×特性/不登校対応の確認,保護者,B,直接競合（特性/不登校×1対1学習支援）,高,③A 直接競合,オンライン個別指導塾リバランス,,,,UNSPECIFIED,ブランド・指名検索,KWP_CompetitorKeywordSeed
35432,リ バランス グレー ゾーン 口コミ,CORE,代表,C21415,1,リ バランス グレー ゾーン 口コミ,競合の比較検討（評判・料金）,保護者,B,直接競合（特性/不登校×1対1学習支援）,高,③A 直接競合,オンライン個別指導塾リバランス,,,,UNSPECIFIED,比較検討・料金・申込 | ブランド・指名検索,KWP_CompetitorKeywordSeed
35444,リ バランス グレー ゾーン 料金,CORE,代表,C21416,1,リ バランス グレー ゾーン 料金,競合の比較検討（評判・料金）,保護者,B,直接競合（特性/不登校×1対1学習支援）,高,③A 直接競合,オンライン個別指導塾リバランス,,,,UNSPECIFIED,比較検討・料金・申込 | ブランド・指名検索,KWP_CompetitorKeywordSeed
35438,リ バランス グレー ゾーン 評判,CORE,代表,C21417,1,リ バランス グレー ゾーン 評判,競合の比較検討（評判・料金）,保護者,B,直接競合（特性/不登校×1対1学習支援）,高,③A 直接競合,オンライン個別指導塾リバランス,,,,UNSPECIFIED,比較検討・料金・申込 | ブランド・指名検索,KWP_CompetitorKeywordSeed
41310,武田 塾 ルート 評判,CORE,代表,C21451,1,武田 塾 ルート 評判,競合の比較検討（評判・料金）,保護者,B,カテゴリ競合×比較/評判/料金/乗換え/特性,中,③B カテゴリ競合,武田塾,10,,,LOW,サービス探し（家庭教師・塾・支援） | 比較検討・料金・申込 | ブランド・指名検索,KWP_CompetitorKeywordSeed
37425,東京 個別 指導 学院 レビュー,CORE,代表,C21468,1,東京 個別 指導 学院 レビュー,競合の比較検討（評判・料金）,保護者,B,カテゴリ競合×比較/評判/料金/乗換え/特性,中,③B カテゴリ競合,東京個別指導学院,,,,UNSPECIFIED,サービス探し（家庭教師・塾・支援） | 比較検討・料金・申込 | ブランド・指名検索 | 地域・近くで探す,KWP_CompetitorKeywordSeed
37777,東京 個別 レビュー,CORE,代表,C21469,1,東京 個別 レビュー,競合の比較検討（評判・料金）,保護者,B,カテゴリ競合×比較/評判/料金/乗換え/特性,中,③B カテゴリ競合,東京個別指導学院,,,,UNSPECIFIED,比較検討・料金・申込 | ブランド・指名検索 | 地域・近くで探す,KWP_CompetitorKeywordSeed
33823,全国 家庭 教師 協会 レビュー,CORE,代表,C21470,2,全国 家庭 教師 協会 レビュー,競合の比較検討（評判・料金）,保護者,B,カテゴリ競合×比較/評判/料金/乗換え/特性,中,③B カテゴリ競合,全国家庭教師協会,,,,UNSPECIFIED,サービス探し（家庭教師・塾・支援） | 比較検討・料金・申込 | ブランド・指名検索 | 地域・近くで探す,KWP_CompetitorKeywordSeed
33920,家庭 教師 協会 レビュー,CORE,代表,C21471,1,家庭 教師 協会 レビュー,競合の比較検討（評判・料金）,保護者,B,カテゴリ競合×比較/評判/料金/乗換え/特性,中,③B カテゴリ競合,全国家庭教師協会,,,,UNSPECIFIED,サービス探し（家庭教師・塾・支援） | 比較検討・料金・申込 | ブランド・指名検索,KWP_CompetitorKeywordSeed
36254,明光 義塾 レビュー,CORE,代表,C21475,2,明光 義塾 レビュー,競合の比較検討（評判・料金）,保護者,B,カテゴリ競合×比較/評判/料金/乗換え/特性,中,③B カテゴリ競合,個別指導の明光義塾,30,24.0,515.0,LOW,サービス探し（家庭教師・塾・支援） | 比較検討・料金・申込 | ブランド・指名検索,KWP_CompetitorKeywordSeed
40389,森 塾 レビュー,CORE,代表,C21476,2,森 塾 レビュー,競合の比較検討（評判・料金）,保護者,B,カテゴリ競合×比較/評判/料金/乗換え/特性,中,③B カテゴリ競合,森塾,10,297.0,402.0,LOW,サービス探し（家庭教師・塾・支援） | 比較検討・料金・申込 | ブランド・指名検索,KWP_CompetitorKeywordSeed
41277,武田 塾 レビュー,CORE,代表,C21477,2,武田 塾 レビュー,競合の比較検討（評判・料金）,保護者,B,カテゴリ競合×比較/評判/料金/乗換え/特性,中,③B カテゴリ競合,武田塾,50,31.0,256.0,LOW,サービス探し（家庭教師・塾・支援） | 比較検討・料金・申込 | ブランド・指名検索,KWP_CompetitorKeywordSeed
33311,学研 家庭 教師 レビュー,CORE,代表,C21479,2,学研 家庭 教師 レビュー,競合の比較検討（評判・料金）,保護者,B,カテゴリ競合×比較/評判/料金/乗換え/特性,中,③B カテゴリ競合,学研の家庭教師,0,,,UNSPECIFIED,サービス探し（家庭教師・塾・支援） | 比較検討・料金・申込 | ブランド・指名検索,KWP_CompetitorKeywordSeed
37031,明光 レビュー,CORE,代表,C21481,1,明光 レビュー,競合の比較検討（評判・料金）,保護者,B,カテゴリ競合×比較/評判/料金/乗換え/特性,中,③B カテゴリ競合,個別指導の明光義塾,,,,UNSPECIFIED,比較検討・料金・申込 | ブランド・指名検索,KWP_CompetitorKeywordSeed
2930,ワム 塾 料金 中学生,CORE,代表,C21526,1,ワム 塾 料金 中学生,競合の比較検討（評判・料金）,保護者,B,カテゴリ競合×比較/評判/料金/乗換え/特性,中,③B カテゴリ競合,個別指導WAM,70,136.0,796.0,MEDIUM,サービス探し（家庭教師・塾・支援） | 比較検討・料金・申込 | ブランド・指名検索,KWP_KeywordSeed || KWP_UrlSeed
17072,ワム 口コミ,CORE,代表,C21527,1,ワム 口コミ,競合の比較検討（評判・料金）,保護者,B,カテゴリ競合×比較/評判/料金/乗換え/特性,中,③B カテゴリ競合,個別指導WAM,10,88.0,337.0,MEDIUM,比較検討・料金・申込 | ブランド・指名検索,KWP_UrlSeed
2928,ワム 学習 塾 料金,CORE,代表,C21529,1,ワム 学習 塾 料金,競合の比較検討（評判・料金）,保護者,B,カテゴリ競合×比較/評判/料金/乗換え/特性,中,③B カテゴリ競合,個別指導WAM,10,,,HIGH,サービス探し（家庭教師・塾・支援） | 比較検討・料金・申込 | ブランド・指名検索,KWP_KeywordSeed
3489,ワム 塾 料金 小学生,CORE,代表,C21530,1,ワム 塾 料金 小学生,競合の比較検討（評判・料金）,保護者,B,カテゴリ競合×比較/評判/料金/乗換え/特性,中,③B カテゴリ競合,個別指導WAM,10,127.0,534.0,MEDIUM,サービス探し（家庭教師・塾・支援） | 比較検討・料金・申込 | ブランド・指名検索,KWP_KeywordSeed || KWP_UrlSeed
2458,ワム 塾 料金,CORE,代表,C21531,3,ワム 塾 料金,競合の比較検討（評判・料金）,保護者,B,カテゴリ競合×比較/評判/料金/乗換え/特性,中,③B カテゴリ競合,個別指導WAM,170,160.0,645.0,HIGH,サービス探し（家庭教師・塾・支援） | 比較検討・料金・申込 | ブランド・指名検索,KWP_KeywordSeed || KWP_UrlSeed
2961,ワム 塾 料金 高校生,CORE,代表,C21532,1,ワム 塾 料金 高校生,競合の比較検討（評判・料金）,保護者,B,カテゴリ競合×比較/評判/料金/乗換え/特性,中,③B カテゴリ競合,個別指導WAM,10,118.0,562.0,HIGH,サービス探し（家庭教師・塾・支援） | 比較検討・料金・申込 | ブランド・指名検索,KWP_KeywordSeed || KWP_UrlSeed
3490,ワム 夏期 講習 料金,CORE,代表,C21534,1,ワム 夏期 講習 料金,競合の比較検討（評判・料金）,保護者,B,カテゴリ競合×比較/評判/料金/乗換え/特性,中,③B カテゴリ競合,個別指導WAM,10,,,UNSPECIFIED,比較検討・料金・申込 | 学習のやり方・学習課題 | ブランド・指名検索,KWP_KeywordSeed
17034,ワム 料金,CORE,代表,C21536,1,ワム 料金,競合の比較検討（評判・料金）,保護者,B,カテゴリ競合×比較/評判/料金/乗換え/特性,中,③B カテゴリ競合,個別指導WAM,30,142.0,300.0,MEDIUM,比較検討・料金・申込 | ブランド・指名検索,KWP_UrlSeed
37394,東京 個別 指導 学院 新 百合 ヶ 丘 評判,CORE,代表,C21568,1,東京 個別 指導 学院 新 百合 ヶ 丘 評判,競合の比較検討（評判・料金）,保護者,B,カテゴリ競合×比較/評判/料金/乗換え/特性,中,③B カテゴリ競合,東京個別指導学院,10,,,UNSPECIFIED,サービス探し（家庭教師・塾・支援） | 比較検討・料金・申込 | ブランド・指名検索 | 地域・近くで探す,KWP_CompetitorKeywordSeed
40366,森 塾 新 百合 ヶ 丘 評判,CORE,代表,C21573,1,森 塾 新 百合 ヶ 丘 評判,競合の比較検討（評判・料金）,保護者,B,カテゴリ競合×比較/評判/料金/乗換え/特性,中,③B カテゴリ競合,森塾,10,,,HIGH,サービス探し（家庭教師・塾・支援） | 比較検討・料金・申込 | ブランド・指名検索,KWP_CompetitorKeywordSeed
2176,カテキョー 値段,CORE,代表,C21580,2,カテキョー 値段,競合の比較検討（評判・料金）,保護者,B,カテゴリ競合×比較/評判/料金/乗換え/特性,中,③B カテゴリ競合,KATEKYO学院,70,117.0,475.0,MEDIUM,比較検討・料金・申込 | ブランド・指名検索,KWP_KeywordSeed
17063,カテキョー 評判,CORE,代表,C21581,1,カテキョー 評判,競合の比較検討（評判・料金）,保護者,B,カテゴリ競合×比較/評判/料金/乗換え/特性,中,③B カテゴリ競合,KATEKYO学院,10,,,LOW,比較検討・料金・申込 | ブランド・指名検索,KWP_UrlSeed
3619,明光 義塾 一 教科 値段,CORE,代表,C21607,1,明光 義塾 一 教科 値段,競合の比較検討（評判・料金）,保護者,B,カテゴリ競合×比較/評判/料金/乗換え/特性,中,③B カテゴリ競合,個別指導の明光義塾,20,60.0,316.0,LOW,サービス探し（家庭教師・塾・支援） | 比較検討・料金・申込 | ブランド・指名検索,KWP_KeywordSeed || KWP_CompetitorKeywordSeed
41370,武田 塾 一 番 安い,CORE,代表,C21656,1,武田 塾 一 番 安い,競合の比較検討（評判・料金）,保護者,B,カテゴリ競合×比較/評判/料金/乗換え/特性,中,③B カテゴリ競合,武田塾,10,,,MEDIUM,サービス探し（家庭教師・塾・支援） | 比較検討・料金・申込 | ブランド・指名検索,KWP_CompetitorKeywordSeed
41311,武田 塾 三宮 評判,CORE,代表,C21728,1,武田 塾 三宮 評判,競合の比較検討（評判・料金）,保護者,B,カテゴリ競合×比較/評判/料金/乗換え/特性,中,③B カテゴリ競合,武田塾,10,,,UNSPECIFIED,サービス探し（家庭教師・塾・支援） | 比較検討・料金・申込 | ブランド・指名検索,KWP_CompetitorKeywordSeed
47855,東京個別指導学院 上大岡 口コミ,CORE,代表,C21821,1,東京個別指導学院 上大岡 口コミ,競合の比較検討（評判・料金）,保護者,B,カテゴリ競合×比較/評判/料金/乗換え/特性,中,③B カテゴリ競合,東京個別指導学院,,,,UNSPECIFIED,サービス探し（家庭教師・塾・支援） | 比較検討・料金・申込 | ブランド・指名検索 | 地域・近くで探す,Google_competitor_suggest
36878,明光 義塾 下館 口コミ,CORE,代表,C21869,1,明光 義塾 下館 口コミ,競合の比較検討（評判・料金）,保護者,B,カテゴリ競合×比較/評判/料金/乗換え/特性,中,③B カテゴリ競合,個別指導の明光義塾,10,,,UNSPECIFIED,サービス探し（家庭教師・塾・支援） | 比較検討・料金・申込 | ブランド・指名検索,KWP_CompetitorKeywordSeed
547,不 登校 塾 午前 中,CORE,代表,C21875,1,不 登校 塾 午前 中,サービス探し（特性/不登校×学習支援）,保護者,A,特性/不登校×家庭教師・塾・個別,高,②顕在,,50,247.0,745.0,HIGH,サービス探し（家庭教師・塾・支援） | 学校生活・不登校・学校種別,KWP_KeywordSeed
681,不 登校 中学 受験 塾,CORE,代表,C21881,1,不 登校 中学 受験 塾,サービス探し（特性/不登校×学習支援）,保護者,A,特性/不登校×家庭教師・塾・個別,高,②顕在,,10,303.0,710.0,MEDIUM,サービス探し（家庭教師・塾・支援） | 受験・進路 | 学校生活・不登校・学校種別,KWP_KeywordSeed
632,不 登校 中学 塾,CORE,代表,C21884,2,不 登校 中学 塾,サービス探し（特性/不登校×学習支援）,保護者,A,特性/不登校×家庭教師・塾・個別,高,②顕在,,260,271.0,1341.0,HIGH,サービス探し（家庭教師・塾・支援） | 学校生活・不登校・学校種別,KWP_KeywordSeed
539,不 登校 塾 中学生,CORE,代表,C21898,3,不 登校 塾 中学生,サービス探し（特性/不登校×学習支援）,保護者,A,特性/不登校×家庭教師・塾・個別,高,②顕在,,260,271.0,1341.0,HIGH,サービス探し（家庭教師・塾・支援） | 学校生活・不登校・学校種別,KWP_KeywordSeed
625,不 登校 中学生 学習 支援,CORE,代表,C21900,1,不 登校 中学生 学習 支援,サービス探し（特性/不登校×学習支援）,保護者,A,特性/不登校×家庭教師・塾・個別,高,②顕在,,10,256.0,565.0,HIGH,サービス探し（家庭教師・塾・支援） | 学校生活・不登校・学校種別,KWP_KeywordSeed
550,不 登校 中学生 家庭 教師,CORE,代表,C21902,3,不 登校 中学生 家庭 教師,サービス探し（特性/不登校×学習支援）,保護者,A,特性/不登校×家庭教師・塾・個別,高,②顕在,,30,425.0,1718.0,HIGH,サービス探し（家庭教師・塾・支援） | 学校生活・不登校・学校種別,KWP_KeywordSeed
656,不 登校 大学 受験 予備校,CORE,代表,C21906,1,不 登校 大学 受験 予備校,サービス探し（特性/不登校×学習支援）,保護者,A,特性/不登校×家庭教師・塾・個別,高,②顕在,,10,,,UNSPECIFIED,受験・進路 | 学校生活・不登校・学校種別,KWP_KeywordSeed
605,不 登校 予備校,CORE,代表,C21907,2,不 登校 予備校,サービス探し（特性/不登校×学習支援）,保護者,A,特性/不登校×家庭教師・塾・個別,高,②顕在,,70,172.0,775.0,MEDIUM,受験・進路 | 学校生活・不登校・学校種別,KWP_KeywordSeed
771,伊藤 塾 不 登校,CORE,代表,C21912,1,伊藤 塾 不 登校,サービス探し（特性/不登校×学習支援）,保護者,A,特性/不登校×家庭教師・塾・個別,高,②顕在,,10,29.0,289.0,MEDIUM,サービス探し（家庭教師・塾・支援） | 学校生活・不登校・学校種別,KWP_KeywordSeed
670,不 登校 個人 塾,CORE,代表,C21914,1,不 登校 個人 塾,サービス探し（特性/不登校×学習支援）,保護者,A,特性/不登校×家庭教師・塾・個別,高,②顕在,,10,,,MEDIUM,サービス探し（家庭教師・塾・支援） | 学校生活・不登校・学校種別,KWP_KeywordSeed
45298,不登校 家庭教師 個人契約,CORE,代表,C21915,1,不登校 家庭教師 個人契約,サービス探し（特性/不登校×学習支援）,保護者,A,特性/不登校×家庭教師・塾・個別,高,②顕在,,30,167.0,481.0,MEDIUM,サービス探し（家庭教師・塾・支援） | 比較検討・料金・申込 | 学校生活・不登校・学校種別,Google_related_search || Google_suggest
37477,東京 個別 指導 学院 不 登校 口コミ,CORE,代表,C21916,1,東京 個別 指導 学院 不 登校 口コミ,競合の比較検討（評判・料金）,保護者,B,特性/不登校×家庭教師・塾・個別,高,③B カテゴリ競合,東京個別指導学院,,,,UNSPECIFIED,サービス探し（家庭教師・塾・支援） | 比較検討・料金・申込 | 学校生活・不登校・学校種別 | ブランド・指名検索 | 地域・近くで探す,KWP_CompetitorKeywordSeed
546,不 登校 個別 指導 塾,CORE,代表,C21917,2,不 登校 個別 指導 塾,サービス探し（特性/不登校×学習支援）,保護者,A,特性/不登校×家庭教師・塾・個別,高,②顕在,,140,327.0,1362.0,HIGH,サービス探し（家庭教師・塾・支援） | 学校生活・不登校・学校種別,KWP_KeywordSeed
597,不 登校 個別 塾,CORE,代表,C21918,2,不 登校 個別 塾,サービス探し（特性/不登校×学習支援）,保護者,A,特性/不登校×家庭教師・塾・個別,高,②顕在,,40,313.0,1410.0,HIGH,サービス探し（家庭教師・塾・支援） | 学校生活・不登校・学校種別,KWP_KeywordSeed
37496,東京 個別 指導 学院 不 登校 料金,CORE,代表,C21919,1,東京 個別 指導 学院 不 登校 料金,競合の比較検討（評判・料金）,保護者,B,特性/不登校×家庭教師・塾・個別,高,③B カテゴリ競合,東京個別指導学院,,,,UNSPECIFIED,サービス探し（家庭教師・塾・支援） | 比較検討・料金・申込 | 学校生活・不登校・学校種別 | ブランド・指名検索 | 地域・近くで探す,KWP_CompetitorKeywordSeed
809,東京 個別 指導 学院 不 登校,CORE,代表,C21920,2,東京 個別 指導 学院 不 登校,競合×特性/不登校対応の確認,保護者,B,特性/不登校×家庭教師・塾・個別,高,③B カテゴリ競合,東京個別指導学院,30,114.0,273.0,LOW,サービス探し（家庭教師・塾・支援） | 学校生活・不登校・学校種別 | ブランド・指名検索 | 地域・近くで探す,KWP_KeywordSeed || KWP_CompetitorKeywordSeed
37487,東京 個別 指導 学院 不 登校 評判,CORE,代表,C21921,1,東京 個別 指導 学院 不 登校 評判,競合の比較検討（評判・料金）,保護者,B,特性/不登校×家庭教師・塾・個別,高,③B カテゴリ競合,東京個別指導学院,,,,UNSPECIFIED,サービス探し（家庭教師・塾・支援） | 比較検討・料金・申込 | 学校生活・不登校・学校種別 | ブランド・指名検索 | 地域・近くで探す,KWP_CompetitorKeywordSeed
568,不 登校 個別 指導,CORE,代表,C21922,2,不 登校 個別 指導,サービス探し（特性/不登校×学習支援）,保護者,A,特性/不登校×家庭教師・塾・個別,高,②顕在,,70,320.0,1452.0,MEDIUM,サービス探し（家庭教師・塾・支援） | 学校生活・不登校・学校種別,KWP_KeywordSeed || KWP_UrlSeed
37816,東京 個別 不 登校,CORE,代表,C21923,1,東京 個別 不 登校,競合×特性/不登校対応の確認,保護者,B,カテゴリ競合×比較/評判/料金/乗換え/特性,中,③B カテゴリ競合,東京個別指導学院,,,,UNSPECIFIED,学校生活・不登校・学校種別 | ブランド・指名検索 | 地域・近くで探す,KWP_CompetitorKeywordSeed
634,不 登校 児 塾,CORE,代表,C21931,1,不 登校 児 塾,サービス探し（特性/不登校×学習支援）,保護者,A,特性/不登校×家庭教師・塾・個別,高,②顕在,,10,234.0,357.0,HIGH,サービス探し（家庭教師・塾・支援） | 学校生活・不登校・学校種別,KWP_KeywordSeed
576,不 登校 児 家庭 教師,CORE,代表,C21932,1,不 登校 児 家庭 教師,サービス探し（特性/不登校×学習支援）,保護者,A,特性/不登校×家庭教師・塾・個別,高,②顕在,,10,296.0,1075.0,HIGH,サービス探し（家庭教師・塾・支援） | 学校生活・不登校・学校種別,KWP_KeywordSeed
33884,全国 家庭 教師 協会 不 登校 口コミ,CORE,代表,C21933,1,全国 家庭 教師 協会 不 登校 口コミ,競合の比較検討（評判・料金）,保護者,B,特性/不登校×家庭教師・塾・個別,高,③B カテゴリ競合,全国家庭教師協会,,,,UNSPECIFIED,サービス探し（家庭教師・塾・支援） | 比較検討・料金・申込 | 学校生活・不登校・学校種別 | ブランド・指名検索 | 地域・近くで探す,KWP_CompetitorKeywordSeed
33902,全国 家庭 教師 協会 不 登校 料金,CORE,代表,C21934,1,全国 家庭 教師 協会 不 登校 料金,競合の比較検討（評判・料金）,保護者,B,特性/不登校×家庭教師・塾・個別,高,③B カテゴリ競合,全国家庭教師協会,,,,UNSPECIFIED,サービス探し（家庭教師・塾・支援） | 比較検討・料金・申込 | 学校生活・不登校・学校種別 | ブランド・指名検索 | 地域・近くで探す,KWP_CompetitorKeywordSeed
33869,全国 家庭 教師 協会 不 登校,CORE,代表,C21935,1,全国 家庭 教師 協会 不 登校,競合×特性/不登校対応の確認,保護者,B,特性/不登校×家庭教師・塾・個別,高,③B カテゴリ競合,全国家庭教師協会,,,,UNSPECIFIED,サービス探し（家庭教師・塾・支援） | 学校生活・不登校・学校種別 | ブランド・指名検索 | 地域・近くで探す,KWP_CompetitorKeywordSeed
33893,全国 家庭 教師 協会 不 登校 評判,CORE,代表,C21936,1,全国 家庭 教師 協会 不 登校 評判,競合の比較検討（評判・料金）,保護者,B,特性/不登校×家庭教師・塾・個別,高,③B カテゴリ競合,全国家庭教師協会,,,,UNSPECIFIED,サービス探し（家庭教師・塾・支援） | 比較検討・料金・申込 | 学校生活・不登校・学校種別 | ブランド・指名検索 | 地域・近くで探す,KWP_CompetitorKeywordSeed
626,不 登校 出席 扱い 塾,CORE,代表,C21939,1,不 登校 出席 扱い 塾,サービス探し（特性/不登校×学習支援）,保護者,A,特性/不登校×家庭教師・塾・個別,高,②顕在,,10,143.0,551.0,MEDIUM,サービス探し（家庭教師・塾・支援） | 学校生活・不登校・学校種別,KWP_KeywordSeed
651,不 登校 勉強 塾,CORE,代表,C21951,1,不 登校 勉強 塾,サービス探し（特性/不登校×学習支援）,保護者,A,特性/不登校×家庭教師・塾・個別,高,②顕在,,10,,,MEDIUM,サービス探し（家庭教師・塾・支援） | 学校生活・不登校・学校種別,KWP_KeywordSeed
33966,家庭 教師 協会 不 登校,CORE,代表,C21982,1,家庭 教師 協会 不 登校,競合×特性/不登校対応の確認,保護者,B,特性/不登校×家庭教師・塾・個別,高,③B カテゴリ競合,全国家庭教師協会,,,,UNSPECIFIED,サービス探し（家庭教師・塾・支援） | 学校生活・不登校・学校種別 | ブランド・指名検索,KWP_CompetitorKeywordSeed
569,不 登校 大学 受験 塾,CORE,代表,C21987,1,不 登校 大学 受験 塾,サービス探し（特性/不登校×学習支援）,保護者,A,特性/不登校×家庭教師・塾・個別,高,②顕在,,30,289.0,1117.0,MEDIUM,サービス探し（家庭教師・塾・支援） | 受験・進路 | 学校生活・不登校・学校種別,KWP_KeywordSeed
659,不 登校 高校 受験 塾,CORE,代表,C21988,1,不 登校 高校 受験 塾,サービス探し（特性/不登校×学習支援）,保護者,A,特性/不登校×家庭教師・塾・個別,高,②顕在,,10,293.0,957.0,HIGH,サービス探し（家庭教師・塾・支援） | 受験・進路 | 学校生活・不登校・学校種別,KWP_KeywordSeed
36973,明光 義塾 不 登校 口コミ,CORE,代表,C21994,1,明光 義塾 不 登校 口コミ,競合の比較検討（評判・料金）,保護者,B,特性/不登校×家庭教師・塾・個別,高,③B カテゴリ競合,個別指導の明光義塾,,,,UNSPECIFIED,サービス探し（家庭教師・塾・支援） | 比較検討・料金・申込 | 学校生活・不登校・学校種別 | ブランド・指名検索,KWP_CompetitorKeywordSeed
40447,森 塾 不 登校 口コミ,CORE,代表,C21995,1,森 塾 不 登校 口コミ,競合の比較検討（評判・料金）,保護者,B,特性/不登校×家庭教師・塾・個別,高,③B カテゴリ競合,森塾,,,,UNSPECIFIED,サービス探し（家庭教師・塾・支援） | 比較検討・料金・申込 | 学校生活・不登校・学校種別 | ブランド・指名検索,KWP_CompetitorKeywordSeed
41492,武田 塾 不 登校 口コミ,CORE,代表,C21996,1,武田 塾 不 登校 口コミ,競合の比較検討（評判・料金）,保護者,B,特性/不登校×家庭教師・塾・個別,高,③B カテゴリ競合,武田塾,,,,UNSPECIFIED,サービス探し（家庭教師・塾・支援） | 比較検討・料金・申込 | 学校生活・不登校・学校種別 | ブランド・指名検索,KWP_CompetitorKeywordSeed
33290,学研 の 家庭 教師 不 登校 口コミ,CORE,代表,C21998,1,学研 の 家庭 教師 不 登校 口コミ,競合の比較検討（評判・料金）,保護者,B,特性/不登校×家庭教師・塾・個別,高,③B カテゴリ競合,学研の家庭教師,,,,UNSPECIFIED,サービス探し（家庭教師・塾・支援） | 比較検討・料金・申込 | 学校生活・不登校・学校種別 | ブランド・指名検索,KWP_CompetitorKeywordSeed
612,不 登校 学習 塾,CORE,代表,C22006,2,不 登校 学習 塾,サービス探し（特性/不登校×学習支援）,保護者,A,特性/不登校×家庭教師・塾・個別,高,②顕在,,40,200.0,1162.0,HIGH,サービス探し（家庭教師・塾・支援） | 学校生活・不登校・学校種別,KWP_KeywordSeed
611,不 登校 小学生 塾,CORE,代表,C22007,3,不 登校 小学生 塾,サービス探し（特性/不登校×学習支援）,保護者,A,特性/不登校×家庭教師・塾・個別,高,②顕在,,50,221.0,976.0,HIGH,サービス探し（家庭教師・塾・支援） | 学校生活・不登校・学校種別,KWP_KeywordSeed
589,不 登校 支援 塾,CORE,代表,C22008,1,不 登校 支援 塾,サービス探し（特性/不登校×学習支援）,保護者,A,特性/不登校×家庭教師・塾・個別,高,②顕在,,30,142.0,853.0,HIGH,サービス探し（家庭教師・塾・支援） | 学校生活・不登校・学校種別,KWP_KeywordSeed
36985,明光 義塾 不 登校 料金,CORE,代表,C22009,1,明光 義塾 不 登校 料金,競合の比較検討（評判・料金）,保護者,B,特性/不登校×家庭教師・塾・個別,高,③B カテゴリ競合,個別指導の明光義塾,,,,UNSPECIFIED,サービス探し（家庭教師・塾・支援） | 比較検討・料金・申込 | 学校生活・不登校・学校種別 | ブランド・指名検索,KWP_CompetitorKeywordSeed
40459,森 塾 不 登校 料金,CORE,代表,C22010,1,森 塾 不 登校 料金,競合の比較検討（評判・料金）,保護者,B,特性/不登校×家庭教師・塾・個別,高,③B カテゴリ競合,森塾,,,,UNSPECIFIED,サービス探し（家庭教師・塾・支援） | 比較検討・料金・申込 | 学校生活・不登校・学校種別 | ブランド・指名検索,KWP_CompetitorKeywordSeed
41504,武田 塾 不 登校 料金,CORE,代表,C22011,1,武田 塾 不 登校 料金,競合の比較検討（評判・料金）,保護者,B,特性/不登校×家庭教師・塾・個別,高,③B カテゴリ競合,武田塾,,,,UNSPECIFIED,サービス探し（家庭教師・塾・支援） | 比較検討・料金・申込 | 学校生活・不登校・学校種別 | ブランド・指名検索,KWP_CompetitorKeywordSeed
653,明光 義塾 不 登校,CORE,代表,C22012,2,明光 義塾 不 登校,競合×特性/不登校対応の確認,保護者,B,特性/不登校×家庭教師・塾・個別,高,③B カテゴリ競合,個別指導の明光義塾,40,147.0,1252.0,MEDIUM,サービス探し（家庭教師・塾・支援） | 学校生活・不登校・学校種別 | ブランド・指名検索,KWP_KeywordSeed || KWP_CompetitorKeywordSeed
36979,明光 義塾 不 登校 評判,CORE,代表,C22013,1,明光 義塾 不 登校 評判,競合の比較検討（評判・料金）,保護者,B,特性/不登校×家庭教師・塾・個別,高,③B カテゴリ競合,個別指導の明光義塾,,,,UNSPECIFIED,サービス探し（家庭教師・塾・支援） | 比較検討・料金・申込 | 学校生活・不登校・学校種別 | ブランド・指名検索,KWP_CompetitorKeywordSeed
554,不 登校 塾 昼間,CORE,代表,C22014,2,不 登校 塾 昼間,サービス探し（特性/不登校×学習支援）,保護者,A,特性/不登校×家庭教師・塾・個別,高,②顕在,,110,203.0,874.0,MEDIUM,サービス探し（家庭教師・塾・支援） | 学校生活・不登校・学校種別,KWP_KeywordSeed
810,森 塾 不 登校,CORE,代表,C22015,2,森 塾 不 登校,競合×特性/不登校対応の確認,保護者,B,特性/不登校×家庭教師・塾・個別,高,③B カテゴリ競合,森塾,20,127.0,247.0,MEDIUM,サービス探し（家庭教師・塾・支援） | 学校生活・不登校・学校種別 | ブランド・指名検索,KWP_KeywordSeed || KWP_CompetitorKeywordSeed
40453,森 塾 不 登校 評判,CORE,代表,C22016,1,森 塾 不 登校 評判,競合の比較検討（評判・料金）,保護者,B,特性/不登校×家庭教師・塾・個別,高,③B カテゴリ競合,森塾,,,,UNSPECIFIED,サービス探し（家庭教師・塾・支援） | 比較検討・料金・申込 | 学校生活・不登校・学校種別 | ブランド・指名検索,KWP_CompetitorKeywordSeed
811,武田 塾 不 登校,CORE,代表,C22017,2,武田 塾 不 登校,競合×特性/不登校対応の確認,保護者,B,特性/不登校×家庭教師・塾・個別,高,③B カテゴリ競合,武田塾,20,130.0,651.0,LOW,サービス探し（家庭教師・塾・支援） | 学校生活・不登校・学校種別 | ブランド・指名検索,KWP_KeywordSeed || KWP_CompetitorKeywordSeed
41498,武田 塾 不 登校 評判,CORE,代表,C22018,1,武田 塾 不 登校 評判,競合の比較検討（評判・料金）,保護者,B,特性/不登校×家庭教師・塾・個別,高,③B カテゴリ競合,武田塾,,,,UNSPECIFIED,サービス探し（家庭教師・塾・支援） | 比較検討・料金・申込 | 学校生活・不登校・学校種別 | ブランド・指名検索,KWP_CompetitorKeywordSeed
47385,発達障害 不登校 塾,CORE,代表,C22019,1,発達障害 不登校 塾,サービス探し（特性/不登校×学習支援）,保護者,A,特性/不登校×家庭教師・塾・個別,高,②顕在,,,,,UNSPECIFIED,サービス探し（家庭教師・塾・支援） | 学校生活・不登校・学校種別,Google_suggest
534,不 登校 塾,CORE,代表,C22020,6,不 登校 塾,サービス探し（特性/不登校×学習支援）,保護者,A,特性/不登校×家庭教師・塾・個別,高,②顕在,,1000,213.0,919.0,HIGH,サービス探し（家庭教師・塾・支援） | 学校生活・不登校・学校種別,KWP_KeywordSeed || KWP_UrlSeed
636,不 登校 塾 に は 行く,CORE,代表,C22021,2,不 登校 塾 に は 行く,サービス探し（特性/不登校×学習支援）,保護者,A,特性/不登校×家庭教師・塾・個別,高,②顕在,,70,299.0,1431.0,MEDIUM,サービス探し（家庭教師・塾・支援） | 学校生活・不登校・学校種別,KWP_KeywordSeed
762,不 登校 進学 塾,CORE,代表,C22022,1,不 登校 進学 塾,サービス探し（特性/不登校×学習支援）,保護者,A,特性/不登校×家庭教師・塾・個別,高,②顕在,,10,,,MEDIUM,サービス探し（家庭教師・塾・支援） | 受験・進路 | 学校生活・不登校・学校種別,KWP_KeywordSeed
650,不 登校 集団 塾,CORE,代表,C22023,1,不 登校 集団 塾,サービス探し（特性/不登校×学習支援）,保護者,A,特性/不登校×家庭教師・塾・個別,高,②顕在,,10,173.0,279.0,MEDIUM,サービス探し（家庭教師・塾・支援） | 学校生活・不登校・学校種別 | 合わない・断られた・乗り換え,KWP_KeywordSeed
814,類 塾 不 登校,CORE,代表,C22024,1,類 塾 不 登校,サービス探し（特性/不登校×学習支援）,保護者,A,特性/不登校×家庭教師・塾・個別,高,②顕在,,10,,,LOW,サービス探し（家庭教師・塾・支援） | 学校生活・不登校・学校種別,KWP_KeywordSeed
567,不 登校 塾 高校生,CORE,代表,C22025,5,不 登校 塾 高校生,サービス探し（特性/不登校×学習支援）,保護者,A,特性/不登校×家庭教師・塾・個別,高,②顕在,,40,245.0,1195.0,HIGH,サービス探し（家庭教師・塾・支援） | 学校生活・不登校・学校種別,KWP_KeywordSeed
27861,境界 知能 不 登校 家庭 教師,CORE,代表,C22026,1,境界 知能 不 登校 家庭 教師,サービス探し（特性/不登校×学習支援）,保護者,A,特性/不登校×家庭教師・塾・個別,高,②顕在,,,,,UNSPECIFIED,サービス探し（家庭教師・塾・支援） | 学校生活・不登校・学校種別,KWP_KeywordSeed
33310,学研 の 家庭 教師 不 登校 料金,CORE,代表,C22048,1,学研 の 家庭 教師 不 登校 料金,競合の比較検討（評判・料金）,保護者,B,特性/不登校×家庭教師・塾・個別,高,③B カテゴリ競合,学研の家庭教師,,,,UNSPECIFIED,サービス探し（家庭教師・塾・支援） | 比較検討・料金・申込 | 学校生活・不登校・学校種別 | ブランド・指名検索,KWP_CompetitorKeywordSeed
622,学研 家庭 教師 不 登校,CORE,代表,C22049,3,学研 家庭 教師 不 登校,競合×特性/不登校対応の確認,保護者,B,特性/不登校×家庭教師・塾・個別,高,③B カテゴリ競合,学研の家庭教師,30,206.0,515.0,MEDIUM,サービス探し（家庭教師・塾・支援） | 学校生活・不登校・学校種別 | ブランド・指名検索,KWP_KeywordSeed || KWP_CompetitorKeywordSeed
33223,学研 家庭 教師 不 登校 評判,CORE,代表,C22050,2,学研 家庭 教師 不 登校 評判,競合の比較検討（評判・料金）,保護者,B,特性/不登校×家庭教師・塾・個別,高,③B カテゴリ競合,学研の家庭教師,20,196.0,357.0,MEDIUM,サービス探し（家庭教師・塾・支援） | 比較検討・料金・申込 | 学校生活・不登校・学校種別 | ブランド・指名検索,KWP_CompetitorKeywordSeed
27848,学習 障害 不 登校 家庭 教師,CORE,代表,C22051,1,学習 障害 不 登校 家庭 教師,サービス探し（特性/不登校×学習支援）,保護者,A,特性/不登校×家庭教師・塾・個別,高,②顕在,,,,,UNSPECIFIED,サービス探し（家庭教師・塾・支援） | 学校生活・不登校・学校種別,KWP_KeywordSeed
667,不 登校 学習 支援 小学生,CORE,代表,C22053,1,不 登校 学習 支援 小学生,サービス探し（特性/不登校×学習支援）,保護者,A,特性/不登校×家庭教師・塾・個別,高,②顕在,,30,148.0,791.0,HIGH,サービス探し（家庭教師・塾・支援） | 学校生活・不登校・学校種別,KWP_KeywordSeed
535,不 登校 学習 支援,CORE,代表,C22056,3,不 登校 学習 支援,サービス探し（特性/不登校×学習支援）,保護者,A,特性/不登校×家庭教師・塾・個別,高,②顕在,,260,201.0,658.0,HIGH,サービス探し（家庭教師・塾・支援） | 学校生活・不登校・学校種別,KWP_KeywordSeed
600,不 登校 対応 家庭 教師,CORE,代表,C22067,2,不 登校 対応 家庭 教師,サービス探し（特性/不登校×学習支援）,保護者,A,特性/不登校×家庭教師・塾・個別,高,②顕在,,10,,,HIGH,サービス探し（家庭教師・塾・支援） | 学校生活・不登校・学校種別,KWP_KeywordSeed
544,不 登校 専門 家庭 教師,CORE,代表,C22068,4,不 登校 専門 家庭 教師,サービス探し（特性/不登校×学習支援）,保護者,A,特性/不登校×家庭教師・塾・個別,高,②顕在,,70,287.0,1125.0,HIGH,サービス探し（家庭教師・塾・支援） | 学校生活・不登校・学校種別,KWP_KeywordSeed
566,不 登校 小学生 家庭 教師,CORE,代表,C22069,5,不 登校 小学生 家庭 教師,サービス探し（特性/不登校×学習支援）,保護者,A,特性/不登校×家庭教師・塾・個別,高,②顕在,,70,346.0,1635.0,HIGH,サービス探し（家庭教師・塾・支援） | 学校生活・不登校・学校種別,KWP_KeywordSeed
580,不 登校 支援 家庭 教師,CORE,代表,C22070,1,不 登校 支援 家庭 教師,サービス探し（特性/不登校×学習支援）,保護者,A,特性/不登校×家庭教師・塾・個別,高,②顕在,,10,220.0,902.0,HIGH,サービス探し（家庭教師・塾・支援） | 学校生活・不登校・学校種別,KWP_KeywordSeed
2050,不 登校 家庭 教師 料金,CORE,代表,C22071,1,不 登校 家庭 教師 料金,サービス探し（特性/不登校×学習支援）,保護者,A,特性/不登校×家庭教師・塾・個別,高,②顕在,,30,166.0,615.0,MEDIUM,サービス探し（家庭教師・塾・支援） | 比較検討・料金・申込 | 学校生活・不登校・学校種別,KWP_KeywordSeed || KWP_UrlSeed
46125,家庭教師 不登校 発達障害,CORE,代表,C22072,2,家庭教師 不登校 発達障害,サービス探し（特性/不登校×学習支援）,保護者,A,特性/不登校×家庭教師・塾・個別,高,②顕在,,,,,UNSPECIFIED,サービス探し（家庭教師・塾・支援） | 学校生活・不登校・学校種別,Google_suggest
532,不 登校 家庭 教師,CORE,代表,C22073,4,不 登校 家庭 教師,サービス探し（特性/不登校×学習支援）,保護者,A,特性/不登校×家庭教師・塾・個別,高,②顕在,,720,297.0,1233.0,MEDIUM,サービス探し（家庭教師・塾・支援） | 学校生活・不登校・学校種別,KWP_KeywordSeed
46124,家庭教師 不登校 知恵袋,CORE,代表,C22074,1,家庭教師 不登校 知恵袋,サービス探し（特性/不登校×学習支援）,保護者,A,特性/不登校×家庭教師・塾・個別,高,②顕在,,,,,UNSPECIFIED,サービス探し（家庭教師・塾・支援） | 比較検討・料金・申込 | 学校生活・不登校・学校種別,Google_suggest
46118,家庭教師 不登校 評判,CORE,代表,C22075,1,家庭教師 不登校 評判,サービス探し（特性/不登校×学習支援）,保護者,A,特性/不登校×家庭教師・塾・個別,高,②顕在,,30,331.0,966.0,HIGH,サービス探し（家庭教師・塾・支援） | 比較検討・料金・申込 | 学校生活・不登校・学校種別,Google_suggest
591,不 登校 高校生 家庭 教師,CORE,代表,C22076,2,不 登校 高校生 家庭 教師,サービス探し（特性/不登校×学習支援）,保護者,A,特性/不登校×家庭教師・塾・個別,高,②顕在,,10,298.0,737.0,HIGH,サービス探し（家庭教師・塾・支援） | 学校生活・不登校・学校種別,KWP_KeywordSeed
37086,明光 不 登校,CORE,代表,C22107,1,明光 不 登校,競合×特性/不登校対応の確認,保護者,B,カテゴリ競合×比較/評判/料金/乗換え/特性,中,③B カテゴリ競合,個別指導の明光義塾,,,,UNSPECIFIED,学校生活・不登校・学校種別 | ブランド・指名検索,KWP_CompetitorKeywordSeed
5848,河合塾 不 登校,CORE,代表,C22113,1,河合塾 不 登校,競合×特性/不登校対応の確認,保護者,B,特性/不登校×家庭教師・塾・個別,高,④インテント,河合塾,40,148.0,493.0,LOW,サービス探し（家庭教師・塾・支援） | 学校生活・不登校・学校種別 | ブランド・指名検索,KWP_KeywordSeed
37271,東京 個別 指導 学院 中学 受験 口コミ,CORE,代表,C22267,2,東京 個別 指導 学院 中学 受験 口コミ,競合の比較検討（評判・料金）,保護者,B,カテゴリ競合×比較/評判/料金/乗換え/特性,中,③B カテゴリ競合,東京個別指導学院,20,77.0,299.0,LOW,サービス探し（家庭教師・塾・支援） | 比較検討・料金・申込 | 受験・進路 | ブランド・指名検索 | 地域・近くで探す,KWP_CompetitorKeywordSeed
37160,東京 個別 指導 学院 中学 受験 実績,CORE,代表,C22270,1,東京 個別 指導 学院 中学 受験 実績,競合の比較検討（評判・料金）,保護者,B,カテゴリ競合×比較/評判/料金/乗換え/特性,中,③B カテゴリ競合,東京個別指導学院,10,,,LOW,サービス探し（家庭教師・塾・支援） | 比較検討・料金・申込 | 受験・進路 | ブランド・指名検索 | 地域・近くで探す,KWP_CompetitorKeywordSeed
46149,発達障害 中学受験 個別指導,CORE,代表,C22276,1,発達障害 中学受験 個別指導,サービス探し（特性/不登校×学習支援）,保護者,A,特性/不登校×家庭教師・塾・個別,高,②顕在,,,,,UNSPECIFIED,サービス探し（家庭教師・塾・支援） | 受験・進路,Google_suggest
36860,明光 義塾 中学 受験 口コミ,CORE,代表,C22416,2,明光 義塾 中学 受験 口コミ,競合の比較検討（評判・料金）,保護者,B,カテゴリ競合×比較/評判/料金/乗換え/特性,中,③B カテゴリ競合,個別指導の明光義塾,50,222.0,839.0,LOW,サービス探し（家庭教師・塾・支援） | 比較検討・料金・申込 | 受験・進路 | ブランド・指名検索,KWP_CompetitorKeywordSeed
36959,明光 義塾 中学 受験 合格 実績,CORE,代表,C22418,1,明光 義塾 中学 受験 合格 実績,競合の比較検討（評判・料金）,保護者,B,カテゴリ競合×比較/評判/料金/乗換え/特性,中,③B カテゴリ競合,個別指導の明光義塾,40,,,LOW,サービス探し（家庭教師・塾・支援） | 比較検討・料金・申込 | 受験・進路 | ブランド・指名検索,KWP_CompetitorKeywordSeed
36953,明光 義塾 中学 受験 実績,CORE,代表,C22437,1,明光 義塾 中学 受験 実績,競合の比較検討（評判・料金）,保護者,B,カテゴリ競合×比較/評判/料金/乗換え/特性,中,③B カテゴリ競合,個別指導の明光義塾,10,,,LOW,サービス探し（家庭教師・塾・支援） | 比較検討・料金・申込 | 受験・進路 | ブランド・指名検索,KWP_CompetitorKeywordSeed
40438,森 塾 中学 受験 実績,CORE,代表,C22438,1,森 塾 中学 受験 実績,競合の比較検討（評判・料金）,保護者,B,カテゴリ競合×比較/評判/料金/乗換え/特性,中,③B カテゴリ競合,森塾,20,,,LOW,サービス探し（家庭教師・塾・支援） | 比較検討・料金・申込 | 受験・進路 | ブランド・指名検索,KWP_CompetitorKeywordSeed
36916,明光 義塾 料金 中学 受験,CORE,代表,C22441,1,明光 義塾 料金 中学 受験,競合の比較検討（評判・料金）,保護者,B,カテゴリ競合×比較/評判/料金/乗換え/特性,中,③B カテゴリ競合,個別指導の明光義塾,10,,,LOW,サービス探し（家庭教師・塾・支援） | 比較検討・料金・申込 | 受験・進路 | ブランド・指名検索,KWP_CompetitorKeywordSeed
36879,明光 義塾 中学 受験 評判,CORE,代表,C22443,2,明光 義塾 中学 受験 評判,競合の比較検討（評判・料金）,保護者,B,カテゴリ競合×比較/評判/料金/乗換え/特性,中,③B カテゴリ競合,個別指導の明光義塾,10,,,LOW,サービス探し（家庭教師・塾・支援） | 比較検討・料金・申込 | 受験・進路 | ブランド・指名検索,KWP_CompetitorKeywordSeed
36907,明光 義塾 中学 受験 費用,CORE,代表,C22444,1,明光 義塾 中学 受験 費用,競合の比較検討（評判・料金）,保護者,B,カテゴリ競合×比較/評判/料金/乗換え/特性,中,③B カテゴリ競合,個別指導の明光義塾,20,,,LOW,サービス探し（家庭教師・塾・支援） | 比較検討・料金・申込 | 受験・進路 | ブランド・指名検索,KWP_CompetitorKeywordSeed
477,発達 障害 中学 受験 塾 選び,CORE,代表,C22447,2,発達 障害 中学 受験 塾 選び,サービス探し（特性/不登校×学習支援）,保護者,A,特性/不登校×家庭教師・塾・個別,高,②顕在,,10,,,HIGH,サービス探し（家庭教師・塾・支援） | 受験・進路,KWP_KeywordSeed || KWP_UrlSeed
81,発達 障害 中学 受験 塾,CORE,代表,C22448,3,発達 障害 中学 受験 塾,サービス探し（特性/不登校×学習支援）,保護者,A,特性/不登校×家庭教師・塾・個別,高,②顕在,,50,171.0,737.0,HIGH,サービス探し（家庭教師・塾・支援） | 受験・進路,KWP_KeywordSeed || KWP_UrlSeed
45017,発達障害 家庭教師 中学受験,CORE,代表,C22483,1,発達障害 家庭教師 中学受験,サービス探し（特性/不登校×学習支援）,保護者,A,特性/不登校×家庭教師・塾・個別,高,②顕在,,,,,UNSPECIFIED,サービス探し（家庭教師・塾・支援） | 受験・進路,Google_related_search || Google_suggest
36058,明光 義塾 合格 実績 中学,CORE,代表,C22573,1,明光 義塾 合格 実績 中学,競合の比較検討（評判・料金）,保護者,B,カテゴリ競合×比較/評判/料金/乗換え/特性,中,③B カテゴリ競合,個別指導の明光義塾,50,,,LOW,サービス探し（家庭教師・塾・支援） | 比較検討・料金・申込 | 受験・進路 | ブランド・指名検索,KWP_CompetitorKeywordSeed
41402,武田 塾 中学 料金,CORE,代表,C22623,1,武田 塾 中学 料金,競合の比較検討（評判・料金）,保護者,B,カテゴリ競合×比較/評判/料金/乗換え/特性,中,③B カテゴリ競合,武田塾,10,,,LOW,サービス探し（家庭教師・塾・支援） | 比較検討・料金・申込 | ブランド・指名検索,KWP_CompetitorKeywordSeed
2856,代々木 個別 指導 学院 料金 中学生,CORE,代表,C22835,1,代々木 個別 指導 学院 料金 中学生,競合の比較検討（評判・料金）,保護者,B,カテゴリ競合×比較/評判/料金/乗換え/特性,中,③B カテゴリ競合,代々木個別指導学院,30,92.0,566.0,MEDIUM,サービス探し（家庭教師・塾・支援） | 比較検討・料金・申込 | ブランド・指名検索,KWP_KeywordSeed
2701,東京 個別 指導 学院 料金 中学生,CORE,代表,C22859,2,東京 個別 指導 学院 料金 中学生,競合の比較検討（評判・料金）,保護者,B,カテゴリ競合×比較/評判/料金/乗換え/特性,中,③B カテゴリ競合,東京個別指導学院,40,111.0,237.0,LOW,サービス探し（家庭教師・塾・支援） | 比較検討・料金・申込 | ブランド・指名検索 | 地域・近くで探す,KWP_KeywordSeed || KWP_CompetitorKeywordSeed
2831,英才 個別 学院 料金 中学生,CORE,代表,C22861,1,英才 個別 学院 料金 中学生,競合の比較検討（評判・料金）,保護者,B,カテゴリ競合×比較/評判/料金/乗換え/特性,中,③B カテゴリ競合,英才個別学院,40,89.0,252.0,MEDIUM,比較検討・料金・申込 | ブランド・指名検索,KWP_KeywordSeed
41290,武田 塾 中学生 口コミ,CORE,代表,C22985,1,武田 塾 中学生 口コミ,競合の比較検討（評判・料金）,保護者,B,カテゴリ競合×比較/評判/料金/乗換え/特性,中,③B カテゴリ競合,武田塾,30,109.0,695.0,MEDIUM,サービス探し（家庭教師・塾・支援） | 比較検討・料金・申込 | ブランド・指名検索,KWP_CompetitorKeywordSeed
27854,境界 知能 中学生 塾,CORE,代表,C23033,2,境界 知能 中学生 塾,サービス探し（特性/不登校×学習支援）,保護者,A,特性/不登校×家庭教師・塾・個別,高,②顕在,,,,,UNSPECIFIED,サービス探し（家庭教師・塾・支援）,KWP_KeywordSeed
69,学習 障害 塾 中学生,CORE,代表,C23046,4,学習 障害 塾 中学生,サービス探し（特性/不登校×学習支援）,保護者,A,特性/不登校×家庭教師・塾・個別,高,②顕在,,70,307.0,1230.0,HIGH,サービス探し（家庭教師・塾・支援）,KWP_KeywordSeed || KWP_UrlSeed
2819,明光 義塾 料金 中学生,CORE,代表,C23079,4,明光 義塾 料金 中学生,競合の比較検討（評判・料金）,保護者,B,カテゴリ競合×比較/評判/料金/乗換え/特性,中,③B カテゴリ競合,個別指導の明光義塾,390,123.0,1717.0,LOW,サービス探し（家庭教師・塾・支援） | 比較検討・料金・申込 | ブランド・指名検索,KWP_KeywordSeed || KWP_CompetitorKeywordSeed
40088,森 塾 中学生 料金,CORE,代表,C23080,4,森 塾 中学生 料金,競合の比較検討（評判・料金）,保護者,B,カテゴリ競合×比較/評判/料金/乗換え/特性,中,③B カテゴリ競合,森塾,170,152.0,299.0,LOW,サービス探し（家庭教師・塾・支援） | 比較検討・料金・申込 | ブランド・指名検索,KWP_CompetitorKeywordSeed
41354,武田 塾 中学生 料金,CORE,代表,C23081,3,武田 塾 中学生 料金,競合の比較検討（評判・料金）,保護者,B,カテゴリ競合×比較/評判/料金/乗換え/特性,中,③B カテゴリ競合,武田塾,140,128.0,577.0,MEDIUM,サービス探し（家庭教師・塾・支援） | 比較検討・料金・申込 | ブランド・指名検索,KWP_CompetitorKeywordSeed
67,発達 障害 塾 中学生,CORE,代表,C23120,4,発達 障害 塾 中学生,サービス探し（特性/不登校×学習支援）,保護者,A,特性/不登校×家庭教師・塾・個別,高,②顕在,,170,201.0,788.0,HIGH,サービス探し（家庭教師・塾・支援）,KWP_KeywordSeed || KWP_UrlSeed
45649,知的障害 塾 中学生,CORE,代表,C23125,1,知的障害 塾 中学生,サービス探し（特性/不登校×学習支援）,保護者,A,特性/不登校×家庭教師・塾・個別,高,②顕在,,40,130.0,472.0,HIGH,サービス探し（家庭教師・塾・支援）,Google_related_search || Google_suggest
47392,自閉症 中学生 塾,CORE,代表,C23131,1,自閉症 中学生 塾,サービス探し（特性/不登校×学習支援）,保護者,A,特性/不登校×家庭教師・塾・個別,高,②顕在,,,,,UNSPECIFIED,サービス探し（家庭教師・塾・支援）,Google_suggest
27852,境界 知能 中学生 家庭 教師,CORE,代表,C23162,1,境界 知能 中学生 家庭 教師,サービス探し（特性/不登校×学習支援）,保護者,A,特性/不登校×家庭教師・塾・個別,高,②顕在,,,,,UNSPECIFIED,サービス探し（家庭教師・塾・支援）,KWP_KeywordSeed
27839,学習 障害 中学生 家庭 教師,CORE,代表,C23214,1,学習 障害 中学生 家庭 教師,サービス探し（特性/不登校×学習支援）,保護者,A,特性/不登校×家庭教師・塾・個別,高,②顕在,,,,,UNSPECIFIED,サービス探し（家庭教師・塾・支援）,KWP_KeywordSeed
4673,発達 障害 学習 支援 中学生,CORE,代表,C23218,2,発達 障害 学習 支援 中学生,サービス探し（特性/不登校×学習支援）,保護者（推定）,A,特性/不登校×家庭教師・塾・個別,高,②顕在,,10,97.0,982.0,MEDIUM,サービス探し（家庭教師・塾・支援）,KWP_KeywordSeed || KWP_UrlSeed
453,発達 障害 中学生 家庭 教師,CORE,代表,C23244,2,発達 障害 中学生 家庭 教師,サービス探し（特性/不登校×学習支援）,保護者,A,特性/不登校×家庭教師・塾・個別,高,②顕在,,,,,UNSPECIFIED,サービス探し（家庭教師・塾・支援）,KWP_KeywordSeed
27832,自 閉 症 中学生 家庭 教師,CORE,代表,C23246,1,自 閉 症 中学生 家庭 教師,サービス探し（特性/不登校×学習支援）,保護者,A,特性/不登校×家庭教師・塾・個別,高,②顕在,,,,,UNSPECIFIED,サービス探し（家庭教師・塾・支援）,KWP_KeywordSeed
47863,東京個別指導学院 中野 評判,CORE,代表,C23493,1,東京個別指導学院 中野 評判,競合の比較検討（評判・料金）,保護者,B,カテゴリ競合×比較/評判/料金/乗換え/特性,中,③B カテゴリ競合,東京個別指導学院,,,,UNSPECIFIED,サービス探し（家庭教師・塾・支援） | 比較検討・料金・申込 | ブランド・指名検索 | 地域・近くで探す,Google_competitor_suggest
33913,九州 家庭 教師 協会 入会 金,CORE,代表,C23549,1,九州 家庭 教師 協会 入会 金,競合の比較検討（評判・料金）,保護者,B,カテゴリ競合×比較/評判/料金/乗換え/特性,中,③B カテゴリ競合,全国家庭教師協会,10,,,UNSPECIFIED,サービス探し（家庭教師・塾・支援） | 比較検討・料金・申込 | ブランド・指名検索,KWP_CompetitorKeywordSeed
33903,九州 家庭 教師 協会 口コミ,CORE,代表,C23550,1,九州 家庭 教師 協会 口コミ,競合の比較検討（評判・料金）,保護者,B,カテゴリ競合×比較/評判/料金/乗換え/特性,中,③B カテゴリ競合,全国家庭教師協会,110,234.0,846.0,MEDIUM,サービス探し（家庭教師・塾・支援） | 比較検討・料金・申込 | ブランド・指名検索,KWP_CompetitorKeywordSeed
33907,九州 家庭 教師 協会 教材 高い,CORE,代表,C23553,1,九州 家庭 教師 協会 教材 高い,競合の比較検討（評判・料金）,保護者,B,カテゴリ競合×比較/評判/料金/乗換え/特性,中,③B カテゴリ競合,全国家庭教師協会,10,,,LOW,サービス探し（家庭教師・塾・支援） | 比較検討・料金・申込 | 教材・通信教育 | ブランド・指名検索,KWP_CompetitorKeywordSeed
2150,九州 家庭 教師 協会 料金,CORE,代表,C23555,1,九州 家庭 教師 協会 料金,競合の比較検討（評判・料金）,保護者,B,カテゴリ競合×比較/評判/料金/乗換え/特性,中,③B カテゴリ競合,全国家庭教師協会,20,287.0,1364.0,MEDIUM,サービス探し（家庭教師・塾・支援） | 比較検討・料金・申込 | ブランド・指名検索,KWP_KeywordSeed || KWP_CompetitorKeywordSeed
33905,九州 家庭 教師 協会 評判,CORE,代表,C23556,1,九州 家庭 教師 協会 評判,競合の比較検討（評判・料金）,保護者,B,カテゴリ競合×比較/評判/料金/乗換え/特性,中,③B カテゴリ競合,全国家庭教師協会,10,,,LOW,サービス探し（家庭教師・塾・支援） | 比較検討・料金・申込 | ブランド・指名検索,KWP_CompetitorKeywordSeed
41378,武田 塾 予備校 料金,CORE,代表,C23614,1,武田 塾 予備校 料金,競合の比較検討（評判・料金）,保護者,B,カテゴリ競合×比較/評判/料金/乗換え/特性,中,③B カテゴリ競合,武田塾,10,118.0,300.0,HIGH,サービス探し（家庭教師・塾・支援） | 比較検討・料金・申込 | 受験・進路 | ブランド・指名検索,KWP_CompetitorKeywordSeed
40933,予備校 武田 塾 費用,CORE,代表,C23618,1,予備校 武田 塾 費用,競合の比較検討（評判・料金）,保護者,B,カテゴリ競合×比較/評判/料金/乗換え/特性,中,③B カテゴリ競合,武田塾,10,,,HIGH,サービス探し（家庭教師・塾・支援） | 比較検討・料金・申込 | 受験・進路 | ブランド・指名検索,KWP_CompetitorKeywordSeed
2740,京 進 個別 指導 料金,CORE,代表,C23816,1,京 進 個別 指導 料金,競合の比較検討（評判・料金）,保護者,B,カテゴリ競合×比較/評判/料金/乗換え/特性,中,③B カテゴリ競合,京進スクール・ワン,50,148.0,463.0,MEDIUM,サービス探し（家庭教師・塾・支援） | 比較検討・料金・申込 | ブランド・指名検索,KWP_KeywordSeed || KWP_CompetitorKeywordSeed
2971,京 進 個別 料金,CORE,代表,C23819,1,京 進 個別 料金,競合の比較検討（評判・料金）,保護者,B,カテゴリ競合×比較/評判/料金/乗換え/特性,中,③B カテゴリ競合,京進スクール・ワン,20,116.0,386.0,HIGH,比較検討・料金・申込 | ブランド・指名検索,KWP_KeywordSeed || KWP_CompetitorKeywordSeed
46331,家庭教師 仙台 学習障害,CORE,代表,C23964,1,家庭教師 仙台 学習障害,サービス探し（特性/不登校×学習支援）,保護者,A,特性/不登校×家庭教師・塾・個別,高,②顕在,,70,425.0,1522.0,LOW,サービス探し（家庭教師・塾・支援） | 地域・近くで探す,Google_suggest
7959,代々木 個別 指導 学院 体験 談,CORE,代表,C23977,1,代々木 個別 指導 学院 体験 談,競合の比較検討（評判・料金）,保護者,B,カテゴリ競合×比較/評判/料金/乗換え/特性,中,③B カテゴリ競合,代々木個別指導学院,10,,,LOW,サービス探し（家庭教師・塾・支援） | 比較検討・料金・申込 | ブランド・指名検索,KWP_KeywordSeed
3164,代々木 個別 指導 学院 冬期 講習 料金,CORE,代表,C23979,1,代々木 個別 指導 学院 冬期 講習 料金,競合の比較検討（評判・料金）,保護者,B,カテゴリ競合×比較/評判/料金/乗換え/特性,中,③B カテゴリ競合,代々木個別指導学院,10,,,LOW,サービス探し（家庭教師・塾・支援） | 比較検討・料金・申込 | 学習のやり方・学習課題 | ブランド・指名検索,KWP_KeywordSeed
2670,代々木 個別 指導 学院 夏期 講習 料金,CORE,代表,C23984,1,代々木 個別 指導 学院 夏期 講習 料金,競合の比較検討（評判・料金）,保護者,B,カテゴリ競合×比較/評判/料金/乗換え/特性,中,③B カテゴリ競合,代々木個別指導学院,50,116.0,565.0,MEDIUM,サービス探し（家庭教師・塾・支援） | 比較検討・料金・申込 | 学習のやり方・学習課題 | ブランド・指名検索,KWP_KeywordSeed
3504,代々木 個別 指導 学院 料金 小学生,CORE,代表,C23988,1,代々木 個別 指導 学院 料金 小学生,競合の比較検討（評判・料金）,保護者,B,カテゴリ競合×比較/評判/料金/乗換え/特性,中,③B カテゴリ競合,代々木個別指導学院,10,,,MEDIUM,サービス探し（家庭教師・塾・支援） | 比較検討・料金・申込 | ブランド・指名検索,KWP_KeywordSeed
2433,代々木 個別 指導 学院 料金,CORE,代表,C23993,4,代々木 個別 指導 学院 料金,競合の比較検討（評判・料金）,保護者,B,カテゴリ競合×比較/評判/料金/乗換え/特性,中,③B カテゴリ競合,代々木個別指導学院,720,120.0,639.0,MEDIUM,サービス探し（家庭教師・塾・支援） | 比較検討・料金・申込 | ブランド・指名検索,KWP_KeywordSeed
2948,代々木 個別 指導 学院 料金 高校生,CORE,代表,C23994,1,代々木 個別 指導 学院 料金 高校生,競合の比較検討（評判・料金）,保護者,B,カテゴリ競合×比較/評判/料金/乗換え/特性,中,③B カテゴリ競合,代々木個別指導学院,10,161.0,493.0,HIGH,サービス探し（家庭教師・塾・支援） | 比較検討・料金・申込 | ブランド・指名検索,KWP_KeywordSeed
3335,代々木 個別 指導 学院 費用,CORE,代表,C24000,1,代々木 個別 指導 学院 費用,競合の比較検討（評判・料金）,保護者,B,カテゴリ競合×比較/評判/料金/乗換え/特性,中,③B カテゴリ競合,代々木個別指導学院,10,,,LOW,サービス探し（家庭教師・塾・支援） | 比較検討・料金・申込 | ブランド・指名検索,KWP_KeywordSeed
2947,代々木 個別 指導 料金,CORE,代表,C24002,1,代々木 個別 指導 料金,競合の比較検討（評判・料金）,保護者,B,カテゴリ競合×比較/評判/料金/乗換え/特性,中,③B カテゴリ競合,代々木個別指導学院,20,168.0,614.0,MEDIUM,サービス探し（家庭教師・塾・支援） | 比較検討・料金・申込 | ブランド・指名検索,KWP_KeywordSeed
2775,代々木 個別 料金,CORE,代表,C24003,1,代々木 個別 料金,競合の比較検討（評判・料金）,保護者,B,カテゴリ競合×比較/評判/料金/乗換え/特性,中,③B カテゴリ競合,代々木個別指導学院,20,129.0,461.0,MEDIUM,比較検討・料金・申込 | ブランド・指名検索,KWP_KeywordSeed
3036,代々木 指導 学院 料金,CORE,代表,C24008,1,代々木 指導 学院 料金,競合の比較検討（評判・料金）,保護者,B,カテゴリ競合×比較/評判/料金/乗換え/特性,中,③B カテゴリ競合,代々木個別指導学院,10,,,UNSPECIFIED,比較検討・料金・申込 | ブランド・指名検索,KWP_KeywordSeed
36932,明光 義塾 休会,CORE,代表,C24039,1,明光 義塾 休会,競合の不満・乗り換え,保護者,B,カテゴリ競合×比較/評判/料金/乗換え/特性,中,③B カテゴリ競合,個別指導の明光義塾,70,,,LOW,サービス探し（家庭教師・塾・支援） | 比較検討・料金・申込 | ブランド・指名検索 | 利用中・会員の手続き,KWP_CompetitorKeywordSeed
36933,明光 義塾 休会 と 退会 違い,CORE,代表,C24040,1,明光 義塾 休会 と 退会 違い,競合の不満・乗り換え,保護者,B,カテゴリ競合×比較/評判/料金/乗換え/特性,中,③B カテゴリ競合,個別指導の明光義塾,10,,,UNSPECIFIED,サービス探し（家庭教師・塾・支援） | 比較検討・料金・申込 | 合わない・断られた・乗り換え | ブランド・指名検索 | 特性そのものを調べる（とは・特徴・チェック） | 利用中・会員の手続き,KWP_CompetitorKeywordSeed
40417,森 塾 休会,CORE,代表,C24041,1,森 塾 休会,競合の不満・乗り換え,保護者,B,カテゴリ競合×比較/評判/料金/乗換え/特性,中,③B カテゴリ競合,森塾,30,,,LOW,サービス探し（家庭教師・塾・支援） | 比較検討・料金・申込 | ブランド・指名検索 | 利用中・会員の手続き,KWP_CompetitorKeywordSeed
40347,森 塾 元 住吉 評判,CORE,代表,C24160,1,森 塾 元 住吉 評判,競合の比較検討（評判・料金）,保護者,B,カテゴリ競合×比較/評判/料金/乗換え/特性,中,③B カテゴリ競合,森塾,10,,,UNSPECIFIED,サービス探し（家庭教師・塾・支援） | 比較検討・料金・申込 | ブランド・指名検索,KWP_CompetitorKeywordSeed
48086,武田塾 料金体系,CORE,代表,C24193,1,武田塾 料金体系,競合の比較検討（評判・料金）,保護者,B,カテゴリ競合×比較/評判/料金/乗換え/特性,中,③B カテゴリ競合,武田塾,,,,UNSPECIFIED,サービス探し（家庭教師・塾・支援） | 比較検討・料金・申込 | ブランド・指名検索,Google_competitor_suggest
24,体育 家庭 教師 発達 障害,CORE,代表,C24198,1,体育 家庭 教師 発達 障害,サービス探し（特性/不登校×学習支援）,保護者,A,特性/不登校×家庭教師・塾・個別,高,②顕在,,20,261.0,508.0,HIGH,サービス探し（家庭教師・塾・支援）,KWP_KeywordSeed
37251,東京 個別 指導 学院 合格 体験 記,CORE,代表,C24200,1,東京 個別 指導 学院 合格 体験 記,競合の比較検討（評判・料金）,保護者,B,カテゴリ競合×比較/評判/料金/乗換え/特性,中,③B カテゴリ競合,東京個別指導学院,10,,,LOW,サービス探し（家庭教師・塾・支援） | 比較検討・料金・申込 | 受験・進路 | ブランド・指名検索 | 地域・近くで探す,KWP_CompetitorKeywordSeed
37452,東京 個別 指導 学院 体験 授業,CORE,代表,C24201,2,東京 個別 指導 学院 体験 授業,競合の比較検討（評判・料金）,保護者,B,カテゴリ競合×比較/評判/料金/乗換え/特性,中,③B カテゴリ競合,東京個別指導学院,30,147.0,440.0,LOW,サービス探し（家庭教師・塾・支援） | 比較検討・料金・申込 | 学習のやり方・学習課題 | ブランド・指名検索 | 地域・近くで探す,KWP_CompetitorKeywordSeed
37101,東京 個別 指導 学院 体験,CORE,代表,C24202,2,東京 個別 指導 学院 体験,競合の比較検討（評判・料金）,保護者,B,カテゴリ競合×比較/評判/料金/乗換え/特性,中,③B カテゴリ競合,東京個別指導学院,30,176.0,517.0,MEDIUM,サービス探し（家庭教師・塾・支援） | 比較検討・料金・申込 | ブランド・指名検索 | 地域・近くで探す,KWP_CompetitorKeywordSeed
37125,東京 個別 指導 学院 無料 体験,CORE,代表,C24203,2,東京 個別 指導 学院 無料 体験,競合の比較検討（評判・料金）,保護者,B,カテゴリ競合×比較/評判/料金/乗換え/特性,中,③B カテゴリ競合,東京個別指導学院,20,169.0,505.0,MEDIUM,サービス探し（家庭教師・塾・支援） | 比較検討・料金・申込 | ブランド・指名検索 | 地域・近くで探す,KWP_CompetitorKeywordSeed
37426,東京 個別 指導 学院 体験 談,CORE,代表,C24204,1,東京 個別 指導 学院 体験 談,競合の比較検討（評判・料金）,保護者,B,カテゴリ競合×比較/評判/料金/乗換え/特性,中,③B カテゴリ競合,東京個別指導学院,,,,UNSPECIFIED,サービス探し（家庭教師・塾・支援） | 比較検討・料金・申込 | ブランド・指名検索 | 地域・近くで探す,KWP_CompetitorKeywordSeed
37806,東京 個別 体験 授業,CORE,代表,C24205,1,東京 個別 体験 授業,競合の比較検討（評判・料金）,保護者,B,カテゴリ競合×比較/評判/料金/乗換え/特性,中,③B カテゴリ競合,東京個別指導学院,,,,UNSPECIFIED,比較検討・料金・申込 | 学習のやり方・学習課題 | ブランド・指名検索 | 地域・近くで探す,KWP_CompetitorKeywordSeed
37132,東京 個別 体験,CORE,代表,C24206,2,東京 個別 体験,競合の比較検討（評判・料金）,保護者,B,カテゴリ競合×比較/評判/料金/乗換え/特性,中,③B カテゴリ競合,東京個別指導学院,10,724.0,2285.0,MEDIUM,比較検討・料金・申込 | ブランド・指名検索 | 地域・近くで探す,KWP_CompetitorKeywordSeed
37805,東京 個別 無料 体験,CORE,代表,C24207,1,東京 個別 無料 体験,競合の比較検討（評判・料金）,保護者,B,カテゴリ競合×比較/評判/料金/乗換え/特性,中,③B カテゴリ競合,東京個別指導学院,,,,UNSPECIFIED,比較検討・料金・申込 | ブランド・指名検索 | 地域・近くで探す,KWP_CompetitorKeywordSeed
37778,東京 個別 体験 談,CORE,代表,C24208,1,東京 個別 体験 談,競合の比較検討（評判・料金）,保護者,B,カテゴリ競合×比較/評判/料金/乗換え/特性,中,③B カテゴリ競合,東京個別指導学院,,,,UNSPECIFIED,比較検討・料金・申込 | ブランド・指名検索 | 地域・近くで探す,KWP_CompetitorKeywordSeed
33856,全国 家庭 教師 協会 体験 授業,CORE,代表,C24209,1,全国 家庭 教師 協会 体験 授業,競合の比較検討（評判・料金）,保護者,B,カテゴリ競合×比較/評判/料金/乗換え/特性,中,③B カテゴリ競合,全国家庭教師協会,,,,UNSPECIFIED,サービス探し（家庭教師・塾・支援） | 比較検討・料金・申込 | 学習のやり方・学習課題 | ブランド・指名検索 | 地域・近くで探す,KWP_CompetitorKeywordSeed
33855,全国 家庭 教師 協会 体験,CORE,代表,C24210,1,全国 家庭 教師 協会 体験,競合の比較検討（評判・料金）,保護者,B,カテゴリ競合×比較/評判/料金/乗換え/特性,中,③B カテゴリ競合,全国家庭教師協会,,,,UNSPECIFIED,サービス探し（家庭教師・塾・支援） | 比較検討・料金・申込 | ブランド・指名検索 | 地域・近くで探す,KWP_CompetitorKeywordSeed
33854,全国 家庭 教師 協会 無料 体験,CORE,代表,C24211,1,全国 家庭 教師 協会 無料 体験,競合の比較検討（評判・料金）,保護者,B,カテゴリ競合×比較/評判/料金/乗換え/特性,中,③B カテゴリ競合,全国家庭教師協会,,,,UNSPECIFIED,サービス探し（家庭教師・塾・支援） | 比較検討・料金・申込 | ブランド・指名検索 | 地域・近くで探す,KWP_CompetitorKeywordSeed
33824,全国 家庭 教師 協会 体験 談,CORE,代表,C24212,1,全国 家庭 教師 協会 体験 談,競合の比較検討（評判・料金）,保護者,B,カテゴリ競合×比較/評判/料金/乗換え/特性,中,③B カテゴリ競合,全国家庭教師協会,,,,UNSPECIFIED,サービス探し（家庭教師・塾・支援） | 比較検討・料金・申込 | ブランド・指名検索 | 地域・近くで探す,KWP_CompetitorKeywordSeed
33952,家庭 教師 協会 体験 授業,CORE,代表,C24217,1,家庭 教師 協会 体験 授業,競合の比較検討（評判・料金）,保護者,B,カテゴリ競合×比較/評判/料金/乗換え/特性,中,③B カテゴリ競合,全国家庭教師協会,,,,UNSPECIFIED,サービス探し（家庭教師・塾・支援） | 比較検討・料金・申込 | 学習のやり方・学習課題 | ブランド・指名検索,KWP_CompetitorKeywordSeed
33951,家庭 教師 協会 体験,CORE,代表,C24218,1,家庭 教師 協会 体験,競合の比較検討（評判・料金）,保護者,B,カテゴリ競合×比較/評判/料金/乗換え/特性,中,③B カテゴリ競合,全国家庭教師協会,,,,UNSPECIFIED,サービス探し（家庭教師・塾・支援） | 比較検討・料金・申込 | ブランド・指名検索,KWP_CompetitorKeywordSeed
33950,家庭 教師 協会 無料 体験,CORE,代表,C24219,1,家庭 教師 協会 無料 体験,競合の比較検討（評判・料金）,保護者,B,カテゴリ競合×比較/評判/料金/乗換え/特性,中,③B カテゴリ競合,全国家庭教師協会,,,,UNSPECIFIED,サービス探し（家庭教師・塾・支援） | 比較検討・料金・申込 | ブランド・指名検索,KWP_CompetitorKeywordSeed
33921,家庭 教師 協会 体験 談,CORE,代表,C24220,1,家庭 教師 協会 体験 談,競合の比較検討（評判・料金）,保護者,B,カテゴリ競合×比較/評判/料金/乗換え/特性,中,③B カテゴリ競合,全国家庭教師協会,,,,UNSPECIFIED,サービス探し（家庭教師・塾・支援） | 比較検討・料金・申込 | ブランド・指名検索,KWP_CompetitorKeywordSeed
41467,武田 塾 合格 体験,CORE,代表,C24221,1,武田 塾 合格 体験,競合の比較検討（評判・料金）,保護者,B,カテゴリ競合×比較/評判/料金/乗換え/特性,中,③B カテゴリ競合,武田塾,10,,,LOW,サービス探し（家庭教師・塾・支援） | 比較検討・料金・申込 | 受験・進路 | ブランド・指名検索,KWP_CompetitorKeywordSeed
41461,武田 塾 合格 体験 記,CORE,代表,C24222,2,武田 塾 合格 体験 記,競合の比較検討（評判・料金）,保護者,B,カテゴリ競合×比較/評判/料金/乗換え/特性,中,③B カテゴリ競合,武田塾,390,,,LOW,サービス探し（家庭教師・塾・支援） | 比較検討・料金・申込 | 受験・進路 | ブランド・指名検索,KWP_CompetitorKeywordSeed
41469,武田 塾 逆転 合格 体験 記,CORE,代表,C24223,1,武田 塾 逆転 合格 体験 記,競合の比較検討（評判・料金）,保護者,B,カテゴリ競合×比較/評判/料金/乗換え/特性,中,③B カテゴリ競合,武田塾,30,228.0,301.0,LOW,サービス探し（家庭教師・塾・支援） | 比較検討・料金・申込 | 受験・進路 | ブランド・指名検索,KWP_CompetitorKeywordSeed
36941,明光 義塾 体験 持ち物,CORE,代表,C24235,1,明光 義塾 体験 持ち物,競合の比較検討（評判・料金）,保護者,B,カテゴリ競合×比較/評判/料金/乗換え/特性,中,③B カテゴリ競合,個別指導の明光義塾,20,,,LOW,サービス探し（家庭教師・塾・支援） | 比較検討・料金・申込 | ブランド・指名検索,KWP_CompetitorKeywordSeed
36940,明光 義塾 体験 授業,CORE,代表,C24236,2,明光 義塾 体験 授業,競合の比較検討（評判・料金）,保護者,B,カテゴリ競合×比較/評判/料金/乗換え/特性,中,③B カテゴリ競合,個別指導の明光義塾,40,208.0,5857.0,MEDIUM,サービス探し（家庭教師・塾・支援） | 比較検討・料金・申込 | 学習のやり方・学習課題 | ブランド・指名検索,KWP_CompetitorKeywordSeed
40427,森 塾 体験 授業,CORE,代表,C24237,2,森 塾 体験 授業,競合の比較検討（評判・料金）,保護者,B,カテゴリ競合×比較/評判/料金/乗換え/特性,中,③B カテゴリ競合,森塾,40,181.0,301.0,MEDIUM,サービス探し（家庭教師・塾・支援） | 比較検討・料金・申込 | 学習のやり方・学習課題 | ブランド・指名検索,KWP_CompetitorKeywordSeed
41456,武田 塾 体験 授業,CORE,代表,C24238,2,武田 塾 体験 授業,競合の比較検討（評判・料金）,保護者,B,カテゴリ競合×比較/評判/料金/乗換え/特性,中,③B カテゴリ競合,武田塾,70,383.0,1302.0,MEDIUM,サービス探し（家庭教師・塾・支援） | 比較検討・料金・申込 | 学習のやり方・学習課題 | ブランド・指名検索,KWP_CompetitorKeywordSeed
36938,明光 義塾 無料 体験,CORE,代表,C24239,2,明光 義塾 無料 体験,競合の比較検討（評判・料金）,保護者,B,カテゴリ競合×比較/評判/料金/乗換え/特性,中,③B カテゴリ競合,個別指導の明光義塾,70,201.0,12076.0,MEDIUM,サービス探し（家庭教師・塾・支援） | 比較検討・料金・申込 | ブランド・指名検索,KWP_CompetitorKeywordSeed
36939,明光 義塾 体験,CORE,代表,C24240,2,明光 義塾 体験,競合の比較検討（評判・料金）,保護者,B,カテゴリ競合×比較/評判/料金/乗換え/特性,中,③B カテゴリ競合,個別指導の明光義塾,110,205.0,9981.0,MEDIUM,サービス探し（家庭教師・塾・支援） | 比較検討・料金・申込 | ブランド・指名検索,KWP_CompetitorKeywordSeed
36850,明光 義塾 体験 談,CORE,代表,C24241,2,明光 義塾 体験 談,競合の比較検討（評判・料金）,保護者,B,カテゴリ競合×比較/評判/料金/乗換え/特性,中,③B カテゴリ競合,個別指導の明光義塾,10,,,MEDIUM,サービス探し（家庭教師・塾・支援） | 比較検討・料金・申込 | ブランド・指名検索,KWP_CompetitorKeywordSeed
40426,森 塾 体験,CORE,代表,C24242,2,森 塾 体験,競合の比較検討（評判・料金）,保護者,B,カテゴリ競合×比較/評判/料金/乗換え/特性,中,③B カテゴリ競合,森塾,140,158.0,364.0,MEDIUM,サービス探し（家庭教師・塾・支援） | 比較検討・料金・申込 | ブランド・指名検索,KWP_CompetitorKeywordSeed
40425,森 塾 無料 体験,CORE,代表,C24243,2,森 塾 無料 体験,競合の比較検討（評判・料金）,保護者,B,カテゴリ競合×比較/評判/料金/乗換え/特性,中,③B カテゴリ競合,森塾,90,256.0,339.0,LOW,サービス探し（家庭教師・塾・支援） | 比較検討・料金・申込 | ブランド・指名検索,KWP_CompetitorKeywordSeed
40390,森 塾 体験 談,CORE,代表,C24244,1,森 塾 体験 談,競合の比較検討（評判・料金）,保護者,B,カテゴリ競合×比較/評判/料金/乗換え/特性,中,③B カテゴリ競合,森塾,,,,UNSPECIFIED,サービス探し（家庭教師・塾・支援） | 比較検討・料金・申込 | ブランド・指名検索,KWP_CompetitorKeywordSeed
41455,武田 塾 体験,CORE,代表,C24245,2,武田 塾 体験,競合の比較検討（評判・料金）,保護者,B,カテゴリ競合×比較/評判/料金/乗換え/特性,中,③B カテゴリ競合,武田塾,260,344.0,1293.0,HIGH,サービス探し（家庭教師・塾・支援） | 比較検討・料金・申込 | ブランド・指名検索,KWP_CompetitorKeywordSeed
41454,武田 塾 無料 体験,CORE,代表,C24246,2,武田 塾 無料 体験,競合の比較検討（評判・料金）,保護者,B,カテゴリ競合×比較/評判/料金/乗換え/特性,中,③B カテゴリ競合,武田塾,110,290.0,1290.0,HIGH,サービス探し（家庭教師・塾・支援） | 比較検討・料金・申込 | ブランド・指名検索,KWP_CompetitorKeywordSeed
41459,武田 塾 体験 申し込み,CORE,代表,C24247,1,武田 塾 体験 申し込み,競合の比較検討（評判・料金）,保護者,B,カテゴリ競合×比較/評判/料金/乗換え/特性,中,③B カテゴリ競合,武田塾,50,329.0,1292.0,HIGH,サービス探し（家庭教師・塾・支援） | 比較検討・料金・申込 | ブランド・指名検索,KWP_CompetitorKeywordSeed
41466,武田 塾 体験 記,CORE,代表,C24248,1,武田 塾 体験 記,競合の比較検討（評判・料金）,保護者,B,カテゴリ競合×比較/評判/料金/乗換え/特性,中,③B カテゴリ競合,武田塾,10,,,LOW,サービス探し（家庭教師・塾・支援） | 比較検討・料金・申込 | ブランド・指名検索,KWP_CompetitorKeywordSeed
41278,武田 塾 体験 談,CORE,代表,C24249,2,武田 塾 体験 談,競合の比較検討（評判・料金）,保護者,B,カテゴリ競合×比較/評判/料金/乗換え/特性,中,③B カテゴリ競合,武田塾,20,,,LOW,サービス探し（家庭教師・塾・支援） | 比較検討・料金・申込 | ブランド・指名検索,KWP_CompetitorKeywordSeed
33342,学研 家庭 教師 体験 授業,CORE,代表,C24262,2,学研 家庭 教師 体験 授業,競合の比較検討（評判・料金）,保護者,B,カテゴリ競合×比較/評判/料金/乗換え/特性,中,③B カテゴリ競合,学研の家庭教師,,,,UNSPECIFIED,サービス探し（家庭教師・塾・支援） | 比較検討・料金・申込 | 学習のやり方・学習課題 | ブランド・指名検索,KWP_CompetitorKeywordSeed
33341,学研 家庭 教師 体験,CORE,代表,C24263,2,学研 家庭 教師 体験,競合の比較検討（評判・料金）,保護者,B,カテゴリ競合×比較/評判/料金/乗換え/特性,中,③B カテゴリ競合,学研の家庭教師,,,,UNSPECIFIED,サービス探し（家庭教師・塾・支援） | 比較検討・料金・申込 | ブランド・指名検索,KWP_CompetitorKeywordSeed
33340,学研 家庭 教師 無料 体験,CORE,代表,C24264,2,学研 家庭 教師 無料 体験,競合の比較検討（評判・料金）,保護者,B,カテゴリ競合×比較/評判/料金/乗換え/特性,中,③B カテゴリ競合,学研の家庭教師,,,,UNSPECIFIED,サービス探し（家庭教師・塾・支援） | 比較検討・料金・申込 | ブランド・指名検索,KWP_CompetitorKeywordSeed
33312,学研 家庭 教師 体験 談,CORE,代表,C24265,2,学研 家庭 教師 体験 談,競合の比較検討（評判・料金）,保護者,B,カテゴリ競合×比較/評判/料金/乗換え/特性,中,③B カテゴリ競合,学研の家庭教師,,,,UNSPECIFIED,サービス探し（家庭教師・塾・支援） | 比較検討・料金・申込 | ブランド・指名検索,KWP_CompetitorKeywordSeed
3693,発達 障害 家庭 教師 無料 体験,CORE,代表,C24278,1,発達 障害 家庭 教師 無料 体験,サービス探し（特性/不登校×学習支援）,保護者,A,特性/不登校×家庭教師・塾・個別,高,②顕在,,,,,UNSPECIFIED,サービス探し（家庭教師・塾・支援） | 比較検討・料金・申込,KWP_KeywordSeed
37076,明光 体験 授業,CORE,代表,C24281,1,明光 体験 授業,競合の比較検討（評判・料金）,保護者,B,カテゴリ競合×比較/評判/料金/乗換え/特性,中,③B カテゴリ競合,個別指導の明光義塾,,,,UNSPECIFIED,比較検討・料金・申込 | 学習のやり方・学習課題 | ブランド・指名検索,KWP_CompetitorKeywordSeed
37075,明光 体験,CORE,代表,C24284,1,明光 体験,競合の比較検討（評判・料金）,保護者,B,カテゴリ競合×比較/評判/料金/乗換え/特性,中,③B カテゴリ競合,個別指導の明光義塾,,,,UNSPECIFIED,比較検討・料金・申込 | ブランド・指名検索,KWP_CompetitorKeywordSeed
37074,明光 無料 体験,CORE,代表,C24285,2,明光 無料 体験,競合の比較検討（評判・料金）,保護者,B,カテゴリ競合×比較/評判/料金/乗換え/特性,中,③B カテゴリ競合,個別指導の明光義塾,10,,,UNSPECIFIED,比較検討・料金・申込 | ブランド・指名検索,KWP_CompetitorKeywordSeed
37032,明光 体験 談,CORE,代表,C24286,1,明光 体験 談,競合の比較検討（評判・料金）,保護者,B,カテゴリ競合×比較/評判/料金/乗換え/特性,中,③B カテゴリ競合,個別指導の明光義塾,,,,UNSPECIFIED,比較検討・料金・申込 | ブランド・指名検索,KWP_CompetitorKeywordSeed
45025,家庭教師 発達障害 個人契約,CORE,代表,C24437,1,家庭教師 発達障害 個人契約,サービス探し（特性/不登校×学習支援）,保護者,A,特性/不登校×家庭教師・塾・個別,高,②顕在,,30,295.0,958.0,MEDIUM,サービス探し（家庭教師・塾・支援） | 比較検討・料金・申込,Google_related_search || Google_competitor_SERP || Google_suggest || Google_competitor_suggest
37457,東京 個別 指導 学院 入会,CORE,代表,C24456,1,東京 個別 指導 学院 入会,競合の比較検討（評判・料金）,保護者,B,カテゴリ競合×比較/評判/料金/乗換え/特性,中,③B カテゴリ競合,東京個別指導学院,,,,UNSPECIFIED,サービス探し（家庭教師・塾・支援） | 比較検討・料金・申込 | ブランド・指名検索 | 地域・近くで探す,KWP_CompetitorKeywordSeed
37212,東京 個別 指導 学院 入会 金,CORE,代表,C24457,2,東京 個別 指導 学院 入会 金,競合の比較検討（評判・料金）,保護者,B,カテゴリ競合×比較/評判/料金/乗換え/特性,中,③B カテゴリ競合,東京個別指導学院,10,,,LOW,サービス探し（家庭教師・塾・支援） | 比較検討・料金・申込 | ブランド・指名検索 | 地域・近くで探す,KWP_CompetitorKeywordSeed
37810,東京 個別 入会,CORE,代表,C24458,1,東京 個別 入会,競合の比較検討（評判・料金）,保護者,B,カテゴリ競合×比較/評判/料金/乗換え/特性,中,③B カテゴリ競合,東京個別指導学院,,,,UNSPECIFIED,比較検討・料金・申込 | ブランド・指名検索 | 地域・近くで探す,KWP_CompetitorKeywordSeed
37784,東京 個別 入会 金,CORE,代表,C24459,1,東京 個別 入会 金,競合の比較検討（評判・料金）,保護者,B,カテゴリ競合×比較/評判/料金/乗換え/特性,中,③B カテゴリ競合,東京個別指導学院,,,,UNSPECIFIED,比較検討・料金・申込 | ブランド・指名検索 | 地域・近くで探す,KWP_CompetitorKeywordSeed
2815,東京 個別 指導 学院 冬期 講習 料金,CORE,代表,C24471,1,東京 個別 指導 学院 冬期 講習 料金,競合の比較検討（評判・料金）,保護者,B,カテゴリ競合×比較/評判/料金/乗換え/特性,中,③B カテゴリ競合,東京個別指導学院,20,,,LOW,サービス探し（家庭教師・塾・支援） | 比較検討・料金・申込 | 学習のやり方・学習課題 | ブランド・指名検索 | 地域・近くで探す,KWP_KeywordSeed || KWP_CompetitorKeywordSeed
47851,東京個別指導学院 口コミ 大学受験,CORE,代表,C24509,1,東京個別指導学院 口コミ 大学受験,競合の比較検討（評判・料金）,保護者,B,カテゴリ競合×比較/評判/料金/乗換え/特性,中,③B カテゴリ競合,東京個別指導学院,,,,UNSPECIFIED,サービス探し（家庭教師・塾・支援） | 比較検討・料金・申込 | 受験・進路 | ブランド・指名検索 | 地域・近くで探す,Google_competitor_suggest
37213,東京 個別 指導 学院 合格 実績 大学 受験,CORE,代表,C24510,1,東京 個別 指導 学院 合格 実績 大学 受験,競合の比較検討（評判・料金）,保護者,B,カテゴリ競合×比較/評判/料金/乗換え/特性,中,③B カテゴリ競合,東京個別指導学院,30,,,LOW,サービス探し（家庭教師・塾・支援） | 比較検討・料金・申込 | 受験・進路 | ブランド・指名検索 | 地域・近くで探す,KWP_CompetitorKeywordSeed
37283,東京 個別 指導 学院 合格 実績 高校 受験,CORE,代表,C24511,1,東京 個別 指導 学院 合格 実績 高校 受験,競合の比較検討（評判・料金）,保護者,B,カテゴリ競合×比較/評判/料金/乗換え/特性,中,③B カテゴリ競合,東京個別指導学院,10,,,LOW,サービス探し（家庭教師・塾・支援） | 比較検討・料金・申込 | 受験・進路 | ブランド・指名検索 | 地域・近くで探す,KWP_CompetitorKeywordSeed
37220,東京 個別 指導 学院 大学 受験 実績,CORE,代表,C24516,1,東京 個別 指導 学院 大学 受験 実績,競合の比較検討（評判・料金）,保護者,B,カテゴリ競合×比較/評判/料金/乗換え/特性,中,③B カテゴリ競合,東京個別指導学院,10,,,LOW,サービス探し（家庭教師・塾・支援） | 比較検討・料金・申込 | 受験・進路 | ブランド・指名検索 | 地域・近くで探す,KWP_CompetitorKeywordSeed
37162,東京 個別 指導 学院 大学 受験 評判,CORE,代表,C24518,2,東京 個別 指導 学院 大学 受験 評判,競合の比較検討（評判・料金）,保護者,B,カテゴリ競合×比較/評判/料金/乗換え/特性,中,③B カテゴリ競合,東京個別指導学院,50,30.0,103.0,LOW,サービス探し（家庭教師・塾・支援） | 比較検討・料金・申込 | 受験・進路 | ブランド・指名検索 | 地域・近くで探す,KWP_CompetitorKeywordSeed
37268,東京 個別 大学 受験 評判,CORE,代表,C24524,1,東京 個別 大学 受験 評判,競合の比較検討（評判・料金）,保護者,B,カテゴリ競合×比較/評判/料金/乗換え/特性,中,③B カテゴリ競合,東京個別指導学院,10,,,UNSPECIFIED,比較検討・料金・申込 | 受験・進路 | ブランド・指名検索 | 地域・近くで探す,KWP_CompetitorKeywordSeed
47853,東京個別指導学院 総合型選抜 口コミ,CORE,代表,C24530,1,東京個別指導学院 総合型選抜 口コミ,競合の比較検討（評判・料金）,保護者,B,カテゴリ競合×比較/評判/料金/乗換え/特性,中,③B カテゴリ競合,東京個別指導学院,10,92.0,611.0,LOW,サービス探し（家庭教師・塾・支援） | 比較検討・料金・申込 | ブランド・指名検索 | 地域・近くで探す,Google_competitor_suggest
36880,明光 義塾 個別 指導 口コミ,CORE,代表,C24531,2,明光 義塾 個別 指導 口コミ,競合の比較検討（評判・料金）,保護者,B,カテゴリ競合×比較/評判/料金/乗換え/特性,中,③B カテゴリ競合,個別指導の明光義塾,20,196.0,3173.0,LOW,サービス探し（家庭教師・塾・支援） | 比較検討・料金・申込 | ブランド・指名検索,KWP_CompetitorKeywordSeed
37476,東京 個別 指導 学院 境界 知能 口コミ,CORE,代表,C24532,1,東京 個別 指導 学院 境界 知能 口コミ,競合の比較検討（評判・料金）,保護者,B,特性/不登校×家庭教師・塾・個別,高,③B カテゴリ競合,東京個別指導学院,,,,UNSPECIFIED,サービス探し（家庭教師・塾・支援） | 比較検討・料金・申込 | ブランド・指名検索 | 地域・近くで探す,KWP_CompetitorKeywordSeed
37474,東京 個別 指導 学院 ld 口コミ,CORE,代表,C24533,2,東京 個別 指導 学院 ld 口コミ,競合の比較検討（評判・料金）,保護者,B,特性/不登校×家庭教師・塾・個別,高,③B カテゴリ競合,東京個別指導学院,,,,UNSPECIFIED,サービス探し（家庭教師・塾・支援） | 比較検討・料金・申込 | ブランド・指名検索 | 地域・近くで探す,KWP_CompetitorKeywordSeed
47856,東京個別指導学院 川口 口コミ,CORE,代表,C24534,1,東京個別指導学院 川口 口コミ,競合の比較検討（評判・料金）,保護者,B,カテゴリ競合×比較/評判/料金/乗換え/特性,中,③B カテゴリ競合,東京個別指導学院,,,,UNSPECIFIED,サービス探し（家庭教師・塾・支援） | 比較検討・料金・申込 | ブランド・指名検索 | 地域・近くで探す,Google_competitor_suggest
47857,東京個別指導学院 川崎 口コミ,CORE,代表,C24535,1,東京個別指導学院 川崎 口コミ,競合の比較検討（評判・料金）,保護者,B,カテゴリ競合×比較/評判/料金/乗換え/特性,中,③B カテゴリ競合,東京個別指導学院,10,90.0,320.0,MEDIUM,サービス探し（家庭教師・塾・支援） | 比較検討・料金・申込 | ブランド・指名検索 | 地域・近くで探す,Google_competitor_suggest
37229,東京 個別 指導 学院 料金 口コミ,CORE,代表,C24536,1,東京 個別 指導 学院 料金 口コミ,競合の比較検討（評判・料金）,保護者,B,カテゴリ競合×比較/評判/料金/乗換え/特性,中,③B カテゴリ競合,東京個別指導学院,10,,,MEDIUM,サービス探し（家庭教師・塾・支援） | 比較検討・料金・申込 | ブランド・指名検索 | 地域・近くで探す,KWP_CompetitorKeywordSeed
37097,東京 個別 指導 学院 口コミ,CORE,代表,C24537,3,東京 個別 指導 学院 口コミ,競合の比較検討（評判・料金）,保護者,B,カテゴリ競合×比較/評判/料金/乗換え/特性,中,③B カテゴリ競合,東京個別指導学院,880,59.0,210.0,LOW,サービス探し（家庭教師・塾・支援） | 比較検討・料金・申込 | ブランド・指名検索 | 地域・近くで探す,KWP_CompetitorKeywordSeed
47854,東京個別指導学院 町田 口コミ,CORE,代表,C24538,1,東京個別指導学院 町田 口コミ,競合の比較検討（評判・料金）,保護者,B,カテゴリ競合×比較/評判/料金/乗換え/特性,中,③B カテゴリ競合,東京個別指導学院,10,112.0,1002.0,MEDIUM,サービス探し（家庭教師・塾・支援） | 比較検討・料金・申込 | ブランド・指名検索 | 地域・近くで探す,Google_competitor_suggest
37468,東京 個別 指導 学院 発達 障害 口コミ,CORE,代表,C24539,2,東京 個別 指導 学院 発達 障害 口コミ,競合の比較検討（評判・料金）,保護者,B,特性/不登校×家庭教師・塾・個別,高,③B カテゴリ競合,東京個別指導学院,,,,UNSPECIFIED,サービス探し（家庭教師・塾・支援） | 比較検討・料金・申込 | ブランド・指名検索 | 地域・近くで探す,KWP_CompetitorKeywordSeed
47850,東京個別指導学院 口コミ 知恵袋,CORE,代表,C24540,1,東京個別指導学院 口コミ 知恵袋,競合の比較検討（評判・料金）,保護者,B,カテゴリ競合×比較/評判/料金/乗換え/特性,中,③B カテゴリ競合,東京個別指導学院,,,,UNSPECIFIED,サービス探し（家庭教師・塾・支援） | 比較検討・料金・申込 | ブランド・指名検索 | 地域・近くで探す,Google_competitor_suggest
37473,東京 個別 指導 学院 自 閉 症 口コミ,CORE,代表,C24541,1,東京 個別 指導 学院 自 閉 症 口コミ,競合の比較検討（評判・料金）,保護者,B,特性/不登校×家庭教師・塾・個別,高,③B カテゴリ競合,東京個別指導学院,,,,UNSPECIFIED,サービス探し（家庭教師・塾・支援） | 比較検討・料金・申込 | ブランド・指名検索 | 地域・近くで探す,KWP_CompetitorKeywordSeed
37197,東京 個別 学院 口コミ,CORE,代表,C24542,1,東京 個別 学院 口コミ,競合の比較検討（評判・料金）,保護者,B,カテゴリ競合×比較/評判/料金/乗換え/特性,中,③B カテゴリ競合,東京個別指導学院,20,85.0,270.0,MEDIUM,比較検討・料金・申込 | ブランド・指名検索 | 地域・近くで探す,KWP_CompetitorKeywordSeed
37195,東京 個別 指導 口コミ,CORE,代表,C24543,1,東京 個別 指導 口コミ,競合の比較検討（評判・料金）,保護者,B,カテゴリ競合×比較/評判/料金/乗換え/特性,中,③B カテゴリ競合,東京個別指導学院,20,103.0,1147.0,HIGH,サービス探し（家庭教師・塾・支援） | 比較検討・料金・申込 | ブランド・指名検索 | 地域・近くで探す,KWP_CompetitorKeywordSeed
37144,東京 個別 口コミ,CORE,代表,C24544,2,東京 個別 口コミ,競合の比較検討（評判・料金）,保護者,B,カテゴリ競合×比較/評判/料金/乗換え/特性,中,③B カテゴリ競合,東京個別指導学院,40,99.0,495.0,MEDIUM,比較検討・料金・申込 | ブランド・指名検索 | 地域・近くで探す,KWP_CompetitorKeywordSeed
37264,東京 個別 指導 学院 大学 合格 実績,CORE,代表,C24546,1,東京 個別 指導 学院 大学 合格 実績,競合の比較検討（評判・料金）,保護者,B,カテゴリ競合×比較/評判/料金/乗換え/特性,中,③B カテゴリ競合,東京個別指導学院,10,,,LOW,サービス探し（家庭教師・塾・支援） | 比較検討・料金・申込 | 受験・進路 | ブランド・指名検索 | 地域・近くで探す,KWP_CompetitorKeywordSeed
37112,東京 個別 指導 学院 合格 実績,CORE,代表,C24547,2,東京 個別 指導 学院 合格 実績,競合の比較検討（評判・料金）,保護者,B,カテゴリ競合×比較/評判/料金/乗換え/特性,中,③B カテゴリ競合,東京個別指導学院,90,,,LOW,サービス探し（家庭教師・塾・支援） | 比較検討・料金・申込 | 受験・進路 | ブランド・指名検索 | 地域・近くで探す,KWP_CompetitorKeywordSeed
37209,東京 個別 合格 実績,CORE,代表,C24548,2,東京 個別 合格 実績,競合の比較検討（評判・料金）,保護者,B,カテゴリ競合×比較/評判/料金/乗換え/特性,中,③B カテゴリ競合,東京個別指導学院,20,,,LOW,比較検討・料金・申込 | 受験・進路 | ブランド・指名検索 | 地域・近くで探す,KWP_CompetitorKeywordSeed
46142,発達障害 個別指導塾 名古屋,CORE,代表,C24550,1,発達障害 個別指導塾 名古屋,サービス探し（特性/不登校×学習支援）,保護者,A,特性/不登校×家庭教師・塾・個別,高,②顕在,,,,,UNSPECIFIED,サービス探し（家庭教師・塾・支援） | 地域・近くで探す,Google_suggest
3027,桜 咲 個別 指導 学院 料金,CORE,代表,C24556,1,桜 咲 個別 指導 学院 料金,競合の比較検討（評判・料金）,保護者,B,カテゴリ競合×比較/評判/料金/乗換え/特性,中,③B カテゴリ競合,桜咲個別指導学院,20,129.0,258.0,MEDIUM,サービス探し（家庭教師・塾・支援） | 比較検討・料金・申込 | ブランド・指名検索,KWP_KeywordSeed
37233,東京 個別 指導 学院 問い合わせ,CORE,代表,C24558,1,東京 個別 指導 学院 問い合わせ,競合の比較検討（評判・料金）,保護者,B,カテゴリ競合×比較/評判/料金/乗換え/特性,中,③B カテゴリ競合,東京個別指導学院,20,322.0,926.0,LOW,サービス探し（家庭教師・塾・支援） | 比較検討・料金・申込 | ブランド・指名検索 | 地域・近くで探す,KWP_CompetitorKeywordSeed
46141,発達障害 個別指導塾 大阪,CORE,代表,C24598,1,発達障害 個別指導塾 大阪,サービス探し（特性/不登校×学習支援）,保護者,A,特性/不登校×家庭教師・塾・個別,高,②顕在,,,,,UNSPECIFIED,サービス探し（家庭教師・塾・支援） | 地域・近くで探す,Google_suggest
103,個別 指導 塾 学習 障害,CORE,代表,C24605,2,個別 指導 塾 学習 障害,サービス探し（特性/不登校×学習支援）,保護者,A,特性/不登校×家庭教師・塾・個別,高,②顕在,,10,384.0,1676.0,HIGH,サービス探し（家庭教師・塾・支援）,KWP_KeywordSeed || KWP_UrlSeed
41412,武田 塾 料金 完全 個別,CORE,代表,C24618,1,武田 塾 料金 完全 個別,競合の比較検討（評判・料金）,保護者,B,カテゴリ競合×比較/評判/料金/乗換え/特性,中,③B カテゴリ競合,武田塾,0,,,UNSPECIFIED,サービス探し（家庭教師・塾・支援） | 比較検討・料金・申込 | ブランド・指名検索,KWP_CompetitorKeywordSeed
41421,武田 塾 評判 完全 個別,CORE,代表,C24620,1,武田 塾 評判 完全 個別,競合の比較検討（評判・料金）,保護者,B,カテゴリ競合×比較/評判/料金/乗換え/特性,中,③B カテゴリ競合,武田塾,,,,UNSPECIFIED,サービス探し（家庭教師・塾・支援） | 比較検討・料金・申込 | ブランド・指名検索,KWP_CompetitorKeywordSeed
46152,個別指導塾 小学生 発達障害,CORE,代表,C24630,1,個別指導塾 小学生 発達障害,サービス探し（特性/不登校×学習支援）,保護者,A,特性/不登校×家庭教師・塾・個別,高,②顕在,,,,,UNSPECIFIED,サービス探し（家庭教師・塾・支援）,Google_suggest
41388,武田 塾 徹底 個別 特訓 料金,CORE,代表,C24643,1,武田 塾 徹底 個別 特訓 料金,競合の比較検討（評判・料金）,保護者,B,カテゴリ競合×比較/評判/料金/乗換え/特性,中,③B カテゴリ競合,武田塾,10,115.0,351.0,HIGH,サービス探し（家庭教師・塾・支援） | 比較検討・料金・申込 | ブランド・指名検索,KWP_CompetitorKeywordSeed
2719,個別 指導 明光 義塾 料金,CORE,代表,C24656,4,個別 指導 明光 義塾 料金,競合の比較検討（評判・料金）,保護者,B,カテゴリ競合×比較/評判/料金/乗換え/特性,中,③B カテゴリ競合,個別指導の明光義塾,140,120.0,629.0,LOW,サービス探し（家庭教師・塾・支援） | 比較検討・料金・申込 | ブランド・指名検索,KWP_KeywordSeed || KWP_CompetitorKeywordSeed
2732,東京 個別 指導 塾 料金,CORE,代表,C24658,1,東京 個別 指導 塾 料金,競合の比較検討（評判・料金）,保護者,B,カテゴリ競合×比較/評判/料金/乗換え/特性,中,③B カテゴリ競合,東京個別指導学院,20,199.0,1448.0,HIGH,サービス探し（家庭教師・塾・支援） | 比較検討・料金・申込 | ブランド・指名検索 | 地域・近くで探す,KWP_KeywordSeed || KWP_CompetitorKeywordSeed
2874,個別 指導 森 塾 料金,CORE,代表,C24659,1,個別 指導 森 塾 料金,競合の比較検討（評判・料金）,保護者,B,カテゴリ競合×比較/評判/料金/乗換え/特性,中,③B カテゴリ競合,森塾,10,156.0,386.0,MEDIUM,サービス探し（家庭教師・塾・支援） | 比較検討・料金・申込 | ブランド・指名検索,KWP_KeywordSeed || KWP_CompetitorKeywordSeed
36862,個別 指導 の 明光 義塾 評判,CORE,代表,C24666,2,個別 指導 の 明光 義塾 評判,競合の比較検討（評判・料金）,保護者,B,カテゴリ競合×比較/評判/料金/乗換え/特性,中,③B カテゴリ競合,個別指導の明光義塾,10,,,MEDIUM,サービス探し（家庭教師・塾・支援） | 比較検討・料金・申込 | ブランド・指名検索,KWP_CompetitorKeywordSeed
46144,発達障害 個別指導塾 東京,CORE,代表,C24670,1,発達障害 個別指導塾 東京,サービス探し（特性/不登校×学習支援）,保護者,A,特性/不登校×家庭教師・塾・個別,高,②顕在,,,,,UNSPECIFIED,サービス探し（家庭教師・塾・支援） | 地域・近くで探す,Google_suggest
37228,東京 個別 指導 塾 評判,CORE,代表,C24671,1,東京 個別 指導 塾 評判,競合の比較検討（評判・料金）,保護者,B,カテゴリ競合×比較/評判/料金/乗換え/特性,中,③B カテゴリ競合,東京個別指導学院,10,,,LOW,サービス探し（家庭教師・塾・支援） | 比較検討・料金・申込 | ブランド・指名検索 | 地域・近くで探す,KWP_CompetitorKeywordSeed
48031,個別指導 森塾 評判,CORE,代表,C24673,1,個別指導 森塾 評判,競合の比較検討（評判・料金）,保護者,B,カテゴリ競合×比較/評判/料金/乗換え/特性,中,③B カテゴリ競合,森塾,10,,,LOW,サービス探し（家庭教師・塾・支援） | 比較検討・料金・申込 | ブランド・指名検索,Google_competitor_suggest
66,発達 障害 個別 指導 塾,CORE,代表,C24678,3,発達 障害 個別 指導 塾,サービス探し（特性/不登校×学習支援）,保護者,A,特性/不登校×家庭教師・塾・個別,高,②顕在,,260,204.0,827.0,HIGH,サービス探し（家庭教師・塾・支援）,KWP_KeywordSeed || KWP_UrlSeed
2968,明光 義塾 個別 料金,CORE,代表,C24701,1,明光 義塾 個別 料金,競合の比較検討（評判・料金）,保護者,B,カテゴリ競合×比較/評判/料金/乗換え/特性,中,③B カテゴリ競合,個別指導の明光義塾,30,118.0,8352.0,MEDIUM,サービス探し（家庭教師・塾・支援） | 比較検討・料金・申込 | ブランド・指名検索,KWP_KeywordSeed || KWP_CompetitorKeywordSeed
41384,武田 塾 個別 管理 特訓 料金,CORE,代表,C24703,1,武田 塾 個別 管理 特訓 料金,競合の比較検討（評判・料金）,保護者,B,カテゴリ競合×比較/評判/料金/乗換え/特性,中,③B カテゴリ競合,武田塾,30,229.0,458.0,MEDIUM,サービス探し（家庭教師・塾・支援） | 比較検討・料金・申込 | ブランド・指名検索,KWP_CompetitorKeywordSeed
37495,東京 個別 指導 学院 境界 知能 料金,CORE,代表,C24737,1,東京 個別 指導 学院 境界 知能 料金,競合の比較検討（評判・料金）,保護者,B,特性/不登校×家庭教師・塾・個別,高,③B カテゴリ競合,東京個別指導学院,,,,UNSPECIFIED,サービス探し（家庭教師・塾・支援） | 比較検討・料金・申込 | ブランド・指名検索 | 地域・近くで探す,KWP_CompetitorKeywordSeed
37465,東京 個別 指導 学院 境界 知能,CORE,代表,C24738,1,東京 個別 指導 学院 境界 知能,競合×特性/不登校対応の確認,保護者,B,特性/不登校×家庭教師・塾・個別,高,③B カテゴリ競合,東京個別指導学院,,,,UNSPECIFIED,サービス探し（家庭教師・塾・支援） | ブランド・指名検索 | 地域・近くで探す,KWP_CompetitorKeywordSeed
37486,東京 個別 指導 学院 境界 知能 評判,CORE,代表,C24739,1,東京 個別 指導 学院 境界 知能 評判,競合の比較検討（評判・料金）,保護者,B,特性/不登校×家庭教師・塾・個別,高,③B カテゴリ競合,東京個別指導学院,,,,UNSPECIFIED,サービス探し（家庭教師・塾・支援） | 比較検討・料金・申込 | ブランド・指名検索 | 地域・近くで探す,KWP_CompetitorKeywordSeed
37815,東京 個別 境界 知能,CORE,代表,C24740,1,東京 個別 境界 知能,競合×特性/不登校対応の確認,保護者,B,カテゴリ競合×比較/評判/料金/乗換え/特性,中,③B カテゴリ競合,東京個別指導学院,,,,UNSPECIFIED,ブランド・指名検索 | 地域・近くで探す,KWP_CompetitorKeywordSeed
2511,東京 個別 指導 学院 夏期 講習 料金,CORE,代表,C24743,2,東京 個別 指導 学院 夏期 講習 料金,競合の比較検討（評判・料金）,保護者,B,カテゴリ競合×比較/評判/料金/乗換え/特性,中,③B カテゴリ競合,東京個別指導学院,110,105.0,404.0,LOW,サービス探し（家庭教師・塾・支援） | 比較検討・料金・申込 | 学習のやり方・学習課題 | ブランド・指名検索 | 地域・近くで探す,KWP_KeywordSeed || KWP_CompetitorKeywordSeed
2763,関西 個別 指導 学院 夏期 講習 料金,CORE,代表,C24745,1,関西 個別 指導 学院 夏期 講習 料金,競合の比較検討（評判・料金）,保護者,B,カテゴリ競合×比較/評判/料金/乗換え/特性,中,③B カテゴリ競合,関西個別指導学院,20,,,LOW,サービス探し（家庭教師・塾・支援） | 比較検討・料金・申込 | 学習のやり方・学習課題 | ブランド・指名検索 | 地域・近くで探す,KWP_KeywordSeed
3144,東京 個別 指導 学院 夏期 講習 費用,CORE,代表,C24747,1,東京 個別 指導 学院 夏期 講習 費用,競合の比較検討（評判・料金）,保護者,B,カテゴリ競合×比較/評判/料金/乗換え/特性,中,③B カテゴリ競合,東京個別指導学院,10,,,LOW,サービス探し（家庭教師・塾・支援） | 比較検討・料金・申込 | 学習のやり方・学習課題 | ブランド・指名検索 | 地域・近くで探す,KWP_KeywordSeed || KWP_CompetitorKeywordSeed
2888,英才 個別 学院 夏期 講習 料金,CORE,代表,C24748,1,英才 個別 学院 夏期 講習 料金,競合の比較検討（評判・料金）,保護者,B,カテゴリ競合×比較/評判/料金/乗換え/特性,中,③B カテゴリ競合,英才個別学院,30,86.0,324.0,LOW,比較検討・料金・申込 | 学習のやり方・学習課題 | ブランド・指名検索,KWP_KeywordSeed
2645,東京 個別 夏期 講習 料金,CORE,代表,C24750,1,東京 個別 夏期 講習 料金,競合の比較検討（評判・料金）,保護者,B,カテゴリ競合×比較/評判/料金/乗換え/特性,中,③B カテゴリ競合,東京個別指導学院,10,136.0,1033.0,MEDIUM,比較検討・料金・申込 | 学習のやり方・学習課題 | ブランド・指名検索 | 地域・近くで探す,KWP_KeywordSeed || KWP_CompetitorKeywordSeed
37387,東京 個別 指導 学院 大森 評判,CORE,代表,C24773,1,東京 個別 指導 学院 大森 評判,競合の比較検討（評判・料金）,保護者,B,カテゴリ競合×比較/評判/料金/乗換え/特性,中,③B カテゴリ競合,東京個別指導学院,10,,,UNSPECIFIED,サービス探し（家庭教師・塾・支援） | 比較検討・料金・申込 | ブランド・指名検索 | 地域・近くで探す,KWP_CompetitorKeywordSeed
37441,東京 個別 指導 学院 失敗,CORE,代表,C24786,1,東京 個別 指導 学院 失敗,競合の不満・乗り換え,保護者,B,カテゴリ競合×比較/評判/料金/乗換え/特性,中,③B カテゴリ競合,東京個別指導学院,,,,UNSPECIFIED,サービス探し（家庭教師・塾・支援） | 比較検討・料金・申込 | ブランド・指名検索 | 地域・近くで探す,KWP_CompetitorKeywordSeed
37797,東京 個別 失敗,CORE,代表,C24787,1,東京 個別 失敗,競合の不満・乗り換え,保護者,B,カテゴリ競合×比較/評判/料金/乗換え/特性,中,③B カテゴリ競合,東京個別指導学院,,,,UNSPECIFIED,比較検討・料金・申込 | ブランド・指名検索 | 地域・近くで探す,KWP_CompetitorKeywordSeed
3075,学研 個別 指導 料金,CORE,代表,C24793,1,学研 個別 指導 料金,競合の比較検討（評判・料金）,保護者,B,カテゴリ競合×比較/評判/料金/乗換え/特性,中,③B カテゴリ競合,学研の家庭教師,20,66.0,864.0,MEDIUM,サービス探し（家庭教師・塾・支援） | 比較検討・料金・申込 | ブランド・指名検索,KWP_KeywordSeed
37493,東京 個別 指導 学院 ld 料金,CORE,代表,C24797,2,東京 個別 指導 学院 ld 料金,競合の比較検討（評判・料金）,保護者,B,特性/不登校×家庭教師・塾・個別,高,③B カテゴリ競合,東京個別指導学院,,,,UNSPECIFIED,サービス探し（家庭教師・塾・支援） | 比較検討・料金・申込 | ブランド・指名検索 | 地域・近くで探す,KWP_CompetitorKeywordSeed
37484,東京 個別 指導 学院 ld 評判,CORE,代表,C24798,2,東京 個別 指導 学院 ld 評判,競合の比較検討（評判・料金）,保護者,B,特性/不登校×家庭教師・塾・個別,高,③B カテゴリ競合,東京個別指導学院,,,,UNSPECIFIED,サービス探し（家庭教師・塾・支援） | 比較検討・料金・申込 | ブランド・指名検索 | 地域・近くで探す,KWP_CompetitorKeywordSeed
37463,東京 個別 指導 学院 ld,CORE,代表,C24799,2,東京 個別 指導 学院 ld,競合×特性/不登校対応の確認,保護者,B,特性/不登校×家庭教師・塾・個別,高,③B カテゴリ競合,東京個別指導学院,,,,UNSPECIFIED,サービス探し（家庭教師・塾・支援） | ブランド・指名検索 | 地域・近くで探す,KWP_CompetitorKeywordSeed
78,学習 障害 個別 指導,CORE,代表,C24802,2,学習 障害 個別 指導,サービス探し（特性/不登校×学習支援）,保護者,A,特性/不登校×家庭教師・塾・個別,高,②顕在,,20,400.0,1699.0,HIGH,サービス探し（家庭教師・塾・支援）,KWP_KeywordSeed || KWP_UrlSeed
37813,東京 個別 ld,CORE,代表,C24804,2,東京 個別 ld,競合×特性/不登校対応の確認,保護者,B,カテゴリ競合×比較/評判/料金/乗換え/特性,中,③B カテゴリ競合,東京個別指導学院,,,,UNSPECIFIED,ブランド・指名検索 | 地域・近くで探す,KWP_CompetitorKeywordSeed
37430,東京 個別 指導 学院 安い,CORE,代表,C24808,1,東京 個別 指導 学院 安い,競合の比較検討（評判・料金）,保護者,B,カテゴリ競合×比較/評判/料金/乗換え/特性,中,③B カテゴリ競合,東京個別指導学院,,,,UNSPECIFIED,サービス探し（家庭教師・塾・支援） | 比較検討・料金・申込 | ブランド・指名検索 | 地域・近くで探す,KWP_CompetitorKeywordSeed
37151,東京 個別 指導 学院 実績,CORE,代表,C24809,1,東京 個別 指導 学院 実績,競合の比較検討（評判・料金）,保護者,B,カテゴリ競合×比較/評判/料金/乗換え/特性,中,③B カテゴリ競合,東京個別指導学院,40,,,LOW,サービス探し（家庭教師・塾・支援） | 比較検討・料金・申込 | ブランド・指名検索 | 地域・近くで探す,KWP_CompetitorKeywordSeed
37165,東京 個別 指導 学院 進学 実績,CORE,代表,C24810,1,東京 個別 指導 学院 進学 実績,競合の比較検討（評判・料金）,保護者,B,カテゴリ競合×比較/評判/料金/乗換え/特性,中,③B カテゴリ競合,東京個別指導学院,30,114.0,194.0,LOW,サービス探し（家庭教師・塾・支援） | 比較検討・料金・申込 | 受験・進路 | ブランド・指名検索 | 地域・近くで探す,KWP_CompetitorKeywordSeed
3062,東京 個別 指導 学院 料金 小学生,CORE,代表,C24821,3,東京 個別 指導 学院 料金 小学生,競合の比較検討（評判・料金）,保護者,B,カテゴリ競合×比較/評判/料金/乗換え/特性,中,③B カテゴリ競合,東京個別指導学院,30,106.0,261.0,MEDIUM,サービス探し（家庭教師・塾・支援） | 比較検討・料金・申込 | ブランド・指名検索 | 地域・近くで探す,KWP_KeywordSeed || KWP_CompetitorKeywordSeed
37442,東京 個別 指導 学院 後悔,CORE,代表,C24832,1,東京 個別 指導 学院 後悔,競合の不満・乗り換え,保護者,B,カテゴリ競合×比較/評判/料金/乗換え/特性,中,③B カテゴリ競合,東京個別指導学院,,,,UNSPECIFIED,サービス探し（家庭教師・塾・支援） | 比較検討・料金・申込 | ブランド・指名検索 | 地域・近くで探す,KWP_CompetitorKeywordSeed
37439,東京 個別 指導 学院 怪しい,CORE,代表,C24838,1,東京 個別 指導 学院 怪しい,競合の不満・乗り換え,保護者,B,カテゴリ競合×比較/評判/料金/乗換え/特性,中,③B カテゴリ競合,東京個別指導学院,,,,UNSPECIFIED,サービス探し（家庭教師・塾・支援） | 比較検討・料金・申込 | ブランド・指名検索 | 地域・近くで探す,KWP_CompetitorKeywordSeed
37424,東京 個別 指導 学院 評判 悪い,CORE,代表,C24841,2,東京 個別 指導 学院 評判 悪い,競合の比較検討（評判・料金）,保護者,B,カテゴリ競合×比較/評判/料金/乗換え/特性,中,③B カテゴリ競合,東京個別指導学院,10,,,LOW,サービス探し（家庭教師・塾・支援） | 比較検討・料金・申込 | ブランド・指名検索 | 地域・近くで探す,KWP_CompetitorKeywordSeed
37427,東京 個別 指導 学院 感想,CORE,代表,C24842,1,東京 個別 指導 学院 感想,競合の比較検討（評判・料金）,保護者,B,カテゴリ競合×比較/評判/料金/乗換え/特性,中,③B カテゴリ競合,東京個別指導学院,,,,UNSPECIFIED,サービス探し（家庭教師・塾・支援） | 比較検討・料金・申込 | ブランド・指名検索 | 地域・近くで探す,KWP_CompetitorKeywordSeed
3065,東京 個別 指導 学院 春期 講習 料金,CORE,代表,C24880,1,東京 個別 指導 学院 春期 講習 料金,競合の比較検討（評判・料金）,保護者,B,カテゴリ競合×比較/評判/料金/乗換え/特性,中,③B カテゴリ競合,東京個別指導学院,20,,,UNSPECIFIED,サービス探し（家庭教師・塾・支援） | 比較検討・料金・申込 | 学習のやり方・学習課題 | ブランド・指名検索 | 地域・近くで探す,KWP_KeywordSeed || KWP_CompetitorKeywordSeed
2420,東京 個別 指導 学院 料金,CORE,代表,C24881,8,東京 個別 指導 学院 料金,競合の比較検討（評判・料金）,保護者,B,カテゴリ競合×比較/評判/料金/乗換え/特性,中,③B カテゴリ競合,東京個別指導学院,3600,116.0,293.0,LOW,サービス探し（家庭教師・塾・支援） | 比較検討・料金・申込 | ブランド・指名検索 | 地域・近くで探す,KWP_KeywordSeed || KWP_CompetitorKeywordSeed
37428,東京 個別 指導 学院 料金 比較,CORE,代表,C24882,1,東京 個別 指導 学院 料金 比較,競合の比較検討（評判・料金）,保護者,B,カテゴリ競合×比較/評判/料金/乗換え/特性,中,③B カテゴリ競合,東京個別指導学院,10,,,LOW,サービス探し（家庭教師・塾・支援） | 比較検討・料金・申込 | ブランド・指名検索 | 地域・近くで探す,KWP_CompetitorKeywordSeed
37488,東京 個別 指導 学院 発達 障害 料金,CORE,代表,C24883,2,東京 個別 指導 学院 発達 障害 料金,競合の比較検討（評判・料金）,保護者,B,特性/不登校×家庭教師・塾・個別,高,③B カテゴリ競合,東京個別指導学院,,,,UNSPECIFIED,サービス探し（家庭教師・塾・支援） | 比較検討・料金・申込 | ブランド・指名検索 | 地域・近くで探す,KWP_CompetitorKeywordSeed
37207,東京 個別 指導 学院 料金 知恵袋,CORE,代表,C24884,2,東京 個別 指導 学院 料金 知恵袋,競合の比較検討（評判・料金）,保護者,B,カテゴリ競合×比較/評判/料金/乗換え/特性,中,③B カテゴリ競合,東京個別指導学院,70,,,LOW,サービス探し（家庭教師・塾・支援） | 比較検討・料金・申込 | ブランド・指名検索 | 地域・近くで探す,KWP_CompetitorKeywordSeed
2605,東京 個別 指導 学院 料金 表,CORE,代表,C24885,2,東京 個別 指導 学院 料金 表,競合の比較検討（評判・料金）,保護者,B,カテゴリ競合×比較/評判/料金/乗換え/特性,中,③B カテゴリ競合,東京個別指導学院,170,108.0,283.0,LOW,サービス探し（家庭教師・塾・支援） | 比較検討・料金・申込 | ブランド・指名検索 | 地域・近くで探す,KWP_KeywordSeed || KWP_CompetitorKeywordSeed
2468,東京 個別 指導 学院 料金 高い,CORE,代表,C24886,2,東京 個別 指導 学院 料金 高い,競合の比較検討（評判・料金）,保護者,B,カテゴリ競合×比較/評判/料金/乗換え/特性,中,③B カテゴリ競合,東京個別指導学院,260,90.0,207.0,LOW,サービス探し（家庭教師・塾・支援） | 比較検討・料金・申込 | ブランド・指名検索 | 地域・近くで探す,KWP_KeywordSeed || KWP_CompetitorKeywordSeed
2577,東京 個別 指導 学院 料金 高校生,CORE,代表,C24887,3,東京 個別 指導 学院 料金 高校生,競合の比較検討（評判・料金）,保護者,B,カテゴリ競合×比較/評判/料金/乗換え/特性,中,③B カテゴリ競合,東京個別指導学院,50,152.0,433.0,MEDIUM,サービス探し（家庭教師・塾・支援） | 比較検討・料金・申込 | ブランド・指名検索 | 地域・近くで探す,KWP_KeywordSeed || KWP_CompetitorKeywordSeed
3045,理数 個別 指導 学院 料金,CORE,代表,C24888,2,理数 個別 指導 学院 料金,競合の比較検討（評判・料金）,保護者,B,カテゴリ競合×比較/評判/料金/乗換え/特性,中,③B カテゴリ競合,理数個別指導学院,50,164.0,323.0,LOW,サービス探し（家庭教師・塾・支援） | 比較検討・料金・申込 | ブランド・指名検索,KWP_KeywordSeed
2899,関西 個別 指導 学院 料金 表,CORE,代表,C24889,1,関西 個別 指導 学院 料金 表,競合の比較検討（評判・料金）,保護者,B,カテゴリ競合×比較/評判/料金/乗換え/特性,中,③B カテゴリ競合,関西個別指導学院,20,,,LOW,サービス探し（家庭教師・塾・支援） | 比較検討・料金・申込 | ブランド・指名検索 | 地域・近くで探す,KWP_KeywordSeed
2427,関西 個別 指導 学院 料金,CORE,代表,C24890,3,関西 個別 指導 学院 料金,競合の比較検討（評判・料金）,保護者,B,カテゴリ競合×比較/評判/料金/乗換え/特性,中,③B カテゴリ競合,関西個別指導学院,590,119.0,352.0,LOW,サービス探し（家庭教師・塾・支援） | 比較検討・料金・申込 | ブランド・指名検索 | 地域・近くで探す,KWP_KeywordSeed
2612,関西 個別 指導 学院 料金 高い,CORE,代表,C24891,1,関西 個別 指導 学院 料金 高い,競合の比較検討（評判・料金）,保護者,B,カテゴリ競合×比較/評判/料金/乗換え/特性,中,③B カテゴリ競合,関西個別指導学院,70,87.0,279.0,LOW,サービス探し（家庭教師・塾・支援） | 比較検討・料金・申込 | ブランド・指名検索 | 地域・近くで探す,KWP_KeywordSeed
2944,関西 個別 指導 学院 料金 高校生,CORE,代表,C24892,1,関西 個別 指導 学院 料金 高校生,競合の比較検討（評判・料金）,保護者,B,カテゴリ競合×比較/評判/料金/乗換え/特性,中,③B カテゴリ競合,関西個別指導学院,10,123.0,417.0,MEDIUM,サービス探し（家庭教師・塾・支援） | 比較検討・料金・申込 | ブランド・指名検索 | 地域・近くで探す,KWP_KeywordSeed
37447,東京 個別 指導 学院 退会 方法,CORE,代表,C24895,1,東京 個別 指導 学院 退会 方法,競合の不満・乗り換え,保護者,B,カテゴリ競合×比較/評判/料金/乗換え/特性,中,③B カテゴリ競合,東京個別指導学院,20,,,LOW,サービス探し（家庭教師・塾・支援） | 比較検討・料金・申込 | 合わない・断られた・乗り換え | ブランド・指名検索 | 地域・近くで探す | 利用中・会員の手続き,KWP_CompetitorKeywordSeed
37440,東京 個別 指導 学院 最悪,CORE,代表,C24904,1,東京 個別 指導 学院 最悪,競合の不満・乗り換え,保護者,B,カテゴリ競合×比較/評判/料金/乗換え/特性,中,③B カテゴリ競合,東京個別指導学院,,,,UNSPECIFIED,サービス探し（家庭教師・塾・支援） | 比較検討・料金・申込 | ブランド・指名検索 | 地域・近くで探す,KWP_CompetitorKeywordSeed
47862,東京個別指導学院 横浜 西口 評判,CORE,代表,C24915,1,東京個別指導学院 横浜 西口 評判,競合の比較検討（評判・料金）,保護者,B,カテゴリ競合×比較/評判/料金/乗換え/特性,中,③B カテゴリ競合,東京個別指導学院,20,,,LOW,サービス探し（家庭教師・塾・支援） | 比較検討・料金・申込 | ブランド・指名検索 | 地域・近くで探す,Google_competitor_suggest
37432,東京 個別 指導 学院 比較,CORE,代表,C24918,1,東京 個別 指導 学院 比較,競合の比較検討（評判・料金）,保護者,B,カテゴリ競合×比較/評判/料金/乗換え/特性,中,③B カテゴリ競合,東京個別指導学院,,,,UNSPECIFIED,サービス探し（家庭教師・塾・支援） | 比較検討・料金・申込 | ブランド・指名検索 | 地域・近くで探す,KWP_CompetitorKeywordSeed
37456,東京 個別 指導 学院 申し込み,CORE,代表,C24927,1,東京 個別 指導 学院 申し込み,競合の比較検討（評判・料金）,保護者,B,カテゴリ競合×比較/評判/料金/乗換え/特性,中,③B カテゴリ競合,東京個別指導学院,,,,UNSPECIFIED,サービス探し（家庭教師・塾・支援） | 比較検討・料金・申込 | ブランド・指名検索 | 地域・近くで探す,KWP_CompetitorKeywordSeed
37478,東京 個別 指導 学院 発達 障害 評判,CORE,代表,C24930,2,東京 個別 指導 学院 発達 障害 評判,競合の比較検討（評判・料金）,保護者,B,特性/不登校×家庭教師・塾・個別,高,③B カテゴリ競合,東京個別指導学院,,,,UNSPECIFIED,サービス探し（家庭教師・塾・支援） | 比較検討・料金・申込 | ブランド・指名検索 | 地域・近くで探す,KWP_CompetitorKeywordSeed
14800,東京 個別 指導 学院 発達 障害,CORE,代表,C24931,3,東京 個別 指導 学院 発達 障害,競合×特性/不登校対応の確認,保護者,B,特性/不登校×家庭教師・塾・個別,高,③B カテゴリ競合,東京個別指導学院,10,147.0,581.0,MEDIUM,サービス探し（家庭教師・塾・支援） | ブランド・指名検索 | 地域・近くで探す,KWP_UrlSeed || KWP_CompetitorKeywordSeed
37403,東京 個別 指導 学院 知恵袋,CORE,代表,C24933,2,東京 個別 指導 学院 知恵袋,競合の比較検討（評判・料金）,保護者,B,カテゴリ競合×比較/評判/料金/乗換え/特性,中,③B カテゴリ競合,東京個別指導学院,70,,,LOW,サービス探し（家庭教師・塾・支援） | 比較検討・料金・申込 | ブランド・指名検索 | 地域・近くで探す,KWP_CompetitorKeywordSeed
37462,東京 個別 指導 学院 自 閉 症,CORE,代表,C24939,1,東京 個別 指導 学院 自 閉 症,競合×特性/不登校対応の確認,保護者,B,特性/不登校×家庭教師・塾・個別,高,③B カテゴリ競合,東京個別指導学院,,,,UNSPECIFIED,サービス探し（家庭教師・塾・支援） | ブランド・指名検索 | 地域・近くで探す,KWP_CompetitorKeywordSeed
37483,東京 個別 指導 学院 自 閉 症 評判,CORE,代表,C24940,1,東京 個別 指導 学院 自 閉 症 評判,競合の比較検討（評判・料金）,保護者,B,特性/不登校×家庭教師・塾・個別,高,③B カテゴリ競合,東京個別指導学院,,,,UNSPECIFIED,サービス探し（家庭教師・塾・支援） | 比較検討・料金・申込 | ブランド・指名検索 | 地域・近くで探す,KWP_CompetitorKeywordSeed
37423,東京 個別 指導 学院 苦情,CORE,代表,C24941,1,東京 個別 指導 学院 苦情,競合の不満・乗り換え,保護者,B,カテゴリ競合×比較/評判/料金/乗換え/特性,中,③B カテゴリ競合,東京個別指導学院,10,,,UNSPECIFIED,サービス探し（家庭教師・塾・支援） | ブランド・指名検索 | 地域・近くで探す,KWP_CompetitorKeywordSeed
37451,東京 個別 指導 学院 解約,CORE,代表,C24949,1,東京 個別 指導 学院 解約,競合の不満・乗り換え,保護者,B,カテゴリ競合×比較/評判/料金/乗換え/特性,中,③B カテゴリ競合,東京個別指導学院,,,,UNSPECIFIED,サービス探し（家庭教師・塾・支援） | 比較検討・料金・申込 | ブランド・指名検索 | 地域・近くで探す,KWP_CompetitorKeywordSeed
37289,東京 個別 指導 学院 評価,CORE,代表,C24950,2,東京 個別 指導 学院 評価,競合の比較検討（評判・料金）,保護者,B,カテゴリ競合×比較/評判/料金/乗換え/特性,中,③B カテゴリ競合,東京個別指導学院,10,,,LOW,サービス探し（家庭教師・塾・支援） | 比較検討・料金・申込 | ブランド・指名検索 | 地域・近くで探す,KWP_CompetitorKeywordSeed
37131,東京 個別 指導 学院 評判,CORE,代表,C24951,2,東京 個別 指導 学院 評判,競合の比較検討（評判・料金）,保護者,B,カテゴリ競合×比較/評判/料金/乗換え/特性,中,③B カテゴリ競合,東京個別指導学院,90,51.0,160.0,LOW,サービス探し（家庭教師・塾・支援） | 比較検討・料金・申込 | ブランド・指名検索 | 地域・近くで探す,KWP_CompetitorKeywordSeed
37453,東京 個別 指導 学院 資料 請求,CORE,代表,C24952,2,東京 個別 指導 学院 資料 請求,競合の比較検討（評判・料金）,保護者,B,カテゴリ競合×比較/評判/料金/乗換え/特性,中,③B カテゴリ競合,東京個別指導学院,10,526.0,2969.0,HIGH,サービス探し（家庭教師・塾・支援） | 比較検討・料金・申込 | ブランド・指名検索 | 地域・近くで探す,KWP_CompetitorKeywordSeed
2661,東京 個別 指導 学院 費用,CORE,代表,C24956,2,東京 個別 指導 学院 費用,競合の比較検討（評判・料金）,保護者,B,カテゴリ競合×比較/評判/料金/乗換え/特性,中,③B カテゴリ競合,東京個別指導学院,40,,,LOW,サービス探し（家庭教師・塾・支援） | 比較検討・料金・申込 | ブランド・指名検索 | 地域・近くで探す,KWP_KeywordSeed || KWP_CompetitorKeywordSeed
37444,東京 個別 指導 学院 退会,CORE,代表,C24960,2,東京 個別 指導 学院 退会,競合の不満・乗り換え,保護者,B,カテゴリ競合×比較/評判/料金/乗換え/特性,中,③B カテゴリ競合,東京個別指導学院,40,,,LOW,サービス探し（家庭教師・塾・支援） | 合わない・断られた・乗り換え | ブランド・指名検索 | 地域・近くで探す,KWP_CompetitorKeywordSeed
37275,東京 個別 指導 学院 高い,CORE,代表,C24966,2,東京 個別 指導 学院 高い,競合の比較検討（評判・料金）,保護者,B,カテゴリ競合×比較/評判/料金/乗換え/特性,中,③B カテゴリ競合,東京個別指導学院,30,94.0,290.0,LOW,サービス探し（家庭教師・塾・支援） | 比較検討・料金・申込 | ブランド・指名検索 | 地域・近くで探す,KWP_CompetitorKeywordSeed
3674,関西 個別 指導 学院 費用,CORE,代表,C24972,1,関西 個別 指導 学院 費用,競合の比較検討（評判・料金）,保護者,B,カテゴリ競合×比較/評判/料金/乗換え/特性,中,③B カテゴリ競合,関西個別指導学院,10,,,MEDIUM,サービス探し（家庭教師・塾・支援） | 比較検討・料金・申込 | ブランド・指名検索 | 地域・近くで探す,KWP_KeywordSeed
2553,東京 個別 学院 料金,CORE,代表,C24978,1,東京 個別 学院 料金,競合の比較検討（評判・料金）,保護者,B,カテゴリ競合×比較/評判/料金/乗換え/特性,中,③B カテゴリ競合,東京個別指導学院,50,127.0,408.0,MEDIUM,比較検討・料金・申込 | ブランド・指名検索 | 地域・近くで探す,KWP_KeywordSeed || KWP_CompetitorKeywordSeed
2469,英才 個別 学院 料金,CORE,代表,C24980,1,英才 個別 学院 料金,競合の比較検討（評判・料金）,保護者,B,カテゴリ競合×比較/評判/料金/乗換え/特性,中,③B カテゴリ競合,英才個別学院,480,97.0,402.0,MEDIUM,比較検討・料金・申込 | ブランド・指名検索,KWP_KeywordSeed
37244,東京 個別 学院 評判,CORE,代表,C24984,1,東京 個別 学院 評判,競合の比較検討（評判・料金）,保護者,B,カテゴリ競合×比較/評判/料金/乗換え/特性,中,③B カテゴリ競合,東京個別指導学院,10,,,LOW,比較検討・料金・申込 | ブランド・指名検索 | 地域・近くで探す,KWP_CompetitorKeywordSeed
7427,英才 個別 学院 費用,CORE,代表,C24998,1,英才 個別 学院 費用,競合の比較検討（評判・料金）,保護者,B,カテゴリ競合×比較/評判/料金/乗換え/特性,中,③B カテゴリ競合,英才個別学院,10,,,MEDIUM,比較検討・料金・申込 | ブランド・指名検索,KWP_KeywordSeed
37786,東京 個別 安い,CORE,代表,C25007,1,東京 個別 安い,競合の比較検討（評判・料金）,保護者,B,カテゴリ競合×比較/評判/料金/乗換え/特性,中,③B カテゴリ競合,東京個別指導学院,,,,UNSPECIFIED,比較検討・料金・申込 | ブランド・指名検索 | 地域・近くで探す,KWP_CompetitorKeywordSeed
37249,東京 個別 実績,CORE,代表,C25009,1,東京 個別 実績,競合の比較検討（評判・料金）,保護者,B,カテゴリ競合×比較/評判/料金/乗換え/特性,中,③B カテゴリ競合,東京個別指導学院,10,,,LOW,比較検討・料金・申込 | ブランド・指名検索 | 地域・近くで探す,KWP_CompetitorKeywordSeed
37255,東京 個別 進学 実績,CORE,代表,C25010,1,東京 個別 進学 実績,競合の比較検討（評判・料金）,保護者,B,カテゴリ競合×比較/評判/料金/乗換え/特性,中,③B カテゴリ競合,東京個別指導学院,10,,,LOW,比較検討・料金・申込 | 受験・進路 | ブランド・指名検索 | 地域・近くで探す,KWP_CompetitorKeywordSeed
46148,個別指導 小学生 発達障害,CORE,代表,C25020,1,個別指導 小学生 発達障害,サービス探し（特性/不登校×学習支援）,保護者,A,特性/不登校×家庭教師・塾・個別,高,②顕在,,,,,UNSPECIFIED,サービス探し（家庭教師・塾・支援）,Google_suggest
37798,東京 個別 後悔,CORE,代表,C25032,1,東京 個別 後悔,競合の不満・乗り換え,保護者,B,カテゴリ競合×比較/評判/料金/乗換え/特性,中,③B カテゴリ競合,東京個別指導学院,,,,UNSPECIFIED,比較検討・料金・申込 | ブランド・指名検索 | 地域・近くで探す,KWP_CompetitorKeywordSeed
37795,東京 個別 怪しい,CORE,代表,C25036,1,東京 個別 怪しい,競合の不満・乗り換え,保護者,B,カテゴリ競合×比較/評判/料金/乗換え/特性,中,③B カテゴリ競合,東京個別指導学院,,,,UNSPECIFIED,比較検討・料金・申込 | ブランド・指名検索 | 地域・近くで探す,KWP_CompetitorKeywordSeed
37779,東京 個別 感想,CORE,代表,C25037,1,東京 個別 感想,競合の比較検討（評判・料金）,保護者,B,カテゴリ競合×比較/評判/料金/乗換え/特性,中,③B カテゴリ競合,東京個別指導学院,,,,UNSPECIFIED,比較検討・料金・申込 | ブランド・指名検索 | 地域・近くで探す,KWP_CompetitorKeywordSeed
2580,東京 個別 指導 料金,CORE,代表,C25050,1,東京 個別 指導 料金,競合の比較検討（評判・料金）,保護者,B,カテゴリ競合×比較/評判/料金/乗換え/特性,中,③B カテゴリ競合,東京個別指導学院,40,121.0,403.0,MEDIUM,サービス探し（家庭教師・塾・支援） | 比較検討・料金・申込 | ブランド・指名検索 | 地域・近くで探す,KWP_KeywordSeed || KWP_CompetitorKeywordSeed
3646,栄光 個別 指導 料金,CORE,代表,C25051,1,栄光 個別 指導 料金,競合の比較検討（評判・料金）,保護者,B,カテゴリ競合×比較/評判/料金/乗換え/特性,中,③B カテゴリ競合,栄光個別,20,242.0,2708.0,HIGH,サービス探し（家庭教師・塾・支援） | 比較検討・料金・申込 | ブランド・指名検索,KWP_KeywordSeed || KWP_CompetitorKeywordSeed
37411,東京 個別 指導 評判,CORE,代表,C25074,1,東京 個別 指導 評判,競合の比較検討（評判・料金）,保護者,B,カテゴリ競合×比較/評判/料金/乗換え/特性,中,③B カテゴリ競合,東京個別指導学院,10,,,LOW,サービス探し（家庭教師・塾・支援） | 比較検討・料金・申込 | ブランド・指名検索 | 地域・近くで探す,KWP_CompetitorKeywordSeed
82,発達 障害 個別 指導,CORE,代表,C25089,3,発達 障害 個別 指導,サービス探し（特性/不登校×学習支援）,保護者,A,特性/不登校×家庭教師・塾・個別,高,②顕在,,90,247.0,764.0,HIGH,サービス探し（家庭教師・塾・支援）,KWP_KeywordSeed || KWP_UrlSeed
14989,知 的 障害 個別 指導,CORE,代表,C25092,1,知 的 障害 個別 指導,サービス探し（特性/不登校×学習支援）,保護者,A,特性/不登校×家庭教師・塾・個別,高,②顕在,,10,,,MEDIUM,サービス探し（家庭教師・塾・支援）,KWP_UrlSeed
3310,東京 個別 春期 講習 料金,CORE,代表,C25138,1,東京 個別 春期 講習 料金,競合の比較検討（評判・料金）,保護者,B,カテゴリ競合×比較/評判/料金/乗換え/特性,中,③B カテゴリ競合,東京個別指導学院,10,,,UNSPECIFIED,比較検討・料金・申込 | 学習のやり方・学習課題 | ブランド・指名検索 | 地域・近くで探す,KWP_KeywordSeed || KWP_CompetitorKeywordSeed
2462,東京 個別 料金,CORE,代表,C25139,7,東京 個別 料金,競合の比較検討（評判・料金）,保護者,B,カテゴリ競合×比較/評判/料金/乗換え/特性,中,③B カテゴリ競合,東京個別指導学院,140,177.0,510.0,MEDIUM,比較検討・料金・申込 | ブランド・指名検索 | 地域・近くで探す,KWP_KeywordSeed || KWP_CompetitorKeywordSeed
67840,東京個別 料金表,CORE,代表,C25140,1,東京個別 料金表,競合の比較検討（評判・料金）,保護者,B,カテゴリ競合×比較/評判/料金/乗換え/特性,中,③B カテゴリ競合,東京個別指導学院,20,125.0,366.0,MEDIUM,比較検討・料金・申込 | ブランド・指名検索 | 地域・近くで探す,CompetitorMatrix
2964,東京 個別 高校生 料金,CORE,代表,C25141,2,東京 個別 高校生 料金,競合の比較検討（評判・料金）,保護者,B,カテゴリ競合×比較/評判/料金/乗換え/特性,中,③B カテゴリ競合,東京個別指導学院,10,196.0,1054.0,HIGH,比較検討・料金・申込 | ブランド・指名検索 | 地域・近くで探す,KWP_KeywordSeed || KWP_CompetitorKeywordSeed
2502,栄光 個別 料金,CORE,代表,C25144,1,栄光 個別 料金,競合の比較検討（評判・料金）,保護者,B,カテゴリ競合×比較/評判/料金/乗換え/特性,中,③B カテゴリ競合,栄光個別,40,163.0,1497.0,MEDIUM,比較検討・料金・申込 | ブランド・指名検索,KWP_KeywordSeed
37796,東京 個別 最悪,CORE,代表,C25170,1,東京 個別 最悪,競合の不満・乗り換え,保護者,B,カテゴリ競合×比較/評判/料金/乗換え/特性,中,③B カテゴリ競合,東京個別指導学院,,,,UNSPECIFIED,比較検討・料金・申込 | ブランド・指名検索 | 地域・近くで探す,KWP_CompetitorKeywordSeed
37787,東京 個別 比較,CORE,代表,C25178,1,東京 個別 比較,競合の比較検討（評判・料金）,保護者,B,カテゴリ競合×比較/評判/料金/乗換え/特性,中,③B カテゴリ競合,東京個別指導学院,,,,UNSPECIFIED,比較検討・料金・申込 | ブランド・指名検索 | 地域・近くで探す,KWP_CompetitorKeywordSeed
37809,東京 個別 申し込み,CORE,代表,C25181,1,東京 個別 申し込み,競合の比較検討（評判・料金）,保護者,B,カテゴリ競合×比較/評判/料金/乗換え/特性,中,③B カテゴリ競合,東京個別指導学院,,,,UNSPECIFIED,比較検討・料金・申込 | ブランド・指名検索 | 地域・近くで探す,KWP_CompetitorKeywordSeed
37804,東京 個別 解約,CORE,代表,C25193,1,東京 個別 解約,競合の不満・乗り換え,保護者,B,カテゴリ競合×比較/評判/料金/乗換え/特性,中,③B カテゴリ競合,東京個別指導学院,,,,UNSPECIFIED,比較検討・料金・申込 | ブランド・指名検索 | 地域・近くで探す,KWP_CompetitorKeywordSeed
37780,東京 個別 評価,CORE,代表,C25194,1,東京 個別 評価,競合の比較検討（評判・料金）,保護者,B,カテゴリ競合×比較/評判/料金/乗換え/特性,中,③B カテゴリ競合,東京個別指導学院,,,,UNSPECIFIED,比較検討・料金・申込 | ブランド・指名検索 | 地域・近くで探す,KWP_CompetitorKeywordSeed
37238,東京 個別 評判,CORE,代表,C25195,2,東京 個別 評判,競合の比較検討（評判・料金）,保護者,B,カテゴリ競合×比較/評判/料金/乗換え/特性,中,③B カテゴリ競合,東京個別指導学院,20,67.0,415.0,LOW,比較検討・料金・申込 | ブランド・指名検索 | 地域・近くで探す,KWP_CompetitorKeywordSeed
37808,東京 個別 資料 請求,CORE,代表,C25196,1,東京 個別 資料 請求,競合の比較検討（評判・料金）,保護者,B,カテゴリ競合×比較/評判/料金/乗換え/特性,中,③B カテゴリ競合,東京個別指導学院,,,,UNSPECIFIED,比較検討・料金・申込 | ブランド・指名検索 | 地域・近くで探す,KWP_CompetitorKeywordSeed
2878,東京 個別 費用,CORE,代表,C25198,2,東京 個別 費用,競合の比較検討（評判・料金）,保護者,B,カテゴリ競合×比較/評判/料金/乗換え/特性,中,③B カテゴリ競合,東京個別指導学院,20,122.0,885.0,MEDIUM,比較検討・料金・申込 | ブランド・指名検索 | 地域・近くで探す,KWP_KeywordSeed || KWP_CompetitorKeywordSeed
37799,東京 個別 退会,CORE,代表,C25199,2,東京 個別 退会,競合の不満・乗り換え,保護者,B,カテゴリ競合×比較/評判/料金/乗換え/特性,中,③B カテゴリ競合,東京個別指導学院,20,,,LOW,合わない・断られた・乗り換え | ブランド・指名検索 | 地域・近くで探す,KWP_CompetitorKeywordSeed
37781,東京 個別 高い,CORE,代表,C25203,2,東京 個別 高い,競合の比較検討（評判・料金）,保護者,B,カテゴリ競合×比較/評判/料金/乗換え/特性,中,③B カテゴリ競合,東京個別指導学院,10,,,LOW,比較検討・料金・申込 | ブランド・指名検索 | 地域・近くで探す,KWP_CompetitorKeywordSeed
39593,栄光 個別 評判,CORE,代表,C25208,1,栄光 個別 評判,競合の比較検討（評判・料金）,保護者,B,カテゴリ競合×比較/評判/料金/乗換え/特性,中,③B カテゴリ競合,栄光個別,10,,,UNSPECIFIED,比較検討・料金・申込 | ブランド・指名検索,KWP_CompetitorKeywordSeed
112,学習 障害 児 塾,CORE,代表,C25380,2,学習 障害 児 塾,サービス探し（特性/不登校×学習支援）,保護者,A,特性/不登校×家庭教師・塾・個別,高,②顕在,,10,217.0,542.0,HIGH,サービス探し（家庭教師・塾・支援）,KWP_KeywordSeed
3759,発達 障害 児 学習 支援,CORE,代表,C25385,1,発達 障害 児 学習 支援,サービス探し（特性/不登校×学習支援）,保護者（推定）,A,特性/不登校×家庭教師・塾・個別,高,②顕在,,10,,,HIGH,サービス探し（家庭教師・塾・支援）,KWP_KeywordSeed || KWP_UrlSeed
3765,障害 児 学習 支援,CORE,代表,C25386,3,障害 児 学習 支援,サービス探し（家庭教師・塾一般）,保護者（推定）,B,サービス語×つまずき・特性を示す語,中,②顕在,,20,196.0,649.0,MEDIUM,サービス探し（家庭教師・塾・支援）,KWP_KeywordSeed || KWP_UrlSeed
13,発達 障害 児 家庭 教師,CORE,代表,C25392,1,発達 障害 児 家庭 教師,サービス探し（特性/不登校×学習支援）,保護者,A,特性/不登校×家庭教師・塾・個別,高,②顕在,,10,125.0,1407.0,HIGH,サービス探し（家庭教師・塾・支援）,KWP_KeywordSeed || KWP_UrlSeed
19,知 的 障害 児 家庭 教師,CORE,代表,C25393,1,知 的 障害 児 家庭 教師,サービス探し（特性/不登校×学習支援）,保護者,A,特性/不登校×家庭教師・塾・個別,高,②顕在,,10,171.0,417.0,HIGH,サービス探し（家庭教師・塾・支援）,KWP_KeywordSeed
14038,家庭 教師 障害 児,CORE,代表,C25394,1,家庭 教師 障害 児,サービス探し（家庭教師・塾一般）,保護者,B,サービス語×つまずき・特性を示す語,中,②顕在,,20,319.0,1130.0,HIGH,サービス探し（家庭教師・塾・支援）,KWP_UrlSeed
33860,全国 家庭 教師 協会 入会,CORE,代表,C25421,1,全国 家庭 教師 協会 入会,競合の比較検討（評判・料金）,保護者,B,カテゴリ競合×比較/評判/料金/乗換え/特性,中,③B カテゴリ競合,全国家庭教師協会,,,,UNSPECIFIED,サービス探し（家庭教師・塾・支援） | 比較検討・料金・申込 | ブランド・指名検索 | 地域・近くで探す,KWP_CompetitorKeywordSeed
33832,全国 家庭 教師 協会 入会 金,CORE,代表,C25422,1,全国 家庭 教師 協会 入会 金,競合の比較検討（評判・料金）,保護者,B,カテゴリ競合×比較/評判/料金/乗換え/特性,中,③B カテゴリ競合,全国家庭教師協会,,,,UNSPECIFIED,サービス探し（家庭教師・塾・支援） | 比較検討・料金・申込 | ブランド・指名検索 | 地域・近くで探す,KWP_CompetitorKeywordSeed
33956,家庭 教師 協会 入会,CORE,代表,C25425,1,家庭 教師 協会 入会,競合の比較検討（評判・料金）,保護者,B,カテゴリ競合×比較/評判/料金/乗換え/特性,中,③B カテゴリ競合,全国家庭教師協会,,,,UNSPECIFIED,サービス探し（家庭教師・塾・支援） | 比較検討・料金・申込 | ブランド・指名検索,KWP_CompetitorKeywordSeed
33928,家庭 教師 協会 入会 金,CORE,代表,C25426,1,家庭 教師 協会 入会 金,競合の比較検討（評判・料金）,保護者,B,カテゴリ競合×比較/評判/料金/乗換え/特性,中,③B カテゴリ競合,全国家庭教師協会,,,,UNSPECIFIED,サービス探し（家庭教師・塾・支援） | 比較検討・料金・申込 | ブランド・指名検索,KWP_CompetitorKeywordSeed
36852,明光 義塾 料金 入会 金,CORE,代表,C25432,1,明光 義塾 料金 入会 金,競合の比較検討（評判・料金）,保護者,B,カテゴリ競合×比較/評判/料金/乗換え/特性,中,③B カテゴリ競合,個別指導の明光義塾,10,,,MEDIUM,サービス探し（家庭教師・塾・支援） | 比較検討・料金・申込 | ブランド・指名検索,KWP_CompetitorKeywordSeed
36913,明光 義塾 入会 金 無料,CORE,代表,C25433,1,明光 義塾 入会 金 無料,競合の比較検討（評判・料金）,保護者,B,カテゴリ競合×比較/評判/料金/乗換え/特性,中,③B カテゴリ競合,個別指導の明光義塾,10,150.0,1093.0,LOW,サービス探し（家庭教師・塾・支援） | 比較検討・料金・申込 | ブランド・指名検索,KWP_CompetitorKeywordSeed
36943,明光 義塾 入会 特典,CORE,代表,C25434,1,明光 義塾 入会 特典,競合の比較検討（評判・料金）,保護者,B,カテゴリ競合×比較/評判/料金/乗換え/特性,中,③B カテゴリ競合,個別指導の明光義塾,10,,,MEDIUM,サービス探し（家庭教師・塾・支援） | 比較検討・料金・申込 | ブランド・指名検索,KWP_CompetitorKeywordSeed
36056,明光 義塾 入会,CORE,代表,C25435,2,明光 義塾 入会,競合の比較検討（評判・料金）,保護者,B,カテゴリ競合×比較/評判/料金/乗換え/特性,中,③B カテゴリ競合,個別指導の明光義塾,10,,,MEDIUM,サービス探し（家庭教師・塾・支援） | 比較検討・料金・申込 | ブランド・指名検索,KWP_CompetitorKeywordSeed
36899,明光 義塾 入会 金,CORE,代表,C25436,2,明光 義塾 入会 金,競合の比較検討（評判・料金）,保護者,B,カテゴリ競合×比較/評判/料金/乗換え/特性,中,③B カテゴリ競合,個別指導の明光義塾,140,170.0,1713.0,MEDIUM,サービス探し（家庭教師・塾・支援） | 比較検討・料金・申込 | ブランド・指名検索,KWP_CompetitorKeywordSeed
40431,森 塾 入会,CORE,代表,C25437,1,森 塾 入会,競合の比較検討（評判・料金）,保護者,B,カテゴリ競合×比較/評判/料金/乗換え/特性,中,③B カテゴリ競合,森塾,,,,UNSPECIFIED,サービス探し（家庭教師・塾・支援） | 比較検討・料金・申込 | ブランド・指名検索,KWP_CompetitorKeywordSeed
40190,森 塾 入会 金,CORE,代表,C25438,2,森 塾 入会 金,競合の比較検討（評判・料金）,保護者,B,カテゴリ競合×比較/評判/料金/乗換え/特性,中,③B カテゴリ競合,森塾,40,296.0,298.0,LOW,サービス探し（家庭教師・塾・支援） | 比較検討・料金・申込 | ブランド・指名検索,KWP_CompetitorKeywordSeed
41470,武田 塾 入会,CORE,代表,C25439,1,武田 塾 入会,競合の比較検討（評判・料金）,保護者,B,カテゴリ競合×比較/評判/料金/乗換え/特性,中,③B カテゴリ競合,武田塾,,,,UNSPECIFIED,サービス探し（家庭教師・塾・支援） | 比較検討・料金・申込 | ブランド・指名検索,KWP_CompetitorKeywordSeed
41360,武田 塾 入会 金 無料,CORE,代表,C25440,1,武田 塾 入会 金 無料,競合の比較検討（評判・料金）,保護者,B,カテゴリ競合×比較/評判/料金/乗換え/特性,中,③B カテゴリ競合,武田塾,70,131.0,496.0,MEDIUM,サービス探し（家庭教師・塾・支援） | 比較検討・料金・申込 | ブランド・指名検索,KWP_CompetitorKeywordSeed
41343,武田 塾 入会 金,CORE,代表,C25441,2,武田 塾 入会 金,競合の比較検討（評判・料金）,保護者,B,カテゴリ競合×比較/評判/料金/乗換え/特性,中,③B カテゴリ競合,武田塾,90,152.0,540.0,MEDIUM,サービス探し（家庭教師・塾・支援） | 比較検討・料金・申込 | ブランド・指名検索,KWP_CompetitorKeywordSeed
33346,学研 家庭 教師 入会,CORE,代表,C25445,2,学研 家庭 教師 入会,競合の比較検討（評判・料金）,保護者,B,カテゴリ競合×比較/評判/料金/乗換え/特性,中,③B カテゴリ競合,学研の家庭教師,,,,UNSPECIFIED,サービス探し（家庭教師・塾・支援） | 比較検討・料金・申込 | ブランド・指名検索,KWP_CompetitorKeywordSeed
2295,学研 家庭 教師 入会 金,CORE,代表,C25446,3,学研 家庭 教師 入会 金,競合の比較検討（評判・料金）,保護者,B,カテゴリ競合×比較/評判/料金/乗換え/特性,中,③B カテゴリ競合,学研の家庭教師,10,,,UNSPECIFIED,サービス探し（家庭教師・塾・支援） | 比較検討・料金・申込 | ブランド・指名検索,KWP_KeywordSeed || KWP_CompetitorKeywordSeed
37080,明光 入会,CORE,代表,C25453,1,明光 入会,競合の比較検討（評判・料金）,保護者,B,カテゴリ競合×比較/評判/料金/乗換え/特性,中,③B カテゴリ競合,個別指導の明光義塾,,,,UNSPECIFIED,比較検討・料金・申込 | ブランド・指名検索,KWP_CompetitorKeywordSeed
37052,明光 入会 金,CORE,代表,C25454,1,明光 入会 金,競合の比較検討（評判・料金）,保護者,B,カテゴリ競合×比較/評判/料金/乗換え/特性,中,③B カテゴリ競合,個別指導の明光義塾,,,,UNSPECIFIED,比較検討・料金・申込 | ブランド・指名検索,KWP_CompetitorKeywordSeed
41410,武田 塾 料金 入塾,CORE,代表,C25459,1,武田 塾 料金 入塾,競合の比較検討（評判・料金）,保護者,B,カテゴリ競合×比較/評判/料金/乗換え/特性,中,③B カテゴリ競合,武田塾,10,,,UNSPECIFIED,サービス探し（家庭教師・塾・支援） | 比較検討・料金・申込 | ブランド・指名検索,KWP_CompetitorKeywordSeed
33883,全国 家庭 教師 協会 境界 知能 口コミ,CORE,代表,C25743,1,全国 家庭 教師 協会 境界 知能 口コミ,競合の比較検討（評判・料金）,保護者,B,特性/不登校×家庭教師・塾・個別,高,③B カテゴリ競合,全国家庭教師協会,,,,UNSPECIFIED,サービス探し（家庭教師・塾・支援） | 比較検討・料金・申込 | ブランド・指名検索 | 地域・近くで探す,KWP_CompetitorKeywordSeed
33881,全国 家庭 教師 協会 ld 口コミ,CORE,代表,C25744,2,全国 家庭 教師 協会 ld 口コミ,競合の比較検討（評判・料金）,保護者,B,特性/不登校×家庭教師・塾・個別,高,③B カテゴリ競合,全国家庭教師協会,,,,UNSPECIFIED,サービス探し（家庭教師・塾・支援） | 比較検討・料金・申込 | ブランド・指名検索 | 地域・近くで探す,KWP_CompetitorKeywordSeed
33821,全国 家庭 教師 協会 口コミ,CORE,代表,C25745,2,全国 家庭 教師 協会 口コミ,競合の比較検討（評判・料金）,保護者,B,カテゴリ競合×比較/評判/料金/乗換え/特性,中,③B カテゴリ競合,全国家庭教師協会,30,208.0,802.0,MEDIUM,サービス探し（家庭教師・塾・支援） | 比較検討・料金・申込 | ブランド・指名検索 | 地域・近くで探す,KWP_CompetitorKeywordSeed
33876,全国 家庭 教師 協会 発達 障害 口コミ,CORE,代表,C25746,2,全国 家庭 教師 協会 発達 障害 口コミ,競合の比較検討（評判・料金）,保護者,B,特性/不登校×家庭教師・塾・個別,高,③B カテゴリ競合,全国家庭教師協会,,,,UNSPECIFIED,サービス探し（家庭教師・塾・支援） | 比較検討・料金・申込 | ブランド・指名検索 | 地域・近くで探す,KWP_CompetitorKeywordSeed
33901,全国 家庭 教師 協会 境界 知能 料金,CORE,代表,C25747,1,全国 家庭 教師 協会 境界 知能 料金,競合の比較検討（評判・料金）,保護者,B,特性/不登校×家庭教師・塾・個別,高,③B カテゴリ競合,全国家庭教師協会,,,,UNSPECIFIED,サービス探し（家庭教師・塾・支援） | 比較検討・料金・申込 | ブランド・指名検索 | 地域・近くで探す,KWP_CompetitorKeywordSeed
33868,全国 家庭 教師 協会 境界 知能,CORE,代表,C25748,1,全国 家庭 教師 協会 境界 知能,競合×特性/不登校対応の確認,保護者,B,特性/不登校×家庭教師・塾・個別,高,③B カテゴリ競合,全国家庭教師協会,,,,UNSPECIFIED,サービス探し（家庭教師・塾・支援） | ブランド・指名検索 | 地域・近くで探す,KWP_CompetitorKeywordSeed
33892,全国 家庭 教師 協会 境界 知能 評判,CORE,代表,C25749,1,全国 家庭 教師 協会 境界 知能 評判,競合の比較検討（評判・料金）,保護者,B,特性/不登校×家庭教師・塾・個別,高,③B カテゴリ競合,全国家庭教師協会,,,,UNSPECIFIED,サービス探し（家庭教師・塾・支援） | 比較検討・料金・申込 | ブランド・指名検索 | 地域・近くで探す,KWP_CompetitorKeywordSeed
33846,全国 家庭 教師 協会 失敗,CORE,代表,C25750,1,全国 家庭 教師 協会 失敗,競合の不満・乗り換え,保護者,B,カテゴリ競合×比較/評判/料金/乗換え/特性,中,③B カテゴリ競合,全国家庭教師協会,,,,UNSPECIFIED,サービス探し（家庭教師・塾・支援） | 比較検討・料金・申込 | ブランド・指名検索 | 地域・近くで探す,KWP_CompetitorKeywordSeed
33899,全国 家庭 教師 協会 ld 料金,CORE,代表,C25751,2,全国 家庭 教師 協会 ld 料金,競合の比較検討（評判・料金）,保護者,B,特性/不登校×家庭教師・塾・個別,高,③B カテゴリ競合,全国家庭教師協会,,,,UNSPECIFIED,サービス探し（家庭教師・塾・支援） | 比較検討・料金・申込 | ブランド・指名検索 | 地域・近くで探す,KWP_CompetitorKeywordSeed
33890,全国 家庭 教師 協会 ld 評判,CORE,代表,C25752,2,全国 家庭 教師 協会 ld 評判,競合の比較検討（評判・料金）,保護者,B,特性/不登校×家庭教師・塾・個別,高,③B カテゴリ競合,全国家庭教師協会,,,,UNSPECIFIED,サービス探し（家庭教師・塾・支援） | 比較検討・料金・申込 | ブランド・指名検索 | 地域・近くで探す,KWP_CompetitorKeywordSeed
33866,全国 家庭 教師 協会 ld,CORE,代表,C25753,2,全国 家庭 教師 協会 ld,競合×特性/不登校対応の確認,保護者,B,特性/不登校×家庭教師・塾・個別,高,③B カテゴリ競合,全国家庭教師協会,,,,UNSPECIFIED,サービス探し（家庭教師・塾・支援） | ブランド・指名検索 | 地域・近くで探す,KWP_CompetitorKeywordSeed
33835,全国 家庭 教師 協会 安い,CORE,代表,C25754,1,全国 家庭 教師 協会 安い,競合の比較検討（評判・料金）,保護者,B,カテゴリ競合×比較/評判/料金/乗換え/特性,中,③B カテゴリ競合,全国家庭教師協会,,,,UNSPECIFIED,サービス探し（家庭教師・塾・支援） | 比較検討・料金・申込 | ブランド・指名検索 | 地域・近くで探す,KWP_CompetitorKeywordSeed
33847,全国 家庭 教師 協会 後悔,CORE,代表,C25756,1,全国 家庭 教師 協会 後悔,競合の不満・乗り換え,保護者,B,カテゴリ競合×比較/評判/料金/乗換え/特性,中,③B カテゴリ競合,全国家庭教師協会,,,,UNSPECIFIED,サービス探し（家庭教師・塾・支援） | 比較検討・料金・申込 | ブランド・指名検索 | 地域・近くで探す,KWP_CompetitorKeywordSeed
33844,全国 家庭 教師 協会 怪しい,CORE,代表,C25757,1,全国 家庭 教師 協会 怪しい,競合の不満・乗り換え,保護者,B,カテゴリ競合×比較/評判/料金/乗換え/特性,中,③B カテゴリ競合,全国家庭教師協会,,,,UNSPECIFIED,サービス探し（家庭教師・塾・支援） | 比較検討・料金・申込 | ブランド・指名検索 | 地域・近くで探す,KWP_CompetitorKeywordSeed
33825,全国 家庭 教師 協会 感想,CORE,代表,C25758,1,全国 家庭 教師 協会 感想,競合の比較検討（評判・料金）,保護者,B,カテゴリ競合×比較/評判/料金/乗換え/特性,中,③B カテゴリ競合,全国家庭教師協会,,,,UNSPECIFIED,サービス探し（家庭教師・塾・支援） | 比較検討・料金・申込 | ブランド・指名検索 | 地域・近くで探す,KWP_CompetitorKeywordSeed
33827,全国 家庭 教師 協会 料金,CORE,代表,C25761,5,全国 家庭 教師 協会 料金,競合の比較検討（評判・料金）,保護者,B,カテゴリ競合×比較/評判/料金/乗換え/特性,中,③B カテゴリ競合,全国家庭教師協会,,,,UNSPECIFIED,サービス探し（家庭教師・塾・支援） | 比較検討・料金・申込 | ブランド・指名検索 | 地域・近くで探す,KWP_CompetitorKeywordSeed
33894,全国 家庭 教師 協会 発達 障害 料金,CORE,代表,C25762,2,全国 家庭 教師 協会 発達 障害 料金,競合の比較検討（評判・料金）,保護者,B,特性/不登校×家庭教師・塾・個別,高,③B カテゴリ競合,全国家庭教師協会,,,,UNSPECIFIED,サービス探し（家庭教師・塾・支援） | 比較検討・料金・申込 | ブランド・指名検索 | 地域・近くで探す,KWP_CompetitorKeywordSeed
33845,全国 家庭 教師 協会 最悪,CORE,代表,C25764,1,全国 家庭 教師 協会 最悪,競合の不満・乗り換え,保護者,B,カテゴリ競合×比較/評判/料金/乗換え/特性,中,③B カテゴリ競合,全国家庭教師協会,,,,UNSPECIFIED,サービス探し（家庭教師・塾・支援） | 比較検討・料金・申込 | ブランド・指名検索 | 地域・近くで探す,KWP_CompetitorKeywordSeed
33836,全国 家庭 教師 協会 比較,CORE,代表,C25765,1,全国 家庭 教師 協会 比較,競合の比較検討（評判・料金）,保護者,B,カテゴリ競合×比較/評判/料金/乗換え/特性,中,③B カテゴリ競合,全国家庭教師協会,,,,UNSPECIFIED,サービス探し（家庭教師・塾・支援） | 比較検討・料金・申込 | ブランド・指名検索 | 地域・近くで探す,KWP_CompetitorKeywordSeed
33859,全国 家庭 教師 協会 申し込み,CORE,代表,C25767,1,全国 家庭 教師 協会 申し込み,競合の比較検討（評判・料金）,保護者,B,カテゴリ競合×比較/評判/料金/乗換え/特性,中,③B カテゴリ競合,全国家庭教師協会,,,,UNSPECIFIED,サービス探し（家庭教師・塾・支援） | 比較検討・料金・申込 | ブランド・指名検索 | 地域・近くで探す,KWP_CompetitorKeywordSeed
33885,全国 家庭 教師 協会 発達 障害 評判,CORE,代表,C25768,2,全国 家庭 教師 協会 発達 障害 評判,競合の比較検討（評判・料金）,保護者,B,特性/不登校×家庭教師・塾・個別,高,③B カテゴリ競合,全国家庭教師協会,,,,UNSPECIFIED,サービス探し（家庭教師・塾・支援） | 比較検討・料金・申込 | ブランド・指名検索 | 地域・近くで探す,KWP_CompetitorKeywordSeed
33861,全国 家庭 教師 協会 発達 障害,CORE,代表,C25769,2,全国 家庭 教師 協会 発達 障害,競合×特性/不登校対応の確認,保護者,B,特性/不登校×家庭教師・塾・個別,高,③B カテゴリ競合,全国家庭教師協会,,,,UNSPECIFIED,サービス探し（家庭教師・塾・支援） | ブランド・指名検索 | 地域・近くで探す,KWP_CompetitorKeywordSeed
33853,全国 家庭 教師 協会 解約,CORE,代表,C25770,1,全国 家庭 教師 協会 解約,競合の不満・乗り換え,保護者,B,カテゴリ競合×比較/評判/料金/乗換え/特性,中,③B カテゴリ競合,全国家庭教師協会,,,,UNSPECIFIED,サービス探し（家庭教師・塾・支援） | 比較検討・料金・申込 | ブランド・指名検索 | 地域・近くで探す,KWP_CompetitorKeywordSeed
33826,全国 家庭 教師 協会 評価,CORE,代表,C25771,1,全国 家庭 教師 協会 評価,競合の比較検討（評判・料金）,保護者,B,カテゴリ競合×比較/評判/料金/乗換え/特性,中,③B カテゴリ競合,全国家庭教師協会,,,,UNSPECIFIED,サービス探し（家庭教師・塾・支援） | 比較検討・料金・申込 | ブランド・指名検索 | 地域・近くで探す,KWP_CompetitorKeywordSeed
33822,全国 家庭 教師 協会 評判,CORE,代表,C25772,2,全国 家庭 教師 協会 評判,競合の比較検討（評判・料金）,保護者,B,カテゴリ競合×比較/評判/料金/乗換え/特性,中,③B カテゴリ競合,全国家庭教師協会,10,,,MEDIUM,サービス探し（家庭教師・塾・支援） | 比較検討・料金・申込 | ブランド・指名検索 | 地域・近くで探す,KWP_CompetitorKeywordSeed
33858,全国 家庭 教師 協会 資料 請求,CORE,代表,C25773,1,全国 家庭 教師 協会 資料 請求,競合の比較検討（評判・料金）,保護者,B,カテゴリ競合×比較/評判/料金/乗換え/特性,中,③B カテゴリ競合,全国家庭教師協会,,,,UNSPECIFIED,サービス探し（家庭教師・塾・支援） | 比較検討・料金・申込 | ブランド・指名検索 | 地域・近くで探す,KWP_CompetitorKeywordSeed
33828,全国 家庭 教師 協会 費用,CORE,代表,C25774,1,全国 家庭 教師 協会 費用,競合の比較検討（評判・料金）,保護者,B,カテゴリ競合×比較/評判/料金/乗換え/特性,中,③B カテゴリ競合,全国家庭教師協会,,,,UNSPECIFIED,サービス探し（家庭教師・塾・支援） | 比較検討・料金・申込 | ブランド・指名検索 | 地域・近くで探す,KWP_CompetitorKeywordSeed
33852,全国 家庭 教師 協会 退会,CORE,代表,C25775,1,全国 家庭 教師 協会 退会,競合の不満・乗り換え,保護者,B,カテゴリ競合×比較/評判/料金/乗換え/特性,中,③B カテゴリ競合,全国家庭教師協会,,,,UNSPECIFIED,サービス探し（家庭教師・塾・支援） | 合わない・断られた・乗り換え | ブランド・指名検索 | 地域・近くで探す,KWP_CompetitorKeywordSeed
33834,全国 家庭 教師 協会 高い,CORE,代表,C25777,1,全国 家庭 教師 協会 高い,競合の比較検討（評判・料金）,保護者,B,カテゴリ競合×比較/評判/料金/乗換え/特性,中,③B カテゴリ競合,全国家庭教師協会,,,,UNSPECIFIED,サービス探し（家庭教師・塾・支援） | 比較検討・料金・申込 | ブランド・指名検索 | 地域・近くで探す,KWP_CompetitorKeywordSeed
46127,学習障害 塾 八王子,CORE,代表,C25810,1,学習障害 塾 八王子,サービス探し（特性/不登校×学習支援）,保護者,A,特性/不登校×家庭教師・塾・個別,高,②顕在,,,,,UNSPECIFIED,サービス探し（家庭教師・塾・支援）,Google_suggest
48028,森塾 八王子 評判,CORE,代表,C25813,1,森塾 八王子 評判,競合の比較検討（評判・料金）,保護者,B,カテゴリ競合×比較/評判/料金/乗換え/特性,中,③B カテゴリ競合,森塾,10,,,MEDIUM,サービス探し（家庭教師・塾・支援） | 比較検討・料金・申込 | ブランド・指名検索,Google_competitor_suggest
46132,発達障害 塾 八王子,CORE,代表,C25814,1,発達障害 塾 八王子,サービス探し（特性/不登校×学習支援）,保護者,A,特性/不登校×家庭教師・塾・個別,高,②顕在,,,,,UNSPECIFIED,サービス探し（家庭教師・塾・支援）,Google_suggest
48727,発達障害 公文 学研,CORE,代表,C25855,1,発達障害 公文 学研,競合×特性/不登校対応の確認,保護者,B,カテゴリ競合×比較/評判/料金/乗換え/特性,中,③B カテゴリ競合,学研の家庭教師,10,98.0,318.0,MEDIUM,ブランド・指名検索,Google_competitor_suggest
2548,明光 義塾 冬期 講習 料金,CORE,代表,C26039,3,明光 義塾 冬期 講習 料金,競合の比較検討（評判・料金）,保護者,B,カテゴリ競合×比較/評判/料金/乗換え/特性,中,③B カテゴリ競合,個別指導の明光義塾,260,259.0,2395.0,LOW,サービス探し（家庭教師・塾・支援） | 比較検討・料金・申込 | 学習のやり方・学習課題 | ブランド・指名検索,KWP_KeywordSeed || KWP_CompetitorKeywordSeed
40098,森 塾 冬期 講習 料金,CORE,代表,C26040,1,森 塾 冬期 講習 料金,競合の比較検討（評判・料金）,保護者,B,カテゴリ競合×比較/評判/料金/乗換え/特性,中,③B カテゴリ競合,森塾,70,,,LOW,サービス探し（家庭教師・塾・支援） | 比較検討・料金・申込 | 学習のやり方・学習課題 | ブランド・指名検索,KWP_CompetitorKeywordSeed
41386,武田 塾 冬期 講習 料金,CORE,代表,C26041,1,武田 塾 冬期 講習 料金,競合の比較検討（評判・料金）,保護者,B,カテゴリ競合×比較/評判/料金/乗換え/特性,中,③B カテゴリ競合,武田塾,10,,,MEDIUM,サービス探し（家庭教師・塾・支援） | 比較検討・料金・申込 | 学習のやり方・学習課題 | ブランド・指名検索,KWP_CompetitorKeywordSeed
40205,森 塾 冬期 講習 費用,CORE,代表,C26045,1,森 塾 冬期 講習 費用,競合の比較検討（評判・料金）,保護者,B,カテゴリ競合×比較/評判/料金/乗換え/特性,中,③B カテゴリ競合,森塾,30,,,LOW,サービス探し（家庭教師・塾・支援） | 比較検討・料金・申込 | 学習のやり方・学習課題 | ブランド・指名検索,KWP_CompetitorKeywordSeed
48073,武田塾 評判 勉強法,CORE,代表,C26347,1,武田塾 評判 勉強法,競合の比較検討（評判・料金）,保護者,B,カテゴリ競合×比較/評判/料金/乗換え/特性,中,③B カテゴリ競合,武田塾,,,,UNSPECIFIED,サービス探し（家庭教師・塾・支援） | 比較検討・料金・申込 | 学習のやり方・学習課題 | ブランド・指名検索,Google_competitor_suggest
45062,発達障害 塾 江戸川区,CORE,代表,C26822,1,発達障害 塾 江戸川区,サービス探し（特性/不登校×学習支援）,保護者,A,特性/不登校×家庭教師・塾・個別,高,②顕在,,,,,UNSPECIFIED,サービス探し（家庭教師・塾・支援）,Google_related_search || Google_suggest
41291,武田 塾 医 進 館 口コミ,CORE,代表,C26824,1,武田 塾 医 進 館 口コミ,競合の比較検討（評判・料金）,保護者,B,カテゴリ競合×比較/評判/料金/乗換え/特性,中,③B カテゴリ競合,武田塾,10,,,HIGH,サービス探し（家庭教師・塾・支援） | 比較検討・料金・申込 | ブランド・指名検索,KWP_CompetitorKeywordSeed
41361,武田 塾 医 進 館 料金,CORE,代表,C26828,1,武田 塾 医 進 館 料金,競合の比較検討（評判・料金）,保護者,B,カテゴリ競合×比較/評判/料金/乗換え/特性,中,③B カテゴリ競合,武田塾,110,114.0,463.0,MEDIUM,サービス探し（家庭教師・塾・支援） | 比較検討・料金・申込 | ブランド・指名検索,KWP_CompetitorKeywordSeed
41283,武田 塾 医 進 館 評判,CORE,代表,C26829,1,武田 塾 医 進 館 評判,競合の比較検討（評判・料金）,保護者,B,カテゴリ競合×比較/評判/料金/乗換え/特性,中,③B カテゴリ競合,武田塾,30,95.0,446.0,LOW,サービス探し（家庭教師・塾・支援） | 比較検討・料金・申込 | ブランド・指名検索,KWP_CompetitorKeywordSeed
41135,武田 塾 医 進 館 費用,CORE,代表,C26830,1,武田 塾 医 進 館 費用,競合の比較検討（評判・料金）,保護者,B,カテゴリ競合×比較/評判/料金/乗換え/特性,中,③B カテゴリ競合,武田塾,10,,,MEDIUM,サービス探し（家庭教師・塾・支援） | 比較検討・料金・申込 | ブランド・指名検索,KWP_CompetitorKeywordSeed
33909,学生 家庭 教師 協会 口コミ,CORE,代表,C26890,1,学生 家庭 教師 協会 口コミ,競合の比較検討（評判・料金）,保護者,B,カテゴリ競合×比較/評判/料金/乗換え/特性,中,③B カテゴリ競合,全国家庭教師協会,10,,,HIGH,サービス探し（家庭教師・塾・支援） | 比較検討・料金・申込 | ブランド・指名検索,KWP_CompetitorKeywordSeed
33904,家庭 教師 協会 口コミ,CORE,代表,C26891,2,家庭 教師 協会 口コミ,競合の比較検討（評判・料金）,保護者,B,カテゴリ競合×比較/評判/料金/乗換え/特性,中,③B カテゴリ競合,全国家庭教師協会,20,230.0,827.0,HIGH,サービス探し（家庭教師・塾・支援） | 比較検討・料金・申込 | ブランド・指名検索,KWP_CompetitorKeywordSeed
33965,家庭 教師 協会 境界 知能,CORE,代表,C26892,1,家庭 教師 協会 境界 知能,競合×特性/不登校対応の確認,保護者,B,特性/不登校×家庭教師・塾・個別,高,③B カテゴリ競合,全国家庭教師協会,,,,UNSPECIFIED,サービス探し（家庭教師・塾・支援） | ブランド・指名検索,KWP_CompetitorKeywordSeed
33942,家庭 教師 協会 失敗,CORE,代表,C26893,1,家庭 教師 協会 失敗,競合の不満・乗り換え,保護者,B,カテゴリ競合×比較/評判/料金/乗換え/特性,中,③B カテゴリ競合,全国家庭教師協会,,,,UNSPECIFIED,サービス探し（家庭教師・塾・支援） | 比較検討・料金・申込 | ブランド・指名検索,KWP_CompetitorKeywordSeed
2301,学生 家庭 教師 協会 料金,CORE,代表,C26896,1,学生 家庭 教師 協会 料金,競合の比較検討（評判・料金）,保護者,B,カテゴリ競合×比較/評判/料金/乗換え/特性,中,③B カテゴリ競合,全国家庭教師協会,10,,,UNSPECIFIED,サービス探し（家庭教師・塾・支援） | 比較検討・料金・申込 | ブランド・指名検索,KWP_KeywordSeed || KWP_CompetitorKeywordSeed
33963,家庭 教師 協会 ld,CORE,代表,C26897,2,家庭 教師 協会 ld,競合×特性/不登校対応の確認,保護者,B,特性/不登校×家庭教師・塾・個別,高,③B カテゴリ競合,全国家庭教師協会,,,,UNSPECIFIED,サービス探し（家庭教師・塾・支援） | ブランド・指名検索,KWP_CompetitorKeywordSeed
33931,家庭 教師 協会 安い,CORE,代表,C26898,1,家庭 教師 協会 安い,競合の比較検討（評判・料金）,保護者,B,カテゴリ競合×比較/評判/料金/乗換え/特性,中,③B カテゴリ競合,全国家庭教師協会,,,,UNSPECIFIED,サービス探し（家庭教師・塾・支援） | 比較検討・料金・申込 | ブランド・指名検索,KWP_CompetitorKeywordSeed
33943,家庭 教師 協会 後悔,CORE,代表,C26900,1,家庭 教師 協会 後悔,競合の不満・乗り換え,保護者,B,カテゴリ競合×比較/評判/料金/乗換え/特性,中,③B カテゴリ競合,全国家庭教師協会,,,,UNSPECIFIED,サービス探し（家庭教師・塾・支援） | 比較検討・料金・申込 | ブランド・指名検索,KWP_CompetitorKeywordSeed
33940,家庭 教師 協会 怪しい,CORE,代表,C26901,1,家庭 教師 協会 怪しい,競合の不満・乗り換え,保護者,B,カテゴリ競合×比較/評判/料金/乗換え/特性,中,③B カテゴリ競合,全国家庭教師協会,,,,UNSPECIFIED,サービス探し（家庭教師・塾・支援） | 比較検討・料金・申込 | ブランド・指名検索,KWP_CompetitorKeywordSeed
33922,家庭 教師 協会 感想,CORE,代表,C26902,1,家庭 教師 協会 感想,競合の比較検討（評判・料金）,保護者,B,カテゴリ競合×比較/評判/料金/乗換え/特性,中,③B カテゴリ競合,全国家庭教師協会,,,,UNSPECIFIED,サービス探し（家庭教師・塾・支援） | 比較検討・料金・申込 | ブランド・指名検索,KWP_CompetitorKeywordSeed
2048,家庭 教師 協会 料金,CORE,代表,C26905,5,家庭 教師 協会 料金,競合の比較検討（評判・料金）,保護者,B,カテゴリ競合×比較/評判/料金/乗換え/特性,中,③B カテゴリ競合,全国家庭教師協会,30,174.0,451.0,HIGH,サービス探し（家庭教師・塾・支援） | 比較検討・料金・申込 | ブランド・指名検索,KWP_KeywordSeed || KWP_CompetitorKeywordSeed
2122,福島 県 家庭 教師 協会 料金,CORE,代表,C26906,1,福島 県 家庭 教師 協会 料金,競合の比較検討（評判・料金）,保護者,B,カテゴリ競合×比較/評判/料金/乗換え/特性,中,③B カテゴリ競合,全国家庭教師協会,10,,,HIGH,サービス探し（家庭教師・塾・支援） | 比較検討・料金・申込 | ブランド・指名検索,KWP_KeywordSeed || KWP_CompetitorKeywordSeed
33941,家庭 教師 協会 最悪,CORE,代表,C26908,1,家庭 教師 協会 最悪,競合の不満・乗り換え,保護者,B,カテゴリ競合×比較/評判/料金/乗換え/特性,中,③B カテゴリ競合,全国家庭教師協会,,,,UNSPECIFIED,サービス探し（家庭教師・塾・支援） | 比較検討・料金・申込 | ブランド・指名検索,KWP_CompetitorKeywordSeed
33932,家庭 教師 協会 比較,CORE,代表,C26909,1,家庭 教師 協会 比較,競合の比較検討（評判・料金）,保護者,B,カテゴリ競合×比較/評判/料金/乗換え/特性,中,③B カテゴリ競合,全国家庭教師協会,,,,UNSPECIFIED,サービス探し（家庭教師・塾・支援） | 比較検討・料金・申込 | ブランド・指名検索,KWP_CompetitorKeywordSeed
33955,家庭 教師 協会 申し込み,CORE,代表,C26911,1,家庭 教師 協会 申し込み,競合の比較検討（評判・料金）,保護者,B,カテゴリ競合×比較/評判/料金/乗換え/特性,中,③B カテゴリ競合,全国家庭教師協会,,,,UNSPECIFIED,サービス探し（家庭教師・塾・支援） | 比較検討・料金・申込 | ブランド・指名検索,KWP_CompetitorKeywordSeed
33957,家庭 教師 協会 発達 障害,CORE,代表,C26912,2,家庭 教師 協会 発達 障害,競合×特性/不登校対応の確認,保護者,B,特性/不登校×家庭教師・塾・個別,高,③B カテゴリ競合,全国家庭教師協会,,,,UNSPECIFIED,サービス探し（家庭教師・塾・支援） | ブランド・指名検索,KWP_CompetitorKeywordSeed
33962,家庭 教師 協会 自 閉 症,CORE,代表,C26914,1,家庭 教師 協会 自 閉 症,競合×特性/不登校対応の確認,保護者,B,特性/不登校×家庭教師・塾・個別,高,③B カテゴリ競合,全国家庭教師協会,,,,UNSPECIFIED,サービス探し（家庭教師・塾・支援） | ブランド・指名検索,KWP_CompetitorKeywordSeed
33919,西日本 家庭 教師 協会 評判,CORE,代表,C26916,1,西日本 家庭 教師 協会 評判,競合の比較検討（評判・料金）,保護者,B,カテゴリ競合×比較/評判/料金/乗換え/特性,中,③B カテゴリ競合,全国家庭教師協会,10,,,UNSPECIFIED,サービス探し（家庭教師・塾・支援） | 比較検討・料金・申込 | ブランド・指名検索,KWP_CompetitorKeywordSeed
33949,家庭 教師 協会 解約,CORE,代表,C26917,1,家庭 教師 協会 解約,競合の不満・乗り換え,保護者,B,カテゴリ競合×比較/評判/料金/乗換え/特性,中,③B カテゴリ競合,全国家庭教師協会,,,,UNSPECIFIED,サービス探し（家庭教師・塾・支援） | 比較検討・料金・申込 | ブランド・指名検索,KWP_CompetitorKeywordSeed
33923,家庭 教師 協会 評価,CORE,代表,C26918,1,家庭 教師 協会 評価,競合の比較検討（評判・料金）,保護者,B,カテゴリ競合×比較/評判/料金/乗換え/特性,中,③B カテゴリ競合,全国家庭教師協会,,,,UNSPECIFIED,サービス探し（家庭教師・塾・支援） | 比較検討・料金・申込 | ブランド・指名検索,KWP_CompetitorKeywordSeed
33911,家庭 教師 協会 評判,CORE,代表,C26919,2,家庭 教師 協会 評判,競合の比較検討（評判・料金）,保護者,B,カテゴリ競合×比較/評判/料金/乗換え/特性,中,③B カテゴリ競合,全国家庭教師協会,10,,,UNSPECIFIED,サービス探し（家庭教師・塾・支援） | 比較検討・料金・申込 | ブランド・指名検索,KWP_CompetitorKeywordSeed
33954,家庭 教師 協会 資料 請求,CORE,代表,C26920,1,家庭 教師 協会 資料 請求,競合の比較検討（評判・料金）,保護者,B,カテゴリ競合×比較/評判/料金/乗換え/特性,中,③B カテゴリ競合,全国家庭教師協会,,,,UNSPECIFIED,サービス探し（家庭教師・塾・支援） | 比較検討・料金・申込 | ブランド・指名検索,KWP_CompetitorKeywordSeed
33924,家庭 教師 協会 費用,CORE,代表,C26921,1,家庭 教師 協会 費用,競合の比較検討（評判・料金）,保護者,B,カテゴリ競合×比較/評判/料金/乗換え/特性,中,③B カテゴリ競合,全国家庭教師協会,,,,UNSPECIFIED,サービス探し（家庭教師・塾・支援） | 比較検討・料金・申込 | ブランド・指名検索,KWP_CompetitorKeywordSeed
33948,家庭 教師 協会 退会,CORE,代表,C26922,1,家庭 教師 協会 退会,競合の不満・乗り換え,保護者,B,カテゴリ競合×比較/評判/料金/乗換え/特性,中,③B カテゴリ競合,全国家庭教師協会,,,,UNSPECIFIED,サービス探し（家庭教師・塾・支援） | 合わない・断られた・乗り換え | ブランド・指名検索,KWP_CompetitorKeywordSeed
33930,家庭 教師 協会 高い,CORE,代表,C26924,1,家庭 教師 協会 高い,競合の比較検討（評判・料金）,保護者,B,カテゴリ競合×比較/評判/料金/乗換え/特性,中,③B カテゴリ競合,全国家庭教師協会,,,,UNSPECIFIED,サービス探し（家庭教師・塾・支援） | 比較検討・料金・申込 | ブランド・指名検索,KWP_CompetitorKeywordSeed
46265,発達障害 受け入れ 塾 大阪,CORE,代表,C27048,1,発達障害 受け入れ 塾 大阪,サービス探し（特性/不登校×学習支援）,保護者,A,特性/不登校×家庭教師・塾・個別,高,②顕在,,,,,UNSPECIFIED,サービス探し（家庭教師・塾・支援） | 地域・近くで探す,Google_suggest
45353,発達障害 受け入れ 塾,CORE,代表,C27049,1,発達障害 受け入れ 塾,サービス探し（特性/不登校×学習支援）,保護者,A,特性/不登校×家庭教師・塾・個別,高,②顕在,,,,,UNSPECIFIED,サービス探し（家庭教師・塾・支援）,Google_related_search || Google_suggest
36856,明光 義塾 大学 受験 口コミ,CORE,代表,C27061,3,明光 義塾 大学 受験 口コミ,競合の比較検討（評判・料金）,保護者,B,カテゴリ競合×比較/評判/料金/乗換え/特性,中,③B カテゴリ競合,個別指導の明光義塾,50,90.0,813.0,LOW,サービス探し（家庭教師・塾・支援） | 比較検討・料金・申込 | 受験・進路 | ブランド・指名検索,KWP_CompetitorKeywordSeed
27860,境界 知能 受験 塾,CORE,代表,C27091,1,境界 知能 受験 塾,サービス探し（特性/不登校×学習支援）,保護者,A,特性/不登校×家庭教師・塾・個別,高,②顕在,,,,,UNSPECIFIED,サービス探し（家庭教師・塾・支援） | 受験・進路,KWP_KeywordSeed
40440,森 塾 大学 受験 実績,CORE,代表,C27094,1,森 塾 大学 受験 実績,競合の比較検討（評判・料金）,保護者,B,カテゴリ競合×比較/評判/料金/乗換え/特性,中,③B カテゴリ競合,森塾,30,,,LOW,サービス探し（家庭教師・塾・支援） | 比較検討・料金・申込 | 受験・進路 | ブランド・指名検索,KWP_CompetitorKeywordSeed
36905,明光 義塾 大学 受験 料金,CORE,代表,C27095,1,明光 義塾 大学 受験 料金,競合の比較検討（評判・料金）,保護者,B,カテゴリ競合×比較/評判/料金/乗換え/特性,中,③B カテゴリ競合,個別指導の明光義塾,20,,,MEDIUM,サービス探し（家庭教師・塾・支援） | 比較検討・料金・申込 | 受験・進路 | ブランド・指名検索,KWP_CompetitorKeywordSeed
41411,武田 塾 料金 大学 受験,CORE,代表,C27096,1,武田 塾 料金 大学 受験,競合の比較検討（評判・料金）,保護者,B,カテゴリ競合×比較/評判/料金/乗換え/特性,中,③B カテゴリ競合,武田塾,10,,,HIGH,サービス探し（家庭教師・塾・支援） | 比較検討・料金・申込 | 受験・進路 | ブランド・指名検索,KWP_CompetitorKeywordSeed
36885,明光 義塾 大学 受験 評判,CORE,代表,C27098,2,明光 義塾 大学 受験 評判,競合の比較検討（評判・料金）,保護者,B,カテゴリ競合×比較/評判/料金/乗換え/特性,中,③B カテゴリ競合,個別指導の明光義塾,20,,,LOW,サービス探し（家庭教師・塾・支援） | 比較検討・料金・申込 | 受験・進路 | ブランド・指名検索,KWP_CompetitorKeywordSeed
40358,森 塾 大学 受験 知恵袋,CORE,代表,C27100,1,森 塾 大学 受験 知恵袋,競合の比較検討（評判・料金）,保護者,B,カテゴリ競合×比較/評判/料金/乗換え/特性,中,③B カテゴリ競合,森塾,20,,,LOW,サービス探し（家庭教師・塾・支援） | 比較検討・料金・申込 | 受験・進路 | ブランド・指名検索,KWP_CompetitorKeywordSeed
40262,森 塾 大学 受験 評判,CORE,代表,C27101,2,森 塾 大学 受験 評判,競合の比較検討（評判・料金）,保護者,B,カテゴリ競合×比較/評判/料金/乗換え/特性,中,③B カテゴリ競合,森塾,50,,,LOW,サービス探し（家庭教師・塾・支援） | 比較検討・料金・申込 | 受験・進路 | ブランド・指名検索,KWP_CompetitorKeywordSeed
41300,大学 受験 武田 塾 評判,CORE,代表,C27103,1,大学 受験 武田 塾 評判,競合の比較検討（評判・料金）,保護者,B,カテゴリ競合×比較/評判/料金/乗換え/特性,中,③B カテゴリ競合,武田塾,10,38.0,169.0,HIGH,サービス探し（家庭教師・塾・支援） | 比較検討・料金・申込 | 受験・進路 | ブランド・指名検索,KWP_CompetitorKeywordSeed
74,発達 障害 大学 受験 塾,CORE,代表,C27104,2,発達 障害 大学 受験 塾,サービス探し（特性/不登校×学習支援）,保護者,A,特性/不登校×家庭教師・塾・個別,高,②顕在,,20,105.0,389.0,MEDIUM,サービス探し（家庭教師・塾・支援） | 受験・進路,KWP_KeywordSeed || KWP_UrlSeed
27847,学習 障害 受験 塾,CORE,代表,C27108,1,学習 障害 受験 塾,サービス探し（特性/不登校×学習支援）,保護者,A,特性/不登校×家庭教師・塾・個別,高,②顕在,,,,,UNSPECIFIED,サービス探し（家庭教師・塾・支援） | 受験・進路,KWP_KeywordSeed
41376,武田 塾 高校 受験 料金,CORE,代表,C27115,1,武田 塾 高校 受験 料金,競合の比較検討（評判・料金）,保護者,B,カテゴリ競合×比較/評判/料金/乗換え/特性,中,③B カテゴリ競合,武田塾,10,,,LOW,サービス探し（家庭教師・塾・支援） | 比較検討・料金・申込 | 受験・進路 | ブランド・指名検索,KWP_CompetitorKeywordSeed
41287,武田 塾 無料 受験 相談 評判,CORE,代表,C27122,1,武田 塾 無料 受験 相談 評判,競合の比較検討（評判・料金）,保護者,B,カテゴリ競合×比較/評判/料金/乗換え/特性,中,③B カテゴリ競合,武田塾,30,167.0,628.0,MEDIUM,サービス探し（家庭教師・塾・支援） | 比較検討・料金・申込 | 受験・進路 | ブランド・指名検索,KWP_CompetitorKeywordSeed
100,発達 障害 受験 塾,CORE,代表,C27125,1,発達 障害 受験 塾,サービス探し（特性/不登校×学習支援）,保護者,A,特性/不登校×家庭教師・塾・個別,高,②顕在,,10,167.0,1015.0,HIGH,サービス探し（家庭教師・塾・支援） | 受験・進路,KWP_KeywordSeed || KWP_UrlSeed
88,発達 障害 高校 受験 塾,CORE,代表,C27126,1,発達 障害 高校 受験 塾,サービス探し（特性/不登校×学習支援）,保護者,A,特性/不登校×家庭教師・塾・個別,高,②顕在,,10,129.0,319.0,MEDIUM,サービス探し（家庭教師・塾・支援） | 受験・進路,KWP_KeywordSeed || KWP_UrlSeed
27858,境界 知能 受験 家庭 教師,CORE,代表,C27133,1,境界 知能 受験 家庭 教師,サービス探し（特性/不登校×学習支援）,保護者,A,特性/不登校×家庭教師・塾・個別,高,②顕在,,,,,UNSPECIFIED,サービス探し（家庭教師・塾・支援） | 受験・進路,KWP_KeywordSeed
27844,学習 障害 受験 家庭 教師,CORE,代表,C27201,1,学習 障害 受験 家庭 教師,サービス探し（特性/不登校×学習支援）,保護者,A,特性/不登校×家庭教師・塾・個別,高,②顕在,,,,,UNSPECIFIED,サービス探し（家庭教師・塾・支援） | 受験・進路,KWP_KeywordSeed
27808,発達 障害 受験 家庭 教師,CORE,代表,C27206,1,発達 障害 受験 家庭 教師,サービス探し（特性/不登校×学習支援）,保護者,A,特性/不登校×家庭教師・塾・個別,高,②顕在,,,,,UNSPECIFIED,サービス探し（家庭教師・塾・支援） | 受験・進路,KWP_KeywordSeed
27835,自 閉 症 受験 家庭 教師,CORE,代表,C27208,1,自 閉 症 受験 家庭 教師,サービス探し（特性/不登校×学習支援）,保護者,A,特性/不登校×家庭教師・塾・個別,高,②顕在,,,,,UNSPECIFIED,サービス探し（家庭教師・塾・支援） | 受験・進路,KWP_KeywordSeed
36972,明光 義塾 境界 知能 口コミ,CORE,代表,C27428,1,明光 義塾 境界 知能 口コミ,競合の比較検討（評判・料金）,保護者,B,特性/不登校×家庭教師・塾・個別,高,③B カテゴリ競合,個別指導の明光義塾,,,,UNSPECIFIED,サービス探し（家庭教師・塾・支援） | 比較検討・料金・申込 | ブランド・指名検索,KWP_CompetitorKeywordSeed
40446,森 塾 境界 知能 口コミ,CORE,代表,C27429,1,森 塾 境界 知能 口コミ,競合の比較検討（評判・料金）,保護者,B,特性/不登校×家庭教師・塾・個別,高,③B カテゴリ競合,森塾,,,,UNSPECIFIED,サービス探し（家庭教師・塾・支援） | 比較検討・料金・申込 | ブランド・指名検索,KWP_CompetitorKeywordSeed
41491,武田 塾 境界 知能 口コミ,CORE,代表,C27430,1,武田 塾 境界 知能 口コミ,競合の比較検討（評判・料金）,保護者,B,特性/不登校×家庭教師・塾・個別,高,③B カテゴリ競合,武田塾,,,,UNSPECIFIED,サービス探し（家庭教師・塾・支援） | 比較検討・料金・申込 | ブランド・指名検索,KWP_CompetitorKeywordSeed
36884,明光 義塾 夏期 講習 口コミ,CORE,代表,C27431,1,明光 義塾 夏期 講習 口コミ,競合の比較検討（評判・料金）,保護者,B,カテゴリ競合×比較/評判/料金/乗換え/特性,中,③B カテゴリ競合,個別指導の明光義塾,10,,,LOW,サービス探し（家庭教師・塾・支援） | 比較検討・料金・申込 | 学習のやり方・学習課題 | ブランド・指名検索,KWP_CompetitorKeywordSeed
23611,学研 塾 口コミ,CORE,代表,C27432,1,学研 塾 口コミ,競合の比較検討（評判・料金）,保護者,B,カテゴリ競合×比較/評判/料金/乗換え/特性,中,③B カテゴリ競合,学研の家庭教師,10,,,LOW,サービス探し（家庭教師・塾・支援） | 比較検討・料金・申込 | ブランド・指名検索,KWP_UrlSeed
36970,明光 義塾 ld 口コミ,CORE,代表,C27434,2,明光 義塾 ld 口コミ,競合の比較検討（評判・料金）,保護者,B,特性/不登校×家庭教師・塾・個別,高,③B カテゴリ競合,個別指導の明光義塾,,,,UNSPECIFIED,サービス探し（家庭教師・塾・支援） | 比較検討・料金・申込 | ブランド・指名検索,KWP_CompetitorKeywordSeed
40444,森 塾 ld 口コミ,CORE,代表,C27435,2,森 塾 ld 口コミ,競合の比較検討（評判・料金）,保護者,B,特性/不登校×家庭教師・塾・個別,高,③B カテゴリ競合,森塾,,,,UNSPECIFIED,サービス探し（家庭教師・塾・支援） | 比較検討・料金・申込 | ブランド・指名検索,KWP_CompetitorKeywordSeed
41490,武田 塾 ld 口コミ,CORE,代表,C27436,1,武田 塾 ld 口コミ,競合の比較検討（評判・料金）,保護者,B,特性/不登校×家庭教師・塾・個別,高,③B カテゴリ競合,武田塾,,,,UNSPECIFIED,サービス探し（家庭教師・塾・支援） | 比較検討・料金・申込 | ブランド・指名検索,KWP_CompetitorKeywordSeed
36886,明光 義塾 小学生 口コミ,CORE,代表,C27437,2,明光 義塾 小学生 口コミ,競合の比較検討（評判・料金）,保護者,B,カテゴリ競合×比較/評判/料金/乗換え/特性,中,③B カテゴリ競合,個別指導の明光義塾,10,,,LOW,サービス探し（家庭教師・塾・支援） | 比較検討・料金・申込 | ブランド・指名検索,KWP_CompetitorKeywordSeed
41318,武田 塾 御茶ノ水 口コミ,CORE,代表,C27438,1,武田 塾 御茶ノ水 口コミ,競合の比較検討（評判・料金）,保護者,B,カテゴリ競合×比較/評判/料金/乗換え/特性,中,③B カテゴリ競合,武田塾,10,,,LOW,サービス探し（家庭教師・塾・支援） | 比較検討・料金・申込 | ブランド・指名検索,KWP_CompetitorKeywordSeed
37014,明光 義塾 口コミ 悪い,CORE,代表,C27439,2,明光 義塾 口コミ 悪い,競合の比較検討（評判・料金）,保護者,B,カテゴリ競合×比較/評判/料金/乗換え/特性,中,③B カテゴリ競合,個別指導の明光義塾,30,,,LOW,サービス探し（家庭教師・塾・支援） | 比較検討・料金・申込 | ブランド・指名検索,KWP_CompetitorKeywordSeed
40386,森 塾 口コミ 悪い,CORE,代表,C27440,2,森 塾 口コミ 悪い,競合の比較検討（評判・料金）,保護者,B,カテゴリ競合×比較/評判/料金/乗換え/特性,中,③B カテゴリ競合,森塾,140,,,LOW,サービス探し（家庭教師・塾・支援） | 比較検討・料金・申込 | ブランド・指名検索,KWP_CompetitorKeywordSeed
41314,武田 塾 口コミ 悪い,CORE,代表,C27441,2,武田 塾 口コミ 悪い,競合の比較検討（評判・料金）,保護者,B,カテゴリ競合×比較/評判/料金/乗換え/特性,中,③B カテゴリ競合,武田塾,10,,,LOW,サービス探し（家庭教師・塾・支援） | 比較検討・料金・申込 | ブランド・指名検索,KWP_CompetitorKeywordSeed
40084,森 塾 授業 料 口コミ,CORE,代表,C27443,1,森 塾 授業 料 口コミ,競合の比較検討（評判・料金）,保護者,B,カテゴリ競合×比較/評判/料金/乗換え/特性,中,③B カテゴリ競合,森塾,170,119.0,371.0,LOW,サービス探し（家庭教師・塾・支援） | 比較検討・料金・申込 | 学習のやり方・学習課題 | ブランド・指名検索,KWP_CompetitorKeywordSeed
36888,明光 義塾 映像 授業 口コミ,CORE,代表,C27444,1,明光 義塾 映像 授業 口コミ,競合の比較検討（評判・料金）,保護者,B,カテゴリ競合×比較/評判/料金/乗換え/特性,中,③B カテゴリ競合,個別指導の明光義塾,30,,,LOW,サービス探し（家庭教師・塾・支援） | 比較検討・料金・申込 | 学習のやり方・学習課題 | ブランド・指名検索,KWP_CompetitorKeywordSeed
17025,明光 義塾 料金 口コミ,CORE,代表,C27445,2,明光 義塾 料金 口コミ,競合の比較検討（評判・料金）,保護者,B,カテゴリ競合×比較/評判/料金/乗換え/特性,中,③B カテゴリ競合,個別指導の明光義塾,20,108.0,293.0,LOW,サービス探し（家庭教師・塾・支援） | 比較検討・料金・申込 | ブランド・指名検索,KWP_UrlSeed || KWP_CompetitorKeywordSeed
40256,森 塾 料金 口コミ,CORE,代表,C27446,1,森 塾 料金 口コミ,競合の比較検討（評判・料金）,保護者,B,カテゴリ競合×比較/評判/料金/乗換え/特性,中,③B カテゴリ競合,森塾,10,,,LOW,サービス探し（家庭教師・塾・支援） | 比較検討・料金・申込 | ブランド・指名検索,KWP_CompetitorKeywordSeed
41294,武田 塾 口コミ 料金,CORE,代表,C27447,3,武田 塾 口コミ 料金,競合の比較検討（評判・料金）,保護者,B,カテゴリ競合×比較/評判/料金/乗換え/特性,中,③B カテゴリ競合,武田塾,10,,,UNSPECIFIED,サービス探し（家庭教師・塾・支援） | 比較検討・料金・申込 | ブランド・指名検索,KWP_CompetitorKeywordSeed
47812,明光義塾 口コミ 知恵袋,CORE,代表,C27448,1,明光義塾 口コミ 知恵袋,競合の比較検討（評判・料金）,保護者,B,カテゴリ競合×比較/評判/料金/乗換え/特性,中,③B カテゴリ競合,個別指導の明光義塾,50,,,LOW,サービス探し（家庭教師・塾・支援） | 比較検討・料金・申込 | ブランド・指名検索,Google_competitor_suggest
36848,明光 義塾 口コミ,CORE,代表,C27449,5,明光 義塾 口コミ,競合の比較検討（評判・料金）,保護者,B,カテゴリ競合×比較/評判/料金/乗換え/特性,中,③B カテゴリ競合,個別指導の明光義塾,1300,65.0,669.0,LOW,サービス探し（家庭教師・塾・支援） | 比較検討・料金・申込 | ブランド・指名検索,KWP_CompetitorKeywordSeed
36858,明光 義塾 英語 口コミ,CORE,代表,C27450,1,明光 義塾 英語 口コミ,競合の比較検討（評判・料金）,保護者,B,カテゴリ競合×比較/評判/料金/乗換え/特性,中,③B カテゴリ競合,個別指導の明光義塾,20,,,LOW,サービス探し（家庭教師・塾・支援） | 比較検討・料金・申込 | 学習のやり方・学習課題 | ブランド・指名検索,KWP_CompetitorKeywordSeed
36854,明光 義塾 口コミ 評判,CORE,代表,C27451,2,明光 義塾 口コミ 評判,競合の比較検討（評判・料金）,保護者,B,カテゴリ競合×比較/評判/料金/乗換え/特性,中,③B カテゴリ競合,個別指導の明光義塾,70,36.0,747.0,LOW,サービス探し（家庭教師・塾・支援） | 比較検討・料金・申込 | ブランド・指名検索,KWP_CompetitorKeywordSeed
36861,明光 義塾 高校生 口コミ,CORE,代表,C27452,1,明光 義塾 高校生 口コミ,競合の比較検討（評判・料金）,保護者,B,カテゴリ競合×比較/評判/料金/乗換え/特性,中,③B カテゴリ競合,個別指導の明光義塾,20,,,LOW,サービス探し（家庭教師・塾・支援） | 比較検討・料金・申込 | ブランド・指名検索,KWP_CompetitorKeywordSeed
40055,森 塾 口コミ,CORE,代表,C27453,4,森 塾 口コミ,競合の比較検討（評判・料金）,保護者,B,カテゴリ競合×比較/評判/料金/乗換え/特性,中,③B カテゴリ競合,森塾,2400,108.0,352.0,LOW,サービス探し（家庭教師・塾・支援） | 比較検討・料金・申込 | ブランド・指名検索,KWP_CompetitorKeywordSeed
48020,森塾 口コミ 知恵袋,CORE,代表,C27454,1,森塾 口コミ 知恵袋,競合の比較検討（評判・料金）,保護者,B,カテゴリ競合×比較/評判/料金/乗換え/特性,中,③B カテゴリ競合,森塾,40,,,LOW,サービス探し（家庭教師・塾・支援） | 比較検討・料金・申込 | ブランド・指名検索,Google_competitor_suggest
48018,森塾 口コミ 評判,CORE,代表,C27455,1,森塾 口コミ 評判,競合の比較検討（評判・料金）,保護者,B,カテゴリ競合×比較/評判/料金/乗換え/特性,中,③B カテゴリ競合,森塾,30,129.0,534.0,LOW,サービス探し（家庭教師・塾・支援） | 比較検討・料金・申込 | ブランド・指名検索,Google_competitor_suggest
41275,武田 塾 口コミ,CORE,代表,C27456,3,武田 塾 口コミ,競合の比較検討（評判・料金）,保護者,B,カテゴリ競合×比較/評判/料金/乗換え/特性,中,③B カテゴリ競合,武田塾,880,44.0,293.0,MEDIUM,サービス探し（家庭教師・塾・支援） | 比較検討・料金・申込 | ブランド・指名検索,KWP_CompetitorKeywordSeed
41289,武田 塾 無料 相談 口コミ,CORE,代表,C27457,1,武田 塾 無料 相談 口コミ,競合の比較検討（評判・料金）,保護者,B,カテゴリ競合×比較/評判/料金/乗換え/特性,中,③B カテゴリ競合,武田塾,30,231.0,568.0,LOW,サービス探し（家庭教師・塾・支援） | 比較検討・料金・申込 | ブランド・指名検索,KWP_CompetitorKeywordSeed
48068,武田塾 口コミ 知恵袋,CORE,代表,C27458,1,武田塾 口コミ 知恵袋,競合の比較検討（評判・料金）,保護者,B,カテゴリ競合×比較/評判/料金/乗換え/特性,中,③B カテゴリ競合,武田塾,30,,,LOW,サービス探し（家庭教師・塾・支援） | 比較検討・料金・申込 | ブランド・指名検索,Google_competitor_suggest
41331,武田 塾 荻窪 口コミ,CORE,代表,C27459,1,武田 塾 荻窪 口コミ,競合の比較検討（評判・料金）,保護者,B,カテゴリ競合×比較/評判/料金/乗換え/特性,中,③B カテゴリ競合,武田塾,10,,,MEDIUM,サービス探し（家庭教師・塾・支援） | 比較検討・料金・申込 | ブランド・指名検索,KWP_CompetitorKeywordSeed
41332,武田 塾 西大寺 口コミ,CORE,代表,C27460,1,武田 塾 西大寺 口コミ,競合の比較検討（評判・料金）,保護者,B,カテゴリ競合×比較/評判/料金/乗換え/特性,中,③B カテゴリ競合,武田塾,10,,,MEDIUM,サービス探し（家庭教師・塾・支援） | 比較検討・料金・申込 | ブランド・指名検索,KWP_CompetitorKeywordSeed
48067,武田塾 口コミ 評判,CORE,代表,C27461,1,武田塾 口コミ 評判,競合の比較検討（評判・料金）,保護者,B,カテゴリ競合×比較/評判/料金/乗換え/特性,中,③B カテゴリ競合,武田塾,20,45.0,253.0,MEDIUM,サービス探し（家庭教師・塾・支援） | 比較検討・料金・申込 | ブランド・指名検索,Google_competitor_suggest
33289,学研 の 家庭 教師 境界 知能 口コミ,CORE,代表,C27465,1,学研 の 家庭 教師 境界 知能 口コミ,競合の比較検討（評判・料金）,保護者,B,特性/不登校×家庭教師・塾・個別,高,③B カテゴリ競合,学研の家庭教師,,,,UNSPECIFIED,サービス探し（家庭教師・塾・支援） | 比較検討・料金・申込 | ブランド・指名検索,KWP_CompetitorKeywordSeed
33287,学研 の 家庭 教師 ld 口コミ,CORE,代表,C27481,2,学研 の 家庭 教師 ld 口コミ,競合の比較検討（評判・料金）,保護者,B,特性/不登校×家庭教師・塾・個別,高,③B カテゴリ競合,学研の家庭教師,,,,UNSPECIFIED,サービス探し（家庭教師・塾・支援） | 比較検討・料金・申込 | ブランド・指名検索,KWP_CompetitorKeywordSeed
33208,学研 家庭 教師 口コミ,CORE,代表,C27482,5,学研 家庭 教師 口コミ,競合の比較検討（評判・料金）,保護者,B,カテゴリ競合×比較/評判/料金/乗換え/特性,中,③B カテゴリ競合,学研の家庭教師,110,318.0,3618.0,MEDIUM,サービス探し（家庭教師・塾・支援） | 比較検討・料金・申込 | ブランド・指名検索,KWP_CompetitorKeywordSeed
33281,学研 の 家庭 教師 発達 障害 口コミ,CORE,代表,C27483,2,学研 の 家庭 教師 発達 障害 口コミ,競合の比較検討（評判・料金）,保護者,B,特性/不登校×家庭教師・塾・個別,高,③B カテゴリ競合,学研の家庭教師,,,,UNSPECIFIED,サービス探し（家庭教師・塾・支援） | 比較検討・料金・申込 | ブランド・指名検索,KWP_CompetitorKeywordSeed
33286,学研 の 家庭 教師 自 閉 症 口コミ,CORE,代表,C27484,1,学研 の 家庭 教師 自 閉 症 口コミ,競合の比較検討（評判・料金）,保護者,B,特性/不登校×家庭教師・塾・個別,高,③B カテゴリ競合,学研の家庭教師,,,,UNSPECIFIED,サービス探し（家庭教師・塾・支援） | 比較検討・料金・申込 | ブランド・指名検索,KWP_CompetitorKeywordSeed
3689,発達 障害 家庭 教師 口コミ,CORE,代表,C27495,2,発達 障害 家庭 教師 口コミ,サービス探し（特性/不登校×学習支援）,保護者,A,特性/不登校×家庭教師・塾・個別,高,②顕在,,110,305.0,968.0,HIGH,サービス探し（家庭教師・塾・支援） | 比較検討・料金・申込,KWP_KeywordSeed
48824,家庭教師の銀河 口コミ,CORE,代表,C27496,1,家庭教師の銀河 口コミ,競合の比較検討（評判・料金）,保護者,B,カテゴリ競合×比較/評判/料金/乗換え/特性,中,③B カテゴリ競合,家庭教師の銀河,90,253.0,1127.0,LOW,サービス探し（家庭教師・塾・支援） | 比較検討・料金・申込 | ブランド・指名検索,Google_competitor_suggest || CompetitorMatrix
37011,明光 口コミ,CORE,代表,C27508,1,明光 口コミ,競合の比較検討（評判・料金）,保護者,B,カテゴリ競合×比較/評判/料金/乗換え/特性,中,③B カテゴリ競合,個別指導の明光義塾,10,,,LOW,比較検討・料金・申込 | ブランド・指名検索,KWP_CompetitorKeywordSeed || CompetitorMatrix
40396,森 塾 合宿 費用,CORE,代表,C27536,1,森 塾 合宿 費用,競合の比較検討（評判・料金）,保護者,B,カテゴリ競合×比較/評判/料金/乗換え/特性,中,③B カテゴリ競合,森塾,20,299.0,301.0,LOW,サービス探し（家庭教師・塾・支援） | 比較検討・料金・申込 | 学習のやり方・学習課題 | ブランド・指名検索,KWP_CompetitorKeywordSeed
36380,明光 義塾 合格 実績 大学,CORE,代表,C27538,2,明光 義塾 合格 実績 大学,競合の比較検討（評判・料金）,保護者,B,カテゴリ競合×比較/評判/料金/乗換え/特性,中,③B カテゴリ競合,個別指導の明光義塾,10,,,LOW,サービス探し（家庭教師・塾・支援） | 比較検討・料金・申込 | 受験・進路 | ブランド・指名検索,KWP_CompetitorKeywordSeed
41323,武田 塾 料金 合格 実績,CORE,代表,C27540,1,武田 塾 料金 合格 実績,競合の比較検討（評判・料金）,保護者,B,カテゴリ競合×比較/評判/料金/乗換え/特性,中,③B カテゴリ競合,武田塾,0,,,UNSPECIFIED,サービス探し（家庭教師・塾・支援） | 比較検討・料金・申込 | 受験・進路 | ブランド・指名検索,KWP_CompetitorKeywordSeed
35699,明光 義塾 合格 実績,CORE,代表,C27541,2,明光 義塾 合格 実績,競合の比較検討（評判・料金）,保護者,B,カテゴリ競合×比較/評判/料金/乗換え/特性,中,③B カテゴリ競合,個別指導の明光義塾,170,111.0,762.0,LOW,サービス探し（家庭教師・塾・支援） | 比較検討・料金・申込 | 受験・進路 | ブランド・指名検索,KWP_CompetitorKeywordSeed
36381,明光 義塾 合格 実績 高校,CORE,代表,C27542,2,明光 義塾 合格 実績 高校,競合の比較検討（評判・料金）,保護者,B,カテゴリ競合×比較/評判/料金/乗換え/特性,中,③B カテゴリ競合,個別指導の明光義塾,50,,,LOW,サービス探し（家庭教師・塾・支援） | 比較検討・料金・申込 | 受験・進路 | ブランド・指名検索,KWP_CompetitorKeywordSeed
68244,森塾 合格実績,CORE,代表,C27543,1,森塾 合格実績,競合の比較検討（評判・料金）,保護者,B,カテゴリ競合×比較/評判/料金/乗換え/特性,中,③B カテゴリ競合,森塾,140,,,LOW,サービス探し（家庭教師・塾・支援） | 比較検討・料金・申込 | 受験・進路 | ブランド・指名検索,CompetitorMatrix
68268,武田塾 合格実績,CORE,代表,C27544,1,武田塾 合格実績,競合の比較検討（評判・料金）,保護者,B,カテゴリ競合×比較/評判/料金/乗換え/特性,中,③B カテゴリ競合,武田塾,880,59.0,257.0,LOW,サービス探し（家庭教師・塾・支援） | 比較検討・料金・申込 | 受験・進路 | ブランド・指名検索,CompetitorMatrix
36377,明光 義塾 合格,CORE,代表,C27546,1,明光 義塾 合格,競合の比較検討（評判・料金）,保護者,B,カテゴリ競合×比較/評判/料金/乗換え/特性,中,③B カテゴリ競合,個別指導の明光義塾,10,,,LOW,サービス探し（家庭教師・塾・支援） | 受験・進路 | ブランド・指名検索,KWP_CompetitorKeywordSeed
35707,明光 義塾 問い合わせ,CORE,代表,C27660,1,明光 義塾 問い合わせ,競合の比較検討（評判・料金）,保護者,B,カテゴリ競合×比較/評判/料金/乗換え/特性,中,③B カテゴリ競合,個別指導の明光義塾,50,239.0,2751.0,LOW,サービス探し（家庭教師・塾・支援） | 比較検討・料金・申込 | ブランド・指名検索,KWP_CompetitorKeywordSeed
41316,武田 塾 国 公立 料金,CORE,代表,C27834,1,武田 塾 国 公立 料金,競合の比較検討（評判・料金）,保護者,B,カテゴリ競合×比較/評判/料金/乗換え/特性,中,③B カテゴリ競合,武田塾,10,,,LOW,サービス探し（家庭教師・塾・支援） | 比較検討・料金・申込 | 学校生活・不登校・学校種別 | ブランド・指名検索,KWP_CompetitorKeywordSeed
46361,境界知能 塾 大阪,CORE,代表,C28063,1,境界知能 塾 大阪,サービス探し（特性/不登校×学習支援）,保護者,A,特性/不登校×家庭教師・塾・個別,高,②顕在,,,,,UNSPECIFIED,サービス探し（家庭教師・塾・支援） | 地域・近くで探す,Google_suggest
27851,境界 知能 小学生 塾,CORE,代表,C28064,2,境界 知能 小学生 塾,サービス探し（特性/不登校×学習支援）,保護者,A,特性/不登校×家庭教師・塾・個別,高,②顕在,,,,,UNSPECIFIED,サービス探し（家庭教師・塾・支援）,KWP_KeywordSeed
36984,明光 義塾 境界 知能 料金,CORE,代表,C28065,1,明光 義塾 境界 知能 料金,競合の比較検討（評判・料金）,保護者,B,特性/不登校×家庭教師・塾・個別,高,③B カテゴリ競合,個別指導の明光義塾,,,,UNSPECIFIED,サービス探し（家庭教師・塾・支援） | 比較検討・料金・申込 | ブランド・指名検索,KWP_CompetitorKeywordSeed
40458,森 塾 境界 知能 料金,CORE,代表,C28066,1,森 塾 境界 知能 料金,競合の比較検討（評判・料金）,保護者,B,特性/不登校×家庭教師・塾・個別,高,③B カテゴリ競合,森塾,,,,UNSPECIFIED,サービス探し（家庭教師・塾・支援） | 比較検討・料金・申込 | ブランド・指名検索,KWP_CompetitorKeywordSeed
41503,武田 塾 境界 知能 料金,CORE,代表,C28067,1,武田 塾 境界 知能 料金,競合の比較検討（評判・料金）,保護者,B,特性/不登校×家庭教師・塾・個別,高,③B カテゴリ競合,武田塾,,,,UNSPECIFIED,サービス探し（家庭教師・塾・支援） | 比較検討・料金・申込 | ブランド・指名検索,KWP_CompetitorKeywordSeed
36950,明光 義塾 境界 知能,CORE,代表,C28068,1,明光 義塾 境界 知能,競合×特性/不登校対応の確認,保護者,B,特性/不登校×家庭教師・塾・個別,高,③B カテゴリ競合,個別指導の明光義塾,,,,UNSPECIFIED,サービス探し（家庭教師・塾・支援） | ブランド・指名検索,KWP_CompetitorKeywordSeed
36978,明光 義塾 境界 知能 評判,CORE,代表,C28069,1,明光 義塾 境界 知能 評判,競合の比較検討（評判・料金）,保護者,B,特性/不登校×家庭教師・塾・個別,高,③B カテゴリ競合,個別指導の明光義塾,,,,UNSPECIFIED,サービス探し（家庭教師・塾・支援） | 比較検討・料金・申込 | ブランド・指名検索,KWP_CompetitorKeywordSeed
46359,境界知能 塾 東京,CORE,代表,C28070,1,境界知能 塾 東京,サービス探し（特性/不登校×学習支援）,保護者,A,特性/不登校×家庭教師・塾・個別,高,②顕在,,,,,UNSPECIFIED,サービス探し（家庭教師・塾・支援） | 地域・近くで探す,Google_suggest
40437,森 塾 境界 知能,CORE,代表,C28071,1,森 塾 境界 知能,競合×特性/不登校対応の確認,保護者,B,特性/不登校×家庭教師・塾・個別,高,③B カテゴリ競合,森塾,,,,UNSPECIFIED,サービス探し（家庭教師・塾・支援） | ブランド・指名検索,KWP_CompetitorKeywordSeed
40452,森 塾 境界 知能 評判,CORE,代表,C28072,1,森 塾 境界 知能 評判,競合の比較検討（評判・料金）,保護者,B,特性/不登校×家庭教師・塾・個別,高,③B カテゴリ競合,森塾,,,,UNSPECIFIED,サービス探し（家庭教師・塾・支援） | 比較検討・料金・申込 | ブランド・指名検索,KWP_CompetitorKeywordSeed
41475,武田 塾 境界 知能,CORE,代表,C28073,1,武田 塾 境界 知能,競合×特性/不登校対応の確認,保護者,B,特性/不登校×家庭教師・塾・個別,高,③B カテゴリ競合,武田塾,,,,UNSPECIFIED,サービス探し（家庭教師・塾・支援） | ブランド・指名検索,KWP_CompetitorKeywordSeed
41497,武田 塾 境界 知能 評判,CORE,代表,C28074,1,武田 塾 境界 知能 評判,競合の比較検討（評判・料金）,保護者,B,特性/不登校×家庭教師・塾・個別,高,③B カテゴリ競合,武田塾,,,,UNSPECIFIED,サービス探し（家庭教師・塾・支援） | 比較検討・料金・申込 | ブランド・指名検索,KWP_CompetitorKeywordSeed
46356,境界知能 塾 無駄,CORE,代表,C28075,1,境界知能 塾 無駄,サービス探し（特性/不登校×学習支援）,保護者,A,特性/不登校×家庭教師・塾・個別,高,②顕在,,70,184.0,679.0,LOW,サービス探し（家庭教師・塾・支援） | 特性と学力・伸びしろ,Google_suggest
434,境界 知能 塾,CORE,代表,C28076,3,境界 知能 塾,サービス探し（特性/不登校×学習支援）,保護者,A,特性/不登校×家庭教師・塾・個別,高,②顕在,,140,187.0,650.0,MEDIUM,サービス探し（家庭教師・塾・支援）,KWP_KeywordSeed || KWP_UrlSeed
46360,境界知能 塾 福岡,CORE,代表,C28077,1,境界知能 塾 福岡,サービス探し（特性/不登校×学習支援）,保護者,A,特性/不登校×家庭教師・塾・個別,高,②顕在,,,,,UNSPECIFIED,サービス探し（家庭教師・塾・支援） | 地域・近くで探す,Google_suggest
27857,境界 知能 高校生 塾,CORE,代表,C28078,1,境界 知能 高校生 塾,サービス探し（特性/不登校×学習支援）,保護者,A,特性/不登校×家庭教師・塾・個別,高,②顕在,,,,,UNSPECIFIED,サービス探し（家庭教師・塾・支援）,KWP_KeywordSeed
3625,明光 義塾 小学生 夏期 講習 料金,CORE,代表,C28095,1,明光 義塾 小学生 夏期 講習 料金,競合の比較検討（評判・料金）,保護者,B,カテゴリ競合×比較/評判/料金/乗換え/特性,中,③B カテゴリ競合,個別指導の明光義塾,10,,,MEDIUM,サービス探し（家庭教師・塾・支援） | 比較検討・料金・申込 | 学習のやり方・学習課題 | ブランド・指名検索,KWP_KeywordSeed || KWP_CompetitorKeywordSeed
2608,明光 義塾 夏期 講習 料金 表,CORE,代表,C28098,1,明光 義塾 夏期 講習 料金 表,競合の比較検討（評判・料金）,保護者,B,カテゴリ競合×比較/評判/料金/乗換え/特性,中,③B カテゴリ競合,個別指導の明光義塾,260,130.0,372.0,LOW,サービス探し（家庭教師・塾・支援） | 比較検討・料金・申込 | 学習のやり方・学習課題 | ブランド・指名検索,KWP_KeywordSeed || KWP_CompetitorKeywordSeed
2488,明光 義塾 夏期 講習 料金,CORE,代表,C28099,6,明光 義塾 夏期 講習 料金,競合の比較検討（評判・料金）,保護者,B,カテゴリ競合×比較/評判/料金/乗換え/特性,中,③B カテゴリ競合,個別指導の明光義塾,590,194.0,6722.0,LOW,サービス探し（家庭教師・塾・支援） | 比較検討・料金・申込 | 学習のやり方・学習課題 | ブランド・指名検索,KWP_KeywordSeed || KWP_CompetitorKeywordSeed
3624,明光 義塾 夏期 講習 高校生 料金,CORE,代表,C28100,1,明光 義塾 夏期 講習 高校生 料金,競合の比較検討（評判・料金）,保護者,B,カテゴリ競合×比較/評判/料金/乗換え/特性,中,③B カテゴリ競合,個別指導の明光義塾,10,,,LOW,サービス探し（家庭教師・塾・支援） | 比較検討・料金・申込 | 学習のやり方・学習課題 | ブランド・指名検索,KWP_KeywordSeed || KWP_CompetitorKeywordSeed
40062,森 塾 夏期 講習 料金,CORE,代表,C28101,2,森 塾 夏期 講習 料金,競合の比較検討（評判・料金）,保護者,B,カテゴリ競合×比較/評判/料金/乗換え/特性,中,③B カテゴリ競合,森塾,210,297.0,403.0,LOW,サービス探し（家庭教師・塾・支援） | 比較検討・料金・申込 | 学習のやり方・学習課題 | ブランド・指名検索,KWP_CompetitorKeywordSeed
41362,武田 塾 夏期 講習 料金,CORE,代表,C28102,2,武田 塾 夏期 講習 料金,競合の比較検討（評判・料金）,保護者,B,カテゴリ競合×比較/評判/料金/乗換え/特性,中,③B カテゴリ競合,武田塾,70,109.0,599.0,MEDIUM,サービス探し（家庭教師・塾・支援） | 比較検討・料金・申込 | 学習のやり方・学習課題 | ブランド・指名検索,KWP_CompetitorKeywordSeed
3622,明光 義塾 夏期 講習 費用,CORE,代表,C28105,1,明光 義塾 夏期 講習 費用,競合の比較検討（評判・料金）,保護者,B,カテゴリ競合×比較/評判/料金/乗換え/特性,中,③B カテゴリ競合,個別指導の明光義塾,10,,,LOW,サービス探し（家庭教師・塾・支援） | 比較検討・料金・申込 | 学習のやり方・学習課題 | ブランド・指名検索,KWP_KeywordSeed || KWP_CompetitorKeywordSeed
3647,森 塾 夏期 講習 費用,CORE,代表,C28110,1,森 塾 夏期 講習 費用,競合の比較検討（評判・料金）,保護者,B,カテゴリ競合×比較/評判/料金/乗換え/特性,中,③B カテゴリ競合,森塾,10,,,LOW,サービス探し（家庭教師・塾・支援） | 比較検討・料金・申込 | 学習のやり方・学習課題 | ブランド・指名検索,KWP_KeywordSeed || KWP_CompetitorKeywordSeed
41317,武田 塾 夏期 講習 評判,CORE,代表,C28112,1,武田 塾 夏期 講習 評判,競合の比較検討（評判・料金）,保護者,B,カテゴリ競合×比較/評判/料金/乗換え/特性,中,③B カテゴリ競合,武田塾,10,,,UNSPECIFIED,サービス探し（家庭教師・塾・支援） | 比較検討・料金・申込 | 学習のやり方・学習課題 | ブランド・指名検索,KWP_CompetitorKeywordSeed
36429,明光 義塾 大学 実績,CORE,代表,C28154,1,明光 義塾 大学 実績,競合の比較検討（評判・料金）,保護者,B,カテゴリ競合×比較/評判/料金/乗換え/特性,中,③B カテゴリ競合,個別指導の明光義塾,10,,,LOW,サービス探し（家庭教師・塾・支援） | 比較検討・料金・申込 | 受験・進路 | ブランド・指名検索,KWP_CompetitorKeywordSeed
36771,明光 義塾 進学 実績 大学,CORE,代表,C28155,1,明光 義塾 進学 実績 大学,競合の比較検討（評判・料金）,保護者,B,カテゴリ競合×比較/評判/料金/乗換え/特性,中,③B カテゴリ競合,個別指導の明光義塾,10,,,LOW,サービス探し（家庭教師・塾・支援） | 比較検討・料金・申込 | 受験・進路 | ブランド・指名検索,KWP_CompetitorKeywordSeed
41335,武田 塾 評判 志望 大学,CORE,代表,C28156,1,武田 塾 評判 志望 大学,競合の比較検討（評判・料金）,保護者,B,カテゴリ競合×比較/評判/料金/乗換え/特性,中,③B カテゴリ競合,武田塾,0,,,UNSPECIFIED,サービス探し（家庭教師・塾・支援） | 比較検討・料金・申込 | 受験・進路 | ブランド・指名検索,KWP_CompetitorKeywordSeed
40269,森 塾 大森 評判,CORE,代表,C28193,1,森 塾 大森 評判,競合の比較検討（評判・料金）,保護者,B,カテゴリ競合×比較/評判/料金/乗換え/特性,中,③B カテゴリ競合,森塾,10,,,UNSPECIFIED,サービス探し（家庭教師・塾・支援） | 比較検討・料金・申込 | ブランド・指名検索,KWP_CompetitorKeywordSeed
46130,学習障害 塾 大阪,CORE,代表,C28221,1,学習障害 塾 大阪,サービス探し（特性/不登校×学習支援）,保護者,A,特性/不登校×家庭教師・塾・個別,高,②顕在,,10,214.0,993.0,HIGH,サービス探し（家庭教師・塾・支援） | 地域・近くで探す,Google_suggest
36927,明光 義塾 失敗,CORE,代表,C28241,1,明光 義塾 失敗,競合の不満・乗り換え,保護者,B,カテゴリ競合×比較/評判/料金/乗換え/特性,中,③B カテゴリ競合,個別指導の明光義塾,,,,UNSPECIFIED,サービス探し（家庭教師・塾・支援） | 比較検討・料金・申込 | ブランド・指名検索,KWP_CompetitorKeywordSeed
40411,森 塾 失敗,CORE,代表,C28242,1,森 塾 失敗,競合の不満・乗り換え,保護者,B,カテゴリ競合×比較/評判/料金/乗換え/特性,中,③B カテゴリ競合,森塾,,,,UNSPECIFIED,サービス探し（家庭教師・塾・支援） | 比較検討・料金・申込 | ブランド・指名検索,KWP_CompetitorKeywordSeed
41445,武田 塾 失敗,CORE,代表,C28243,2,武田 塾 失敗,競合の不満・乗り換え,保護者,B,カテゴリ競合×比較/評判/料金/乗換え/特性,中,③B カテゴリ競合,武田塾,20,,,LOW,サービス探し（家庭教師・塾・支援） | 比較検討・料金・申込 | ブランド・指名検索,KWP_CompetitorKeywordSeed
46330,学習障害 塾 家庭教師,CORE,代表,C28284,1,学習障害 塾 家庭教師,サービス探し（特性/不登校×学習支援）,保護者,A,特性/不登校×家庭教師・塾・個別,高,②顕在,,,,,UNSPECIFIED,サービス探し（家庭教師・塾・支援）,Google_suggest
83,学習 障害 塾 小学生,CORE,代表,C28287,5,学習 障害 塾 小学生,サービス探し（特性/不登校×学習支援）,保護者,A,特性/不登校×家庭教師・塾・個別,高,②顕在,,70,253.0,1176.0,HIGH,サービス探し（家庭教師・塾・支援）,KWP_KeywordSeed || KWP_UrlSeed
76,発達 障害 学習 支援 塾,CORE,代表,C28290,1,発達 障害 学習 支援 塾,サービス探し（特性/不登校×学習支援）,保護者,A,特性/不登校×家庭教師・塾・個別,高,②顕在,,20,106.0,566.0,MEDIUM,サービス探し（家庭教師・塾・支援）,KWP_KeywordSeed || KWP_UrlSeed
36982,明光 義塾 ld 料金,CORE,代表,C28292,2,明光 義塾 ld 料金,競合の比較検討（評判・料金）,保護者,B,特性/不登校×家庭教師・塾・個別,高,③B カテゴリ競合,個別指導の明光義塾,,,,UNSPECIFIED,サービス探し（家庭教師・塾・支援） | 比較検討・料金・申込 | ブランド・指名検索,KWP_CompetitorKeywordSeed
40456,森 塾 ld 料金,CORE,代表,C28293,2,森 塾 ld 料金,競合の比較検討（評判・料金）,保護者,B,特性/不登校×家庭教師・塾・個別,高,③B カテゴリ競合,森塾,,,,UNSPECIFIED,サービス探し（家庭教師・塾・支援） | 比較検討・料金・申込 | ブランド・指名検索,KWP_CompetitorKeywordSeed
41501,武田 塾 ld 料金,CORE,代表,C28294,2,武田 塾 ld 料金,競合の比較検討（評判・料金）,保護者,B,特性/不登校×家庭教師・塾・個別,高,③B カテゴリ競合,武田塾,,,,UNSPECIFIED,サービス探し（家庭教師・塾・支援） | 比較検討・料金・申込 | ブランド・指名検索,KWP_CompetitorKeywordSeed
46771,学習障害 塾 料金,CORE,代表,C28295,1,学習障害 塾 料金,サービス探し（特性/不登校×学習支援）,保護者,A,特性/不登校×家庭教師・塾・個別,高,②顕在,,,,,UNSPECIFIED,サービス探し（家庭教師・塾・支援） | 比較検討・料金・申込,Google_suggest
36976,明光 義塾 ld 評判,CORE,代表,C28298,2,明光 義塾 ld 評判,競合の比較検討（評判・料金）,保護者,B,特性/不登校×家庭教師・塾・個別,高,③B カテゴリ競合,個別指導の明光義塾,,,,UNSPECIFIED,サービス探し（家庭教師・塾・支援） | 比較検討・料金・申込 | ブランド・指名検索,KWP_CompetitorKeywordSeed
36948,明光 義塾 ld,CORE,代表,C28299,2,明光 義塾 ld,競合×特性/不登校対応の確認,保護者,B,特性/不登校×家庭教師・塾・個別,高,③B カテゴリ競合,個別指導の明光義塾,,,,UNSPECIFIED,サービス探し（家庭教師・塾・支援） | ブランド・指名検索,KWP_CompetitorKeywordSeed
14740,学習 障害 塾 東京,CORE,代表,C28301,3,学習 障害 塾 東京,サービス探し（特性/不登校×学習支援）,保護者,A,特性/不登校×家庭教師・塾・個別,高,②顕在,,30,439.0,1203.0,HIGH,サービス探し（家庭教師・塾・支援） | 地域・近くで探す,KWP_UrlSeed
40450,森 塾 ld 評判,CORE,代表,C28302,2,森 塾 ld 評判,競合の比較検討（評判・料金）,保護者,B,特性/不登校×家庭教師・塾・個別,高,③B カテゴリ競合,森塾,,,,UNSPECIFIED,サービス探し（家庭教師・塾・支援） | 比較検討・料金・申込 | ブランド・指名検索,KWP_CompetitorKeywordSeed
40435,森 塾 ld,CORE,代表,C28303,2,森 塾 ld,競合×特性/不登校対応の確認,保護者,B,特性/不登校×家庭教師・塾・個別,高,③B カテゴリ競合,森塾,,,,UNSPECIFIED,サービス探し（家庭教師・塾・支援） | ブランド・指名検索,KWP_CompetitorKeywordSeed
41495,武田 塾 ld 評判,CORE,代表,C28306,2,武田 塾 ld 評判,競合の比較検討（評判・料金）,保護者,B,特性/不登校×家庭教師・塾・個別,高,③B カテゴリ競合,武田塾,,,,UNSPECIFIED,サービス探し（家庭教師・塾・支援） | 比較検討・料金・申込 | ブランド・指名検索,KWP_CompetitorKeywordSeed
41473,武田 塾 ld,CORE,代表,C28307,2,武田 塾 ld,競合×特性/不登校対応の確認,保護者,B,特性/不登校×家庭教師・塾・個別,高,③B カテゴリ競合,武田塾,,,,UNSPECIFIED,サービス探し（家庭教師・塾・支援） | ブランド・指名検索,KWP_CompetitorKeywordSeed
93,学習 塾 発達 障害,CORE,代表,C28311,1,学習 塾 発達 障害,サービス探し（特性/不登校×学習支援）,保護者,A,特性/不登校×家庭教師・塾・個別,高,②顕在,,210,151.0,646.0,HIGH,サービス探し（家庭教師・塾・支援）,KWP_KeywordSeed || KWP_UrlSeed
101,軽度 知 的 障害 学習 塾,CORE,代表,C28312,1,軽度 知 的 障害 学習 塾,サービス探し（特性/不登校×学習支援）,保護者,A,特性/不登校×家庭教師・塾・個別,高,②顕在,,10,208.0,610.0,MEDIUM,サービス探し（家庭教師・塾・支援） | 特性そのものを調べる（とは・特徴・チェック）,KWP_KeywordSeed || KWP_UrlSeed
95,知 的 障害 学習 塾,CORE,代表,C28313,1,知 的 障害 学習 塾,サービス探し（特性/不登校×学習支援）,保護者,A,特性/不登校×家庭教師・塾・個別,高,②顕在,,20,184.0,609.0,MEDIUM,サービス探し（家庭教師・塾・支援）,KWP_KeywordSeed
108,学習 障害 英語 塾,CORE,代表,C28317,1,学習 障害 英語 塾,サービス探し（特性/不登校×学習支援）,保護者,A,特性/不登校×家庭教師・塾・個別,高,②顕在,,10,,,HIGH,サービス探し（家庭教師・塾・支援） | 学習のやり方・学習課題,KWP_KeywordSeed || KWP_UrlSeed
46128,学習障害 塾 近く,CORE,代表,C28319,1,学習障害 塾 近く,サービス探し（特性/不登校×学習支援）,保護者,A,特性/不登校×家庭教師・塾・個別,高,②顕在,,,,,UNSPECIFIED,サービス探し（家庭教師・塾・支援） | 地域・近くで探す,Google_suggest
63,学習 障害 塾,CORE,代表,C28322,10,学習 障害 塾,サービス探し（特性/不登校×学習支援）,保護者,A,特性/不登校×家庭教師・塾・個別,高,②顕在,,720,230.0,1099.0,HIGH,サービス探し（家庭教師・塾・支援）,KWP_KeywordSeed || KWP_UrlSeed
27843,学習 障害 高校生 塾,CORE,代表,C28323,2,学習 障害 高校生 塾,サービス探し（特性/不登校×学習支援）,保護者,A,特性/不登校×家庭教師・塾・個別,高,②顕在,,,,,UNSPECIFIED,サービス探し（家庭教師・塾・支援）,KWP_KeywordSeed
48092,武田塾 料金 最安,CORE,代表,C28342,1,武田塾 料金 最安,競合の比較検討（評判・料金）,保護者,B,カテゴリ競合×比較/評判/料金/乗換え/特性,中,③B カテゴリ競合,武田塾,,,,UNSPECIFIED,サービス探し（家庭教師・塾・支援） | 比較検討・料金・申込 | ブランド・指名検索,Google_competitor_suggest
36453,明光 義塾 安い,CORE,代表,C28350,2,明光 義塾 安い,競合の比較検討（評判・料金）,保護者,B,カテゴリ競合×比較/評判/料金/乗換え/特性,中,③B カテゴリ競合,個別指導の明光義塾,10,,,LOW,サービス探し（家庭教師・塾・支援） | 比較検討・料金・申込 | ブランド・指名検索,KWP_CompetitorKeywordSeed
40203,森 塾 安い,CORE,代表,C28353,2,森 塾 安い,競合の比較検討（評判・料金）,保護者,B,カテゴリ競合×比較/評判/料金/乗換え/特性,中,③B カテゴリ競合,森塾,20,166.0,298.0,LOW,サービス探し（家庭教師・塾・支援） | 比較検討・料金・申込 | ブランド・指名検索,KWP_CompetitorKeywordSeed
41344,武田 塾 安い,CORE,代表,C28354,2,武田 塾 安い,競合の比較検討（評判・料金）,保護者,B,カテゴリ競合×比較/評判/料金/乗換え/特性,中,③B カテゴリ競合,武田塾,20,288.0,1077.0,MEDIUM,サービス探し（家庭教師・塾・支援） | 比較検討・料金・申込 | ブランド・指名検索,KWP_CompetitorKeywordSeed
35848,明光 義塾 実績,CORE,代表,C28369,1,明光 義塾 実績,競合の比較検討（評判・料金）,保護者,B,カテゴリ競合×比較/評判/料金/乗換え/特性,中,③B カテゴリ競合,個別指導の明光義塾,50,,,LOW,サービス探し（家庭教師・塾・支援） | 比較検討・料金・申込 | ブランド・指名検索,KWP_CompetitorKeywordSeed
35871,明光 義塾 進学 実績,CORE,代表,C28370,1,明光 義塾 進学 実績,競合の比較検討（評判・料金）,保護者,B,カテゴリ競合×比較/評判/料金/乗換え/特性,中,③B カテゴリ競合,個別指導の明光義塾,90,67.0,457.0,LOW,サービス探し（家庭教師・塾・支援） | 比較検討・料金・申込 | 受験・進路 | ブランド・指名検索,KWP_CompetitorKeywordSeed
36772,明光 義塾 進学 実績 高校,CORE,代表,C28371,1,明光 義塾 進学 実績 高校,競合の比較検討（評判・料金）,保護者,B,カテゴリ競合×比較/評判/料金/乗換え/特性,中,③B カテゴリ競合,個別指導の明光義塾,20,,,LOW,サービス探し（家庭教師・塾・支援） | 比較検討・料金・申込 | 受験・進路 | ブランド・指名検索,KWP_CompetitorKeywordSeed
3222,明光 義塾 自習 室 料金,CORE,代表,C28372,1,明光 義塾 自習 室 料金,競合の比較検討（評判・料金）,保護者,B,カテゴリ競合×比較/評判/料金/乗換え/特性,中,③B カテゴリ競合,個別指導の明光義塾,30,,,LOW,サービス探し（家庭教師・塾・支援） | 比較検討・料金・申込 | 学習のやり方・学習課題 | ブランド・指名検索,KWP_KeywordSeed || KWP_CompetitorKeywordSeed
41395,武田 塾 自習 室 料金,CORE,代表,C28373,1,武田 塾 自習 室 料金,競合の比較検討（評判・料金）,保護者,B,カテゴリ競合×比較/評判/料金/乗換え/特性,中,③B カテゴリ競合,武田塾,10,,,MEDIUM,サービス探し（家庭教師・塾・支援） | 比較検討・料金・申込 | 学習のやり方・学習課題 | ブランド・指名検索,KWP_CompetitorKeywordSeed
41338,武田 塾 評判 自習 室,CORE,代表,C28375,1,武田 塾 評判 自習 室,競合の比較検討（評判・料金）,保護者,B,カテゴリ競合×比較/評判/料金/乗換え/特性,中,③B カテゴリ競合,武田塾,10,,,UNSPECIFIED,サービス探し（家庭教師・塾・支援） | 比較検討・料金・申込 | 学習のやり方・学習課題 | ブランド・指名検索,KWP_CompetitorKeywordSeed
36906,明光 義塾 英 検 対策 講座 料金,CORE,代表,C28434,1,明光 義塾 英 検 対策 講座 料金,競合の比較検討（評判・料金）,保護者,B,カテゴリ競合×比較/評判/料金/乗換え/特性,中,③B カテゴリ競合,個別指導の明光義塾,30,92.0,527.0,MEDIUM,サービス探し（家庭教師・塾・支援） | 比較検討・料金・申込 | 学習のやり方・学習課題 | ブランド・指名検索,KWP_CompetitorKeywordSeed
2913,明光 義塾 小学生 料金,CORE,代表,C28470,3,明光 義塾 小学生 料金,競合の比較検討（評判・料金）,保護者,B,カテゴリ競合×比較/評判/料金/乗換え/特性,中,③B カテゴリ競合,個別指導の明光義塾,210,138.0,6112.0,LOW,サービス探し（家庭教師・塾・支援） | 比較検討・料金・申込 | ブランド・指名検索,KWP_KeywordSeed || KWP_CompetitorKeywordSeed
40206,森 塾 小学生 料金,CORE,代表,C28471,2,森 塾 小学生 料金,競合の比較検討（評判・料金）,保護者,B,カテゴリ競合×比較/評判/料金/乗換え/特性,中,③B カテゴリ競合,森塾,90,202.0,301.0,LOW,サービス探し（家庭教師・塾・支援） | 比較検討・料金・申込 | ブランド・指名検索,KWP_CompetitorKeywordSeed
41396,武田 塾 小学生 料金,CORE,代表,C28472,2,武田 塾 小学生 料金,競合の比較検討（評判・料金）,保護者,B,カテゴリ競合×比較/評判/料金/乗換え/特性,中,③B カテゴリ競合,武田塾,40,168.0,483.0,MEDIUM,サービス探し（家庭教師・塾・支援） | 比較検討・料金・申込 | ブランド・指名検索,KWP_CompetitorKeywordSeed
48077,武田塾 評判 小学生,CORE,代表,C28495,1,武田塾 評判 小学生,競合の比較検討（評判・料金）,保護者,B,カテゴリ競合×比較/評判/料金/乗換え/特性,中,③B カテゴリ競合,武田塾,,,,UNSPECIFIED,サービス探し（家庭教師・塾・支援） | 比較検討・料金・申込 | ブランド・指名検索,Google_competitor_suggest
45074,発達障害 塾 小学生,CORE,代表,C28516,2,発達障害 塾 小学生,サービス探し（特性/不登校×学習支援）,保護者,A,特性/不登校×家庭教師・塾・個別,高,②顕在,,,,,UNSPECIFIED,サービス探し（家庭教師・塾・支援）,Google_related_search || Google_suggest
47391,自閉症 小学生 塾,CORE,代表,C28530,1,自閉症 小学生 塾,サービス探し（特性/不登校×学習支援）,保護者,A,特性/不登校×家庭教師・塾・個別,高,②顕在,,,,,UNSPECIFIED,サービス探し（家庭教師・塾・支援）,Google_suggest
41383,武田 塾 小論文 料金,CORE,代表,C28581,1,武田 塾 小論文 料金,競合の比較検討（評判・料金）,保護者,B,カテゴリ競合×比較/評判/料金/乗換え/特性,中,③B カテゴリ競合,武田塾,10,197.0,812.0,HIGH,サービス探し（家庭教師・塾・支援） | 比較検討・料金・申込 | ブランド・指名検索,KWP_CompetitorKeywordSeed
41397,武田 塾 料金 年間,CORE,代表,C28694,1,武田 塾 料金 年間,競合の比較検討（評判・料金）,保護者,B,カテゴリ競合×比較/評判/料金/乗換え/特性,中,③B カテゴリ競合,武田塾,10,200.0,362.0,MEDIUM,サービス探し（家庭教師・塾・支援） | 比較検討・料金・申込 | ブランド・指名検索,KWP_CompetitorKeywordSeed
41363,武田 塾 年間 費用,CORE,代表,C28695,1,武田 塾 年間 費用,競合の比較検討（評判・料金）,保護者,B,カテゴリ競合×比較/評判/料金/乗換え/特性,中,③B カテゴリ競合,武田塾,90,156.0,474.0,MEDIUM,サービス探し（家庭教師・塾・支援） | 比較検討・料金・申込 | ブランド・指名検索,KWP_CompetitorKeywordSeed
36928,明光 義塾 後悔,CORE,代表,C28716,1,明光 義塾 後悔,競合の不満・乗り換え,保護者,B,カテゴリ競合×比較/評判/料金/乗換え/特性,中,③B カテゴリ競合,個別指導の明光義塾,,,,UNSPECIFIED,サービス探し（家庭教師・塾・支援） | 比較検討・料金・申込 | ブランド・指名検索,KWP_CompetitorKeywordSeed
40412,森 塾 後悔,CORE,代表,C28717,1,森 塾 後悔,競合の不満・乗り換え,保護者,B,カテゴリ競合×比較/評判/料金/乗換え/特性,中,③B カテゴリ競合,森塾,,,,UNSPECIFIED,サービス探し（家庭教師・塾・支援） | 比較検討・料金・申込 | ブランド・指名検索,KWP_CompetitorKeywordSeed
41446,武田 塾 後悔,CORE,代表,C28718,2,武田 塾 後悔,競合の不満・乗り換え,保護者,B,カテゴリ競合×比較/評判/料金/乗換え/特性,中,③B カテゴリ競合,武田塾,140,60.0,497.0,LOW,サービス探し（家庭教師・塾・支援） | 比較検討・料金・申込 | ブランド・指名検索,KWP_CompetitorKeywordSeed
41292,武田 塾 御茶ノ水 評判,CORE,代表,C28732,1,武田 塾 御茶ノ水 評判,競合の比較検討（評判・料金）,保護者,B,カテゴリ競合×比較/評判/料金/乗換え/特性,中,③B カテゴリ競合,武田塾,10,,,LOW,サービス探し（家庭教師・塾・支援） | 比較検討・料金・申込 | ブランド・指名検索,KWP_CompetitorKeywordSeed
36926,明光 義塾 怪しい,CORE,代表,C28759,1,明光 義塾 怪しい,競合の不満・乗り換え,保護者,B,カテゴリ競合×比較/評判/料金/乗換え/特性,中,③B カテゴリ競合,個別指導の明光義塾,,,,UNSPECIFIED,サービス探し（家庭教師・塾・支援） | 比較検討・料金・申込 | ブランド・指名検索,KWP_CompetitorKeywordSeed
40410,森 塾 怪しい,CORE,代表,C28760,1,森 塾 怪しい,競合の不満・乗り換え,保護者,B,カテゴリ競合×比較/評判/料金/乗換え/特性,中,③B カテゴリ競合,森塾,,,,UNSPECIFIED,サービス探し（家庭教師・塾・支援） | 比較検討・料金・申込 | ブランド・指名検索,KWP_CompetitorKeywordSeed
41162,武田 塾 怪しい,CORE,代表,C28761,2,武田 塾 怪しい,競合の不満・乗り換え,保護者,B,カテゴリ競合×比較/評判/料金/乗換え/特性,中,③B カテゴリ競合,武田塾,40,,,LOW,サービス探し（家庭教師・塾・支援） | 比較検討・料金・申込 | ブランド・指名検索,KWP_CompetitorKeywordSeed
36894,明光 義塾 評判 悪い,CORE,代表,C28768,2,明光 義塾 評判 悪い,競合の比較検討（評判・料金）,保護者,B,カテゴリ競合×比較/評判/料金/乗換え/特性,中,③B カテゴリ競合,個別指導の明光義塾,30,,,LOW,サービス探し（家庭教師・塾・支援） | 比較検討・料金・申込 | ブランド・指名検索,KWP_CompetitorKeywordSeed
48075,武田塾 評判の悪い校舎,CORE,代表,C28769,2,武田塾 評判の悪い校舎,競合の比較検討（評判・料金）,保護者,B,カテゴリ競合×比較/評判/料金/乗換え/特性,中,③B カテゴリ競合,武田塾,,,,UNSPECIFIED,サービス探し（家庭教師・塾・支援） | 比較検討・料金・申込 | ブランド・指名検索,Google_competitor_suggest
40388,森 塾 評判 悪い,CORE,代表,C28770,2,森 塾 評判 悪い,競合の比較検討（評判・料金）,保護者,B,カテゴリ競合×比較/評判/料金/乗換え/特性,中,③B カテゴリ競合,森塾,110,,,LOW,サービス探し（家庭教師・塾・支援） | 比較検討・料金・申込 | ブランド・指名検索,KWP_CompetitorKeywordSeed
41336,武田 塾 評判 悪い,CORE,代表,C28771,2,武田 塾 評判 悪い,競合の比較検討（評判・料金）,保護者,B,カテゴリ競合×比較/評判/料金/乗換え/特性,中,③B カテゴリ競合,武田塾,50,,,LOW,サービス探し（家庭教師・塾・支援） | 比較検討・料金・申込 | ブランド・指名検索,KWP_CompetitorKeywordSeed
36897,明光 義塾 感想,CORE,代表,C28785,1,明光 義塾 感想,競合の比較検討（評判・料金）,保護者,B,カテゴリ競合×比較/評判/料金/乗換え/特性,中,③B カテゴリ競合,個別指導の明光義塾,,,,UNSPECIFIED,サービス探し（家庭教師・塾・支援） | 比較検討・料金・申込 | ブランド・指名検索,KWP_CompetitorKeywordSeed
40391,森 塾 感想,CORE,代表,C28786,1,森 塾 感想,競合の比較検討（評判・料金）,保護者,B,カテゴリ競合×比較/評判/料金/乗換え/特性,中,③B カテゴリ競合,森塾,,,,UNSPECIFIED,サービス探し（家庭教師・塾・支援） | 比較検討・料金・申込 | ブランド・指名検索,KWP_CompetitorKeywordSeed
41279,武田 塾 感想,CORE,代表,C28787,2,武田 塾 感想,競合の比較検討（評判・料金）,保護者,B,カテゴリ競合×比較/評判/料金/乗換え/特性,中,③B カテゴリ競合,武田塾,10,,,LOW,サービス探し（家庭教師・塾・支援） | 比較検討・料金・申込 | ブランド・指名検索,KWP_CompetitorKeywordSeed
643,登校 拒否 塾,CORE,代表,C28816,1,登校 拒否 塾,サービス探し（特性/不登校×学習支援）,保護者,A,特性/不登校×家庭教師・塾・個別,高,②顕在,,10,,,HIGH,サービス探し（家庭教師・塾・支援） | 学校生活・不登校・学校種別,KWP_KeywordSeed
3605,授業 料 明光 義塾 料金,CORE,代表,C28825,1,授業 料 明光 義塾 料金,競合の比較検討（評判・料金）,保護者,B,カテゴリ競合×比較/評判/料金/乗換え/特性,中,③B カテゴリ競合,個別指導の明光義塾,10,,,LOW,サービス探し（家庭教師・塾・支援） | 比較検討・料金・申込 | 学習のやり方・学習課題 | ブランド・指名検索,KWP_KeywordSeed || KWP_CompetitorKeywordSeed
3626,明光 義塾 授業 料 高い,CORE,代表,C28827,1,明光 義塾 授業 料 高い,競合の比較検討（評判・料金）,保護者,B,カテゴリ競合×比較/評判/料金/乗換え/特性,中,③B カテゴリ競合,個別指導の明光義塾,10,,,LOW,サービス探し（家庭教師・塾・支援） | 比較検討・料金・申込 | 学習のやり方・学習課題 | ブランド・指名検索,KWP_KeywordSeed || KWP_CompetitorKeywordSeed
40285,森 塾 授業 料 知恵袋,CORE,代表,C28830,1,森 塾 授業 料 知恵袋,競合の比較検討（評判・料金）,保護者,B,カテゴリ競合×比較/評判/料金/乗換え/特性,中,③B カテゴリ競合,森塾,110,,,LOW,サービス探し（家庭教師・塾・支援） | 比較検討・料金・申込 | 学習のやり方・学習課題 | ブランド・指名検索,KWP_CompetitorKeywordSeed
3153,明光 義塾 映像 授業 料金,CORE,代表,C28833,1,明光 義塾 映像 授業 料金,競合の比較検討（評判・料金）,保護者,B,カテゴリ競合×比較/評判/料金/乗換え/特性,中,③B カテゴリ競合,個別指導の明光義塾,20,,,LOW,サービス探し（家庭教師・塾・支援） | 比較検討・料金・申込 | 学習のやり方・学習課題 | ブランド・指名検索,KWP_KeywordSeed || KWP_CompetitorKeywordSeed
36889,明光 義塾 映像 授業 評判,CORE,代表,C28834,1,明光 義塾 映像 授業 評判,競合の比較検討（評判・料金）,保護者,B,カテゴリ競合×比較/評判/料金/乗換え/特性,中,③B カテゴリ競合,個別指導の明光義塾,10,,,MEDIUM,サービス探し（家庭教師・塾・支援） | 比較検討・料金・申込 | 学習のやり方・学習課題 | ブランド・指名検索,KWP_CompetitorKeywordSeed
41391,武田 塾 独学 支援 特訓 料金,CORE,代表,C28844,1,武田 塾 独学 支援 特訓 料金,競合の比較検討（評判・料金）,保護者,B,カテゴリ競合×比較/評判/料金/乗換え/特性,中,③B カテゴリ競合,武田塾,50,108.0,330.0,LOW,サービス探し（家庭教師・塾・支援） | 比較検討・料金・申込 | 学習のやり方・学習課題 | ブランド・指名検索,KWP_CompetitorKeywordSeed
73,発達 支援 塾,CORE,代表,C28846,1,発達 支援 塾,サービス探し（特性/不登校×学習支援）,保護者,A,特性/不登校×家庭教師・塾・個別,高,②顕在,,50,219.0,785.0,HIGH,サービス探し（家庭教師・塾・支援）,KWP_KeywordSeed || KWP_UrlSeed
3361,明光 義塾 教科 料金,CORE,代表,C29054,1,明光 義塾 教科 料金,競合の比較検討（評判・料金）,保護者,B,カテゴリ競合×比較/評判/料金/乗換え/特性,中,③B カテゴリ競合,個別指導の明光義塾,10,,,LOW,サービス探し（家庭教師・塾・支援） | 比較検討・料金・申込 | ブランド・指名検索,KWP_KeywordSeed || KWP_CompetitorKeywordSeed
36904,明光 塾 月謝,CORE,代表,C29087,2,明光 塾 月謝,競合の比較検討（評判・料金）,保護者,B,カテゴリ競合×比較/評判/料金/乗換え/特性,中,③B カテゴリ競合,個別指導の明光義塾,20,101.0,429.0,MEDIUM,サービス探し（家庭教師・塾・支援） | 比較検討・料金・申込 | ブランド・指名検索,KWP_CompetitorKeywordSeed
36853,明光 義塾 春期 講習 料金,CORE,代表,C29088,2,明光 義塾 春期 講習 料金,競合の比較検討（評判・料金）,保護者,B,カテゴリ競合×比較/評判/料金/乗換え/特性,中,③B カテゴリ競合,個別指導の明光義塾,90,,,LOW,サービス探し（家庭教師・塾・支援） | 比較検討・料金・申込 | 学習のやり方・学習課題 | ブランド・指名検索,KWP_CompetitorKeywordSeed
35825,明光 義塾 料金 知恵袋,CORE,代表,C29089,2,明光 義塾 料金 知恵袋,競合の比較検討（評判・料金）,保護者,B,カテゴリ競合×比較/評判/料金/乗換え/特性,中,③B カテゴリ競合,個別指導の明光義塾,50,,,LOW,サービス探し（家庭教師・塾・支援） | 比較検討・料金・申込 | ブランド・指名検索,KWP_CompetitorKeywordSeed
36917,明光 義塾 料金 諸 経費,CORE,代表,C29090,1,明光 義塾 料金 諸 経費,競合の比較検討（評判・料金）,保護者,B,カテゴリ競合×比較/評判/料金/乗換え/特性,中,③B カテゴリ競合,個別指導の明光義塾,10,,,LOW,サービス探し（家庭教師・塾・支援） | 比較検討・料金・申込 | ブランド・指名検索,KWP_CompetitorKeywordSeed
35628,明光 義塾 料金,CORE,代表,C29091,11,明光 義塾 料金,競合の比較検討（評判・料金）,保護者,B,カテゴリ競合×比較/評判/料金/乗換え/特性,中,③B カテゴリ競合,個別指導の明光義塾,5400,104.0,312.0,LOW,サービス探し（家庭教師・塾・支援） | 比較検討・料金・申込 | ブランド・指名検索,KWP_CompetitorKeywordSeed
35972,明光 義塾 英語 料金,CORE,代表,C29092,1,明光 義塾 英語 料金,競合の比較検討（評判・料金）,保護者,B,カテゴリ競合×比較/評判/料金/乗換え/特性,中,③B カテゴリ競合,個別指導の明光義塾,10,,,LOW,サービス探し（家庭教師・塾・支援） | 比較検討・料金・申込 | 学習のやり方・学習課題 | ブランド・指名検索,KWP_CompetitorKeywordSeed
36900,明光 義塾 料金 表,CORE,代表,C29093,2,明光 義塾 料金 表,競合の比較検討（評判・料金）,保護者,B,カテゴリ競合×比較/評判/料金/乗換え/特性,中,③B カテゴリ競合,個別指導の明光義塾,720,112.0,315.0,LOW,サービス探し（家庭教師・塾・支援） | 比較検討・料金・申込 | ブランド・指名検索,KWP_CompetitorKeywordSeed
2854,明光 義塾 料金 諸 費用,CORE,代表,C29094,2,明光 義塾 料金 諸 費用,競合の比較検討（評判・料金）,保護者,B,カテゴリ競合×比較/評判/料金/乗換え/特性,中,③B カテゴリ競合,個別指導の明光義塾,70,107.0,6277.0,LOW,サービス探し（家庭教師・塾・支援） | 比較検討・料金・申込 | ブランド・指名検索,KWP_KeywordSeed || KWP_CompetitorKeywordSeed
3630,明光 義塾 講習 料金,CORE,代表,C29095,1,明光 義塾 講習 料金,競合の比較検討（評判・料金）,保護者,B,カテゴリ競合×比較/評判/料金/乗換え/特性,中,③B カテゴリ競合,個別指導の明光義塾,10,,,LOW,サービス探し（家庭教師・塾・支援） | 比較検討・料金・申込 | 学習のやり方・学習課題 | ブランド・指名検索,KWP_KeywordSeed || KWP_CompetitorKeywordSeed
2523,明光 義塾 料金 高い,CORE,代表,C29096,3,明光 義塾 料金 高い,競合の比較検討（評判・料金）,保護者,B,カテゴリ競合×比較/評判/料金/乗換え/特性,中,③B カテゴリ競合,個別指導の明光義塾,260,98.0,407.0,LOW,サービス探し（家庭教師・塾・支援） | 比較検討・料金・申込 | ブランド・指名検索,KWP_KeywordSeed || KWP_CompetitorKeywordSeed
2569,明光 義塾 高校生 料金,CORE,代表,C29097,4,明光 義塾 高校生 料金,競合の比較検討（評判・料金）,保護者,B,カテゴリ競合×比較/評判/料金/乗換え/特性,中,③B カテゴリ競合,個別指導の明光義塾,260,125.0,3714.0,LOW,サービス探し（家庭教師・塾・支援） | 比較検討・料金・申込 | ブランド・指名検索,KWP_KeywordSeed || KWP_CompetitorKeywordSeed
40400,森 塾 春期 講習 値段,CORE,代表,C29098,1,森 塾 春期 講習 値段,競合の比較検討（評判・料金）,保護者,B,カテゴリ競合×比較/評判/料金/乗換え/特性,中,③B カテゴリ競合,森塾,10,,,UNSPECIFIED,サービス探し（家庭教師・塾・支援） | 比較検討・料金・申込 | 学習のやり方・学習課題 | ブランド・指名検索,KWP_CompetitorKeywordSeed
40053,森 塾 料金,CORE,代表,C29101,8,森 塾 料金,競合の比較検討（評判・料金）,保護者,B,カテゴリ競合×比較/評判/料金/乗換え/特性,中,③B カテゴリ競合,森塾,720,173.0,301.0,LOW,サービス探し（家庭教師・塾・支援） | 比較検討・料金・申込 | ブランド・指名検索,KWP_CompetitorKeywordSeed
40362,森 塾 料金 知恵袋,CORE,代表,C29102,1,森 塾 料金 知恵袋,競合の比較検討（評判・料金）,保護者,B,カテゴリ競合×比較/評判/料金/乗換え/特性,中,③B カテゴリ競合,森塾,10,,,LOW,サービス探し（家庭教師・塾・支援） | 比較検討・料金・申込 | ブランド・指名検索,KWP_CompetitorKeywordSeed
40060,森 塾 料金 表,CORE,代表,C29103,3,森 塾 料金 表,競合の比較検討（評判・料金）,保護者,B,カテゴリ競合×比較/評判/料金/乗換え/特性,中,③B カテゴリ競合,森塾,320,114.0,238.0,LOW,サービス探し（家庭教師・塾・支援） | 比較検討・料金・申込 | ブランド・指名検索,KWP_CompetitorKeywordSeed
40395,森 塾 料金 高い,CORE,代表,C29104,2,森 塾 料金 高い,競合の比較検討（評判・料金）,保護者,B,カテゴリ競合×比較/評判/料金/乗換え/特性,中,③B カテゴリ競合,森塾,170,,,LOW,サービス探し（家庭教師・塾・支援） | 比較検討・料金・申込 | ブランド・指名検索,KWP_CompetitorKeywordSeed
40090,森 塾 高校生 料金,CORE,代表,C29105,2,森 塾 高校生 料金,競合の比較検討（評判・料金）,保護者,B,カテゴリ競合×比較/評判/料金/乗換え/特性,中,③B カテゴリ競合,森塾,140,145.0,326.0,MEDIUM,サービス探し（家庭教師・塾・支援） | 比較検討・料金・申込 | ブランド・指名検索,KWP_CompetitorKeywordSeed
41341,武田 塾 料金,CORE,代表,C29106,9,武田 塾 料金,競合の比較検討（評判・料金）,保護者,B,カテゴリ競合×比較/評判/料金/乗換え/特性,中,③B カテゴリ競合,武田塾,9900,149.0,703.0,MEDIUM,サービス探し（家庭教師・塾・支援） | 比較検討・料金・申込 | ブランド・指名検索,KWP_CompetitorKeywordSeed
41415,武田 塾 料金 比較,CORE,代表,C29107,1,武田 塾 料金 比較,競合の比較検討（評判・料金）,保護者,B,カテゴリ競合×比較/評判/料金/乗換え/特性,中,③B カテゴリ競合,武田塾,40,114.0,388.0,MEDIUM,サービス探し（家庭教師・塾・支援） | 比較検討・料金・申込 | ブランド・指名検索,KWP_CompetitorKeywordSeed
41416,武田 塾 料金 申し込み,CORE,代表,C29108,1,武田 塾 料金 申し込み,競合の比較検討（評判・料金）,保護者,B,カテゴリ競合×比較/評判/料金/乗換え/特性,中,③B カテゴリ競合,武田塾,10,,,UNSPECIFIED,サービス探し（家庭教師・塾・支援） | 比較検討・料金・申込 | ブランド・指名検索,KWP_CompetitorKeywordSeed
48088,武田塾 料金 知恵袋,CORE,代表,C29109,1,武田塾 料金 知恵袋,競合の比較検討（評判・料金）,保護者,B,カテゴリ競合×比較/評判/料金/乗換え/特性,中,③B カテゴリ競合,武田塾,320,195.0,712.0,LOW,サービス探し（家庭教師・塾・支援） | 比較検討・料金・申込 | ブランド・指名検索,Google_competitor_suggest
41419,武田 塾 義務 自習 料金,CORE,代表,C29110,1,武田 塾 義務 自習 料金,競合の比較検討（評判・料金）,保護者,B,カテゴリ競合×比較/評判/料金/乗換え/特性,中,③B カテゴリ競合,武田塾,10,140.0,297.0,MEDIUM,サービス探し（家庭教師・塾・支援） | 比較検討・料金・申込 | 学習のやり方・学習課題 | ブランド・指名検索,KWP_CompetitorKeywordSeed
41345,武田 塾 料金 表,CORE,代表,C29111,2,武田 塾 料金 表,競合の比較検討（評判・料金）,保護者,B,カテゴリ競合×比較/評判/料金/乗換え/特性,中,③B カテゴリ競合,武田塾,720,142.0,500.0,MEDIUM,サービス探し（家庭教師・塾・支援） | 比較検討・料金・申込 | ブランド・指名検索,KWP_CompetitorKeywordSeed
41426,費用 武田 塾 料金 表,CORE,代表,C29112,1,費用 武田 塾 料金 表,競合の比較検討（評判・料金）,保護者,B,カテゴリ競合×比較/評判/料金/乗換え/特性,中,③B カテゴリ競合,武田塾,10,,,LOW,サービス探し（家庭教師・塾・支援） | 比較検討・料金・申込 | ブランド・指名検索,KWP_CompetitorKeywordSeed
41359,武田 塾 料金 高い,CORE,代表,C29113,2,武田 塾 料金 高い,競合の比較検討（評判・料金）,保護者,B,カテゴリ競合×比較/評判/料金/乗換え/特性,中,③B カテゴリ競合,武田塾,140,151.0,493.0,MEDIUM,サービス探し（家庭教師・塾・支援） | 比較検討・料金・申込 | ブランド・指名検索,KWP_CompetitorKeywordSeed
41350,武田 塾 料金 高校生,CORE,代表,C29114,3,武田 塾 料金 高校生,競合の比較検討（評判・料金）,保護者,B,カテゴリ競合×比較/評判/料金/乗換え/特性,中,③B カテゴリ競合,武田塾,140,144.0,554.0,MEDIUM,サービス探し（家庭教師・塾・支援） | 比較検討・料金・申込 | ブランド・指名検索,KWP_CompetitorKeywordSeed
46134,発達障害 塾 料金,CORE,代表,C29118,1,発達障害 塾 料金,サービス探し（特性/不登校×学習支援）,保護者,A,特性/不登校×家庭教師・塾・個別,高,②顕在,,,,,UNSPECIFIED,サービス探し（家庭教師・塾・支援） | 比較検討・料金・申込,Google_suggest
36935,明光 義塾 退会 方法,CORE,代表,C29161,1,明光 義塾 退会 方法,競合の不満・乗り換え,保護者,B,カテゴリ競合×比較/評判/料金/乗換え/特性,中,③B カテゴリ競合,個別指導の明光義塾,40,,,LOW,サービス探し（家庭教師・塾・支援） | 比較検討・料金・申込 | 合わない・断られた・乗り換え | ブランド・指名検索 | 利用中・会員の手続き,KWP_CompetitorKeywordSeed
40420,森 塾 退会 方法,CORE,代表,C29162,1,森 塾 退会 方法,競合の不満・乗り換え,保護者,B,カテゴリ競合×比較/評判/料金/乗換え/特性,中,③B カテゴリ競合,森塾,30,,,LOW,サービス探し（家庭教師・塾・支援） | 比較検討・料金・申込 | 合わない・断られた・乗り換え | ブランド・指名検索 | 利用中・会員の手続き,KWP_CompetitorKeywordSeed
41451,武田 塾 退会 方法,CORE,代表,C29163,1,武田 塾 退会 方法,競合の不満・乗り換え,保護者,B,カテゴリ競合×比較/評判/料金/乗換え/特性,中,③B カテゴリ競合,武田塾,10,,,LOW,サービス探し（家庭教師・塾・支援） | 比較検討・料金・申込 | 合わない・断られた・乗り換え | ブランド・指名検索 | 利用中・会員の手続き,KWP_CompetitorKeywordSeed
36918,明光 義塾 春期 講習 費用,CORE,代表,C29187,1,明光 義塾 春期 講習 費用,競合の比較検討（評判・料金）,保護者,B,カテゴリ競合×比較/評判/料金/乗換え/特性,中,③B カテゴリ競合,個別指導の明光義塾,10,,,UNSPECIFIED,サービス探し（家庭教師・塾・支援） | 比較検討・料金・申込 | 学習のやり方・学習課題 | ブランド・指名検索,KWP_CompetitorKeywordSeed
36925,明光 義塾 最悪,CORE,代表,C29195,2,明光 義塾 最悪,競合の不満・乗り換え,保護者,B,カテゴリ競合×比較/評判/料金/乗換え/特性,中,③B カテゴリ競合,個別指導の明光義塾,50,,,LOW,サービス探し（家庭教師・塾・支援） | 比較検討・料金・申込 | ブランド・指名検索,KWP_CompetitorKeywordSeed
36891,明光 義塾 比較,CORE,代表,C29261,2,明光 義塾 比較,競合の比較検討（評判・料金）,保護者,B,カテゴリ競合×比較/評判/料金/乗換え/特性,中,③B カテゴリ競合,個別指導の明光義塾,10,,,UNSPECIFIED,サービス探し（家庭教師・塾・支援） | 比較検討・料金・申込 | ブランド・指名検索,KWP_CompetitorKeywordSeed
36945,明光 義塾 申し込み,CORE,代表,C29302,1,明光 義塾 申し込み,競合の比較検討（評判・料金）,保護者,B,カテゴリ競合×比較/評判/料金/乗換え/特性,中,③B カテゴリ競合,個別指導の明光義塾,,,,UNSPECIFIED,サービス探し（家庭教師・塾・支援） | 比較検討・料金・申込 | ブランド・指名検索,KWP_CompetitorKeywordSeed
47837,明光義塾 発達障害,CORE,代表,C29307,1,明光義塾 発達障害,競合×特性/不登校対応の確認,保護者,B,特性/不登校×家庭教師・塾・個別,高,③B カテゴリ競合,個別指導の明光義塾,,,,UNSPECIFIED,サービス探し（家庭教師・塾・支援） | ブランド・指名検索,Google_competitor_suggest
36667,明光 義塾 知恵袋,CORE,代表,C29315,2,明光 義塾 知恵袋,競合の比較検討（評判・料金）,保護者,B,カテゴリ競合×比較/評判/料金/乗換え/特性,中,③B カテゴリ競合,個別指導の明光義塾,70,,,LOW,サービス探し（家庭教師・塾・支援） | 比較検討・料金・申込 | ブランド・指名検索,KWP_CompetitorKeywordSeed
47821,明光義塾 評判 知恵袋,CORE,代表,C29316,1,明光義塾 評判 知恵袋,競合の比較検討（評判・料金）,保護者,B,カテゴリ競合×比較/評判/料金/乗換え/特性,中,③B カテゴリ競合,個別指導の明光義塾,,,,UNSPECIFIED,サービス探し（家庭教師・塾・支援） | 比較検討・料金・申込 | ブランド・指名検索,Google_competitor_suggest
36895,明光 義塾 評判 良い,CORE,代表,C29362,2,明光 義塾 評判 良い,競合の比較検討（評判・料金）,保護者,B,カテゴリ競合×比較/評判/料金/乗換え/特性,中,③B カテゴリ競合,個別指導の明光義塾,10,,,UNSPECIFIED,サービス探し（家庭教師・塾・支援） | 比較検討・料金・申込 | ブランド・指名検索,KWP_CompetitorKeywordSeed
36931,明光 義塾 解約,CORE,代表,C29402,2,明光 義塾 解約,競合の不満・乗り換え,保護者,B,カテゴリ競合×比較/評判/料金/乗換え/特性,中,③B カテゴリ競合,個別指導の明光義塾,10,,,LOW,サービス探し（家庭教師・塾・支援） | 比較検討・料金・申込 | ブランド・指名検索,KWP_CompetitorKeywordSeed
36027,明光 義塾 評価,CORE,代表,C29403,2,明光 義塾 評価,競合の比較検討（評判・料金）,保護者,B,カテゴリ競合×比較/評判/料金/乗換え/特性,中,③B カテゴリ競合,個別指導の明光義塾,40,38.0,555.0,LOW,サービス探し（家庭教師・塾・支援） | 比較検討・料金・申込 | ブランド・指名検索,KWP_CompetitorKeywordSeed
36849,明光 義塾 評判,CORE,代表,C29404,3,明光 義塾 評判,競合の比較検討（評判・料金）,保護者,B,カテゴリ競合×比較/評判/料金/乗換え/特性,中,③B カテゴリ競合,個別指導の明光義塾,260,59.0,310.0,LOW,サービス探し（家庭教師・塾・支援） | 比較検討・料金・申込 | ブランド・指名検索,KWP_CompetitorKeywordSeed
3631,明光 義塾 速 読 料金,CORE,代表,C29406,1,明光 義塾 速 読 料金,競合の比較検討（評判・料金）,保護者,B,カテゴリ競合×比較/評判/料金/乗換え/特性,中,③B カテゴリ競合,個別指導の明光義塾,10,,,LOW,サービス探し（家庭教師・塾・支援） | 比較検討・料金・申込 | ブランド・指名検索,KWP_KeywordSeed || KWP_CompetitorKeywordSeed
35629,明光 義塾 資料 請求,CORE,代表,C29407,2,明光 義塾 資料 請求,競合の比較検討（評判・料金）,保護者,B,カテゴリ競合×比較/評判/料金/乗換え/特性,中,③B カテゴリ競合,個別指導の明光義塾,20,320.0,3180.0,MEDIUM,サービス探し（家庭教師・塾・支援） | 比較検討・料金・申込 | ブランド・指名検索,KWP_CompetitorKeywordSeed
36898,明光 義塾 費用,CORE,代表,C29414,2,明光 義塾 費用,競合の比較検討（評判・料金）,保護者,B,カテゴリ競合×比較/評判/料金/乗換え/特性,中,③B カテゴリ競合,個別指導の明光義塾,110,100.0,811.0,LOW,サービス探し（家庭教師・塾・支援） | 比較検討・料金・申込 | ブランド・指名検索,KWP_CompetitorKeywordSeed
36930,明光 義塾 退会,CORE,代表,C29419,2,明光 義塾 退会,競合の不満・乗り換え,保護者,B,カテゴリ競合×比較/評判/料金/乗換え/特性,中,③B カテゴリ競合,個別指導の明光義塾,140,,,LOW,サービス探し（家庭教師・塾・支援） | 合わない・断られた・乗り換え | ブランド・指名検索,KWP_CompetitorKeywordSeed
35959,明光 義塾 高い,CORE,代表,C29448,2,明光 義塾 高い,競合の比較検討（評判・料金）,保護者,B,カテゴリ競合×比較/評判/料金/乗換え/特性,中,③B カテゴリ競合,個別指導の明光義塾,110,162.0,908.0,LOW,サービス探し（家庭教師・塾・支援） | 比較検討・料金・申込 | ブランド・指名検索,KWP_CompetitorKeywordSeed
36868,明光 塾 評判,CORE,代表,C29471,1,明光 塾 評判,競合の比較検討（評判・料金）,保護者,B,カテゴリ競合×比較/評判/料金/乗換え/特性,中,③B カテゴリ競合,個別指導の明光義塾,10,,,LOW,サービス探し（家庭教師・塾・支援） | 比較検討・料金・申込 | ブランド・指名検索,KWP_CompetitorKeywordSeed
40394,森 塾 春期 講習 費用,CORE,代表,C29490,1,森 塾 春期 講習 費用,競合の比較検討（評判・料金）,保護者,B,カテゴリ競合×比較/評判/料金/乗換え/特性,中,③B カテゴリ競合,森塾,40,,,LOW,サービス探し（家庭教師・塾・支援） | 比較検討・料金・申込 | 学習のやり方・学習課題 | ブランド・指名検索,KWP_CompetitorKeywordSeed
40408,森 塾 最悪,CORE,代表,C29502,2,森 塾 最悪,競合の不満・乗り換え,保護者,B,カテゴリ競合×比較/評判/料金/乗換え/特性,中,③B カテゴリ競合,森塾,10,,,LOW,サービス探し（家庭教師・塾・支援） | 比較検討・料金・申込 | ブランド・指名検索,KWP_CompetitorKeywordSeed
41444,武田 塾 最悪,CORE,代表,C29503,2,武田 塾 最悪,競合の不満・乗り換え,保護者,B,カテゴリ競合×比較/評判/料金/乗換え/特性,中,③B カテゴリ競合,武田塾,10,,,LOW,サービス探し（家庭教師・塾・支援） | 比較検討・料金・申込 | ブランド・指名検索,KWP_CompetitorKeywordSeed
48079,武田塾 評判 の 良い 校舎 東京,CORE,代表,C29533,1,武田塾 評判 の 良い 校舎 東京,競合の比較検討（評判・料金）,保護者,B,カテゴリ競合×比較/評判/料金/乗換え/特性,中,③B カテゴリ競合,武田塾,70,158.0,501.0,LOW,サービス探し（家庭教師・塾・支援） | 比較検討・料金・申込 | ブランド・指名検索 | 地域・近くで探す,Google_competitor_suggest
45075,発達障害 塾 東京,CORE,代表,C29534,1,発達障害 塾 東京,サービス探し（特性/不登校×学習支援）,保護者,A,特性/不登校×家庭教師・塾・個別,高,②顕在,,,,,UNSPECIFIED,サービス探し（家庭教師・塾・支援） | 地域・近くで探す,Google_related_search || Google_suggest
14801,知 的 障害 塾 東京,CORE,代表,C29535,1,知 的 障害 塾 東京,サービス探し（特性/不登校×学習支援）,保護者,A,特性/不登校×家庭教師・塾・個別,高,②顕在,,10,105.0,773.0,MEDIUM,サービス探し（家庭教師・塾・支援） | 地域・近くで探す,KWP_UrlSeed
41434,東進 武田 塾 比較,CORE,代表,C29548,1,東進 武田 塾 比較,競合の比較検討（評判・料金）,保護者,B,カテゴリ競合×比較/評判/料金/乗換え/特性,中,③B カテゴリ競合,武田塾,10,,,LOW,サービス探し（家庭教師・塾・支援） | 比較検討・料金・申込 | ブランド・指名検索,KWP_CompetitorKeywordSeed
41281,武田 塾 評判 の 良い 校舎,CORE,代表,C29621,2,武田 塾 評判 の 良い 校舎,競合の比較検討（評判・料金）,保護者,B,カテゴリ競合×比較/評判/料金/乗換え/特性,中,③B カテゴリ競合,武田塾,320,115.0,342.0,LOW,サービス探し（家庭教師・塾・支援） | 比較検討・料金・申込 | ブランド・指名検索,KWP_CompetitorKeywordSeed
48078,武田塾 評判 の良い 校舎 関西,CORE,代表,C29622,1,武田塾 評判 の良い 校舎 関西,競合の比較検討（評判・料金）,保護者,B,カテゴリ競合×比較/評判/料金/乗換え/特性,中,③B カテゴリ競合,武田塾,30,,,LOW,サービス探し（家庭教師・塾・支援） | 比較検討・料金・申込 | ブランド・指名検索 | 地域・近くで探す,Google_competitor_suggest
40402,森 塾 比較,CORE,代表,C29637,1,森 塾 比較,競合の比較検討（評判・料金）,保護者,B,カテゴリ競合×比較/評判/料金/乗換え/特性,中,③B カテゴリ競合,森塾,,,,UNSPECIFIED,サービス探し（家庭教師・塾・支援） | 比較検討・料金・申込 | ブランド・指名検索,KWP_CompetitorKeywordSeed
40250,森 塾 津田沼 評判,CORE,代表,C29640,1,森 塾 津田沼 評判,競合の比較検討（評判・料金）,保護者,B,カテゴリ競合×比較/評判/料金/乗換え/特性,中,③B カテゴリ競合,森塾,10,,,LOW,サービス探し（家庭教師・塾・支援） | 比較検討・料金・申込 | ブランド・指名検索,KWP_CompetitorKeywordSeed
40430,森 塾 申し込み,CORE,代表,C29642,1,森 塾 申し込み,競合の比較検討（評判・料金）,保護者,B,カテゴリ競合×比較/評判/料金/乗換え/特性,中,③B カテゴリ競合,森塾,,,,UNSPECIFIED,サービス探し（家庭教師・塾・支援） | 比較検討・料金・申込 | ブランド・指名検索,KWP_CompetitorKeywordSeed
40432,森 塾 発達 障害,CORE,代表,C29645,2,森 塾 発達 障害,競合×特性/不登校対応の確認,保護者,B,特性/不登校×家庭教師・塾・個別,高,③B カテゴリ競合,森塾,20,145.0,585.0,MEDIUM,サービス探し（家庭教師・塾・支援） | ブランド・指名検索,KWP_CompetitorKeywordSeed
40369,森 塾 知恵袋,CORE,代表,C29646,2,森 塾 知恵袋,競合の比較検討（評判・料金）,保護者,B,カテゴリ競合×比較/評判/料金/乗換え/特性,中,③B カテゴリ競合,森塾,50,,,LOW,サービス探し（家庭教師・塾・支援） | 比較検討・料金・申込 | ブランド・指名検索,KWP_CompetitorKeywordSeed
40372,森 塾 評判 知恵袋,CORE,代表,C29647,2,森 塾 評判 知恵袋,競合の比較検討（評判・料金）,保護者,B,カテゴリ競合×比較/評判/料金/乗換え/特性,中,③B カテゴリ競合,森塾,10,,,LOW,サービス探し（家庭教師・塾・支援） | 比較検討・料金・申込 | ブランド・指名検索,KWP_CompetitorKeywordSeed
40415,森 塾 解約,CORE,代表,C29661,2,森 塾 解約,競合の不満・乗り換え,保護者,B,カテゴリ競合×比較/評判/料金/乗換え/特性,中,③B カテゴリ競合,森塾,20,,,LOW,サービス探し（家庭教師・塾・支援） | 比較検討・料金・申込 | ブランド・指名検索,KWP_CompetitorKeywordSeed
40137,森 塾 評価,CORE,代表,C29662,2,森 塾 評価,競合の比較検討（評判・料金）,保護者,B,カテゴリ競合×比較/評判/料金/乗換え/特性,中,③B カテゴリ競合,森塾,40,,,LOW,サービス探し（家庭教師・塾・支援） | 比較検討・料金・申込 | ブランド・指名検索,KWP_CompetitorKeywordSeed
40056,森 塾 評判,CORE,代表,C29663,3,森 塾 評判,競合の比較検討（評判・料金）,保護者,B,カテゴリ競合×比較/評判/料金/乗換え/特性,中,③B カテゴリ競合,森塾,260,118.0,299.0,LOW,サービス探し（家庭教師・塾・支援） | 比較検討・料金・申込 | ブランド・指名検索,KWP_CompetitorKeywordSeed
48030,森塾 鎌ヶ谷 評判,CORE,代表,C29664,1,森塾 鎌ヶ谷 評判,競合の比較検討（評判・料金）,保護者,B,カテゴリ競合×比較/評判/料金/乗換え/特性,中,③B カテゴリ競合,森塾,,,,UNSPECIFIED,サービス探し（家庭教師・塾・支援） | 比較検討・料金・申込 | ブランド・指名検索,Google_competitor_suggest
48029,森塾 長岡 評判,CORE,代表,C29665,1,森塾 長岡 評判,競合の比較検討（評判・料金）,保護者,B,カテゴリ競合×比較/評判/料金/乗換え/特性,中,③B カテゴリ競合,森塾,10,,,LOW,サービス探し（家庭教師・塾・支援） | 比較検討・料金・申込 | ブランド・指名検索,Google_competitor_suggest
40265,森 塾 青葉台 評判,CORE,代表,C29666,1,森 塾 青葉台 評判,競合の比較検討（評判・料金）,保護者,B,カテゴリ競合×比較/評判/料金/乗換え/特性,中,③B カテゴリ競合,森塾,10,,,UNSPECIFIED,サービス探し（家庭教師・塾・支援） | 比較検討・料金・申込 | ブランド・指名検索,KWP_CompetitorKeywordSeed
40428,森 塾 資料 請求,CORE,代表,C29667,2,森 塾 資料 請求,競合の比較検討（評判・料金）,保護者,B,カテゴリ競合×比較/評判/料金/乗換え/特性,中,③B カテゴリ競合,森塾,20,298.0,1107.0,HIGH,サービス探し（家庭教師・塾・支援） | 比較検討・料金・申込 | ブランド・指名検索,KWP_CompetitorKeywordSeed
40075,森 塾 費用,CORE,代表,C29670,2,森 塾 費用,競合の比較検討（評判・料金）,保護者,B,カテゴリ競合×比較/評判/料金/乗換え/特性,中,③B カテゴリ競合,森塾,110,173.0,301.0,LOW,サービス探し（家庭教師・塾・支援） | 比較検討・料金・申込 | ブランド・指名検索,KWP_CompetitorKeywordSeed
40421,森 塾 退会 返金,CORE,代表,C29672,1,森 塾 退会 返金,競合の不満・乗り換え,保護者,B,カテゴリ競合×比較/評判/料金/乗換え/特性,中,③B カテゴリ競合,森塾,20,,,LOW,サービス探し（家庭教師・塾・支援） | 合わない・断られた・乗り換え | ブランド・指名検索,KWP_CompetitorKeywordSeed
40414,森 塾 退会,CORE,代表,C29673,2,森 塾 退会,競合の不満・乗り換え,保護者,B,カテゴリ競合×比較/評判/料金/乗換え/特性,中,③B カテゴリ競合,森塾,170,,,LOW,サービス探し（家庭教師・塾・支援） | 合わない・断られた・乗り換え | ブランド・指名検索,KWP_CompetitorKeywordSeed
40393,森 塾 高い,CORE,代表,C29680,2,森 塾 高い,競合の比較検討（評判・料金）,保護者,B,カテゴリ競合×比較/評判/料金/乗換え/特性,中,③B カテゴリ競合,森塾,70,,,LOW,サービス探し（家庭教師・塾・支援） | 比較検討・料金・申込 | ブランド・指名検索,KWP_CompetitorKeywordSeed
56,注意 欠如 塾,CORE,代表,C29702,1,注意 欠如 塾,サービス探し（特性/不登校×学習支援）,保護者,A,特性/不登校×家庭教師・塾・個別,高,②顕在,,,,,UNSPECIFIED,サービス探し（家庭教師・塾・支援）,KWP_KeywordSeed
41428,武田 塾 比較,CORE,代表,C29708,2,武田 塾 比較,競合の比較検討（評判・料金）,保護者,B,カテゴリ競合×比較/評判/料金/乗換え/特性,中,③B カテゴリ競合,武田塾,10,,,MEDIUM,サービス探し（家庭教師・塾・支援） | 比較検討・料金・申込 | ブランド・指名検索,KWP_CompetitorKeywordSeed
41327,武田 塾 無料 相談 評判,CORE,代表,C29719,1,武田 塾 無料 相談 評判,競合の比較検討（評判・料金）,保護者,B,カテゴリ競合×比較/評判/料金/乗換え/特性,中,③B カテゴリ競合,武田塾,30,322.0,929.0,MEDIUM,サービス探し（家庭教師・塾・支援） | 比較検討・料金・申込 | ブランド・指名検索,KWP_CompetitorKeywordSeed
41424,武田 塾 高い 理由,CORE,代表,C29728,1,武田 塾 高い 理由,競合の比較検討（評判・料金）,保護者,B,カテゴリ競合×比較/評判/料金/乗換え/特性,中,③B カテゴリ競合,武田塾,30,215.0,300.0,LOW,サービス探し（家庭教師・塾・支援） | 比較検討・料金・申込 | ブランド・指名検索,KWP_CompetitorKeywordSeed
41328,武田 塾 理系 評判,CORE,代表,C29729,1,武田 塾 理系 評判,競合の比較検討（評判・料金）,保護者,B,カテゴリ競合×比較/評判/料金/乗換え/特性,中,③B カテゴリ競合,武田塾,10,,,LOW,サービス探し（家庭教師・塾・支援） | 比較検討・料金・申込 | ブランド・指名検索,KWP_CompetitorKeywordSeed
41458,武田 塾 申し込み,CORE,代表,C29734,2,武田 塾 申し込み,競合の比較検討（評判・料金）,保護者,B,カテゴリ競合×比較/評判/料金/乗換え/特性,中,③B カテゴリ競合,武田塾,20,293.0,1303.0,HIGH,サービス探し（家庭教師・塾・支援） | 比較検討・料金・申込 | ブランド・指名検索,KWP_CompetitorKeywordSeed
48093,武田塾 発達障害,CORE,代表,C29736,1,武田塾 発達障害,競合×特性/不登校対応の確認,保護者,B,特性/不登校×家庭教師・塾・個別,高,③B カテゴリ競合,武田塾,,,,UNSPECIFIED,サービス探し（家庭教師・塾・支援） | ブランド・指名検索,Google_competitor_suggest
67898,武田塾 知恵袋,CORE,代表,C29739,1,武田塾 知恵袋,競合の比較検討（評判・料金）,保護者,B,カテゴリ競合×比較/評判/料金/乗換え/特性,中,③B カテゴリ競合,武田塾,320,,,LOW,サービス探し（家庭教師・塾・支援） | 比較検討・料金・申込 | ブランド・指名検索,CompetitorMatrix
41337,武田 塾 評判 知恵袋,CORE,代表,C29740,2,武田 塾 評判 知恵袋,競合の比較検討（評判・料金）,保護者,B,カテゴリ競合×比較/評判/料金/乗換え/特性,中,③B カテゴリ競合,武田塾,10,,,LOW,サービス探し（家庭教師・塾・支援） | 比較検討・料金・申込 | ブランド・指名検索,KWP_CompetitorKeywordSeed
41453,武田 塾 解約,CORE,代表,C29761,1,武田 塾 解約,競合の不満・乗り換え,保護者,B,カテゴリ競合×比較/評判/料金/乗換え/特性,中,③B カテゴリ競合,武田塾,,,,UNSPECIFIED,サービス探し（家庭教師・塾・支援） | 比較検討・料金・申込 | ブランド・指名検索,KWP_CompetitorKeywordSeed
41280,武田 塾 評価,CORE,代表,C29764,2,武田 塾 評価,競合の比較検討（評判・料金）,保護者,B,カテゴリ競合×比較/評判/料金/乗換え/特性,中,③B カテゴリ競合,武田塾,70,90.0,322.0,LOW,サービス探し（家庭教師・塾・支援） | 比較検討・料金・申込 | ブランド・指名検索,KWP_CompetitorKeywordSeed
41276,武田 塾 評判,CORE,代表,C29765,3,武田 塾 評判,競合の比較検討（評判・料金）,保護者,B,カテゴリ競合×比較/評判/料金/乗換え/特性,中,③B カテゴリ競合,武田塾,1000,56.0,346.0,LOW,サービス探し（家庭教師・塾・支援） | 比較検討・料金・申込 | ブランド・指名検索,KWP_CompetitorKeywordSeed
41457,武田 塾 資料 請求,CORE,代表,C29767,2,武田 塾 資料 請求,競合の比較検討（評判・料金）,保護者,B,カテゴリ競合×比較/評判/料金/乗換え/特性,中,③B カテゴリ競合,武田塾,90,699.0,2069.0,HIGH,サービス探し（家庭教師・塾・支援） | 比較検討・料金・申込 | ブランド・指名検索,KWP_CompetitorKeywordSeed
6501,武田 塾 費用,CORE,代表,C29770,2,武田 塾 費用,競合の比較検討（評判・料金）,保護者,B,カテゴリ競合×比較/評判/料金/乗換え/特性,中,③B カテゴリ競合,武田塾,2400,159.0,521.0,MEDIUM,サービス探し（家庭教師・塾・支援） | 比較検討・料金・申込 | ブランド・指名検索,KWP_KeywordSeed || KWP_CompetitorKeywordSeed
40839,武田 塾 費用 高校生,CORE,代表,C29771,1,武田 塾 費用 高校生,競合の比較検討（評判・料金）,保護者,B,カテゴリ競合×比較/評判/料金/乗換え/特性,中,③B カテゴリ競合,武田塾,50,162.0,505.0,MEDIUM,サービス探し（家庭教師・塾・支援） | 比較検討・料金・申込 | ブランド・指名検索,KWP_CompetitorKeywordSeed
41449,武田 塾 退会,CORE,代表,C29776,2,武田 塾 退会,競合の不満・乗り換え,保護者,B,カテゴリ競合×比較/評判/料金/乗換え/特性,中,③B カテゴリ競合,武田塾,10,,,LOW,サービス探し（家庭教師・塾・支援） | 合わない・断られた・乗り換え | ブランド・指名検索,KWP_CompetitorKeywordSeed
6809,武田 塾 高い,CORE,代表,C29787,2,武田 塾 高い,競合の比較検討（評判・料金）,保護者,B,カテゴリ競合×比較/評判/料金/乗換え/特性,中,③B カテゴリ競合,武田塾,390,203.0,431.0,MEDIUM,サービス探し（家庭教師・塾・支援） | 比較検討・料金・申込 | ブランド・指名検索,KWP_KeywordSeed || KWP_CompetitorKeywordSeed
84,発達 塾,CORE,代表,C29880,1,発達 塾,サービス探し（特性/不登校×学習支援）,保護者,A,特性/不登校×家庭教師・塾・個別,高,②顕在,,40,202.0,1079.0,HIGH,サービス探し（家庭教師・塾・支援）,KWP_KeywordSeed || KWP_UrlSeed || KWP_SiteSeed
45351,発達障害 塾 知恵袋,CORE,代表,C29881,1,発達障害 塾 知恵袋,サービス探し（特性/不登校×学習支援）,保護者,A,特性/不登校×家庭教師・塾・個別,高,②顕在,,,,,UNSPECIFIED,サービス探し（家庭教師・塾・支援） | 比較検討・料金・申込,Google_related_search || Google_suggest
102,発達 障害 英語 塾,CORE,代表,C29882,1,発達 障害 英語 塾,サービス探し（特性/不登校×学習支援）,保護者,A,特性/不登校×家庭教師・塾・個別,高,②顕在,,10,,,HIGH,サービス探し（家庭教師・塾・支援） | 学習のやり方・学習課題,KWP_KeywordSeed
45085,発達障害 塾 近く,CORE,代表,C29883,1,発達障害 塾 近く,サービス探し（特性/不登校×学習支援）,保護者,A,特性/不登校×家庭教師・塾・個別,高,②顕在,,110,174.0,703.0,HIGH,サービス探し（家庭教師・塾・支援） | 地域・近くで探す,Google_related_search || Google_suggest
45350,発達障害 塾 迷惑,CORE,代表,C29884,1,発達障害 塾 迷惑,サービス探し（特性/不登校×学習支援）,保護者,A,特性/不登校×家庭教師・塾・個別,高,②顕在,,70,,,LOW,サービス探し（家庭教師・塾・支援）,Google_related_search || Google_suggest
92,発達 障害 進学 塾,CORE,代表,C29885,1,発達 障害 進学 塾,サービス探し（特性/不登校×学習支援）,保護者,A,特性/不登校×家庭教師・塾・個別,高,②顕在,,10,176.0,404.0,MEDIUM,サービス探し（家庭教師・塾・支援） | 受験・進路,KWP_KeywordSeed || KWP_UrlSeed
71,発達 障害 の 塾,CORE,代表,C29886,4,発達 障害 の 塾,サービス探し（特性/不登校×学習支援）,保護者,A,特性/不登校×家庭教師・塾・個別,高,②顕在,,1600,175.0,650.0,HIGH,サービス探し（家庭教師・塾・支援）,KWP_KeywordSeed || KWP_UrlSeed
79,発達 障害 塾 高校生,CORE,代表,C29887,3,発達 障害 塾 高校生,サービス探し（特性/不登校×学習支援）,保護者,A,特性/不登校×家庭教師・塾・個別,高,②顕在,,20,218.0,693.0,HIGH,サービス探し（家庭教師・塾・支援）,KWP_KeywordSeed || KWP_UrlSeed
14794,軽度 知 的 障害 塾,CORE,代表,C29912,1,軽度 知 的 障害 塾,サービス探し（特性/不登校×学習支援）,保護者,A,特性/不登校×家庭教師・塾・個別,高,②顕在,,90,165.0,603.0,MEDIUM,サービス探し（家庭教師・塾・支援） | 特性そのものを調べる（とは・特徴・チェック）,KWP_UrlSeed
14795,自 閉 症 塾,CORE,代表,C29983,1,自 閉 症 塾,サービス探し（特性/不登校×学習支援）,保護者,A,特性/不登校×家庭教師・塾・個別,高,②顕在,,50,179.0,845.0,MEDIUM,サービス探し（家庭教師・塾・支援）,KWP_UrlSeed
90,読み書き 障害 塾,CORE,代表,C30049,1,読み書き 障害 塾,サービス探し（特性/不登校×学習支援）,保護者,A,特性/不登校×家庭教師・塾・個別,高,②顕在,,20,132.0,925.0,MEDIUM,サービス探し（家庭教師・塾・支援） | 学習のやり方・学習課題,KWP_KeywordSeed
33309,学研 の 家庭 教師 境界 知能 料金,CORE,代表,C30221,1,学研 の 家庭 教師 境界 知能 料金,競合の比較検討（評判・料金）,保護者,B,特性/不登校×家庭教師・塾・個別,高,③B カテゴリ競合,学研の家庭教師,,,,UNSPECIFIED,サービス探し（家庭教師・塾・支援） | 比較検討・料金・申込 | ブランド・指名検索,KWP_CompetitorKeywordSeed
33354,学研 家庭 教師 境界 知能,CORE,代表,C30222,2,学研 家庭 教師 境界 知能,競合×特性/不登校対応の確認,保護者,B,特性/不登校×家庭教師・塾・個別,高,③B カテゴリ競合,学研の家庭教師,,,,UNSPECIFIED,サービス探し（家庭教師・塾・支援） | ブランド・指名検索,KWP_CompetitorKeywordSeed
33299,学研 の 家庭 教師 境界 知能 評判,CORE,代表,C30223,1,学研 の 家庭 教師 境界 知能 評判,競合の比較検討（評判・料金）,保護者,B,特性/不登校×家庭教師・塾・個別,高,③B カテゴリ競合,学研の家庭教師,,,,UNSPECIFIED,サービス探し（家庭教師・塾・支援） | 比較検討・料金・申込 | ブランド・指名検索,KWP_CompetitorKeywordSeed
45624,境界知能 学習支援,CORE,代表,C30225,1,境界知能 学習支援,サービス探し（特性/不登校×学習支援）,保護者（推定）,A,特性/不登校×家庭教師・塾・個別,高,②顕在,,20,171.0,440.0,MEDIUM,サービス探し（家庭教師・塾・支援）,Google_related_search || Google_suggest
27849,境界 知能 小学生 家庭 教師,CORE,代表,C30231,1,境界 知能 小学生 家庭 教師,サービス探し（特性/不登校×学習支援）,保護者,A,特性/不登校×家庭教師・塾・個別,高,②顕在,,,,,UNSPECIFIED,サービス探し（家庭教師・塾・支援）,KWP_KeywordSeed
25634,境界 知能 家庭 教師,CORE,代表,C30232,2,境界 知能 家庭 教師,サービス探し（特性/不登校×学習支援）,保護者,A,特性/不登校×家庭教師・塾・個別,高,②顕在,,20,126.0,418.0,HIGH,サービス探し（家庭教師・塾・支援）,KWP_KeywordSeed
27855,境界 知能 高校生 家庭 教師,CORE,代表,C30233,1,境界 知能 高校生 家庭 教師,サービス探し（特性/不登校×学習支援）,保護者,A,特性/不登校×家庭教師・塾・個別,高,②顕在,,,,,UNSPECIFIED,サービス探し（家庭教師・塾・支援）,KWP_KeywordSeed
3244,明光 夏期 講習 料金,CORE,代表,C30342,1,明光 夏期 講習 料金,競合の比較検討（評判・料金）,保護者,B,カテゴリ競合×比較/評判/料金/乗換え/特性,中,③B カテゴリ競合,個別指導の明光義塾,10,,,LOW,比較検討・料金・申込 | 学習のやり方・学習課題 | ブランド・指名検索,KWP_KeywordSeed || KWP_CompetitorKeywordSeed
36989,大口 明光 学園 評判,CORE,代表,C30371,1,大口 明光 学園 評判,競合の比較検討（評判・料金）,保護者,B,カテゴリ競合×比較/評判/料金/乗換え/特性,中,③B カテゴリ競合,個別指導の明光義塾,10,,,UNSPECIFIED,比較検討・料金・申込 | ブランド・指名検索,KWP_CompetitorKeywordSeed
46105,発達障害 家庭教師 大阪,CORE,代表,C30445,1,発達障害 家庭教師 大阪,サービス探し（特性/不登校×学習支援）,保護者,A,特性/不登校×家庭教師・塾・個別,高,②顕在,,20,295.0,823.0,HIGH,サービス探し（家庭教師・塾・支援） | 地域・近くで探す,Google_suggest
33332,学研 家庭 教師 失敗,CORE,代表,C30468,2,学研 家庭 教師 失敗,競合の不満・乗り換え,保護者,B,カテゴリ競合×比較/評判/料金/乗換え/特性,中,③B カテゴリ競合,学研の家庭教師,,,,UNSPECIFIED,サービス探し（家庭教師・塾・支援） | 比較検討・料金・申込 | ブランド・指名検索,KWP_CompetitorKeywordSeed
33307,学研 の 家庭 教師 ld 料金,CORE,代表,C30734,2,学研 の 家庭 教師 ld 料金,競合の比較検討（評判・料金）,保護者,B,特性/不登校×家庭教師・塾・個別,高,③B カテゴリ競合,学研の家庭教師,,,,UNSPECIFIED,サービス探し（家庭教師・塾・支援） | 比較検討・料金・申込 | ブランド・指名検索,KWP_CompetitorKeywordSeed
33297,学研 の 家庭 教師 ld 評判,CORE,代表,C30735,2,学研 の 家庭 教師 ld 評判,競合の比較検討（評判・料金）,保護者,B,特性/不登校×家庭教師・塾・個別,高,③B カテゴリ競合,学研の家庭教師,,,,UNSPECIFIED,サービス探し（家庭教師・塾・支援） | 比較検討・料金・申込 | ブランド・指名検索,KWP_CompetitorKeywordSeed
33352,学研 家庭 教師 ld,CORE,代表,C30736,4,学研 家庭 教師 ld,競合×特性/不登校対応の確認,保護者,B,特性/不登校×家庭教師・塾・個別,高,③B カテゴリ競合,学研の家庭教師,,,,UNSPECIFIED,サービス探し（家庭教師・塾・支援） | ブランド・指名検索,KWP_CompetitorKeywordSeed
33321,学研 家庭 教師 安い,CORE,代表,C30739,2,学研 家庭 教師 安い,競合の比較検討（評判・料金）,保護者,B,カテゴリ競合×比較/評判/料金/乗換え/特性,中,③B カテゴリ競合,学研の家庭教師,,,,UNSPECIFIED,サービス探し（家庭教師・塾・支援） | 比較検討・料金・申込 | ブランド・指名検索,KWP_CompetitorKeywordSeed
33333,学研 家庭 教師 後悔,CORE,代表,C30741,2,学研 家庭 教師 後悔,競合の不満・乗り換え,保護者,B,カテゴリ競合×比較/評判/料金/乗換え/特性,中,③B カテゴリ競合,学研の家庭教師,,,,UNSPECIFIED,サービス探し（家庭教師・塾・支援） | 比較検討・料金・申込 | ブランド・指名検索,KWP_CompetitorKeywordSeed
33330,学研 家庭 教師 怪しい,CORE,代表,C30742,2,学研 家庭 教師 怪しい,競合の不満・乗り換え,保護者,B,カテゴリ競合×比較/評判/料金/乗換え/特性,中,③B カテゴリ競合,学研の家庭教師,,,,UNSPECIFIED,サービス探し（家庭教師・塾・支援） | 比較検討・料金・申込 | ブランド・指名検索,KWP_CompetitorKeywordSeed
33313,学研 家庭 教師 感想,CORE,代表,C30743,2,学研 家庭 教師 感想,競合の比較検討（評判・料金）,保護者,B,カテゴリ競合×比較/評判/料金/乗換え/特性,中,③B カテゴリ競合,学研の家庭教師,,,,UNSPECIFIED,サービス探し（家庭教師・塾・支援） | 比較検討・料金・申込 | ブランド・指名検索,KWP_CompetitorKeywordSeed
2046,学研 家庭 教師 料金,CORE,代表,C30748,11,学研 家庭 教師 料金,競合の比較検討（評判・料金）,保護者,B,カテゴリ競合×比較/評判/料金/乗換え/特性,中,③B カテゴリ競合,学研の家庭教師,140,176.0,1416.0,MEDIUM,サービス探し（家庭教師・塾・支援） | 比較検討・料金・申込 | ブランド・指名検索,KWP_KeywordSeed || KWP_UrlSeed || KWP_CompetitorKeywordSeed
33301,学研 の 家庭 教師 発達 障害 料金,CORE,代表,C30749,2,学研 の 家庭 教師 発達 障害 料金,競合の比較検討（評判・料金）,保護者,B,特性/不登校×家庭教師・塾・個別,高,③B カテゴリ競合,学研の家庭教師,,,,UNSPECIFIED,サービス探し（家庭教師・塾・支援） | 比較検討・料金・申込 | ブランド・指名検索,KWP_CompetitorKeywordSeed
33306,学研 の 家庭 教師 自 閉 症 料金,CORE,代表,C30750,1,学研 の 家庭 教師 自 閉 症 料金,競合の比較検討（評判・料金）,保護者,B,特性/不登校×家庭教師・塾・個別,高,③B カテゴリ競合,学研の家庭教師,,,,UNSPECIFIED,サービス探し（家庭教師・塾・支援） | 比較検討・料金・申込 | ブランド・指名検索,KWP_CompetitorKeywordSeed
33331,学研 家庭 教師 最悪,CORE,代表,C30751,2,学研 家庭 教師 最悪,競合の不満・乗り換え,保護者,B,カテゴリ競合×比較/評判/料金/乗換え/特性,中,③B カテゴリ競合,学研の家庭教師,,,,UNSPECIFIED,サービス探し（家庭教師・塾・支援） | 比較検討・料金・申込 | ブランド・指名検索,KWP_CompetitorKeywordSeed
33322,学研 家庭 教師 比較,CORE,代表,C30752,2,学研 家庭 教師 比較,競合の比較検討（評判・料金）,保護者,B,カテゴリ競合×比較/評判/料金/乗換え/特性,中,③B カテゴリ競合,学研の家庭教師,,,,UNSPECIFIED,サービス探し（家庭教師・塾・支援） | 比較検討・料金・申込 | ブランド・指名検索,KWP_CompetitorKeywordSeed
33345,学研 家庭 教師 申し込み,CORE,代表,C30754,2,学研 家庭 教師 申し込み,競合の比較検討（評判・料金）,保護者,B,カテゴリ競合×比較/評判/料金/乗換え/特性,中,③B カテゴリ競合,学研の家庭教師,,,,UNSPECIFIED,サービス探し（家庭教師・塾・支援） | 比較検討・料金・申込 | ブランド・指名検索,KWP_CompetitorKeywordSeed
33291,学研 の 家庭 教師 発達 障害 評判,CORE,代表,C30755,2,学研 の 家庭 教師 発達 障害 評判,競合の比較検討（評判・料金）,保護者,B,特性/不登校×家庭教師・塾・個別,高,③B カテゴリ競合,学研の家庭教師,,,,UNSPECIFIED,サービス探し（家庭教師・塾・支援） | 比較検討・料金・申込 | ブランド・指名検索,KWP_CompetitorKeywordSeed
21,学研 家庭 教師 発達 障害,CORE,代表,C30756,6,学研 家庭 教師 発達 障害,競合×特性/不登校対応の確認,保護者,B,特性/不登校×家庭教師・塾・個別,高,③B カテゴリ競合,学研の家庭教師,40,145.0,628.0,MEDIUM,サービス探し（家庭教師・塾・支援） | ブランド・指名検索,KWP_KeywordSeed || KWP_CompetitorKeywordSeed
33351,学研 家庭 教師 自 閉 症,CORE,代表,C30757,2,学研 家庭 教師 自 閉 症,競合×特性/不登校対応の確認,保護者,B,特性/不登校×家庭教師・塾・個別,高,③B カテゴリ競合,学研の家庭教師,,,,UNSPECIFIED,サービス探し（家庭教師・塾・支援） | ブランド・指名検索,KWP_CompetitorKeywordSeed
33296,学研 の 家庭 教師 自 閉 症 評判,CORE,代表,C30758,1,学研 の 家庭 教師 自 閉 症 評判,競合の比較検討（評判・料金）,保護者,B,特性/不登校×家庭教師・塾・個別,高,③B カテゴリ競合,学研の家庭教師,,,,UNSPECIFIED,サービス探し（家庭教師・塾・支援） | 比較検討・料金・申込 | ブランド・指名検索,KWP_CompetitorKeywordSeed
33339,学研 家庭 教師 解約,CORE,代表,C30759,2,学研 家庭 教師 解約,競合の不満・乗り換え,保護者,B,カテゴリ競合×比較/評判/料金/乗換え/特性,中,③B カテゴリ競合,学研の家庭教師,,,,UNSPECIFIED,サービス探し（家庭教師・塾・支援） | 比較検討・料金・申込 | ブランド・指名検索,KWP_CompetitorKeywordSeed
33314,学研 家庭 教師 評価,CORE,代表,C30760,2,学研 家庭 教師 評価,競合の比較検討（評判・料金）,保護者,B,カテゴリ競合×比較/評判/料金/乗換え/特性,中,③B カテゴリ競合,学研の家庭教師,,,,UNSPECIFIED,サービス探し（家庭教師・塾・支援） | 比較検討・料金・申込 | ブランド・指名検索,KWP_CompetitorKeywordSeed
33224,学研 家庭 教師 評判,CORE,代表,C30761,5,学研 家庭 教師 評判,競合の比較検討（評判・料金）,保護者,B,カテゴリ競合×比較/評判/料金/乗換え/特性,中,③B カテゴリ競合,学研の家庭教師,30,181.0,2757.0,MEDIUM,サービス探し（家庭教師・塾・支援） | 比較検討・料金・申込 | ブランド・指名検索,KWP_CompetitorKeywordSeed
33344,学研 家庭 教師 資料 請求,CORE,代表,C30762,2,学研 家庭 教師 資料 請求,競合の比較検討（評判・料金）,保護者,B,カテゴリ競合×比較/評判/料金/乗換え/特性,中,③B カテゴリ競合,学研の家庭教師,,,,UNSPECIFIED,サービス探し（家庭教師・塾・支援） | 比較検討・料金・申込 | ブランド・指名検索,KWP_CompetitorKeywordSeed
33315,学研 家庭 教師 費用,CORE,代表,C30763,3,学研 家庭 教師 費用,競合の比較検討（評判・料金）,保護者,B,カテゴリ競合×比較/評判/料金/乗換え/特性,中,③B カテゴリ競合,学研の家庭教師,10,152.0,1615.0,HIGH,サービス探し（家庭教師・塾・支援） | 比較検討・料金・申込 | ブランド・指名検索,KWP_CompetitorKeywordSeed
33338,学研 家庭 教師 退会,CORE,代表,C30764,2,学研 家庭 教師 退会,競合の不満・乗り換え,保護者,B,カテゴリ競合×比較/評判/料金/乗換え/特性,中,③B カテゴリ競合,学研の家庭教師,,,,UNSPECIFIED,サービス探し（家庭教師・塾・支援） | 合わない・断られた・乗り換え | ブランド・指名検索,KWP_CompetitorKeywordSeed
33320,学研 家庭 教師 高い,CORE,代表,C30766,2,学研 家庭 教師 高い,競合の比較検討（評判・料金）,保護者,B,カテゴリ競合×比較/評判/料金/乗換え/特性,中,③B カテゴリ競合,学研の家庭教師,,,,UNSPECIFIED,サービス探し（家庭教師・塾・支援） | 比較検討・料金・申込 | ブランド・指名検索,KWP_CompetitorKeywordSeed
46332,家庭教師 宮城 学習障害,CORE,代表,C30976,1,家庭教師 宮城 学習障害,サービス探し（特性/不登校×学習支援）,保護者,A,特性/不登校×家庭教師・塾・個別,高,②顕在,,20,,,LOW,サービス探し（家庭教師・塾・支援）,Google_suggest
27837,学習 障害 小学生 家庭 教師,CORE,代表,C30978,2,学習 障害 小学生 家庭 教師,サービス探し（特性/不登校×学習支援）,保護者,A,特性/不登校×家庭教師・塾・個別,高,②顕在,,,,,UNSPECIFIED,サービス探し（家庭教師・塾・支援）,KWP_KeywordSeed
5,学習 障害 家庭 教師,CORE,代表,C30981,5,学習 障害 家庭 教師,サービス探し（特性/不登校×学習支援）,保護者,A,特性/不登校×家庭教師・塾・個別,高,②顕在,,110,377.0,1614.0,HIGH,サービス探し（家庭教師・塾・支援）,KWP_KeywordSeed || KWP_UrlSeed
27841,学習 障害 高校生 家庭 教師,CORE,代表,C30982,1,学習 障害 高校生 家庭 教師,サービス探し（特性/不登校×学習支援）,保護者,A,特性/不登校×家庭教師・塾・個別,高,②顕在,,,,,UNSPECIFIED,サービス探し（家庭教師・塾・支援）,KWP_KeywordSeed
3812,発達 障害 小学生 学習 支援,CORE,代表,C30998,1,発達 障害 小学生 学習 支援,サービス探し（特性/不登校×学習支援）,保護者,A,特性/不登校×家庭教師・塾・個別,高,②顕在,,10,162.0,333.0,MEDIUM,サービス探し（家庭教師・塾・支援）,KWP_KeywordSeed || KWP_UrlSeed
3754,発達 障害 学習 支援 教材,CORE,代表,C31053,1,発達 障害 学習 支援 教材,サービス探し（特性/不登校×学習支援）,保護者（推定）,A,特性/不登校×家庭教師・塾・個別,高,②顕在,,30,100.0,365.0,MEDIUM,サービス探し（家庭教師・塾・支援） | 教材・通信教育,KWP_KeywordSeed
123,発達 障害 学習 支援 方法,CORE,代表,C31057,2,発達 障害 学習 支援 方法,サービス探し（特性/不登校×学習支援）,保護者（推定）,A,特性/不登校×家庭教師・塾・個別,高,②顕在,,40,114.0,354.0,MEDIUM,サービス探し（家庭教師・塾・支援）,KWP_KeywordSeed || KWP_UrlSeed
3743,発達 障害 学習 支援,CORE,代表,C31063,2,発達 障害 学習 支援,サービス探し（特性/不登校×学習支援）,保護者（推定）,A,特性/不登校×家庭教師・塾・個別,高,②顕在,,210,154.0,490.0,MEDIUM,サービス探し（家庭教師・塾・支援）,KWP_KeywordSeed || KWP_UrlSeed
3762,自 閉 症 学習 支援,CORE,代表,C31065,1,自 閉 症 学習 支援,サービス探し（特性/不登校×学習支援）,保護者（推定）,A,特性/不登校×家庭教師・塾・個別,高,②顕在,,10,258.0,343.0,MEDIUM,サービス探し（家庭教師・塾・支援）,KWP_KeywordSeed
281,ld 学習 支援,CORE,代表,C31068,11,ld 学習 支援,サービス探し（特性/不登校×学習支援）,保護者（推定）,A,特性/不登校×家庭教師・塾・個別,高,②顕在,,40,141.0,454.0,MEDIUM,サービス探し（家庭教師・塾・支援）,KWP_KeywordSeed || KWP_UrlSeed
37083,明光 ld,CORE,代表,C31106,2,明光 ld,競合×特性/不登校対応の確認,保護者,B,カテゴリ競合×比較/評判/料金/乗換え/特性,中,③B カテゴリ競合,個別指導の明光義塾,,,,UNSPECIFIED,ブランド・指名検索,KWP_CompetitorKeywordSeed
3688,発達 障害 家庭 教師 安い,CORE,代表,C31297,2,発達 障害 家庭 教師 安い,サービス探し（特性/不登校×学習支援）,保護者,A,特性/不登校×家庭教師・塾・個別,高,②顕在,,,,,UNSPECIFIED,サービス探し（家庭教師・塾・支援） | 比較検討・料金・申込,KWP_KeywordSeed
37055,明光 安い,CORE,代表,C31299,1,明光 安い,競合の比較検討（評判・料金）,保護者,B,カテゴリ競合×比較/評判/料金/乗換え/特性,中,③B カテゴリ競合,個別指導の明光義塾,,,,UNSPECIFIED,比較検討・料金・申込 | ブランド・指名検索,KWP_CompetitorKeywordSeed
36,家庭 教師 発達 障害 対応,CORE,代表,C31330,1,家庭 教師 発達 障害 対応,サービス探し（特性/不登校×学習支援）,保護者,A,特性/不登校×家庭教師・塾・個別,高,②顕在,,,,,UNSPECIFIED,サービス探し（家庭教師・塾・支援）,KWP_KeywordSeed
33,発達 障害 家庭 教師 専門,CORE,代表,C31332,1,発達 障害 家庭 教師 専門,サービス探し（特性/不登校×学習支援）,保護者,A,特性/不登校×家庭教師・塾・個別,高,②顕在,,,,,UNSPECIFIED,サービス探し（家庭教師・塾・支援）,KWP_KeywordSeed
20,発達 障害 小学生 家庭 教師,CORE,代表,C31336,2,発達 障害 小学生 家庭 教師,サービス探し（特性/不登校×学習支援）,保護者,A,特性/不登校×家庭教師・塾・個別,高,②顕在,,10,436.0,767.0,HIGH,サービス探し（家庭教師・塾・支援）,KWP_KeywordSeed || KWP_UrlSeed
46104,発達障害 家庭教師 広島,CORE,代表,C31342,1,発達障害 家庭教師 広島,サービス探し（特性/不登校×学習支援）,保護者,A,特性/不登校×家庭教師・塾・個別,高,②顕在,,10,544.0,2865.0,MEDIUM,サービス探し（家庭教師・塾・支援） | 地域・近くで探す,Google_suggest
616,登校 拒否 家庭 教師,CORE,代表,C31344,1,登校 拒否 家庭 教師,サービス探し（特性/不登校×学習支援）,保護者,A,特性/不登校×家庭教師・塾・個別,高,②顕在,,10,595.0,2011.0,HIGH,サービス探し（家庭教師・塾・支援） | 学校生活・不登校・学校種別,KWP_KeywordSeed
2066,発達 障害 家庭 教師 料金,CORE,代表,C31357,2,発達 障害 家庭 教師 料金,サービス探し（特性/不登校×学習支援）,保護者,A,特性/不登校×家庭教師・塾・個別,高,②顕在,,50,172.0,888.0,HIGH,サービス探し（家庭教師・塾・支援） | 比較検討・料金・申込,KWP_KeywordSeed
48833,家庭教師の銀河 料金 表,CORE,代表,C31361,1,家庭教師の銀河 料金 表,競合の比較検討（評判・料金）,保護者,B,カテゴリ競合×比較/評判/料金/乗換え/特性,中,③B カテゴリ競合,家庭教師の銀河,,,,UNSPECIFIED,サービス探し（家庭教師・塾・支援） | 比較検討・料金・申込 | ブランド・指名検索,Google_competitor_suggest
2190,家庭 教師 の 銀河 料金,CORE,代表,C31362,2,家庭 教師 の 銀河 料金,競合の比較検討（評判・料金）,保護者,B,カテゴリ競合×比較/評判/料金/乗換え/特性,中,③B カテゴリ競合,家庭教師の銀河,20,134.0,482.0,LOW,サービス探し（家庭教師・塾・支援） | 比較検討・料金・申込 | ブランド・指名検索,KWP_KeywordSeed
45012,発達障害 家庭教師 東京,CORE,代表,C31371,1,発達障害 家庭教師 東京,サービス探し（特性/不登校×学習支援）,保護者,A,特性/不登校×家庭教師・塾・個別,高,②顕在,,30,409.0,1380.0,HIGH,サービス探し（家庭教師・塾・支援） | 地域・近くで探す,Google_related_search || Google_suggest
3686,発達 障害 家庭 教師 比較,CORE,代表,C31375,1,発達 障害 家庭 教師 比較,サービス探し（特性/不登校×学習支援）,保護者,A,特性/不登校×家庭教師・塾・個別,高,①王道,,,,,UNSPECIFIED,サービス探し（家庭教師・塾・支援） | 比較検討・料金・申込,KWP_KeywordSeed
18,発達 家庭 教師,CORE,代表,C31385,2,発達 家庭 教師,サービス探し（特性/不登校×学習支援）,保護者,A,特性/不登校×家庭教師・塾・個別,高,②顕在,,10,301.0,1230.0,HIGH,サービス探し（家庭教師・塾・支援）,KWP_KeywordSeed || KWP_UrlSeed
45037,家庭教師 発達障害 知恵袋,CORE,代表,C31386,1,家庭教師 発達障害 知恵袋,サービス探し（特性/不登校×学習支援）,保護者,A,特性/不登校×家庭教師・塾・個別,高,②顕在,,10,294.0,759.0,MEDIUM,サービス探し（家庭教師・塾・支援） | 比較検討・料金・申込,Google_related_search || Google_competitor_SERP || Google_suggest || Google_competitor_suggest
3690,発達 障害 家庭 教師 評判,CORE,代表,C31387,1,発達 障害 家庭 教師 評判,サービス探し（特性/不登校×学習支援）,保護者,A,特性/不登校×家庭教師・塾・個別,高,②顕在,,10,,,UNSPECIFIED,サービス探し（家庭教師・塾・支援） | 比較検討・料金・申込,KWP_KeywordSeed
3687,発達 障害 家庭 教師 費用,CORE,代表,C31388,1,発達 障害 家庭 教師 費用,サービス探し（特性/不登校×学習支援）,保護者,A,特性/不登校×家庭教師・塾・個別,高,②顕在,,,,,UNSPECIFIED,サービス探し（家庭教師・塾・支援） | 比較検討・料金・申込,KWP_KeywordSeed
2,発達 障害 家庭 教師,CORE,代表,C31389,5,発達 障害 家庭 教師,サービス探し（特性/不登校×学習支援）,保護者,A,特性/不登校×家庭教師・塾・個別,高,②顕在,,880,300.0,1322.0,HIGH,サービス探し（家庭教師・塾・支援）,KWP_KeywordSeed || KWP_UrlSeed
458,発達 障害 高校生 家庭 教師,CORE,代表,C31390,2,発達 障害 高校生 家庭 教師,サービス探し（特性/不登校×学習支援）,保護者,A,特性/不登校×家庭教師・塾・個別,高,②顕在,,,,,UNSPECIFIED,サービス探し（家庭教師・塾・支援）,KWP_KeywordSeed
23,家庭 教師 知 的 障害,CORE,代表,C31398,1,家庭 教師 知 的 障害,サービス探し（特性/不登校×学習支援）,保護者,A,特性/不登校×家庭教師・塾・個別,高,②顕在,,50,220.0,975.0,MEDIUM,サービス探し（家庭教師・塾・支援）,KWP_KeywordSeed
14039,障害 者 家庭 教師,CORE,代表,C31399,1,障害 者 家庭 教師,サービス探し（家庭教師・塾一般）,保護者,B,サービス語×つまずき・特性を示す語,中,②顕在,,10,146.0,424.0,MEDIUM,サービス探し（家庭教師・塾・支援）,KWP_UrlSeed
9,自 閉 症 家庭 教師,CORE,代表,C31400,2,自 閉 症 家庭 教師,サービス探し（特性/不登校×学習支援）,保護者,A,特性/不登校×家庭教師・塾・個別,高,②顕在,,30,268.0,1653.0,HIGH,サービス探し（家庭教師・塾・支援）,KWP_KeywordSeed
27833,自 閉 症 高校生 家庭 教師,CORE,代表,C31401,1,自 閉 症 高校生 家庭 教師,サービス探し（特性/不登校×学習支援）,保護者,A,特性/不登校×家庭教師・塾・個別,高,②顕在,,,,,UNSPECIFIED,サービス探し（家庭教師・塾・支援）,KWP_KeywordSeed
67801,家庭教師の銀河 解約,CORE,代表,C31405,1,家庭教師の銀河 解約,競合の不満・乗り換え,保護者,B,カテゴリ競合×比較/評判/料金/乗換え/特性,中,③B カテゴリ競合,家庭教師の銀河,10,,,LOW,サービス探し（家庭教師・塾・支援） | 比較検討・料金・申込 | ブランド・指名検索,CompetitorMatrix
67799,家庭教師の銀河 評価,CORE,代表,C31407,1,家庭教師の銀河 評価,競合の比較検討（評判・料金）,保護者,B,カテゴリ競合×比較/評判/料金/乗換え/特性,中,③B カテゴリ競合,家庭教師の銀河,10,,,UNSPECIFIED,サービス探し（家庭教師・塾・支援） | 比較検討・料金・申込 | ブランド・指名検索,CompetitorMatrix
48831,家庭教師の銀河 評判,CORE,代表,C31408,1,家庭教師の銀河 評判,競合の比較検討（評判・料金）,保護者,B,カテゴリ競合×比較/評判/料金/乗換え/特性,中,③B カテゴリ競合,家庭教師の銀河,10,,,LOW,サービス探し（家庭教師・塾・支援） | 比較検討・料金・申込 | ブランド・指名検索,Google_competitor_suggest || CompetitorMatrix
17056,明光 料金,CORE,代表,C32256,4,明光 料金,競合の比較検討（評判・料金）,保護者,B,カテゴリ競合×比較/評判/料金/乗換え/特性,中,③B カテゴリ競合,個別指導の明光義塾,20,,,LOW,比較検討・料金・申込 | ブランド・指名検索,KWP_UrlSeed || KWP_CompetitorKeywordSeed || CompetitorMatrix
37073,明光 解約,CORE,代表,C32335,1,明光 解約,競合の不満・乗り換え,保護者,B,カテゴリ競合×比較/評判/料金/乗換え/特性,中,③B カテゴリ競合,個別指導の明光義塾,,,,UNSPECIFIED,比較検討・料金・申込 | ブランド・指名検索,KWP_CompetitorKeywordSeed
37007,明光 評判,CORE,代表,C32337,1,明光 評判,競合の比較検討（評判・料金）,保護者,B,カテゴリ競合×比較/評判/料金/乗換え/特性,中,③B カテゴリ競合,個別指導の明光義塾,10,,,LOW,比較検討・料金・申込 | ブランド・指名検索,KWP_CompetitorKeywordSeed || CompetitorMatrix
37078,明光 資料 請求,CORE,代表,C32338,1,明光 資料 請求,競合の比較検討（評判・料金）,保護者,B,カテゴリ競合×比較/評判/料金/乗換え/特性,中,③B カテゴリ競合,個別指導の明光義塾,,,,UNSPECIFIED,比較検討・料金・申込 | ブランド・指名検索,KWP_CompetitorKeywordSeed
37050,明光 費用,CORE,代表,C32340,1,明光 費用,競合の比較検討（評判・料金）,保護者,B,カテゴリ競合×比較/評判/料金/乗換え/特性,中,③B カテゴリ競合,個別指導の明光義塾,,,,UNSPECIFIED,比較検討・料金・申込 | ブランド・指名検索,KWP_CompetitorKeywordSeed
37068,明光 退会,CORE,代表,C32341,1,明光 退会,競合の不満・乗り換え,保護者,B,カテゴリ競合×比較/評判/料金/乗換え/特性,中,③B カテゴリ競合,個別指導の明光義塾,10,,,LOW,合わない・断られた・乗り換え | ブランド・指名検索,KWP_CompetitorKeywordSeed || CompetitorMatrix
37054,明光 高い,CORE,代表,C32344,1,明光 高い,競合の比較検討（評判・料金）,保護者,B,カテゴリ競合×比較/評判/料金/乗換え/特性,中,③B カテゴリ競合,個別指導の明光義塾,,,,UNSPECIFIED,比較検討・料金・申込 | ブランド・指名検索,KWP_CompetitorKeywordSeed
16951,河合塾 発達 障害,CORE,代表,C32510,1,河合塾 発達 障害,競合×特性/不登校対応の確認,保護者,B,特性/不登校×家庭教師・塾・個別,高,④インテント,河合塾,10,,,UNSPECIFIED,サービス探し（家庭教師・塾・支援） | ブランド・指名検索,KWP_UrlSeed
