sheet_row,keyword,判定,投入,cluster_id,cluster_size,代表KW,検索意図,検索者推定,LP,理由,確信度,portfolio,brand,average_monthly_searches,low_top_of_page_bid,high_top_of_page_bid,competition,intent_category,discovery_source
24334,ブログ 書き方,EXCLUDE,除外,,,,対象外,不明,,ブログ運営（書き手側）,高,④インテント,,1000,10.0,124.0,LOW,比較検討・料金・申込,KWP_UrlSeed
24335,ブログ 作り方,EXCLUDE,除外,,,,対象外,不明,,ブログ運営（書き手側）,高,④インテント,,880,38.0,233.0,MEDIUM,比較検討・料金・申込,KWP_UrlSeed
24337,ブログ 無料,EXCLUDE,除外,,,,対象外,不明,,ブログ運営（書き手側）,高,④インテント,,1900,24.0,325.0,LOW,比較検討・料金・申込,KWP_UrlSeed
24340,ブログ 始める,EXCLUDE,除外,,,,対象外,不明,,ブログ運営（書き手側）,高,④インテント,,260,20.0,275.0,MEDIUM,比較検討・料金・申込,KWP_UrlSeed
24343,ブログ 書き方 テンプレート,EXCLUDE,除外,,,,対象外,不明,,ブログ運営（書き手側）,高,④インテント,,70,8.0,126.0,LOW,比較検討・料金・申込,KWP_UrlSeed
24345,ブログ 記事 書き方,EXCLUDE,除外,,,,対象外,不明,,ブログ運営（書き手側）,高,④インテント,,140,9.0,95.0,LOW,比較検討・料金・申込,KWP_UrlSeed
24347,ブログ テンプレート,EXCLUDE,除外,,,,対象外,不明,,ブログ運営（書き手側）,高,④インテント,,140,58.0,178.0,LOW,比較検討・料金・申込,KWP_UrlSeed
24354,ブログ ツール,EXCLUDE,除外,,,,対象外,不明,,ブログ運営（書き手側）,高,④インテント,,70,41.0,351.0,LOW,比較検討・料金・申込,KWP_UrlSeed
24355,ブログ デザイン,EXCLUDE,除外,,,,対象外,不明,,ブログ運営（書き手側）,高,④インテント,,590,89.0,326.0,LOW,比較検討・料金・申込,KWP_UrlSeed
24356,ブログ 始める おすすめ,EXCLUDE,除外,,,,対象外,不明,,ブログ運営（書き手側）,高,④インテント,,30,7.0,115.0,MEDIUM,比較検討・料金・申込,KWP_UrlSeed
24359,ブログ 文字数,EXCLUDE,除外,,,,対象外,不明,,ブログ運営（書き手側）,高,④インテント,,110,7.0,66.0,LOW,比較検討・料金・申込,KWP_UrlSeed
24366,ブログ コツ,EXCLUDE,除外,,,,対象外,不明,,ブログ運営（書き手側）,高,④インテント,,30,6.0,50.0,LOW,比較検討・料金・申込 | 学習のやり方・学習課題,KWP_UrlSeed
24367,ブログ マネタイズ,EXCLUDE,除外,,,,対象外,不明,,ブログ運営（書き手側）,高,④インテント,,50,17.0,289.0,LOW,比較検討・料金・申込,KWP_UrlSeed
24371,収益 ブログ,EXCLUDE,除外,,,,対象外,不明,,ブログ運営（書き手側）,高,④インテント,,480,29.0,178.0,LOW,比較検討・料金・申込,KWP_UrlSeed
24374,ブログ 書き方 コツ,EXCLUDE,除外,,,,対象外,不明,,ブログ運営（書き手側）,高,④インテント,,40,5.0,123.0,MEDIUM,比較検討・料金・申込 | 学習のやり方・学習課題,KWP_UrlSeed
24376,ブログ 文章 書き方,EXCLUDE,除外,,,,対象外,不明,,ブログ運営（書き手側）,高,④インテント,,40,4.0,206.0,LOW,比較検討・料金・申込,KWP_UrlSeed
24377,ブログ 構成 テンプレート,EXCLUDE,除外,,,,対象外,不明,,ブログ運営（書き手側）,高,④インテント,,90,19.0,95.0,LOW,比較検討・料金・申込,KWP_UrlSeed
24379,ブログ 書き方 構成,EXCLUDE,除外,,,,対象外,不明,,ブログ運営（書き手側）,高,④インテント,,50,13.0,90.0,LOW,比較検討・料金・申込,KWP_UrlSeed
24383,ブログ 書き方 例文,EXCLUDE,除外,,,,対象外,不明,,ブログ運営（書き手側）,高,④インテント,,70,,,LOW,比較検討・料金・申込,KWP_UrlSeed
24391,ブログ 稼ぎ,EXCLUDE,除外,,,,対象外,不明,,ブログ運営（書き手側）,高,④インテント,,10,,,LOW,比較検討・料金・申込,KWP_UrlSeed
24395,ブログ テンプレ,EXCLUDE,除外,,,,対象外,不明,,ブログ運営（書き手側）,高,④インテント,,40,,,LOW,比較検討・料金・申込,KWP_UrlSeed
24396,ブログ 作り方 プログラミング,EXCLUDE,除外,,,,対象外,不明,,ブログ運営（書き手側）,高,④インテント,,10,,,LOW,比較検討・料金・申込 | 習い事・トレーニング,KWP_UrlSeed
24400,ブログ ツール おすすめ,EXCLUDE,除外,,,,対象外,不明,,ブログ運営（書き手側）,高,④インテント,,20,57.0,277.0,LOW,比較検討・料金・申込,KWP_UrlSeed
24414,ブログ イラスト 作り方,EXCLUDE,除外,,,,対象外,不明,,ブログ運営（書き手側）,高,④インテント,,10,,,LOW,比較検討・料金・申込,KWP_UrlSeed
24415,ブログ テンプレート おしゃれ,EXCLUDE,除外,,,,対象外,不明,,ブログ運営（書き手側）,高,④インテント,,10,,,LOW,比較検討・料金・申込,KWP_UrlSeed
24433,ブログ 構成 作り方,EXCLUDE,除外,,,,対象外,不明,,ブログ運営（書き手側）,高,④インテント,,10,,,LOW,比較検討・料金・申込,KWP_UrlSeed
6422,塾 経営,EXCLUDE,除外,,,,対象外,事業者・投資家,,事業者・経営・投資側,高,②顕在,,260,259.0,1042.0,MEDIUM,サービス探し（家庭教師・塾・支援）,KWP_KeywordSeed
6537,学習 塾 経営,EXCLUDE,除外,,,,対象外,事業者・投資家,,事業者・経営・投資側,高,②顕在,,110,227.0,1353.0,MEDIUM,サービス探し（家庭教師・塾・支援）,KWP_KeywordSeed
6545,個人 塾 経営,EXCLUDE,除外,,,,対象外,事業者・投資家,,事業者・経営・投資側,高,②顕在,,480,245.0,795.0,MEDIUM,サービス探し（家庭教師・塾・支援）,KWP_KeywordSeed
6793,塾 経営 厳しい,EXCLUDE,除外,,,,対象外,事業者・投資家,,事業者・経営・投資側,高,②顕在,,110,223.0,701.0,LOW,サービス探し（家庭教師・塾・支援）,KWP_KeywordSeed
6874,武田 塾 オーナー,EXCLUDE,除外,,,,対象外,事業者・投資家,,事業者・経営・投資側,高,③B カテゴリ競合,武田塾,140,,,LOW,サービス探し（家庭教師・塾・支援） | ブランド・指名検索,KWP_KeywordSeed
6945,若松 塾 買収,EXCLUDE,除外,,,,対象外,事業者・投資家,,事業者・経営・投資側,高,②顕在,,10,,,LOW,サービス探し（家庭教師・塾・支援）,KWP_KeywordSeed
7691,個別 指導 塾 開業,EXCLUDE,除外,,,,対象外,事業者・投資家,,事業者・経営・投資側,高,②顕在,,30,334.0,1362.0,HIGH,サービス探し（家庭教師・塾・支援）,KWP_KeywordSeed
8063,創 英 ゼミナール 本部,EXCLUDE,除外,,,,対象外,事業者・投資家,,事業者・経営・投資側,高,④インテント,,110,,,LOW,未分類,KWP_KeywordSeed
13508,塾 運営,EXCLUDE,除外,,,,対象外,事業者・投資家,,事業者・経営・投資側,高,②顕在,,30,276.0,930.0,MEDIUM,サービス探し（家庭教師・塾・支援）,KWP_UrlSeed
19468,塾 開設,EXCLUDE,除外,,,,対象外,事業者・投資家,,事業者・経営・投資側,高,②顕在,,10,791.0,1735.0,HIGH,サービス探し（家庭教師・塾・支援）,KWP_UrlSeed
22730,本部 体験,EXCLUDE,除外,,,,対象外,事業者・投資家,,事業者・経営・投資側,高,④インテント,,20,,,HIGH,比較検討・料金・申込,KWP_UrlSeed
24349,ブログ 起業,EXCLUDE,除外,,,,対象外,事業者・投資家,,事業者・経営・投資側,高,④インテント,,90,104.0,284.0,LOW,比較検討・料金・申込,KWP_UrlSeed
24407,blog 収益,EXCLUDE,除外,,,,対象外,事業者・投資家,,事業者・経営・投資側,高,④インテント,,10,,,LOW,未分類,KWP_UrlSeed
30300,adhd 独立,EXCLUDE,除外,,,,対象外,事業者・投資家,,事業者・経営・投資側,高,④インテント,,20,,,LOW,特性そのものを調べる（とは・特徴・チェック）,KWP_SiteSeed
31249,トライ プラス オーナー,EXCLUDE,除外,,,,対象外,事業者・投資家,,事業者・経営・投資側,高,③B カテゴリ競合,個別指導塾トライプラス,10,88.0,664.0,LOW,ブランド・指名検索,KWP_CompetitorKeywordSeed
31278,二 谷 友里恵 家庭 教師 の トライ 起業,EXCLUDE,除外,,,,対象外,事業者・投資家,,事業者・経営・投資側,高,③B カテゴリ競合,家庭教師のトライ,0,,,UNSPECIFIED,サービス探し（家庭教師・塾・支援） | ブランド・指名検索,KWP_CompetitorKeywordSeed
36643,明光 義塾 独立,EXCLUDE,除外,,,,対象外,事業者・投資家,,事業者・経営・投資側,高,③B カテゴリ競合,個別指導の明光義塾,10,,,UNSPECIFIED,サービス探し（家庭教師・塾・支援） | ブランド・指名検索,KWP_CompetitorKeywordSeed
36694,明光 義塾 経営,EXCLUDE,除外,,,,対象外,事業者・投資家,,事業者・経営・投資側,高,③B カテゴリ競合,個別指導の明光義塾,10,,,LOW,サービス探し（家庭教師・塾・支援） | ブランド・指名検索,KWP_CompetitorKeywordSeed
37729,東京 個別 指導 学院 ベネッセ 買収,EXCLUDE,除外,,,,対象外,事業者・投資家,,事業者・経営・投資側,高,③B カテゴリ競合,東京個別指導学院,50,,,LOW,サービス探し（家庭教師・塾・支援） | ブランド・指名検索 | 地域・近くで探す,KWP_CompetitorKeywordSeed
37735,東京 個別 指導 学院 上場,EXCLUDE,除外,,,,対象外,事業者・投資家,,事業者・経営・投資側,高,③B カテゴリ競合,東京個別指導学院,30,,,LOW,サービス探し（家庭教師・塾・支援） | ブランド・指名検索 | 地域・近くで探す,KWP_CompetitorKeywordSeed
40377,湘南 ゼミナール 森 塾 買収,EXCLUDE,除外,,,,対象外,事業者・投資家,,事業者・経営・投資側,高,③B カテゴリ競合,森塾,10,,,LOW,サービス探し（家庭教師・塾・支援） | ブランド・指名検索,KWP_CompetitorKeywordSeed
46956,不登校 放課後等デイサービス 加算,EXCLUDE,除外,,,,対象外,事業者・投資家,,事業者・経営・投資側,高,④インテント,,,,,UNSPECIFIED,療育・福祉・居場所 | 学校生活・不登校・学校種別,Google_suggest
47406,トライ 買収,EXCLUDE,除外,,,,対象外,事業者・投資家,,事業者・経営・投資側,高,④インテント,,30,,,LOW,ブランド・指名検索,Google_competitor_suggest
47610,サクシード m&a,EXCLUDE,除外,,,,対象外,事業者・投資家,,事業者・経営・投資側,高,④インテント,,70,373.0,1384.0,MEDIUM,ブランド・指名検索 | 運営会社・企業情報,Google_competitor_suggest
47621,m&a サクシード 評判,EXCLUDE,除外,,,,対象外,事業者・投資家,,事業者・経営・投資側,高,④インテント,,20,280.0,1552.0,LOW,比較検討・料金・申込 | ブランド・指名検索 | 運営会社・企業情報,Google_competitor_suggest
47630,m&a サクシード 料金,EXCLUDE,除外,,,,対象外,事業者・投資家,,事業者・経営・投資側,高,④インテント,,10,247.0,1111.0,LOW,比較検討・料金・申込 | ブランド・指名検索 | 運営会社・企業情報,Google_competitor_suggest
3817,発達 障害 教育 支援 員,EXCLUDE,除外,,,,対象外,講師・求職者,,供給側（求人・講師・社員・研修など働く側）,高,②顕在,,10,,,UNSPECIFIED,サービス探し（家庭教師・塾・支援） | 教える側（教師・支援者・資格）,KWP_KeywordSeed
4999,adhd 職場,EXCLUDE,除外,,,,対象外,講師・求職者,,供給側（求人・講師・社員・研修など働く側）,高,④インテント,,390,5.0,315.0,LOW,大人・大学生（本人）,KWP_KeywordSeed || KWP_SiteSeed
5161,adhd 職場 嫌 われる,EXCLUDE,除外,,,,対象外,講師・求職者,,供給側（求人・講師・社員・研修など働く側）,高,④インテント,,50,,,LOW,大人・大学生（本人）,KWP_KeywordSeed
5235,アスペルガー 職場,EXCLUDE,除外,,,,対象外,講師・求職者,,供給側（求人・講師・社員・研修など働く側）,高,④インテント,,210,,,LOW,大人・大学生（本人）,KWP_KeywordSeed
5314,職場 adhd,EXCLUDE,除外,,,,対象外,講師・求職者,,供給側（求人・講師・社員・研修など働く側）,高,④インテント,,390,5.0,315.0,LOW,大人・大学生（本人）,KWP_KeywordSeed || KWP_SiteSeed
5315,職場 アスペルガー,EXCLUDE,除外,,,,対象外,講師・求職者,,供給側（求人・講師・社員・研修など働く側）,高,④インテント,,210,,,LOW,大人・大学生（本人）,KWP_KeywordSeed || KWP_SiteSeed
5420,asd 職場,EXCLUDE,除外,,,,対象外,講師・求職者,,供給側（求人・講師・社員・研修など働く側）,高,④インテント,,210,25.0,315.0,LOW,大人・大学生（本人）,KWP_KeywordSeed || KWP_SiteSeed
5506,グレー ゾーン 職場,EXCLUDE,除外,,,,対象外,講師・求職者,,供給側（求人・講師・社員・研修など働く側）,高,④インテント,,20,,,LOW,大人・大学生（本人）,KWP_KeywordSeed
5533,職場 グレー ゾーン,EXCLUDE,除外,,,,対象外,講師・求職者,,供給側（求人・講師・社員・研修など働く側）,高,④インテント,,10,,,LOW,大人・大学生（本人）,KWP_KeywordSeed
6138,家庭 教師 なるには,EXCLUDE,除外,,,,対象外,講師・求職者,,供給側（求人・講師・社員・研修など働く側）,高,②顕在,,110,61.0,342.0,LOW,サービス探し（家庭教師・塾・支援）,KWP_KeywordSeed
6181,トライ プロ 講師 なるには,EXCLUDE,除外,,,,対象外,講師・求職者,,供給側（求人・講師・社員・研修など働く側）,高,③B カテゴリ競合,家庭教師のトライ,70,19.0,86.0,LOW,ブランド・指名検索,KWP_KeywordSeed
8120,療育 指導員,EXCLUDE,除外,,,,対象外,講師・求職者,,供給側（求人・講師・社員・研修など働く側）,高,④インテント,,70,64.0,410.0,LOW,療育・福祉・居場所,KWP_KeywordSeed
8494,放課後 等 デイ サービス 指導員,EXCLUDE,除外,,,,対象外,講師・求職者,,供給側（求人・講師・社員・研修など働く側）,高,④インテント,,50,60.0,416.0,LOW,療育・福祉・居場所,KWP_KeywordSeed
8589,放 デイ 指導員,EXCLUDE,除外,,,,対象外,講師・求職者,,供給側（求人・講師・社員・研修など働く側）,高,④インテント,,20,130.0,474.0,LOW,療育・福祉・居場所,KWP_KeywordSeed
8819,放課後 等 デイ サービス 指導員 と は,EXCLUDE,除外,,,,対象外,講師・求職者,,供給側（求人・講師・社員・研修など働く側）,高,④インテント,,10,,,LOW,療育・福祉・居場所 | 特性そのものを調べる（とは・特徴・チェック）,KWP_KeywordSeed
9141,特別 支援 学級 支援 員,EXCLUDE,除外,,,,対象外,講師・求職者,,供給側（求人・講師・社員・研修など働く側）,高,④インテント,,140,13.0,159.0,LOW,サービス探し（家庭教師・塾・支援） | 学校生活・不登校・学校種別 | 教える側（教師・支援者・資格）,KWP_KeywordSeed
9355,普通 学級 支援 員,EXCLUDE,除外,,,,対象外,講師・求職者,,供給側（求人・講師・社員・研修など働く側）,高,④インテント,,10,,,LOW,サービス探し（家庭教師・塾・支援） | 学校生活・不登校・学校種別 | 教える側（教師・支援者・資格）,KWP_KeywordSeed
9472,特別 支援 教室 支援 員,EXCLUDE,除外,,,,対象外,講師・求職者,,供給側（求人・講師・社員・研修など働く側）,高,④インテント,,20,,,LOW,サービス探し（家庭教師・塾・支援） | 教える側（教師・支援者・資格）,KWP_KeywordSeed
10860,職場 話し声 集中 できない,EXCLUDE,除外,,,,対象外,講師・求職者,,供給側（求人・講師・社員・研修など働く側）,高,④インテント,,10,,,LOW,学習のやり方・学習課題 | 大人・大学生（本人）,KWP_KeywordSeed
12901,療育 指導員 に なるには,EXCLUDE,除外,,,,対象外,講師・求職者,,供給側（求人・講師・社員・研修など働く側）,高,④インテント,,10,,,LOW,療育・福祉・居場所,KWP_KeywordSeed
12916,発達 支援 療育 士 に なるには,EXCLUDE,除外,,,,対象外,講師・求職者,,供給側（求人・講師・社員・研修など働く側）,高,④インテント,,10,,,UNSPECIFIED,サービス探し（家庭教師・塾・支援） | 療育・福祉・居場所,KWP_KeywordSeed
13287,教員 中学,EXCLUDE,除外,,,,対象外,講師・求職者,,供給側（求人・講師・社員・研修など働く側）,高,④インテント,,1900,80.0,448.0,LOW,教える側（教師・支援者・資格）,KWP_UrlSeed
13365,教職 塾,EXCLUDE,除外,,,,対象外,講師・求職者,,供給側（求人・講師・社員・研修など働く側）,高,②顕在,,10,,,LOW,サービス探し（家庭教師・塾・支援）,KWP_UrlSeed
13813,asd 教員,EXCLUDE,除外,,,,対象外,講師・求職者,,供給側（求人・講師・社員・研修など働く側）,高,④インテント,,50,,,LOW,教える側（教師・支援者・資格）,KWP_UrlSeed
13916,トライ 募集,EXCLUDE,除外,,,,対象外,講師・求職者,,供給側（求人・講師・社員・研修など働く側）,高,④インテント,,10,32.0,349.0,MEDIUM,ブランド・指名検索,KWP_UrlSeed
14080,adhd 教員,EXCLUDE,除外,,,,対象外,講師・求職者,,供給側（求人・講師・社員・研修など働く側）,高,④インテント,,140,,,LOW,教える側（教師・支援者・資格）,KWP_UrlSeed
14125,asd 社員,EXCLUDE,除外,,,,対象外,講師・求職者,,供給側（求人・講師・社員・研修など働く側）,高,④インテント,,20,,,LOW,特性そのものを調べる（とは・特徴・チェック）,KWP_UrlSeed
14144,adhd 社員 対応,EXCLUDE,除外,,,,対象外,講師・求職者,,供給側（求人・講師・社員・研修など働く側）,高,④インテント,,30,,,LOW,特性そのものを調べる（とは・特徴・チェック）,KWP_UrlSeed
14151,教員 adhd,EXCLUDE,除外,,,,対象外,講師・求職者,,供給側（求人・講師・社員・研修など働く側）,高,④インテント,,30,,,LOW,教える側（教師・支援者・資格）,KWP_UrlSeed
14158,社員 adhd,EXCLUDE,除外,,,,対象外,講師・求職者,,供給側（求人・講師・社員・研修など働く側）,高,④インテント,,10,,,LOW,特性そのものを調べる（とは・特徴・チェック）,KWP_UrlSeed
14161,adhd 社員,EXCLUDE,除外,,,,対象外,講師・求職者,,供給側（求人・講師・社員・研修など働く側）,高,④インテント,,40,,,LOW,特性そのものを調べる（とは・特徴・チェック）,KWP_UrlSeed || KWP_SiteSeed
14267,アスペルガー 社員,EXCLUDE,除外,,,,対象外,講師・求職者,,供給側（求人・講師・社員・研修など働く側）,高,④インテント,,20,,,LOW,特性そのものを調べる（とは・特徴・チェック）,KWP_UrlSeed
15103,塾 募集,EXCLUDE,除外,,,,対象外,講師・求職者,,供給側（求人・講師・社員・研修など働く側）,高,②顕在,,30,227.0,1195.0,MEDIUM,サービス探し（家庭教師・塾・支援）,KWP_UrlSeed || KWP_SiteSeed
16103,adhd 募集,EXCLUDE,除外,,,,対象外,講師・求職者,,供給側（求人・講師・社員・研修など働く側）,高,④インテント,,10,112.0,330.0,MEDIUM,特性そのものを調べる（とは・特徴・チェック）,KWP_UrlSeed
16128,adhd 報酬,EXCLUDE,除外,,,,対象外,講師・求職者,,供給側（求人・講師・社員・研修など働く側）,高,④インテント,,50,,,LOW,特性そのものを調べる（とは・特徴・チェック）,KWP_UrlSeed
16223,ld 研修,EXCLUDE,除外,,,,対象外,講師・求職者,,供給側（求人・講師・社員・研修など働く側）,高,④インテント,,20,,,LOW,教える側（教師・支援者・資格）,KWP_UrlSeed
16264,教員 研究,EXCLUDE,除外,,,,対象外,講師・求職者,,供給側（求人・講師・社員・研修など働く側）,高,④インテント,,20,,,LOW,教える側（教師・支援者・資格）,KWP_UrlSeed
16897,朝方 に なるには 受験生,EXCLUDE,除外,,,,対象外,講師・求職者,,供給側（求人・講師・社員・研修など働く側）,高,④インテント,,20,,,LOW,受験・進路,KWP_UrlSeed
17170,教師 教員,EXCLUDE,除外,,,,対象外,講師・求職者,,供給側（求人・講師・社員・研修など働く側）,高,④インテント,,140,,,LOW,教える側（教師・支援者・資格）,KWP_UrlSeed
17233,教員 小学校,EXCLUDE,除外,,,,対象外,講師・求職者,,供給側（求人・講師・社員・研修など働く側）,高,④インテント,,18100,66.0,412.0,LOW,教える側（教師・支援者・資格）,KWP_UrlSeed || KWP_SiteSeed
17243,小学校 教職員,EXCLUDE,除外,,,,対象外,講師・求職者,,供給側（求人・講師・社員・研修など働く側）,高,④インテント,,70,,,LOW,未分類,KWP_UrlSeed
17514,教師 派遣,EXCLUDE,除外,,,,対象外,講師・求職者,,供給側（求人・講師・社員・研修など働く側）,高,④インテント,,30,,,LOW,未分類,KWP_UrlSeed
17657,職場 評判,EXCLUDE,除外,,,,対象外,講師・求職者,,供給側（求人・講師・社員・研修など働く側）,高,④インテント,,10,,,LOW,比較検討・料金・申込 | 大人・大学生（本人）,KWP_UrlSeed
17693,あすなろ スタッフ,EXCLUDE,除外,,,,対象外,講師・求職者,,供給側（求人・講師・社員・研修など働く側）,高,④インテント,,10,,,LOW,ブランド・指名検索,KWP_UrlSeed
17754,塾 研修,EXCLUDE,除外,,,,対象外,講師・求職者,,供給側（求人・講師・社員・研修など働く側）,高,②顕在,,20,,,LOW,サービス探し（家庭教師・塾・支援） | 教える側（教師・支援者・資格）,KWP_UrlSeed
17759,先生 研修,EXCLUDE,除外,,,,対象外,講師・求職者,,供給側（求人・講師・社員・研修など働く側）,高,④インテント,,50,,,LOW,教える側（教師・支援者・資格）,KWP_UrlSeed
17927,療育 研修 オンライン,EXCLUDE,除外,,,,対象外,講師・求職者,,供給側（求人・講師・社員・研修など働く側）,高,④インテント,,30,95.0,186.0,MEDIUM,サービス探し（家庭教師・塾・支援） | 療育・福祉・居場所 | 教える側（教師・支援者・資格）,KWP_UrlSeed
17956,発達 研修,EXCLUDE,除外,,,,対象外,講師・求職者,,供給側（求人・講師・社員・研修など働く側）,高,④インテント,,30,,,LOW,教える側（教師・支援者・資格）,KWP_UrlSeed || KWP_SiteSeed
18210,教員 中学校,EXCLUDE,除外,,,,対象外,講師・求職者,,供給側（求人・講師・社員・研修など働く側）,高,④インテント,,1900,80.0,448.0,LOW,教える側（教師・支援者・資格）,KWP_UrlSeed
18233,教員 ブログ,EXCLUDE,除外,,,,対象外,講師・求職者,,供給側（求人・講師・社員・研修など働く側）,高,④インテント,,50,,,LOW,比較検討・料金・申込 | 教える側（教師・支援者・資格）,KWP_UrlSeed
19322,中学生 募集,EXCLUDE,除外,,,,対象外,講師・求職者,,供給側（求人・講師・社員・研修など働く側）,高,④インテント,,70,,,LOW,未分類,KWP_UrlSeed
19490,トライ 研修,EXCLUDE,除外,,,,対象外,講師・求職者,,供給側（求人・講師・社員・研修など働く側）,高,④インテント,,90,,,LOW,ブランド・指名検索 | 教える側（教師・支援者・資格）,KWP_UrlSeed || KWP_SiteSeed
19493,トライ オンライン 研修 答え,EXCLUDE,除外,,,,対象外,講師・求職者,,供給側（求人・講師・社員・研修など働く側）,高,③B カテゴリ競合,トライのオンライン個別指導塾,10,,,LOW,サービス探し（家庭教師・塾・支援） | ブランド・指名検索 | 教える側（教師・支援者・資格）,KWP_UrlSeed
19534,トライ 社員,EXCLUDE,除外,,,,対象外,講師・求職者,,供給側（求人・講師・社員・研修など働く側）,高,④インテント,,20,63.0,193.0,LOW,ブランド・指名検索,KWP_UrlSeed
19574,トライ オンライン 家庭 教師 面接,EXCLUDE,除外,,,,対象外,講師・求職者,,供給側（求人・講師・社員・研修など働く側）,高,③B カテゴリ競合,トライのオンライン個別指導塾,10,,,LOW,サービス探し（家庭教師・塾・支援） | 受験・進路 | ブランド・指名検索,KWP_UrlSeed
19575,トライ オンライン 研修,EXCLUDE,除外,,,,対象外,講師・求職者,,供給側（求人・講師・社員・研修など働く側）,高,③B カテゴリ競合,トライのオンライン個別指導塾,20,,,LOW,サービス探し（家庭教師・塾・支援） | ブランド・指名検索 | 教える側（教師・支援者・資格）,KWP_UrlSeed
19576,トライ オンライン 研修 システム,EXCLUDE,除外,,,,対象外,講師・求職者,,供給側（求人・講師・社員・研修など働く側）,高,③B カテゴリ競合,トライのオンライン個別指導塾,10,,,LOW,サービス探し（家庭教師・塾・支援） | ブランド・指名検索 | 教える側（教師・支援者・資格）,KWP_UrlSeed
19585,家庭 教師 の トライ オンライン 研修 システム,EXCLUDE,除外,,,,対象外,講師・求職者,,供給側（求人・講師・社員・研修など働く側）,高,③B カテゴリ競合,家庭教師のトライ,10,,,LOW,サービス探し（家庭教師・塾・支援） | ブランド・指名検索 | 教える側（教師・支援者・資格）,KWP_UrlSeed
19868,教員 学歴,EXCLUDE,除外,,,,対象外,講師・求職者,,供給側（求人・講師・社員・研修など働く側）,高,④インテント,,90,,,LOW,教える側（教師・支援者・資格）,KWP_UrlSeed
20205,教員 自治体 変更,EXCLUDE,除外,,,,対象外,講師・求職者,,供給側（求人・講師・社員・研修など働く側）,高,④インテント,,20,,,LOW,教える側（教師・支援者・資格）,KWP_UrlSeed
20268,情報 教員,EXCLUDE,除外,,,,対象外,講師・求職者,,供給側（求人・講師・社員・研修など働く側）,高,④インテント,,210,40.0,246.0,LOW,教える側（教師・支援者・資格）,KWP_UrlSeed
20270,教員 マニュアル,EXCLUDE,除外,,,,対象外,講師・求職者,,供給側（求人・講師・社員・研修など働く側）,高,④インテント,,10,,,LOW,教える側（教師・支援者・資格）,KWP_UrlSeed
20272,教員 スケジュール,EXCLUDE,除外,,,,対象外,講師・求職者,,供給側（求人・講師・社員・研修など働く側）,高,④インテント,,40,,,LOW,学習のやり方・学習課題 | 教える側（教師・支援者・資格）,KWP_UrlSeed
20273,教員 性格,EXCLUDE,除外,,,,対象外,講師・求職者,,供給側（求人・講師・社員・研修など働く側）,高,④インテント,,30,,,LOW,教える側（教師・支援者・資格）,KWP_UrlSeed
20277,教員 現状,EXCLUDE,除外,,,,対象外,講師・求職者,,供給側（求人・講師・社員・研修など働く側）,高,④インテント,,30,,,LOW,教える側（教師・支援者・資格）,KWP_UrlSeed
20278,教職員 講師,EXCLUDE,除外,,,,対象外,講師・求職者,,供給側（求人・講師・社員・研修など働く側）,高,④インテント,,140,211.0,649.0,LOW,未分類,KWP_UrlSeed
20283,教員 問題,EXCLUDE,除外,,,,対象外,講師・求職者,,供給側（求人・講師・社員・研修など働く側）,高,④インテント,,140,,,LOW,教える側（教師・支援者・資格）,KWP_UrlSeed
20635,研修 高校生,EXCLUDE,除外,,,,対象外,講師・求職者,,供給側（求人・講師・社員・研修など働く側）,高,④インテント,,10,,,LOW,教える側（教師・支援者・資格）,KWP_UrlSeed
21541,adhd 研修,EXCLUDE,除外,,,,対象外,講師・求職者,,供給側（求人・講師・社員・研修など働く側）,高,④インテント,,20,,,LOW,教える側（教師・支援者・資格）,KWP_UrlSeed
21543,asd 研修,EXCLUDE,除外,,,,対象外,講師・求職者,,供給側（求人・講師・社員・研修など働く側）,高,④インテント,,10,,,LOW,教える側（教師・支援者・資格）,KWP_UrlSeed
21566,adhd 働く,EXCLUDE,除外,,,,対象外,講師・求職者,,供給側（求人・講師・社員・研修など働く側）,高,④インテント,,20,177.0,480.0,LOW,特性そのものを調べる（とは・特徴・チェック）,KWP_UrlSeed || KWP_SiteSeed
21573,adhd 研修 会,EXCLUDE,除外,,,,対象外,講師・求職者,,供給側（求人・講師・社員・研修など働く側）,高,④インテント,,10,,,LOW,教える側（教師・支援者・資格）,KWP_UrlSeed
21627,療育 研修,EXCLUDE,除外,,,,対象外,講師・求職者,,供給側（求人・講師・社員・研修など働く側）,高,④インテント,,110,136.0,371.0,LOW,療育・福祉・居場所 | 教える側（教師・支援者・資格）,KWP_UrlSeed
21639,発達 障害 研修 無料,EXCLUDE,除外,,,,対象外,講師・求職者,,供給側（求人・講師・社員・研修など働く側）,高,④インテント,,50,141.0,295.0,LOW,比較検討・料金・申込 | 教える側（教師・支援者・資格）,KWP_UrlSeed
21647,発達 障害 研修 会,EXCLUDE,除外,,,,対象外,講師・求職者,,供給側（求人・講師・社員・研修など働く側）,高,④インテント,,30,121.0,216.0,LOW,教える側（教師・支援者・資格）,KWP_UrlSeed
22313,教員 大学,EXCLUDE,除外,,,,対象外,講師・求職者,,供給側（求人・講師・社員・研修など働く側）,高,④インテント,,390,16.0,200.0,LOW,受験・進路 | 教える側（教師・支援者・資格）,KWP_UrlSeed
22425,発達 障害 支援 員 資格,EXCLUDE,除外,,,,対象外,講師・求職者,,供給側（求人・講師・社員・研修など働く側）,高,④インテント,,50,86.0,305.0,MEDIUM,サービス探し（家庭教師・塾・支援） | 教える側（教師・支援者・資格）,KWP_UrlSeed
22442,発達 障害 児 支援 士 資格 認定 講座,EXCLUDE,除外,,,,対象外,講師・求職者,,供給側（求人・講師・社員・研修など働く側）,高,④インテント,,50,102.0,438.0,MEDIUM,サービス探し（家庭教師・塾・支援） | 教える側（教師・支援者・資格）,KWP_UrlSeed
22802,小学生 募集,EXCLUDE,除外,,,,対象外,講師・求職者,,供給側（求人・講師・社員・研修など働く側）,高,④インテント,,50,,,LOW,未分類,KWP_UrlSeed
23279,プログラミング 募集,EXCLUDE,除外,,,,対象外,講師・求職者,,供給側（求人・講師・社員・研修など働く側）,高,④インテント,,90,354.0,2271.0,HIGH,習い事・トレーニング,KWP_UrlSeed
23301,staff 募集,EXCLUDE,除外,,,,対象外,講師・求職者,,供給側（求人・講師・社員・研修など働く側）,高,④インテント,,70,,,LOW,未分類,KWP_UrlSeed
23344,大阪 教員,EXCLUDE,除外,,,,対象外,講師・求職者,,供給側（求人・講師・社員・研修など働く側）,高,④インテント,,110,93.0,504.0,LOW,地域・近くで探す | 教える側（教師・支援者・資格）,KWP_UrlSeed
23345,教員 大阪,EXCLUDE,除外,,,,対象外,講師・求職者,,供給側（求人・講師・社員・研修など働く側）,高,④インテント,,110,93.0,504.0,LOW,地域・近くで探す | 教える側（教師・支援者・資格）,KWP_UrlSeed
23690,塾長 募集,EXCLUDE,除外,,,,対象外,講師・求職者,,供給側（求人・講師・社員・研修など働く側）,高,②顕在,,10,230.0,897.0,HIGH,サービス探し（家庭教師・塾・支援）,KWP_UrlSeed || KWP_SiteSeed
24266,研修 ai,EXCLUDE,除外,,,,対象外,講師・求職者,,供給側（求人・講師・社員・研修など働く側）,高,④インテント,,50,469.0,1313.0,HIGH,教材・通信教育 | 教える側（教師・支援者・資格）,KWP_UrlSeed
24338,ブログ 副業,EXCLUDE,除外,,,,対象外,講師・求職者,,供給側（求人・講師・社員・研修など働く側）,高,④インテント,,1000,29.0,247.0,LOW,比較検討・料金・申込,KWP_UrlSeed
24339,副業 ブログ,EXCLUDE,除外,,,,対象外,講師・求職者,,供給側（求人・講師・社員・研修など働く側）,高,④インテント,,1000,29.0,247.0,LOW,比較検討・料金・申込,KWP_UrlSeed
24403,ブログ 月収,EXCLUDE,除外,,,,対象外,講師・求職者,,供給側（求人・講師・社員・研修など働く側）,高,④インテント,,20,,,LOW,比較検討・料金・申込,KWP_UrlSeed
24425,ブログ 報酬,EXCLUDE,除外,,,,対象外,講師・求職者,,供給側（求人・講師・社員・研修など働く側）,高,④インテント,,10,5.0,83.0,MEDIUM,比較検討・料金・申込,KWP_UrlSeed
25608,adhd 合理 的 配慮 職場,EXCLUDE,除外,,,,対象外,講師・求職者,,供給側（求人・講師・社員・研修など働く側）,高,④インテント,,50,,,LOW,合理的配慮・学校との連携 | 大人・大学生（本人）,KWP_KeywordSeed
25614,adhd 職場 相談,EXCLUDE,除外,,,,対象外,講師・求職者,,供給側（求人・講師・社員・研修など働く側）,高,②顕在,,10,,,UNSPECIFIED,比較検討・料金・申込 | 大人・大学生（本人）,KWP_KeywordSeed
26040,カウンセリング なるには,EXCLUDE,除外,,,,対象外,講師・求職者,,供給側（求人・講師・社員・研修など働く側）,高,④インテント,,5400,37.0,181.0,MEDIUM,療育・福祉・居場所,KWP_KeywordSeed
27930,トライ 研修 内容,EXCLUDE,除外,,,,対象外,講師・求職者,,供給側（求人・講師・社員・研修など働く側）,高,④インテント,,20,,,LOW,ブランド・指名検索 | 教える側（教師・支援者・資格）,KWP_SiteSeed
28326,オンライン 教員,EXCLUDE,除外,,,,対象外,講師・求職者,,供給側（求人・講師・社員・研修など働く側）,高,④インテント,,10,,,MEDIUM,サービス探し（家庭教師・塾・支援） | 教える側（教師・支援者・資格）,KWP_SiteSeed
28330,オンライン 英語 募集,EXCLUDE,除外,,,,対象外,講師・求職者,,供給側（求人・講師・社員・研修など働く側）,高,④インテント,,10,,,UNSPECIFIED,サービス探し（家庭教師・塾・支援） | 学習のやり方・学習課題,KWP_SiteSeed
28406,プログラミング 教員,EXCLUDE,除外,,,,対象外,講師・求職者,,供給側（求人・講師・社員・研修など働く側）,高,④インテント,,10,,,UNSPECIFIED,習い事・トレーニング | 教える側（教師・支援者・資格）,KWP_SiteSeed
28407,プログラミング 教員 研修,EXCLUDE,除外,,,,対象外,講師・求職者,,供給側（求人・講師・社員・研修など働く側）,高,④インテント,,10,,,UNSPECIFIED,習い事・トレーニング | 教える側（教師・支援者・資格）,KWP_SiteSeed
28418,レッスン 募集,EXCLUDE,除外,,,,対象外,講師・求職者,,供給側（求人・講師・社員・研修など働く側）,高,④インテント,,10,,,LOW,未分類,KWP_SiteSeed
28548,勉強 教える 副業,EXCLUDE,除外,,,,対象外,講師・求職者,,供給側（求人・講師・社員・研修など働く側）,高,④インテント,,10,,,HIGH,未分類,KWP_SiteSeed
28566,募集 塾,EXCLUDE,除外,,,,対象外,講師・求職者,,供給側（求人・講師・社員・研修など働く側）,高,②顕在,,10,,,UNSPECIFIED,サービス探し（家庭教師・塾・支援）,KWP_SiteSeed
28614,塾 先生 なるには,EXCLUDE,除外,,,,対象外,講師・求職者,,供給側（求人・講師・社員・研修など働く側）,高,②顕在,,10,,,MEDIUM,サービス探し（家庭教師・塾・支援）,KWP_SiteSeed
28621,塾 教員,EXCLUDE,除外,,,,対象外,講師・求職者,,供給側（求人・講師・社員・研修など働く側）,高,②顕在,,10,,,LOW,サービス探し（家庭教師・塾・支援） | 教える側（教師・支援者・資格）,KWP_SiteSeed
28675,小学校 プログラミング 教員,EXCLUDE,除外,,,,対象外,講師・求職者,,供給側（求人・講師・社員・研修など働く側）,高,④インテント,,10,,,UNSPECIFIED,習い事・トレーニング | 教える側（教師・支援者・資格）,KWP_SiteSeed
28788,教員 プログラミング,EXCLUDE,除外,,,,対象外,講師・求職者,,供給側（求人・講師・社員・研修など働く側）,高,④インテント,,10,,,LOW,習い事・トレーニング | 教える側（教師・支援者・資格）,KWP_SiteSeed
28789,教室 収入,EXCLUDE,除外,,,,対象外,講師・求職者,,供給側（求人・講師・社員・研修など働く側）,高,④インテント,,10,,,LOW,未分類,KWP_SiteSeed
29036,高校 地学 教員,EXCLUDE,除外,,,,対象外,講師・求職者,,供給側（求人・講師・社員・研修など働く側）,高,④インテント,,10,,,LOW,教える側（教師・支援者・資格）,KWP_SiteSeed
29086,sensay 研修,EXCLUDE,除外,,,,対象外,講師・求職者,,供給側（求人・講師・社員・研修など働く側）,高,④インテント,,10,,,UNSPECIFIED,教える側（教師・支援者・資格）,KWP_SiteSeed
29091,オンライン 募集,EXCLUDE,除外,,,,対象外,講師・求職者,,供給側（求人・講師・社員・研修など働く側）,高,④インテント,,10,157.0,1376.0,MEDIUM,サービス探し（家庭教師・塾・支援）,KWP_SiteSeed
29158,塾 社員,EXCLUDE,除外,,,,対象外,講師・求職者,,供給側（求人・講師・社員・研修など働く側）,高,②顕在,,30,172.0,689.0,HIGH,サービス探し（家庭教師・塾・支援）,KWP_SiteSeed
29390,情報 教員 資格,EXCLUDE,除外,,,,対象外,講師・求職者,,供給側（求人・講師・社員・研修など働く側）,高,④インテント,,20,,,LOW,教える側（教師・支援者・資格）,KWP_SiteSeed
29405,教員 なるには,EXCLUDE,除外,,,,対象外,講師・求職者,,供給側（求人・講師・社員・研修など働く側）,高,④インテント,,1000,9.0,414.0,LOW,教える側（教師・支援者・資格）,KWP_SiteSeed
29406,教師 なるには,EXCLUDE,除外,,,,対象外,講師・求職者,,供給側（求人・講師・社員・研修など働く側）,高,④インテント,,2400,7.0,179.0,LOW,未分類,KWP_SiteSeed
29411,教職 小学校,EXCLUDE,除外,,,,対象外,講師・求職者,,供給側（求人・講師・社員・研修など働く側）,高,④インテント,,30,,,LOW,未分類,KWP_SiteSeed
29479,海外 教師 なるには,EXCLUDE,除外,,,,対象外,講師・求職者,,供給側（求人・講師・社員・研修など働く側）,高,④インテント,,40,,,LOW,未分類,KWP_SiteSeed
29832,障害 働く,EXCLUDE,除外,,,,対象外,講師・求職者,,供給側（求人・講師・社員・研修など働く側）,高,④インテント,,30,124.0,643.0,MEDIUM,未分類,KWP_SiteSeed
29842,リタリコ インターン,EXCLUDE,除外,,,,対象外,講師・求職者,,供給側（求人・講師・社員・研修など働く側）,高,④インテント,,110,48.0,315.0,LOW,学校生活・不登校・学校種別 | ブランド・指名検索,KWP_SiteSeed
29866,鬱病 働く,EXCLUDE,除外,,,,対象外,講師・求職者,,供給側（求人・講師・社員・研修など働く側）,高,④インテント,,30,145.0,2336.0,MEDIUM,未分類,KWP_SiteSeed
29917,精神病 働く,EXCLUDE,除外,,,,対象外,講師・求職者,,供給側（求人・講師・社員・研修など働く側）,高,④インテント,,10,97.0,304.0,HIGH,未分類,KWP_SiteSeed
29953,療育 職員,EXCLUDE,除外,,,,対象外,講師・求職者,,供給側（求人・講師・社員・研修など働く側）,高,④インテント,,20,127.0,463.0,LOW,療育・福祉・居場所,KWP_SiteSeed
29966,litalico 研修,EXCLUDE,除外,,,,対象外,講師・求職者,,供給側（求人・講師・社員・研修など働く側）,高,④インテント,,30,146.0,952.0,LOW,ブランド・指名検索 | 教える側（教師・支援者・資格）,KWP_SiteSeed
30186,うつ 働く,EXCLUDE,除外,,,,対象外,講師・求職者,,供給側（求人・講師・社員・研修など働く側）,高,④インテント,,20,110.0,375.0,LOW,特性そのものを調べる（とは・特徴・チェック）,KWP_SiteSeed
30195,鬱 働く,EXCLUDE,除外,,,,対象外,講師・求職者,,供給側（求人・講師・社員・研修など働く側）,高,④インテント,,40,173.0,611.0,LOW,未分類,KWP_SiteSeed
30276,adhd 収入,EXCLUDE,除外,,,,対象外,講師・求職者,,供給側（求人・講師・社員・研修など働く側）,高,④インテント,,10,,,LOW,特性そのものを調べる（とは・特徴・チェック）,KWP_SiteSeed
30307,adhd 職場 対応,EXCLUDE,除外,,,,対象外,講師・求職者,,供給側（求人・講師・社員・研修など働く側）,高,④インテント,,110,3.0,80.0,LOW,大人・大学生（本人）,KWP_SiteSeed
30320,adhd 配慮 職場,EXCLUDE,除外,,,,対象外,講師・求職者,,供給側（求人・講師・社員・研修など働く側）,高,④インテント,,10,,,LOW,合理的配慮・学校との連携 | 大人・大学生（本人）,KWP_SiteSeed
30355,asd 職場 対応,EXCLUDE,除外,,,,対象外,講師・求職者,,供給側（求人・講師・社員・研修など働く側）,高,④インテント,,70,,,LOW,大人・大学生（本人）,KWP_SiteSeed
30375,うつ 収入,EXCLUDE,除外,,,,対象外,講師・求職者,,供給側（求人・講師・社員・研修など働く側）,高,④インテント,,10,,,LOW,特性そのものを調べる（とは・特徴・チェック）,KWP_SiteSeed
30411,アスペルガー 職場 トラブル,EXCLUDE,除外,,,,対象外,講師・求職者,,供給側（求人・講師・社員・研修など働く側）,高,④インテント,,10,,,UNSPECIFIED,大人・大学生（本人）,KWP_SiteSeed
30412,アスペルガー 職場 孤立,EXCLUDE,除外,,,,対象外,講師・求職者,,供給側（求人・講師・社員・研修など働く側）,高,④インテント,,10,,,UNSPECIFIED,大人・大学生（本人）,KWP_SiteSeed
30413,アスペルガー 職場 配慮,EXCLUDE,除外,,,,対象外,講師・求職者,,供給側（求人・講師・社員・研修など働く側）,高,④インテント,,10,,,UNSPECIFIED,合理的配慮・学校との連携 | 大人・大学生（本人）,KWP_SiteSeed
30423,クローズ 働く,EXCLUDE,除外,,,,対象外,講師・求職者,,供給側（求人・講師・社員・研修など働く側）,高,④インテント,,10,,,LOW,未分類,KWP_SiteSeed
30552,精神病 職場,EXCLUDE,除外,,,,対象外,講師・求職者,,供給側（求人・講師・社員・研修など働く側）,高,④インテント,,10,,,LOW,大人・大学生（本人）,KWP_SiteSeed
30561,職場 adhd 対応,EXCLUDE,除外,,,,対象外,講師・求職者,,供給側（求人・講師・社員・研修など働く側）,高,④インテント,,30,,,LOW,大人・大学生（本人）,KWP_SiteSeed
30562,職場 asd,EXCLUDE,除外,,,,対象外,講師・求職者,,供給側（求人・講師・社員・研修など働く側）,高,④インテント,,50,,,LOW,大人・大学生（本人）,KWP_SiteSeed
30563,職場 パニック,EXCLUDE,除外,,,,対象外,講師・求職者,,供給側（求人・講師・社員・研修など働く側）,高,④インテント,,10,,,LOW,保護者の関わり・悩み | 大人・大学生（本人）,KWP_SiteSeed
30570,躁鬱 職場,EXCLUDE,除外,,,,対象外,講師・求職者,,供給側（求人・講師・社員・研修など働く側）,高,④インテント,,20,,,LOW,大人・大学生（本人）,KWP_SiteSeed
30634,鬱 収入,EXCLUDE,除外,,,,対象外,講師・求職者,,供給側（求人・講師・社員・研修など働く側）,高,④インテント,,10,,,LOW,未分類,KWP_SiteSeed
31310,家庭 教師 の トライ インターン,EXCLUDE,除外,,,,対象外,講師・求職者,,供給側（求人・講師・社員・研修など働く側）,高,③B カテゴリ競合,家庭教師のトライ,10,,,LOW,サービス探し（家庭教師・塾・支援） | 学校生活・不登校・学校種別 | ブランド・指名検索,KWP_CompetitorKeywordSeed
31320,家庭 教師 の トライ スタッフ,EXCLUDE,除外,,,,対象外,講師・求職者,,供給側（求人・講師・社員・研修など働く側）,高,③B カテゴリ競合,家庭教師のトライ,10,,,LOW,サービス探し（家庭教師・塾・支援） | ブランド・指名検索,KWP_CompetitorKeywordSeed
31365,家庭 教師 の トライ 報酬,EXCLUDE,除外,,,,対象外,講師・求職者,,供給側（求人・講師・社員・研修など働く側）,高,③B カテゴリ競合,家庭教師のトライ,10,,,LOW,サービス探し（家庭教師・塾・支援） | ブランド・指名検索,KWP_CompetitorKeywordSeed
31371,家庭 教師 の トライ 委託 報酬,EXCLUDE,除外,,,,対象外,講師・求職者,,供給側（求人・講師・社員・研修など働く側）,高,③B カテゴリ競合,家庭教師のトライ,10,,,UNSPECIFIED,サービス探し（家庭教師・塾・支援） | ブランド・指名検索,KWP_CompetitorKeywordSeed
31378,家庭 教師 の トライ 履歴 書,EXCLUDE,除外,,,,対象外,講師・求職者,,供給側（求人・講師・社員・研修など働く側）,高,③B カテゴリ競合,家庭教師のトライ,10,,,LOW,サービス探し（家庭教師・塾・支援） | ブランド・指名検索,KWP_CompetitorKeywordSeed
31406,家庭 教師 の トライ 給与,EXCLUDE,除外,,,,対象外,講師・求職者,,供給側（求人・講師・社員・研修など働く側）,高,③B カテゴリ競合,家庭教師のトライ,10,,,LOW,サービス探し（家庭教師・塾・支援） | ブランド・指名検索,KWP_CompetitorKeywordSeed
31407,家庭 教師 の トライ 給与 明細,EXCLUDE,除外,,,,対象外,講師・求職者,,供給側（求人・講師・社員・研修など働く側）,高,③B カテゴリ競合,家庭教師のトライ,10,,,LOW,サービス探し（家庭教師・塾・支援） | ブランド・指名検索,KWP_CompetitorKeywordSeed
31640,個別 教室 の トライ シフト,EXCLUDE,除外,,,,対象外,講師・求職者,,供給側（求人・講師・社員・研修など働く側）,高,③B カテゴリ競合,個別教室のトライ,10,,,LOW,ブランド・指名検索,KWP_CompetitorKeywordSeed
31708,個別 教室 の トライ 研修,EXCLUDE,除外,,,,対象外,講師・求職者,,供給側（求人・講師・社員・研修など働く側）,高,③B カテゴリ競合,個別教室のトライ,20,,,LOW,ブランド・指名検索 | 教える側（教師・支援者・資格）,KWP_CompetitorKeywordSeed
31709,個別 教室 の トライ 研修 内容,EXCLUDE,除外,,,,対象外,講師・求職者,,供給側（求人・講師・社員・研修など働く側）,高,③B カテゴリ競合,個別教室のトライ,10,,,LOW,ブランド・指名検索 | 教える側（教師・支援者・資格）,KWP_CompetitorKeywordSeed
31711,個別 教室 の トライ 給与,EXCLUDE,除外,,,,対象外,講師・求職者,,供給側（求人・講師・社員・研修など働く側）,高,③B カテゴリ競合,個別教室のトライ,10,,,LOW,ブランド・指名検索,KWP_CompetitorKeywordSeed
33026,サクシード 派遣 評判,EXCLUDE,除外,,,,対象外,講師・求職者,,供給側（求人・講師・社員・研修など働く側）,高,④インテント,,20,,,LOW,比較検討・料金・申込 | ブランド・指名検索,KWP_CompetitorKeywordSeed
33215,学研 エル スタッフィング 家庭 教師,EXCLUDE,除外,,,,対象外,講師・求職者,,供給側（求人・講師・社員・研修など働く側）,高,③B カテゴリ競合,学研の家庭教師,10,,,LOW,サービス探し（家庭教師・塾・支援） | ブランド・指名検索,KWP_CompetitorKeywordSeed
34946,マナ リンク 副業,EXCLUDE,除外,,,,対象外,講師・求職者,,供給側（求人・講師・社員・研修など働く側）,高,③B カテゴリ競合,マナリンク,10,,,UNSPECIFIED,ブランド・指名検索,KWP_CompetitorKeywordSeed
37519,東京 個別 指導員,EXCLUDE,除外,,,,対象外,講師・求職者,,供給側（求人・講師・社員・研修など働く側）,高,③B カテゴリ競合,東京個別指導学院,10,,,LOW,サービス探し（家庭教師・塾・支援） | ブランド・指名検索 | 地域・近くで探す,KWP_CompetitorKeywordSeed
37720,東京 個別 指導 学院 シフト,EXCLUDE,除外,,,,対象外,講師・求職者,,供給側（求人・講師・社員・研修など働く側）,高,③B カテゴリ競合,東京個別指導学院,10,,,LOW,サービス探し（家庭教師・塾・支援） | ブランド・指名検索 | 地域・近くで探す,KWP_CompetitorKeywordSeed
37757,東京 個別 指導 学院 研修,EXCLUDE,除外,,,,対象外,講師・求職者,,供給側（求人・講師・社員・研修など働く側）,高,③B カテゴリ競合,東京個別指導学院,20,,,LOW,サービス探し（家庭教師・塾・支援） | ブランド・指名検索 | 地域・近くで探す | 教える側（教師・支援者・資格）,KWP_CompetitorKeywordSeed
37758,東京 個別 指導 学院 研修 内容,EXCLUDE,除外,,,,対象外,講師・求職者,,供給側（求人・講師・社員・研修など働く側）,高,③B カテゴリ競合,東京個別指導学院,10,,,UNSPECIFIED,サービス探し（家庭教師・塾・支援） | ブランド・指名検索 | 地域・近くで探す | 教える側（教師・支援者・資格）,KWP_CompetitorKeywordSeed
37766,東京 個別 研修,EXCLUDE,除外,,,,対象外,講師・求職者,,供給側（求人・講師・社員・研修など働く側）,高,③B カテゴリ競合,東京個別指導学院,10,,,LOW,ブランド・指名検索 | 地域・近くで探す | 教える側（教師・支援者・資格）,KWP_CompetitorKeywordSeed
39155,ナビ 個別 指導員,EXCLUDE,除外,,,,対象外,講師・求職者,,供給側（求人・講師・社員・研修など働く側）,高,③B カテゴリ競合,ナビ個別指導学院,20,80.0,231.0,MEDIUM,サービス探し（家庭教師・塾・支援） | ブランド・指名検索,KWP_CompetitorKeywordSeed
41329,武田 塾 社員 評判,EXCLUDE,除外,,,,対象外,講師・求職者,,供給側（求人・講師・社員・研修など働く側）,高,③B カテゴリ競合,武田塾,10,,,UNSPECIFIED,サービス探し（家庭教師・塾・支援） | 比較検討・料金・申込 | ブランド・指名検索,KWP_CompetitorKeywordSeed
41330,武田 塾 稼げ ない,EXCLUDE,除外,,,,対象外,講師・求職者,,供給側（求人・講師・社員・研修など働く側）,高,③B カテゴリ競合,武田塾,10,,,UNSPECIFIED,サービス探し（家庭教師・塾・支援） | ブランド・指名検索,KWP_CompetitorKeywordSeed
41786,京 進 スクール ワン 研修,EXCLUDE,除外,,,,対象外,講師・求職者,,供給側（求人・講師・社員・研修など働く側）,高,③B カテゴリ競合,京進スクール・ワン,10,,,UNSPECIFIED,ブランド・指名検索 | 教える側（教師・支援者・資格）,KWP_CompetitorKeywordSeed
43590,ずっと ケア スクール withyou 実務 者 研修,EXCLUDE,除外,,,,対象外,講師・求職者,,供給側（求人・講師・社員・研修など働く側）,高,④インテント,,10,,,MEDIUM,教える側（教師・支援者・資格）,KWP_CompetitorKeywordSeed
43767,ハッピー テラス スタッフ,EXCLUDE,除外,,,,対象外,講師・求職者,,供給側（求人・講師・社員・研修など働く側）,高,④インテント,ハッピーテラス,10,,,LOW,ブランド・指名検索,KWP_CompetitorKeywordSeed
44205,コパン 派遣 評判,EXCLUDE,除外,,,,対象外,講師・求職者,,供給側（求人・講師・社員・研修など働く側）,高,④インテント,,10,,,LOW,比較検討・料金・申込,KWP_CompetitorKeywordSeed
44910,興 学 社 高等 学院 教員,EXCLUDE,除外,,,,対象外,講師・求職者,,供給側（求人・講師・社員・研修など働く側）,高,④インテント,興学社高等学院,70,,,LOW,ブランド・指名検索 | 教える側（教師・支援者・資格）,KWP_CompetitorKeywordSeed
46496,adhd 合理的配慮 職場,EXCLUDE,除外,,,,対象外,講師・求職者,,供給側（求人・講師・社員・研修など働く側）,高,④インテント,,50,,,LOW,合理的配慮・学校との連携 | 大人・大学生（本人）,Google_suggest
46534,自閉症 合理的配慮 職場,EXCLUDE,除外,,,,対象外,講師・求職者,,供給側（求人・講師・社員・研修など働く側）,高,④インテント,,,,,UNSPECIFIED,合理的配慮・学校との連携 | 大人・大学生（本人）,Google_suggest
47163,小学生 勉強 できるようになるには,EXCLUDE,除外,,,,対象外,講師・求職者,,供給側（求人・講師・社員・研修など働く側）,高,④インテント,,,,,UNSPECIFIED,特性と学力・伸びしろ,Google_suggest
47368,源泉徴収票 給与明細 合わない 相談,EXCLUDE,除外,,,,対象外,講師・求職者,,供給側（求人・講師・社員・研修など働く側）,高,④インテント,,20,,,UNSPECIFIED,比較検討・料金・申込 | 合わない・断られた・乗り換え,Google_suggest
47372,派遣先 合わない 相談,EXCLUDE,除外,,,,対象外,講師・求職者,,供給側（求人・講師・社員・研修など働く側）,高,④インテント,,10,,,LOW,比較検討・料金・申込 | 合わない・断られた・乗り換え,Google_suggest
47374,職場 合わない人 相談,EXCLUDE,除外,,,,対象外,講師・求職者,,供給側（求人・講師・社員・研修など働く側）,高,④インテント,,,,,UNSPECIFIED,比較検討・料金・申込 | 合わない・断られた・乗り換え | 大人・大学生（本人）,Google_suggest
47378,派遣 合わない 相談,EXCLUDE,除外,,,,対象外,講師・求職者,,供給側（求人・講師・社員・研修など働く側）,高,④インテント,,,,,UNSPECIFIED,比較検討・料金・申込 | 合わない・断られた・乗り換え,Google_suggest
47461,トライ オンライン講師 辞めたい,EXCLUDE,除外,,,,対象外,講師・求職者,,供給側（求人・講師・社員・研修など働く側）,高,③B カテゴリ競合,トライのオンライン個別指導塾,70,,,LOW,サービス探し（家庭教師・塾・支援） | 比較検討・料金・申込 | 合わない・断られた・乗り換え | ブランド・指名検索,Google_competitor_suggest
47615,サクシード 教員 口コミ,EXCLUDE,除外,,,,対象外,講師・求職者,,供給側（求人・講師・社員・研修など働く側）,高,④インテント,,10,256.0,489.0,MEDIUM,比較検討・料金・申込 | ブランド・指名検索 | 教える側（教師・支援者・資格）,Google_competitor_suggest
48021,森塾 口コミ 社員,EXCLUDE,除外,,,,対象外,講師・求職者,,供給側（求人・講師・社員・研修など働く側）,高,③B カテゴリ競合,森塾,,,,UNSPECIFIED,サービス探し（家庭教師・塾・支援） | 比較検討・料金・申込 | ブランド・指名検索,Google_competitor_suggest
48394,コペルプラス 職員 口コミ,EXCLUDE,除外,,,,対象外,講師・求職者,,供給側（求人・講師・社員・研修など働く側）,高,④インテント,コペルプラス,,,,UNSPECIFIED,比較検討・料金・申込 | ブランド・指名検索,Google_competitor_suggest
26472,歯医者 口コミ,EXCLUDE,除外,,,,対象外,不明,,医療機関の口コミ等（発達・小児文脈なし）,中,④インテント,,1000,140.0,487.0,LOW,比較検討・料金・申込,KWP_KeywordSeed
26479,近く の 歯医者 口コミ,EXCLUDE,除外,,,,対象外,不明,,医療機関の口コミ等（発達・小児文脈なし）,中,④インテント,,90,98.0,353.0,MEDIUM,比較検討・料金・申込 | 地域・近くで探す,KWP_KeywordSeed
26481,シミ 取り 評判 の 良い 皮膚 科,EXCLUDE,除外,,,,対象外,不明,,医療機関の口コミ等（発達・小児文脈なし）,中,④インテント,,1600,80.0,426.0,MEDIUM,比較検討・料金・申込,KWP_KeywordSeed
26486,評判 の 良い 泌尿器 科,EXCLUDE,除外,,,,対象外,不明,,医療機関の口コミ等（発達・小児文脈なし）,中,④インテント,,1600,52.0,203.0,LOW,比較検討・料金・申込,KWP_KeywordSeed
26487,歯医者 女医 おすすめ,EXCLUDE,除外,,,,対象外,不明,,医療機関の口コミ等（発達・小児文脈なし）,中,④インテント,,40,147.0,312.0,MEDIUM,比較検討・料金・申込,KWP_KeywordSeed
26489,近く の 評判 の 良い 泌尿器 科,EXCLUDE,除外,,,,対象外,不明,,医療機関の口コミ等（発達・小児文脈なし）,中,④インテント,,2900,53.0,166.0,LOW,比較検討・料金・申込 | 地域・近くで探す,KWP_KeywordSeed
26510,評判 の 良い 神経 内科,EXCLUDE,除外,,,,対象外,不明,,医療機関の口コミ等（発達・小児文脈なし）,中,④インテント,,880,50.0,151.0,LOW,比較検討・料金・申込,KWP_KeywordSeed
26516,産婦 人 科 人気,EXCLUDE,除外,,,,対象外,不明,,医療機関の口コミ等（発達・小児文脈なし）,中,④インテント,,390,113.0,661.0,LOW,比較検討・料金・申込,KWP_KeywordSeed
26518,と わたり 心療 内科 口コミ,EXCLUDE,除外,,,,対象外,不明,,医療機関の口コミ等（発達・小児文脈なし）,中,④インテント,,10,,,UNSPECIFIED,比較検討・料金・申込,KWP_KeywordSeed
26520,近く の 評判 の いい 内科,EXCLUDE,除外,,,,対象外,不明,,医療機関の口コミ等（発達・小児文脈なし）,中,④インテント,,1900,77.0,231.0,MEDIUM,比較検討・料金・申込 | 地域・近くで探す,KWP_KeywordSeed
26524,アピタ 歯医者 口コミ,EXCLUDE,除外,,,,対象外,不明,,医療機関の口コミ等（発達・小児文脈なし）,中,④インテント,,110,116.0,390.0,LOW,比較検討・料金・申込,KWP_KeywordSeed
26541,相鉄 線 沿い 産婦 人 科 おすすめ,EXCLUDE,除外,,,,対象外,不明,,医療機関の口コミ等（発達・小児文脈なし）,中,④インテント,,20,,,MEDIUM,比較検討・料金・申込,KWP_KeywordSeed
26544,筑豊 産婦 人 科 おすすめ,EXCLUDE,除外,,,,対象外,不明,,医療機関の口コミ等（発達・小児文脈なし）,中,④インテント,,110,,,LOW,比較検討・料金・申込,KWP_KeywordSeed
26551,北摂 産婦 人 科 おすすめ,EXCLUDE,除外,,,,対象外,不明,,医療機関の口コミ等（発達・小児文脈なし）,中,④インテント,,30,,,LOW,比較検討・料金・申込,KWP_KeywordSeed
26556,西区 産婦 人 科 おすすめ,EXCLUDE,除外,,,,対象外,不明,,医療機関の口コミ等（発達・小児文脈なし）,中,④インテント,,40,35.0,292.0,LOW,比較検討・料金・申込,KWP_KeywordSeed
26574,あいち 肝胆 膵 ホスピタル 評判,EXCLUDE,除外,,,,対象外,不明,,医療機関の口コミ等（発達・小児文脈なし）,中,④インテント,,20,,,LOW,比較検討・料金・申込,KWP_KeywordSeed
26596,おもと 皮膚 科 口コミ,EXCLUDE,除外,,,,対象外,不明,,医療機関の口コミ等（発達・小児文脈なし）,中,④インテント,,90,,,LOW,比較検討・料金・申込,KWP_KeywordSeed
26617,しい の き 心療 内科 口コミ,EXCLUDE,除外,,,,対象外,不明,,医療機関の口コミ等（発達・小児文脈なし）,中,④インテント,,20,,,LOW,比較検討・料金・申込,KWP_KeywordSeed
26632,なか つかさ 足立 医院 口コミ,EXCLUDE,除外,,,,対象外,不明,,医療機関の口コミ等（発達・小児文脈なし）,中,④インテント,,20,,,LOW,比較検討・料金・申込,KWP_KeywordSeed
26641,はるか 耳鼻 咽喉 科 口コミ,EXCLUDE,除外,,,,対象外,不明,,医療機関の口コミ等（発達・小児文脈なし）,中,④インテント,,90,,,LOW,比較検討・料金・申込,KWP_KeywordSeed
26644,ばん の 耳鼻 咽喉 科 口コミ,EXCLUDE,除外,,,,対象外,不明,,医療機関の口コミ等（発達・小児文脈なし）,中,④インテント,,50,,,LOW,比較検討・料金・申込,KWP_KeywordSeed
26653,みずほ台 泌尿器 科 口コミ,EXCLUDE,除外,,,,対象外,不明,,医療機関の口コミ等（発達・小児文脈なし）,中,④インテント,,50,,,LOW,比較検討・料金・申込,KWP_KeywordSeed
26743,中村 医院 口コミ,EXCLUDE,除外,,,,対象外,不明,,医療機関の口コミ等（発達・小児文脈なし）,中,④インテント,,260,,,LOW,比較検討・料金・申込,KWP_KeywordSeed
26748,中東 遠 総合 医療 センター 評判,EXCLUDE,除外,,,,対象外,不明,,医療機関の口コミ等（発達・小児文脈なし）,中,④インテント,,70,,,LOW,比較検討・料金・申込,KWP_KeywordSeed
26774,人気 産婦 人 科,EXCLUDE,除外,,,,対象外,不明,,医療機関の口コミ等（発達・小児文脈なし）,中,④インテント,,390,113.0,661.0,LOW,比較検討・料金・申込,KWP_KeywordSeed
26955,大川 産婦 人 科 口コミ,EXCLUDE,除外,,,,対象外,不明,,医療機関の口コミ等（発達・小児文脈なし）,中,④インテント,,30,,,LOW,比較検討・料金・申込,KWP_KeywordSeed
26982,婦人 科 有名,EXCLUDE,除外,,,,対象外,不明,,医療機関の口コミ等（発達・小児文脈なし）,中,④インテント,,90,147.0,497.0,LOW,未分類,KWP_KeywordSeed
26990,宿 久 耳鼻 咽喉 科 口コミ,EXCLUDE,除外,,,,対象外,不明,,医療機関の口コミ等（発達・小児文脈なし）,中,④インテント,,20,,,LOW,比較検討・料金・申込,KWP_KeywordSeed
27016,山城 総合 医療 センター 評判,EXCLUDE,除外,,,,対象外,不明,,医療機関の口コミ等（発達・小児文脈なし）,中,④インテント,,10,,,LOW,比較検討・料金・申込,KWP_KeywordSeed
27019,山王 メディカル センター 人間ドック 口コミ,EXCLUDE,除外,,,,対象外,不明,,医療機関の口コミ等（発達・小児文脈なし）,中,④インテント,,10,,,LOW,比較検討・料金・申込,KWP_KeywordSeed
27046,市川 外科 婦人 科 口コミ,EXCLUDE,除外,,,,対象外,不明,,医療機関の口コミ等（発達・小児文脈なし）,中,④インテント,,70,,,LOW,比較検討・料金・申込,KWP_KeywordSeed
27070,徳 洲 会 産婦 人 科 口コミ,EXCLUDE,除外,,,,対象外,不明,,医療機関の口コミ等（発達・小児文脈なし）,中,④インテント,,10,,,LOW,比較検討・料金・申込,KWP_KeywordSeed
27129,日暮里 泌尿器 科 口コミ,EXCLUDE,除外,,,,対象外,不明,,医療機関の口コミ等（発達・小児文脈なし）,中,④インテント,,20,,,LOW,比較検討・料金・申込,KWP_KeywordSeed
27159,有田 皮膚 科 口コミ,EXCLUDE,除外,,,,対象外,不明,,医療機関の口コミ等（発達・小児文脈なし）,中,④インテント,,50,,,LOW,比較検討・料金・申込,KWP_KeywordSeed
27174,木根淵 医院 口コミ,EXCLUDE,除外,,,,対象外,不明,,医療機関の口コミ等（発達・小児文脈なし）,中,④インテント,,70,,,LOW,比較検討・料金・申込,KWP_KeywordSeed
27186,東京 さつき ホスピタル 評判,EXCLUDE,除外,,,,対象外,不明,,医療機関の口コミ等（発達・小児文脈なし）,中,④インテント,,140,,,LOW,比較検討・料金・申込 | 地域・近くで探す,KWP_KeywordSeed
27227,柴田 産婦 人 科 口コミ,EXCLUDE,除外,,,,対象外,不明,,医療機関の口コミ等（発達・小児文脈なし）,中,④インテント,,110,,,LOW,比較検討・料金・申込,KWP_KeywordSeed
27282,泌尿器 科 口コミ,EXCLUDE,除外,,,,対象外,不明,,医療機関の口コミ等（発達・小児文脈なし）,中,④インテント,,50,75.0,353.0,LOW,比較検討・料金・申込,KWP_KeywordSeed
27304,清水 胃腸 科 内科 口コミ,EXCLUDE,除外,,,,対象外,不明,,医療機関の口コミ等（発達・小児文脈なし）,中,④インテント,,50,,,LOW,比較検討・料金・申込,KWP_KeywordSeed
27339,田中 医院 口コミ,EXCLUDE,除外,,,,対象外,不明,,医療機関の口コミ等（発達・小児文脈なし）,中,④インテント,,390,,,LOW,比較検討・料金・申込,KWP_KeywordSeed
27340,田中 泌尿器 科 口コミ,EXCLUDE,除外,,,,対象外,不明,,医療機関の口コミ等（発達・小児文脈なし）,中,④インテント,,40,,,LOW,比較検討・料金・申込,KWP_KeywordSeed
27344,田場 医院 皮膚 科 口コミ,EXCLUDE,除外,,,,対象外,不明,,医療機関の口コミ等（発達・小児文脈なし）,中,④インテント,,20,,,LOW,比較検討・料金・申込,KWP_KeywordSeed
27379,石丸 皮膚 科 口コミ,EXCLUDE,除外,,,,対象外,不明,,医療機関の口コミ等（発達・小児文脈なし）,中,④インテント,,30,,,LOW,比較検討・料金・申込,KWP_KeywordSeed
27408,筑豊 婦人 科 おすすめ,EXCLUDE,除外,,,,対象外,不明,,医療機関の口コミ等（発達・小児文脈なし）,中,④インテント,,20,,,LOW,比較検討・料金・申込,KWP_KeywordSeed
27439,肥前 精神 医療 センター 評判,EXCLUDE,除外,,,,対象外,不明,,医療機関の口コミ等（発達・小児文脈なし）,中,④インテント,,50,,,LOW,比較検討・料金・申込,KWP_KeywordSeed
27445,芳賀 心療 内科 口コミ,EXCLUDE,除外,,,,対象外,不明,,医療機関の口コミ等（発達・小児文脈なし）,中,④インテント,,30,,,LOW,比較検討・料金・申込,KWP_KeywordSeed
27541,野村 医院 口コミ,EXCLUDE,除外,,,,対象外,不明,,医療機関の口コミ等（発達・小児文脈なし）,中,④インテント,,70,,,LOW,比較検討・料金・申込,KWP_KeywordSeed
27551,長岡 産婦 人 科 口コミ,EXCLUDE,除外,,,,対象外,不明,,医療機関の口コミ等（発達・小児文脈なし）,中,④インテント,,70,,,LOW,比較検討・料金・申込,KWP_KeywordSeed
27572,関門 医療 センター 評判,EXCLUDE,除外,,,,対象外,不明,,医療機関の口コミ等（発達・小児文脈なし）,中,④インテント,,50,,,LOW,比較検討・料金・申込,KWP_KeywordSeed
27588,鞍馬口 医療 センター 口コミ,EXCLUDE,除外,,,,対象外,不明,,医療機関の口コミ等（発達・小児文脈なし）,中,④インテント,,170,,,LOW,比較検討・料金・申込,KWP_KeywordSeed
27592,香 月 産婦 人 科 中央 通り 口コミ,EXCLUDE,除外,,,,対象外,不明,,医療機関の口コミ等（発達・小児文脈なし）,中,④インテント,,90,,,LOW,比較検討・料金・申込,KWP_KeywordSeed
27603,高山 泌尿器 科 口コミ,EXCLUDE,除外,,,,対象外,不明,,医療機関の口コミ等（発達・小児文脈なし）,中,④インテント,,110,42.0,151.0,LOW,比較検討・料金・申込,KWP_KeywordSeed
2749,まつ がく 料金,EXCLUDE,除外,,,,対象外,不明,,地名/汎用語×体験・料金のみ（何のサービスか不明）,中,④インテント,,110,102.0,281.0,MEDIUM,比較検討・料金・申込,KWP_KeywordSeed
3157,伸 学舎 料金,EXCLUDE,除外,,,,対象外,不明,,地名/汎用語×体験・料金のみ（何のサービスか不明）,中,④インテント,,30,166.0,469.0,LOW,比較検討・料金・申込,KWP_KeywordSeed
3603,指導 料金,EXCLUDE,除外,,,,対象外,不明,,地名/汎用語×体験・料金のみ（何のサービスか不明）,中,④インテント,,10,,,LOW,比較検討・料金・申込,KWP_KeywordSeed
13801,教育 ブログ,EXCLUDE,除外,,,,対象外,不明,,地名/汎用語×体験・料金のみ（何のサービスか不明）,中,④インテント,,880,,,LOW,比較検討・料金・申込,KWP_UrlSeed
15392,講座 サイト,EXCLUDE,除外,,,,対象外,不明,,地名/汎用語×体験・料金のみ（何のサービスか不明）,中,④インテント,,20,137.0,627.0,HIGH,未分類,KWP_UrlSeed
16254,明治 サイト,EXCLUDE,除外,,,,対象外,不明,,地名/汎用語×体験・料金のみ（何のサービスか不明）,中,④インテント,,40,,,LOW,未分類,KWP_UrlSeed
16258,大学 サイト,EXCLUDE,除外,,,,対象外,不明,,地名/汎用語×体験・料金のみ（何のサービスか不明）,中,④インテント,,210,94.0,221.0,LOW,受験・進路,KWP_UrlSeed
16698,大学 体験,EXCLUDE,除外,,,,対象外,不明,,地名/汎用語×体験・料金のみ（何のサービスか不明）,中,④インテント,,50,146.0,553.0,LOW,比較検討・料金・申込 | 受験・進路,KWP_UrlSeed
16723,無料 大学,EXCLUDE,除外,,,,対象外,不明,,地名/汎用語×体験・料金のみ（何のサービスか不明）,中,④インテント,,590,133.0,405.0,LOW,比較検討・料金・申込 | 受験・進路,KWP_UrlSeed
16728,大学 無料,EXCLUDE,除外,,,,対象外,不明,,地名/汎用語×体験・料金のみ（何のサービスか不明）,中,④インテント,,590,133.0,405.0,LOW,比較検討・料金・申込 | 受験・進路,KWP_UrlSeed
17388,問題 無料,EXCLUDE,除外,,,,対象外,不明,,地名/汎用語×体験・料金のみ（何のサービスか不明）,中,④インテント,,50,,,LOW,比較検討・料金・申込,KWP_UrlSeed
17650,会社 評判 サイト,EXCLUDE,除外,,,,対象外,不明,,地名/汎用語×体験・料金のみ（何のサービスか不明）,中,④インテント,,390,207.0,725.0,MEDIUM,比較検討・料金・申込,KWP_UrlSeed
17653,サイト 口コミ,EXCLUDE,除外,,,,対象外,不明,,地名/汎用語×体験・料金のみ（何のサービスか不明）,中,④インテント,,10,,,LOW,比較検討・料金・申込,KWP_UrlSeed
17760,jc 体験,EXCLUDE,除外,,,,対象外,不明,,地名/汎用語×体験・料金のみ（何のサービスか不明）,中,④インテント,,20,,,LOW,比較検討・料金・申込,KWP_UrlSeed
19590,ドメイン メール,EXCLUDE,除外,,,,対象外,不明,,地名/汎用語×体験・料金のみ（何のサービスか不明）,中,④インテント,,2400,224.0,799.0,LOW,未分類,KWP_UrlSeed
19593,メール 質問,EXCLUDE,除外,,,,対象外,不明,,地名/汎用語×体験・料金のみ（何のサービスか不明）,中,④インテント,,1600,,,LOW,未分類,KWP_UrlSeed
19594,変更 メール,EXCLUDE,除外,,,,対象外,不明,,地名/汎用語×体験・料金のみ（何のサービスか不明）,中,④インテント,,110,,,LOW,未分類,KWP_UrlSeed
19595,メール id,EXCLUDE,除外,,,,対象外,不明,,地名/汎用語×体験・料金のみ（何のサービスか不明）,中,④インテント,,260,,,LOW,未分類,KWP_UrlSeed
19596,質問 メール,EXCLUDE,除外,,,,対象外,不明,,地名/汎用語×体験・料金のみ（何のサービスか不明）,中,④インテント,,1600,,,LOW,未分類,KWP_UrlSeed
19597,連絡 先 メール,EXCLUDE,除外,,,,対象外,不明,,地名/汎用語×体験・料金のみ（何のサービスか不明）,中,④インテント,,170,,,LOW,未分類,KWP_UrlSeed
19598,メール 保護,EXCLUDE,除外,,,,対象外,不明,,地名/汎用語×体験・料金のみ（何のサービスか不明）,中,④インテント,,170,,,LOW,未分類,KWP_UrlSeed
19599,メール で 質問,EXCLUDE,除外,,,,対象外,不明,,地名/汎用語×体験・料金のみ（何のサービスか不明）,中,④インテント,,110,,,LOW,未分類,KWP_UrlSeed
19600,メール 団体,EXCLUDE,除外,,,,対象外,不明,,地名/汎用語×体験・料金のみ（何のサービスか不明）,中,④インテント,,10,,,LOW,未分類,KWP_UrlSeed
19603,メール お願い,EXCLUDE,除外,,,,対象外,不明,,地名/汎用語×体験・料金のみ（何のサービスか不明）,中,④インテント,,1300,,,LOW,未分類,KWP_UrlSeed
19604,団体 メール,EXCLUDE,除外,,,,対象外,不明,,地名/汎用語×体験・料金のみ（何のサービスか不明）,中,④インテント,,10,,,LOW,未分類,KWP_UrlSeed
19608,お願い メール,EXCLUDE,除外,,,,対象外,不明,,地名/汎用語×体験・料金のみ（何のサービスか不明）,中,④インテント,,1300,,,LOW,未分類,KWP_UrlSeed
19610,パソコン メール アカウント,EXCLUDE,除外,,,,対象外,不明,,地名/汎用語×体験・料金のみ（何のサービスか不明）,中,④インテント,,20,,,LOW,未分類,KWP_UrlSeed
19611,問合せ メール,EXCLUDE,除外,,,,対象外,不明,,地名/汎用語×体験・料金のみ（何のサービスか不明）,中,④インテント,,1000,,,LOW,未分類,KWP_UrlSeed
19612,メール 新しい,EXCLUDE,除外,,,,対象外,不明,,地名/汎用語×体験・料金のみ（何のサービスか不明）,中,④インテント,,10,,,LOW,未分類,KWP_UrlSeed
19614,設定 メール,EXCLUDE,除外,,,,対象外,不明,,地名/汎用語×体験・料金のみ（何のサービスか不明）,中,④インテント,,9900,32.0,147.0,LOW,未分類,KWP_UrlSeed
19615,メール パソコン,EXCLUDE,除外,,,,対象外,不明,,地名/汎用語×体験・料金のみ（何のサービスか不明）,中,④インテント,,4400,15.0,647.0,LOW,未分類,KWP_UrlSeed
19616,スマートフォン メール,EXCLUDE,除外,,,,対象外,不明,,地名/汎用語×体験・料金のみ（何のサービスか不明）,中,④インテント,,20,,,LOW,未分類,KWP_UrlSeed
19618,ドメイン とは メール,EXCLUDE,除外,,,,対象外,不明,,地名/汎用語×体験・料金のみ（何のサービスか不明）,中,④インテント,,20,,,LOW,特性そのものを調べる（とは・特徴・チェック）,KWP_UrlSeed
19620,メール 様,EXCLUDE,除外,,,,対象外,不明,,地名/汎用語×体験・料金のみ（何のサービスか不明）,中,④インテント,,390,,,LOW,未分類,KWP_UrlSeed
19623,メール 統合,EXCLUDE,除外,,,,対象外,不明,,地名/汎用語×体験・料金のみ（何のサービスか不明）,中,④インテント,,10,,,LOW,未分類,KWP_UrlSeed
20341,電話 無料,EXCLUDE,除外,,,,対象外,不明,,地名/汎用語×体験・料金のみ（何のサービスか不明）,中,④インテント,,1600,149.0,778.0,LOW,比較検討・料金・申込,KWP_UrlSeed
20343,希望 日 メール,EXCLUDE,除外,,,,対象外,不明,,地名/汎用語×体験・料金のみ（何のサービスか不明）,中,④インテント,,210,,,LOW,未分類,KWP_UrlSeed
20346,アドレス メール,EXCLUDE,除外,,,,対象外,不明,,地名/汎用語×体験・料金のみ（何のサービスか不明）,中,④インテント,,165000,29.0,451.0,LOW,未分類,KWP_UrlSeed
20348,メール アドイン,EXCLUDE,除外,,,,対象外,不明,,地名/汎用語×体験・料金のみ（何のサービスか不明）,中,④インテント,,20,,,LOW,未分類,KWP_UrlSeed
20349,メール スケジュール,EXCLUDE,除外,,,,対象外,不明,,地名/汎用語×体験・料金のみ（何のサービスか不明）,中,④インテント,,90,,,LOW,学習のやり方・学習課題,KWP_UrlSeed
20350,メール タイマー,EXCLUDE,除外,,,,対象外,不明,,地名/汎用語×体験・料金のみ（何のサービスか不明）,中,④インテント,,50,,,LOW,未分類,KWP_UrlSeed
20351,メール 予約,EXCLUDE,除外,,,,対象外,不明,,地名/汎用語×体験・料金のみ（何のサービスか不明）,中,④インテント,,590,208.0,631.0,LOW,未分類,KWP_UrlSeed
20352,メール 送り先,EXCLUDE,除外,,,,対象外,不明,,地名/汎用語×体験・料金のみ（何のサービスか不明）,中,④インテント,,30,,,LOW,未分類,KWP_UrlSeed
20353,予定 メール,EXCLUDE,除外,,,,対象外,不明,,地名/汎用語×体験・料金のみ（何のサービスか不明）,中,④インテント,,40,,,LOW,未分類,KWP_UrlSeed
20354,予約 メール,EXCLUDE,除外,,,,対象外,不明,,地名/汎用語×体験・料金のみ（何のサービスか不明）,中,④インテント,,590,208.0,631.0,LOW,未分類,KWP_UrlSeed
20356,講師 メール,EXCLUDE,除外,,,,対象外,不明,,地名/汎用語×体験・料金のみ（何のサービスか不明）,中,④インテント,,10,,,LOW,未分類,KWP_UrlSeed
20516,京都 体験,EXCLUDE,除外,,,,対象外,不明,,地名/汎用語×体験・料金のみ（何のサービスか不明）,中,④インテント,,8100,3.0,77.0,HIGH,比較検討・料金・申込 | 地域・近くで探す,KWP_UrlSeed
20517,沖縄 体験,EXCLUDE,除外,,,,対象外,不明,,地名/汎用語×体験・料金のみ（何のサービスか不明）,中,④インテント,,4400,8.0,82.0,HIGH,比較検討・料金・申込,KWP_UrlSeed
20518,福岡 体験,EXCLUDE,除外,,,,対象外,不明,,地名/汎用語×体験・料金のみ（何のサービスか不明）,中,④インテント,,1600,2.0,14.0,HIGH,比較検討・料金・申込 | 地域・近くで探す,KWP_UrlSeed
20520,東京 体験,EXCLUDE,除外,,,,対象外,不明,,地名/汎用語×体験・料金のみ（何のサービスか不明）,中,④インテント,,4400,3.0,84.0,HIGH,比較検討・料金・申込 | 地域・近くで探す,KWP_UrlSeed
20521,大阪 体験,EXCLUDE,除外,,,,対象外,不明,,地名/汎用語×体験・料金のみ（何のサービスか不明）,中,④インテント,,3600,2.0,38.0,HIGH,比較検討・料金・申込 | 地域・近くで探す,KWP_UrlSeed
20522,体験 東京,EXCLUDE,除外,,,,対象外,不明,,地名/汎用語×体験・料金のみ（何のサービスか不明）,中,④インテント,,4400,3.0,84.0,HIGH,比較検討・料金・申込 | 地域・近くで探す,KWP_UrlSeed
20523,奈良 体験,EXCLUDE,除外,,,,対象外,不明,,地名/汎用語×体験・料金のみ（何のサービスか不明）,中,④インテント,,1000,2.0,12.0,HIGH,比較検討・料金・申込,KWP_UrlSeed
20524,体験 愛知,EXCLUDE,除外,,,,対象外,不明,,地名/汎用語×体験・料金のみ（何のサービスか不明）,中,④インテント,,1000,2.0,15.0,HIGH,比較検討・料金・申込,KWP_UrlSeed
20525,広島 体験,EXCLUDE,除外,,,,対象外,不明,,地名/汎用語×体験・料金のみ（何のサービスか不明）,中,④インテント,,1000,3.0,10.0,HIGH,比較検討・料金・申込 | 地域・近くで探す,KWP_UrlSeed
20526,体験 大阪,EXCLUDE,除外,,,,対象外,不明,,地名/汎用語×体験・料金のみ（何のサービスか不明）,中,④インテント,,3600,2.0,38.0,HIGH,比較検討・料金・申込 | 地域・近くで探す,KWP_UrlSeed
20527,愛知 体験,EXCLUDE,除外,,,,対象外,不明,,地名/汎用語×体験・料金のみ（何のサービスか不明）,中,④インテント,,1000,2.0,15.0,HIGH,比較検討・料金・申込,KWP_UrlSeed
20529,静岡 体験,EXCLUDE,除外,,,,対象外,不明,,地名/汎用語×体験・料金のみ（何のサービスか不明）,中,④インテント,,880,2.0,10.0,HIGH,比較検討・料金・申込,KWP_UrlSeed
20530,岡山 体験,EXCLUDE,除外,,,,対象外,不明,,地名/汎用語×体験・料金のみ（何のサービスか不明）,中,④インテント,,720,3.0,12.0,HIGH,比較検討・料金・申込,KWP_UrlSeed
20531,岐阜 体験,EXCLUDE,除外,,,,対象外,不明,,地名/汎用語×体験・料金のみ（何のサービスか不明）,中,④インテント,,590,2.0,11.0,HIGH,比較検討・料金・申込,KWP_UrlSeed
20532,体験 京都,EXCLUDE,除外,,,,対象外,不明,,地名/汎用語×体験・料金のみ（何のサービスか不明）,中,④インテント,,8100,3.0,77.0,HIGH,比較検討・料金・申込 | 地域・近くで探す,KWP_UrlSeed
20533,大分 体験,EXCLUDE,除外,,,,対象外,不明,,地名/汎用語×体験・料金のみ（何のサービスか不明）,中,④インテント,,480,3.0,10.0,HIGH,比較検討・料金・申込,KWP_UrlSeed
20534,和歌山 体験,EXCLUDE,除外,,,,対象外,不明,,地名/汎用語×体験・料金のみ（何のサービスか不明）,中,④インテント,,480,2.0,10.0,HIGH,比較検討・料金・申込,KWP_UrlSeed
20535,体験 福岡,EXCLUDE,除外,,,,対象外,不明,,地名/汎用語×体験・料金のみ（何のサービスか不明）,中,④インテント,,1600,2.0,14.0,HIGH,比較検討・料金・申込 | 地域・近くで探す,KWP_UrlSeed
20536,香川 体験,EXCLUDE,除外,,,,対象外,不明,,地名/汎用語×体験・料金のみ（何のサービスか不明）,中,④インテント,,480,2.0,11.0,HIGH,比較検討・料金・申込,KWP_UrlSeed
20537,福井 体験,EXCLUDE,除外,,,,対象外,不明,,地名/汎用語×体験・料金のみ（何のサービスか不明）,中,④インテント,,720,2.0,7.0,HIGH,比較検討・料金・申込,KWP_UrlSeed
20538,滋賀 体験,EXCLUDE,除外,,,,対象外,不明,,地名/汎用語×体験・料金のみ（何のサービスか不明）,中,④インテント,,590,3.0,12.0,HIGH,比較検討・料金・申込,KWP_UrlSeed
20539,富山 体験,EXCLUDE,除外,,,,対象外,不明,,地名/汎用語×体験・料金のみ（何のサービスか不明）,中,④インテント,,880,3.0,10.0,HIGH,比較検討・料金・申込,KWP_UrlSeed
20540,山梨 体験,EXCLUDE,除外,,,,対象外,不明,,地名/汎用語×体験・料金のみ（何のサービスか不明）,中,④インテント,,720,2.0,11.0,HIGH,比較検討・料金・申込,KWP_UrlSeed
20541,熊本 体験,EXCLUDE,除外,,,,対象外,不明,,地名/汎用語×体験・料金のみ（何のサービスか不明）,中,④インテント,,590,2.0,15.0,HIGH,比較検討・料金・申込,KWP_UrlSeed
20542,長崎 体験,EXCLUDE,除外,,,,対象外,不明,,地名/汎用語×体験・料金のみ（何のサービスか不明）,中,④インテント,,720,2.0,10.0,HIGH,比較検討・料金・申込,KWP_UrlSeed
20543,佐賀 体験,EXCLUDE,除外,,,,対象外,不明,,地名/汎用語×体験・料金のみ（何のサービスか不明）,中,④インテント,,260,3.0,8.0,HIGH,比較検討・料金・申込,KWP_UrlSeed
20544,鹿児島 体験,EXCLUDE,除外,,,,対象外,不明,,地名/汎用語×体験・料金のみ（何のサービスか不明）,中,④インテント,,590,2.0,13.0,HIGH,比較検討・料金・申込,KWP_UrlSeed
20545,体験 神奈川,EXCLUDE,除外,,,,対象外,不明,,地名/汎用語×体験・料金のみ（何のサービスか不明）,中,④インテント,,390,3.0,62.0,HIGH,比較検討・料金・申込 | 地域・近くで探す,KWP_UrlSeed
20546,鳥取 体験,EXCLUDE,除外,,,,対象外,不明,,地名/汎用語×体験・料金のみ（何のサービスか不明）,中,④インテント,,260,4.0,12.0,HIGH,比較検討・料金・申込,KWP_UrlSeed
20547,千葉 体験,EXCLUDE,除外,,,,対象外,不明,,地名/汎用語×体験・料金のみ（何のサービスか不明）,中,④インテント,,590,2.0,14.0,HIGH,比較検討・料金・申込 | 地域・近くで探す,KWP_UrlSeed
20548,神奈川 体験,EXCLUDE,除外,,,,対象外,不明,,地名/汎用語×体験・料金のみ（何のサービスか不明）,中,④インテント,,390,3.0,62.0,HIGH,比較検討・料金・申込 | 地域・近くで探す,KWP_UrlSeed
20549,高知 体験,EXCLUDE,除外,,,,対象外,不明,,地名/汎用語×体験・料金のみ（何のサービスか不明）,中,④インテント,,480,4.0,23.0,HIGH,比較検討・料金・申込,KWP_UrlSeed
20550,徳島 体験,EXCLUDE,除外,,,,対象外,不明,,地名/汎用語×体験・料金のみ（何のサービスか不明）,中,④インテント,,390,3.0,19.0,HIGH,比較検討・料金・申込,KWP_UrlSeed
20551,長野 体験,EXCLUDE,除外,,,,対象外,不明,,地名/汎用語×体験・料金のみ（何のサービスか不明）,中,④インテント,,590,3.0,48.0,HIGH,比較検討・料金・申込,KWP_UrlSeed
20552,埼玉 体験,EXCLUDE,除外,,,,対象外,不明,,地名/汎用語×体験・料金のみ（何のサービスか不明）,中,④インテント,,480,2.0,10.0,HIGH,比較検討・料金・申込 | 地域・近くで探す,KWP_UrlSeed
20554,山形 体験,EXCLUDE,除外,,,,対象外,不明,,地名/汎用語×体験・料金のみ（何のサービスか不明）,中,④インテント,,390,2.0,6.0,HIGH,比較検討・料金・申込,KWP_UrlSeed
20555,茨城 体験,EXCLUDE,除外,,,,対象外,不明,,地名/汎用語×体験・料金のみ（何のサービスか不明）,中,④インテント,,480,2.0,8.0,HIGH,比較検討・料金・申込,KWP_UrlSeed
20556,宮崎 体験,EXCLUDE,除外,,,,対象外,不明,,地名/汎用語×体験・料金のみ（何のサービスか不明）,中,④インテント,,260,2.0,88.0,HIGH,比較検討・料金・申込,KWP_UrlSeed
20557,京都 体験 無料,EXCLUDE,除外,,,,対象外,不明,,地名/汎用語×体験・料金のみ（何のサービスか不明）,中,④インテント,,10,,,LOW,比較検討・料金・申込 | 地域・近くで探す,KWP_UrlSeed
20558,京都 大阪 体験,EXCLUDE,除外,,,,対象外,不明,,地名/汎用語×体験・料金のみ（何のサービスか不明）,中,④インテント,,10,3.0,134.0,MEDIUM,比較検討・料金・申込 | 地域・近くで探す,KWP_UrlSeed
20559,京都 無料,EXCLUDE,除外,,,,対象外,不明,,地名/汎用語×体験・料金のみ（何のサービスか不明）,中,④インテント,,110,,,LOW,比較検討・料金・申込 | 地域・近くで探す,KWP_UrlSeed
20560,体験 佐賀,EXCLUDE,除外,,,,対象外,不明,,地名/汎用語×体験・料金のみ（何のサービスか不明）,中,④インテント,,260,3.0,8.0,HIGH,比較検討・料金・申込,KWP_UrlSeed
20561,体験 千葉,EXCLUDE,除外,,,,対象外,不明,,地名/汎用語×体験・料金のみ（何のサービスか不明）,中,④インテント,,590,2.0,14.0,HIGH,比較検討・料金・申込 | 地域・近くで探す,KWP_UrlSeed
20562,体験 埼玉,EXCLUDE,除外,,,,対象外,不明,,地名/汎用語×体験・料金のみ（何のサービスか不明）,中,④インテント,,480,2.0,10.0,HIGH,比較検討・料金・申込 | 地域・近くで探す,KWP_UrlSeed
20563,体験 大分,EXCLUDE,除外,,,,対象外,不明,,地名/汎用語×体験・料金のみ（何のサービスか不明）,中,④インテント,,480,3.0,10.0,HIGH,比較検討・料金・申込,KWP_UrlSeed
20564,体験 奈良,EXCLUDE,除外,,,,対象外,不明,,地名/汎用語×体験・料金のみ（何のサービスか不明）,中,④インテント,,1000,2.0,12.0,HIGH,比較検討・料金・申込,KWP_UrlSeed
20565,体験 宮城,EXCLUDE,除外,,,,対象外,不明,,地名/汎用語×体験・料金のみ（何のサービスか不明）,中,④インテント,,320,2.0,6.0,HIGH,比較検討・料金・申込,KWP_UrlSeed
20566,体験 宮崎,EXCLUDE,除外,,,,対象外,不明,,地名/汎用語×体験・料金のみ（何のサービスか不明）,中,④インテント,,260,2.0,88.0,HIGH,比較検討・料金・申込,KWP_UrlSeed
20567,体験 富山,EXCLUDE,除外,,,,対象外,不明,,地名/汎用語×体験・料金のみ（何のサービスか不明）,中,④インテント,,880,3.0,10.0,HIGH,比較検討・料金・申込,KWP_UrlSeed
20569,体験 山形,EXCLUDE,除外,,,,対象外,不明,,地名/汎用語×体験・料金のみ（何のサービスか不明）,中,④インテント,,390,2.0,6.0,HIGH,比較検討・料金・申込,KWP_UrlSeed
20570,体験 山梨,EXCLUDE,除外,,,,対象外,不明,,地名/汎用語×体験・料金のみ（何のサービスか不明）,中,④インテント,,720,2.0,11.0,HIGH,比較検討・料金・申込,KWP_UrlSeed
20571,体験 岐阜,EXCLUDE,除外,,,,対象外,不明,,地名/汎用語×体験・料金のみ（何のサービスか不明）,中,④インテント,,590,2.0,11.0,HIGH,比較検討・料金・申込,KWP_UrlSeed
20572,体験 岡山,EXCLUDE,除外,,,,対象外,不明,,地名/汎用語×体験・料金のみ（何のサービスか不明）,中,④インテント,,720,3.0,12.0,HIGH,比較検討・料金・申込,KWP_UrlSeed
20573,体験 岩手,EXCLUDE,除外,,,,対象外,不明,,地名/汎用語×体験・料金のみ（何のサービスか不明）,中,④インテント,,320,2.0,5.0,HIGH,比較検討・料金・申込,KWP_UrlSeed
20574,体験 広島,EXCLUDE,除外,,,,対象外,不明,,地名/汎用語×体験・料金のみ（何のサービスか不明）,中,④インテント,,1000,3.0,10.0,HIGH,比較検討・料金・申込 | 地域・近くで探す,KWP_UrlSeed
20575,体験 愛媛,EXCLUDE,除外,,,,対象外,不明,,地名/汎用語×体験・料金のみ（何のサービスか不明）,中,④インテント,,390,2.0,10.0,HIGH,比較検討・料金・申込,KWP_UrlSeed
20576,体験 栃木,EXCLUDE,除外,,,,対象外,不明,,地名/汎用語×体験・料金のみ（何のサービスか不明）,中,④インテント,,390,2.0,10.0,HIGH,比較検討・料金・申込,KWP_UrlSeed
20577,体験 沖縄,EXCLUDE,除外,,,,対象外,不明,,地名/汎用語×体験・料金のみ（何のサービスか不明）,中,④インテント,,4400,8.0,82.0,HIGH,比較検討・料金・申込,KWP_UrlSeed
20578,体験 滋賀,EXCLUDE,除外,,,,対象外,不明,,地名/汎用語×体験・料金のみ（何のサービスか不明）,中,④インテント,,590,3.0,12.0,HIGH,比較検討・料金・申込,KWP_UrlSeed
20579,体験 熊本,EXCLUDE,除外,,,,対象外,不明,,地名/汎用語×体験・料金のみ（何のサービスか不明）,中,④インテント,,590,2.0,15.0,HIGH,比較検討・料金・申込,KWP_UrlSeed
20580,体験 石川,EXCLUDE,除外,,,,対象外,不明,,地名/汎用語×体験・料金のみ（何のサービスか不明）,中,④インテント,,320,4.0,15.0,HIGH,比較検討・料金・申込,KWP_UrlSeed
20581,体験 福井,EXCLUDE,除外,,,,対象外,不明,,地名/汎用語×体験・料金のみ（何のサービスか不明）,中,④インテント,,720,2.0,7.0,HIGH,比較検討・料金・申込,KWP_UrlSeed
20582,体験 福島,EXCLUDE,除外,,,,対象外,不明,,地名/汎用語×体験・料金のみ（何のサービスか不明）,中,④インテント,,320,2.0,7.0,HIGH,比較検討・料金・申込,KWP_UrlSeed
20583,体験 秋田,EXCLUDE,除外,,,,対象外,不明,,地名/汎用語×体験・料金のみ（何のサービスか不明）,中,④インテント,,170,2.0,5.0,HIGH,比較検討・料金・申込,KWP_UrlSeed
20584,体験 長崎,EXCLUDE,除外,,,,対象外,不明,,地名/汎用語×体験・料金のみ（何のサービスか不明）,中,④インテント,,720,2.0,10.0,HIGH,比較検討・料金・申込,KWP_UrlSeed
20585,体験 長野,EXCLUDE,除外,,,,対象外,不明,,地名/汎用語×体験・料金のみ（何のサービスか不明）,中,④インテント,,590,3.0,48.0,HIGH,比較検討・料金・申込,KWP_UrlSeed
20586,体験 静岡,EXCLUDE,除外,,,,対象外,不明,,地名/汎用語×体験・料金のみ（何のサービスか不明）,中,④インテント,,880,2.0,10.0,HIGH,比較検討・料金・申込,KWP_UrlSeed
20587,体験 高知,EXCLUDE,除外,,,,対象外,不明,,地名/汎用語×体験・料金のみ（何のサービスか不明）,中,④インテント,,480,4.0,23.0,HIGH,比較検討・料金・申込,KWP_UrlSeed
20588,体験 鳥取,EXCLUDE,除外,,,,対象外,不明,,地名/汎用語×体験・料金のみ（何のサービスか不明）,中,④インテント,,260,4.0,12.0,HIGH,比較検討・料金・申込,KWP_UrlSeed
20591,埼玉 無料,EXCLUDE,除外,,,,対象外,不明,,地名/汎用語×体験・料金のみ（何のサービスか不明）,中,④インテント,,40,,,LOW,比較検討・料金・申込 | 地域・近くで探す,KWP_UrlSeed
20594,奈良 無料,EXCLUDE,除外,,,,対象外,不明,,地名/汎用語×体験・料金のみ（何のサービスか不明）,中,④インテント,,30,,,LOW,比較検討・料金・申込,KWP_UrlSeed
20595,宮城 体験,EXCLUDE,除外,,,,対象外,不明,,地名/汎用語×体験・料金のみ（何のサービスか不明）,中,④インテント,,320,2.0,6.0,HIGH,比較検討・料金・申込,KWP_UrlSeed
20596,富山 無料,EXCLUDE,除外,,,,対象外,不明,,地名/汎用語×体験・料金のみ（何のサービスか不明）,中,④インテント,,20,,,LOW,比較検討・料金・申込,KWP_UrlSeed
20597,山口 体験,EXCLUDE,除外,,,,対象外,不明,,地名/汎用語×体験・料金のみ（何のサービスか不明）,中,④インテント,,210,3.0,40.0,HIGH,比較検討・料金・申込,KWP_UrlSeed
20598,山梨 無料,EXCLUDE,除外,,,,対象外,不明,,地名/汎用語×体験・料金のみ（何のサービスか不明）,中,④インテント,,20,,,LOW,比較検討・料金・申込,KWP_UrlSeed
20599,岩手 体験,EXCLUDE,除外,,,,対象外,不明,,地名/汎用語×体験・料金のみ（何のサービスか不明）,中,④インテント,,320,2.0,5.0,HIGH,比較検討・料金・申込,KWP_UrlSeed
20600,島根 体験,EXCLUDE,除外,,,,対象外,不明,,地名/汎用語×体験・料金のみ（何のサービスか不明）,中,④インテント,,210,3.0,9.0,HIGH,比較検討・料金・申込,KWP_UrlSeed
20601,広島 無料,EXCLUDE,除外,,,,対象外,不明,,地名/汎用語×体験・料金のみ（何のサービスか不明）,中,④インテント,,30,,,LOW,比較検討・料金・申込 | 地域・近くで探す,KWP_UrlSeed
20602,建築 無料,EXCLUDE,除外,,,,対象外,不明,,地名/汎用語×体験・料金のみ（何のサービスか不明）,中,④インテント,,10,,,LOW,比較検討・料金・申込,KWP_UrlSeed
20603,新潟 体験,EXCLUDE,除外,,,,対象外,不明,,地名/汎用語×体験・料金のみ（何のサービスか不明）,中,④インテント,,720,2.0,7.0,HIGH,比較検討・料金・申込,KWP_UrlSeed
20604,新潟 無料,EXCLUDE,除外,,,,対象外,不明,,地名/汎用語×体験・料金のみ（何のサービスか不明）,中,④インテント,,20,,,LOW,比較検討・料金・申込,KWP_UrlSeed
20605,東京 体験 無料,EXCLUDE,除外,,,,対象外,不明,,地名/汎用語×体験・料金のみ（何のサービスか不明）,中,④インテント,,110,184.0,673.0,LOW,比較検討・料金・申込 | 地域・近くで探す,KWP_UrlSeed
20607,東京 無料,EXCLUDE,除外,,,,対象外,不明,,地名/汎用語×体験・料金のみ（何のサービスか不明）,中,④インテント,,320,,,LOW,比較検討・料金・申込 | 地域・近くで探す,KWP_UrlSeed
20608,栃木 体験,EXCLUDE,除外,,,,対象外,不明,,地名/汎用語×体験・料金のみ（何のサービスか不明）,中,④インテント,,390,2.0,10.0,HIGH,比較検討・料金・申込,KWP_UrlSeed
20610,沖縄 無料,EXCLUDE,除外,,,,対象外,不明,,地名/汎用語×体験・料金のみ（何のサービスか不明）,中,④インテント,,50,,,LOW,比較検討・料金・申込,KWP_UrlSeed
20611,滋賀 無料,EXCLUDE,除外,,,,対象外,不明,,地名/汎用語×体験・料金のみ（何のサービスか不明）,中,④インテント,,10,,,LOW,比較検討・料金・申込,KWP_UrlSeed
20612,無料 東京,EXCLUDE,除外,,,,対象外,不明,,地名/汎用語×体験・料金のみ（何のサービスか不明）,中,④インテント,,320,,,LOW,比較検討・料金・申込 | 地域・近くで探す,KWP_UrlSeed
20613,無料 沖縄,EXCLUDE,除外,,,,対象外,不明,,地名/汎用語×体験・料金のみ（何のサービスか不明）,中,④インテント,,50,,,LOW,比較検討・料金・申込,KWP_UrlSeed
20614,無料 都内,EXCLUDE,除外,,,,対象外,不明,,地名/汎用語×体験・料金のみ（何のサービスか不明）,中,④インテント,,10,,,LOW,比較検討・料金・申込,KWP_UrlSeed
20615,石川 体験,EXCLUDE,除外,,,,対象外,不明,,地名/汎用語×体験・料金のみ（何のサービスか不明）,中,④インテント,,320,4.0,15.0,HIGH,比較検討・料金・申込,KWP_UrlSeed
20616,福島 体験,EXCLUDE,除外,,,,対象外,不明,,地名/汎用語×体験・料金のみ（何のサービスか不明）,中,④インテント,,320,2.0,7.0,HIGH,比較検討・料金・申込,KWP_UrlSeed
20617,秋田 体験,EXCLUDE,除外,,,,対象外,不明,,地名/汎用語×体験・料金のみ（何のサービスか不明）,中,④インテント,,170,2.0,5.0,HIGH,比較検討・料金・申込,KWP_UrlSeed
20618,群馬 体験,EXCLUDE,除外,,,,対象外,不明,,地名/汎用語×体験・料金のみ（何のサービスか不明）,中,④インテント,,590,3.0,45.0,HIGH,比較検討・料金・申込,KWP_UrlSeed
20619,群馬 無料,EXCLUDE,除外,,,,対象外,不明,,地名/汎用語×体験・料金のみ（何のサービスか不明）,中,④インテント,,30,,,LOW,比較検討・料金・申込,KWP_UrlSeed
20620,青森 体験,EXCLUDE,除外,,,,対象外,不明,,地名/汎用語×体験・料金のみ（何のサービスか不明）,中,④インテント,,320,2.0,13.0,HIGH,比較検討・料金・申込,KWP_UrlSeed
20621,鹿児島 無料,EXCLUDE,除外,,,,対象外,不明,,地名/汎用語×体験・料金のみ（何のサービスか不明）,中,④インテント,,40,,,LOW,比較検討・料金・申込,KWP_UrlSeed
21808,ai 体験,EXCLUDE,除外,,,,対象外,不明,,地名/汎用語×体験・料金のみ（何のサービスか不明）,中,④インテント,,90,110.0,408.0,LOW,比較検討・料金・申込 | 教材・通信教育,KWP_UrlSeed
22484,病気 サイト,EXCLUDE,除外,,,,対象外,不明,,地名/汎用語×体験・料金のみ（何のサービスか不明）,中,④インテント,,10,,,MEDIUM,未分類,KWP_UrlSeed
22597,金沢 体験,EXCLUDE,除外,,,,対象外,不明,,地名/汎用語×体験・料金のみ（何のサービスか不明）,中,④インテント,,3600,5.0,20.0,HIGH,比較検討・料金・申込,KWP_UrlSeed
22598,小樽 体験,EXCLUDE,除外,,,,対象外,不明,,地名/汎用語×体験・料金のみ（何のサービスか不明）,中,④インテント,,1300,4.0,32.0,HIGH,比較検討・料金・申込,KWP_UrlSeed
22599,鎌倉 体験,EXCLUDE,除外,,,,対象外,不明,,地名/汎用語×体験・料金のみ（何のサービスか不明）,中,④インテント,,2400,3.0,21.0,HIGH,比較検討・料金・申込,KWP_UrlSeed
22600,那須 体験,EXCLUDE,除外,,,,対象外,不明,,地名/汎用語×体験・料金のみ（何のサービスか不明）,中,④インテント,,1600,3.0,19.0,HIGH,比較検討・料金・申込,KWP_UrlSeed
22602,那覇 体験,EXCLUDE,除外,,,,対象外,不明,,地名/汎用語×体験・料金のみ（何のサービスか不明）,中,④インテント,,260,8.0,68.0,HIGH,比較検討・料金・申込,KWP_UrlSeed
22603,名古屋 体験,EXCLUDE,除外,,,,対象外,不明,,地名/汎用語×体験・料金のみ（何のサービスか不明）,中,④インテント,,1600,3.0,128.0,HIGH,比較検討・料金・申込 | 地域・近くで探す,KWP_UrlSeed
22604,札幌 体験,EXCLUDE,除外,,,,対象外,不明,,地名/汎用語×体験・料金のみ（何のサービスか不明）,中,④インテント,,1000,4.0,138.0,HIGH,比較検討・料金・申込 | 地域・近くで探す,KWP_UrlSeed
22605,三重 体験,EXCLUDE,除外,,,,対象外,不明,,地名/汎用語×体験・料金のみ（何のサービスか不明）,中,④インテント,,320,2.0,14.0,HIGH,比較検討・料金・申込,KWP_UrlSeed
22606,横浜 体験,EXCLUDE,除外,,,,対象外,不明,,地名/汎用語×体験・料金のみ（何のサービスか不明）,中,④インテント,,1300,9.0,111.0,HIGH,比較検討・料金・申込 | 地域・近くで探す,KWP_UrlSeed
22607,神戸 体験,EXCLUDE,除外,,,,対象外,不明,,地名/汎用語×体験・料金のみ（何のサービスか不明）,中,④インテント,,880,3.0,18.0,HIGH,比較検討・料金・申込 | 地域・近くで探す,KWP_UrlSeed
22608,伊勢 体験,EXCLUDE,除外,,,,対象外,不明,,地名/汎用語×体験・料金のみ（何のサービスか不明）,中,④インテント,,260,2.0,12.0,HIGH,比較検討・料金・申込,KWP_UrlSeed
22609,富良野 体験,EXCLUDE,除外,,,,対象外,不明,,地名/汎用語×体験・料金のみ（何のサービスか不明）,中,④インテント,,210,4.0,22.0,HIGH,比較検討・料金・申込,KWP_UrlSeed
22610,仙台 体験,EXCLUDE,除外,,,,対象外,不明,,地名/汎用語×体験・料金のみ（何のサービスか不明）,中,④インテント,,1000,3.0,11.0,HIGH,比較検討・料金・申込 | 地域・近くで探す,KWP_UrlSeed
22611,常滑 体験,EXCLUDE,除外,,,,対象外,不明,,地名/汎用語×体験・料金のみ（何のサービスか不明）,中,④インテント,,260,5.0,24.0,HIGH,比較検討・料金・申込,KWP_UrlSeed
22613,奄美 体験,EXCLUDE,除外,,,,対象外,不明,,地名/汎用語×体験・料金のみ（何のサービスか不明）,中,④インテント,,90,5.0,47.0,HIGH,比較検討・料金・申込,KWP_UrlSeed
22614,下呂 体験,EXCLUDE,除外,,,,対象外,不明,,地名/汎用語×体験・料金のみ（何のサービスか不明）,中,④インテント,,110,2.0,6.0,HIGH,比較検討・料金・申込,KWP_UrlSeed
22616,あきる野 体験,EXCLUDE,除外,,,,対象外,不明,,地名/汎用語×体験・料金のみ（何のサービスか不明）,中,④インテント,,10,,,HIGH,比較検討・料金・申込,KWP_UrlSeed
22617,いわき 体験,EXCLUDE,除外,,,,対象外,不明,,地名/汎用語×体験・料金のみ（何のサービスか不明）,中,④インテント,,110,2.0,7.0,LOW,比較検討・料金・申込,KWP_UrlSeed
22618,つくば 体験,EXCLUDE,除外,,,,対象外,不明,,地名/汎用語×体験・料金のみ（何のサービスか不明）,中,④インテント,,110,,,MEDIUM,比較検討・料金・申込,KWP_UrlSeed
22619,一人 体験,EXCLUDE,除外,,,,対象外,不明,,地名/汎用語×体験・料金のみ（何のサービスか不明）,中,④インテント,,20,,,LOW,比較検討・料金・申込,KWP_UrlSeed
22620,七尾 体験,EXCLUDE,除外,,,,対象外,不明,,地名/汎用語×体験・料金のみ（何のサービスか不明）,中,④インテント,,10,,,HIGH,比較検討・料金・申込,KWP_UrlSeed
22621,三島 体験,EXCLUDE,除外,,,,対象外,不明,,地名/汎用語×体験・料金のみ（何のサービスか不明）,中,④インテント,,50,2.0,38.0,HIGH,比較検討・料金・申込,KWP_UrlSeed
22622,三田 体験,EXCLUDE,除外,,,,対象外,不明,,地名/汎用語×体験・料金のみ（何のサービスか不明）,中,④インテント,,40,,,MEDIUM,比較検討・料金・申込,KWP_UrlSeed
22623,三鷹 体験,EXCLUDE,除外,,,,対象外,不明,,地名/汎用語×体験・料金のみ（何のサービスか不明）,中,④インテント,,10,,,HIGH,比較検討・料金・申込,KWP_UrlSeed
22624,串本 体験,EXCLUDE,除外,,,,対象外,不明,,地名/汎用語×体験・料金のみ（何のサービスか不明）,中,④インテント,,20,4.0,28.0,HIGH,比較検討・料金・申込,KWP_UrlSeed
22625,丸亀 体験,EXCLUDE,除外,,,,対象外,不明,,地名/汎用語×体験・料金のみ（何のサービスか不明）,中,④インテント,,590,,,LOW,比較検討・料金・申込,KWP_UrlSeed
22626,丹波 体験,EXCLUDE,除外,,,,対象外,不明,,地名/汎用語×体験・料金のみ（何のサービスか不明）,中,④インテント,,40,7.0,130.0,HIGH,比較検討・料金・申込,KWP_UrlSeed
22627,九州 体験,EXCLUDE,除外,,,,対象外,不明,,地名/汎用語×体験・料金のみ（何のサービスか不明）,中,④インテント,,210,2.0,8.0,LOW,比較検討・料金・申込,KWP_UrlSeed
22628,亀岡 体験,EXCLUDE,除外,,,,対象外,不明,,地名/汎用語×体験・料金のみ（何のサービスか不明）,中,④インテント,,50,,,HIGH,比較検討・料金・申込,KWP_UrlSeed
22629,五島 体験,EXCLUDE,除外,,,,対象外,不明,,地名/汎用語×体験・料金のみ（何のサービスか不明）,中,④インテント,,50,6.0,82.0,HIGH,比較検討・料金・申込,KWP_UrlSeed
22630,人吉 体験,EXCLUDE,除外,,,,対象外,不明,,地名/汎用語×体験・料金のみ（何のサービスか不明）,中,④インテント,,30,,,HIGH,比較検討・料金・申込,KWP_UrlSeed
22632,伊賀 体験,EXCLUDE,除外,,,,対象外,不明,,地名/汎用語×体験・料金のみ（何のサービスか不明）,中,④インテント,,40,,,HIGH,比較検討・料金・申込,KWP_UrlSeed
22633,伊那 体験,EXCLUDE,除外,,,,対象外,不明,,地名/汎用語×体験・料金のみ（何のサービスか不明）,中,④インテント,,20,,,HIGH,比較検討・料金・申込,KWP_UrlSeed
22634,会津 体験,EXCLUDE,除外,,,,対象外,不明,,地名/汎用語×体験・料金のみ（何のサービスか不明）,中,④インテント,,390,3.0,13.0,HIGH,比較検討・料金・申込,KWP_UrlSeed
22635,体験 つくば,EXCLUDE,除外,,,,対象外,不明,,地名/汎用語×体験・料金のみ（何のサービスか不明）,中,④インテント,,110,,,MEDIUM,比較検討・料金・申込,KWP_UrlSeed
22636,体験 三重,EXCLUDE,除外,,,,対象外,不明,,地名/汎用語×体験・料金のみ（何のサービスか不明）,中,④インテント,,320,2.0,14.0,HIGH,比較検討・料金・申込,KWP_UrlSeed
22638,体験 仙台,EXCLUDE,除外,,,,対象外,不明,,地名/汎用語×体験・料金のみ（何のサービスか不明）,中,④インテント,,1000,3.0,11.0,HIGH,比較検討・料金・申込 | 地域・近くで探す,KWP_UrlSeed
22639,体験 伊勢,EXCLUDE,除外,,,,対象外,不明,,地名/汎用語×体験・料金のみ（何のサービスか不明）,中,④インテント,,260,2.0,12.0,HIGH,比較検討・料金・申込,KWP_UrlSeed
22640,体験 伊豆,EXCLUDE,除外,,,,対象外,不明,,地名/汎用語×体験・料金のみ（何のサービスか不明）,中,④インテント,,720,3.0,19.0,HIGH,比較検討・料金・申込,KWP_UrlSeed
22641,体験 会津,EXCLUDE,除外,,,,対象外,不明,,地名/汎用語×体験・料金のみ（何のサービスか不明）,中,④インテント,,10,,,MEDIUM,比較検討・料金・申込,KWP_UrlSeed
22642,体験 出雲,EXCLUDE,除外,,,,対象外,不明,,地名/汎用語×体験・料金のみ（何のサービスか不明）,中,④インテント,,170,3.0,10.0,HIGH,比較検討・料金・申込,KWP_UrlSeed
22643,体験 北海道,EXCLUDE,除外,,,,対象外,不明,,地名/汎用語×体験・料金のみ（何のサービスか不明）,中,④インテント,,1300,7.0,52.0,HIGH,比較検討・料金・申込,KWP_UrlSeed
22644,体験 名古屋,EXCLUDE,除外,,,,対象外,不明,,地名/汎用語×体験・料金のみ（何のサービスか不明）,中,④インテント,,1600,3.0,128.0,HIGH,比較検討・料金・申込 | 地域・近くで探す,KWP_UrlSeed
22645,体験 和歌山,EXCLUDE,除外,,,,対象外,不明,,地名/汎用語×体験・料金のみ（何のサービスか不明）,中,④インテント,,480,2.0,10.0,HIGH,比較検討・料金・申込,KWP_UrlSeed
22646,体験 姫路,EXCLUDE,除外,,,,対象外,不明,,地名/汎用語×体験・料金のみ（何のサービスか不明）,中,④インテント,,260,2.0,9.0,HIGH,比較検討・料金・申込,KWP_UrlSeed
22647,体験 宇都宮,EXCLUDE,除外,,,,対象外,不明,,地名/汎用語×体験・料金のみ（何のサービスか不明）,中,④インテント,,210,2.0,9.0,HIGH,比較検討・料金・申込,KWP_UrlSeed
22648,体験 山口,EXCLUDE,除外,,,,対象外,不明,,地名/汎用語×体験・料金のみ（何のサービスか不明）,中,④インテント,,210,3.0,39.0,HIGH,比較検討・料金・申込,KWP_UrlSeed
22649,体験 川越,EXCLUDE,除外,,,,対象外,不明,,地名/汎用語×体験・料金のみ（何のサービスか不明）,中,④インテント,,20,,,HIGH,比較検討・料金・申込,KWP_UrlSeed
22650,体験 帯広,EXCLUDE,除外,,,,対象外,不明,,地名/汎用語×体験・料金のみ（何のサービスか不明）,中,④インテント,,10,,,MEDIUM,比較検討・料金・申込,KWP_UrlSeed
22651,体験 当日,EXCLUDE,除外,,,,対象外,不明,,地名/汎用語×体験・料金のみ（何のサービスか不明）,中,④インテント,,20,,,LOW,比較検討・料金・申込,KWP_UrlSeed
22652,体験 新宿,EXCLUDE,除外,,,,対象外,不明,,地名/汎用語×体験・料金のみ（何のサービスか不明）,中,④インテント,,320,4.0,154.0,HIGH,比較検討・料金・申込,KWP_UrlSeed
22653,体験 新潟,EXCLUDE,除外,,,,対象外,不明,,地名/汎用語×体験・料金のみ（何のサービスか不明）,中,④インテント,,720,2.0,7.0,HIGH,比較検討・料金・申込,KWP_UrlSeed
22654,体験 日光,EXCLUDE,除外,,,,対象外,不明,,地名/汎用語×体験・料金のみ（何のサービスか不明）,中,④インテント,,590,2.0,18.0,HIGH,比較検討・料金・申込,KWP_UrlSeed
22655,体験 札幌,EXCLUDE,除外,,,,対象外,不明,,地名/汎用語×体験・料金のみ（何のサービスか不明）,中,④インテント,,1000,4.0,138.0,HIGH,比較検討・料金・申込 | 地域・近くで探す,KWP_UrlSeed
22656,体験 松本,EXCLUDE,除外,,,,対象外,不明,,地名/汎用語×体験・料金のみ（何のサービスか不明）,中,④インテント,,170,3.0,10.0,HIGH,比較検討・料金・申込,KWP_UrlSeed
22657,体験 横浜,EXCLUDE,除外,,,,対象外,不明,,地名/汎用語×体験・料金のみ（何のサービスか不明）,中,④インテント,,1300,9.0,111.0,HIGH,比較検討・料金・申込 | 地域・近くで探す,KWP_UrlSeed
22658,体験 浜松,EXCLUDE,除外,,,,対象外,不明,,地名/汎用語×体験・料金のみ（何のサービスか不明）,中,④インテント,,590,2.0,8.0,HIGH,比較検討・料金・申込,KWP_UrlSeed
22659,体験 神戸,EXCLUDE,除外,,,,対象外,不明,,地名/汎用語×体験・料金のみ（何のサービスか不明）,中,④インテント,,880,3.0,18.0,HIGH,比較検討・料金・申込 | 地域・近くで探す,KWP_UrlSeed
22661,体験 近畿,EXCLUDE,除外,,,,対象外,不明,,地名/汎用語×体験・料金のみ（何のサービスか不明）,中,④インテント,,40,2.0,9.0,HIGH,比較検討・料金・申込,KWP_UrlSeed
22662,体験 那覇,EXCLUDE,除外,,,,対象外,不明,,地名/汎用語×体験・料金のみ（何のサービスか不明）,中,④インテント,,10,,,HIGH,比較検討・料金・申込,KWP_UrlSeed
22663,体験 那須,EXCLUDE,除外,,,,対象外,不明,,地名/汎用語×体験・料金のみ（何のサービスか不明）,中,④インテント,,1600,3.0,19.0,HIGH,比較検討・料金・申込,KWP_UrlSeed
22664,体験 金沢,EXCLUDE,除外,,,,対象外,不明,,地名/汎用語×体験・料金のみ（何のサービスか不明）,中,④インテント,,3600,5.0,20.0,HIGH,比較検討・料金・申込,KWP_UrlSeed
22665,体験 関東,EXCLUDE,除外,,,,対象外,不明,,地名/汎用語×体験・料金のみ（何のサービスか不明）,中,④インテント,,390,3.0,91.0,HIGH,比較検討・料金・申込,KWP_UrlSeed
22666,体験 鹿児島,EXCLUDE,除外,,,,対象外,不明,,地名/汎用語×体験・料金のみ（何のサービスか不明）,中,④インテント,,590,2.0,13.0,HIGH,比較検討・料金・申込,KWP_UrlSeed
22667,倉吉 体験,EXCLUDE,除外,,,,対象外,不明,,地名/汎用語×体験・料金のみ（何のサービスか不明）,中,④インテント,,30,,,HIGH,比較検討・料金・申込,KWP_UrlSeed
22668,備前 体験,EXCLUDE,除外,,,,対象外,不明,,地名/汎用語×体験・料金のみ（何のサービスか不明）,中,④インテント,,20,,,HIGH,比較検討・料金・申込,KWP_UrlSeed
22669,元町 体験,EXCLUDE,除外,,,,対象外,不明,,地名/汎用語×体験・料金のみ（何のサービスか不明）,中,④インテント,,30,,,HIGH,比較検討・料金・申込,KWP_UrlSeed
22670,八戸 体験,EXCLUDE,除外,,,,対象外,不明,,地名/汎用語×体験・料金のみ（何のサービスか不明）,中,④インテント,,110,2.0,4.0,MEDIUM,比較検討・料金・申込,KWP_UrlSeed
22671,前橋 体験,EXCLUDE,除外,,,,対象外,不明,,地名/汎用語×体験・料金のみ（何のサービスか不明）,中,④インテント,,50,,,HIGH,比較検討・料金・申込,KWP_UrlSeed
22672,加古川 体験,EXCLUDE,除外,,,,対象外,不明,,地名/汎用語×体験・料金のみ（何のサービスか不明）,中,④インテント,,20,,,LOW,比較検討・料金・申込,KWP_UrlSeed
22673,北九州 体験,EXCLUDE,除外,,,,対象外,不明,,地名/汎用語×体験・料金のみ（何のサービスか不明）,中,④インテント,,110,2.0,3.0,HIGH,比較検討・料金・申込,KWP_UrlSeed
22675,北海道 札幌 体験,EXCLUDE,除外,,,,対象外,不明,,地名/汎用語×体験・料金のみ（何のサービスか不明）,中,④インテント,,40,7.0,298.0,HIGH,比較検討・料金・申込 | 地域・近くで探す,KWP_UrlSeed
22676,厚木 体験,EXCLUDE,除外,,,,対象外,不明,,地名/汎用語×体験・料金のみ（何のサービスか不明）,中,④インテント,,30,,,LOW,比較検討・料金・申込,KWP_UrlSeed
22677,原村 体験,EXCLUDE,除外,,,,対象外,不明,,地名/汎用語×体験・料金のみ（何のサービスか不明）,中,④インテント,,10,,,HIGH,比較検討・料金・申込,KWP_UrlSeed
22679,品川 体験,EXCLUDE,除外,,,,対象外,不明,,地名/汎用語×体験・料金のみ（何のサービスか不明）,中,④インテント,,50,,,HIGH,比較検討・料金・申込,KWP_UrlSeed
22680,唐津 体験,EXCLUDE,除外,,,,対象外,不明,,地名/汎用語×体験・料金のみ（何のサービスか不明）,中,④インテント,,70,3.0,10.0,HIGH,比較検討・料金・申込,KWP_UrlSeed
22681,四日市 体験,EXCLUDE,除外,,,,対象外,不明,,地名/汎用語×体験・料金のみ（何のサービスか不明）,中,④インテント,,50,,,MEDIUM,比較検討・料金・申込,KWP_UrlSeed
22682,団体 体験,EXCLUDE,除外,,,,対象外,不明,,地名/汎用語×体験・料金のみ（何のサービスか不明）,中,④インテント,,50,,,LOW,比較検討・料金・申込,KWP_UrlSeed
22683,国立 無料,EXCLUDE,除外,,,,対象外,不明,,地名/汎用語×体験・料金のみ（何のサービスか不明）,中,④インテント,,40,,,LOW,比較検討・料金・申込,KWP_UrlSeed
22684,地方 体験,EXCLUDE,除外,,,,対象外,不明,,地名/汎用語×体験・料金のみ（何のサービスか不明）,中,④インテント,,10,,,LOW,比較検討・料金・申込,KWP_UrlSeed
22686,塩原 体験,EXCLUDE,除外,,,,対象外,不明,,地名/汎用語×体験・料金のみ（何のサービスか不明）,中,④インテント,,10,,,LOW,比較検討・料金・申込,KWP_UrlSeed
22687,多摩 体験,EXCLUDE,除外,,,,対象外,不明,,地名/汎用語×体験・料金のみ（何のサービスか不明）,中,④インテント,,10,,,HIGH,比較検討・料金・申込,KWP_UrlSeed
22688,大宮 体験,EXCLUDE,除外,,,,対象外,不明,,地名/汎用語×体験・料金のみ（何のサービスか不明）,中,④インテント,,90,,,HIGH,比較検討・料金・申込,KWP_UrlSeed
22689,大山 体験,EXCLUDE,除外,,,,対象外,不明,,地名/汎用語×体験・料金のみ（何のサービスか不明）,中,④インテント,,40,,,MEDIUM,比較検討・料金・申込,KWP_UrlSeed
22690,大田原 体験,EXCLUDE,除外,,,,対象外,不明,,地名/汎用語×体験・料金のみ（何のサービスか不明）,中,④インテント,,10,,,LOW,比較検討・料金・申込,KWP_UrlSeed
22691,大町 体験,EXCLUDE,除外,,,,対象外,不明,,地名/汎用語×体験・料金のみ（何のサービスか不明）,中,④インテント,,10,,,HIGH,比較検討・料金・申込,KWP_UrlSeed
22692,大阪 京都 体験,EXCLUDE,除外,,,,対象外,不明,,地名/汎用語×体験・料金のみ（何のサービスか不明）,中,④インテント,,10,,,LOW,比較検討・料金・申込 | 地域・近くで探す,KWP_UrlSeed
22695,姫路 体験,EXCLUDE,除外,,,,対象外,不明,,地名/汎用語×体験・料金のみ（何のサービスか不明）,中,④インテント,,260,2.0,9.0,HIGH,比較検討・料金・申込,KWP_UrlSeed
22696,宇和島 体験,EXCLUDE,除外,,,,対象外,不明,,地名/汎用語×体験・料金のみ（何のサービスか不明）,中,④インテント,,40,2.0,5.0,LOW,比較検討・料金・申込,KWP_UrlSeed
22697,宇都宮 体験,EXCLUDE,除外,,,,対象外,不明,,地名/汎用語×体験・料金のみ（何のサービスか不明）,中,④インテント,,210,2.0,9.0,HIGH,比較検討・料金・申込,KWP_UrlSeed
22698,安曇野 体験,EXCLUDE,除外,,,,対象外,不明,,地名/汎用語×体験・料金のみ（何のサービスか不明）,中,④インテント,,170,3.0,65.0,HIGH,比較検討・料金・申込,KWP_UrlSeed
22699,宮津 体験,EXCLUDE,除外,,,,対象外,不明,,地名/汎用語×体験・料金のみ（何のサービスか不明）,中,④インテント,,20,,,HIGH,比較検討・料金・申込,KWP_UrlSeed
22700,富士 体験,EXCLUDE,除外,,,,対象外,不明,,地名/汎用語×体験・料金のみ（何のサービスか不明）,中,④インテント,,30,,,HIGH,比較検討・料金・申込,KWP_UrlSeed
22701,富士宮 体験,EXCLUDE,除外,,,,対象外,不明,,地名/汎用語×体験・料金のみ（何のサービスか不明）,中,④インテント,,30,,,HIGH,比較検討・料金・申込,KWP_UrlSeed
22702,富士山 無料,EXCLUDE,除外,,,,対象外,不明,,地名/汎用語×体験・料金のみ（何のサービスか不明）,中,④インテント,,70,,,LOW,比較検討・料金・申込,KWP_UrlSeed
22703,小牧 体験,EXCLUDE,除外,,,,対象外,不明,,地名/汎用語×体験・料金のみ（何のサービスか不明）,中,④インテント,,20,,,HIGH,比較検討・料金・申込,KWP_UrlSeed
22704,尾道 体験,EXCLUDE,除外,,,,対象外,不明,,地名/汎用語×体験・料金のみ（何のサービスか不明）,中,④インテント,,320,3.0,12.0,HIGH,比較検討・料金・申込,KWP_UrlSeed
22706,岡山 倉敷 体験,EXCLUDE,除外,,,,対象外,不明,,地名/汎用語×体験・料金のみ（何のサービスか不明）,中,④インテント,,20,2.0,12.0,HIGH,比較検討・料金・申込,KWP_UrlSeed
22707,岡崎 体験,EXCLUDE,除外,,,,対象外,不明,,地名/汎用語×体験・料金のみ（何のサービスか不明）,中,④インテント,,110,,,HIGH,比較検討・料金・申込,KWP_UrlSeed
22708,岩国 体験,EXCLUDE,除外,,,,対象外,不明,,地名/汎用語×体験・料金のみ（何のサービスか不明）,中,④インテント,,30,,,HIGH,比較検討・料金・申込,KWP_UrlSeed
22709,岸和田 体験,EXCLUDE,除外,,,,対象外,不明,,地名/汎用語×体験・料金のみ（何のサービスか不明）,中,④インテント,,10,,,MEDIUM,比較検討・料金・申込,KWP_UrlSeed
22710,島原 体験,EXCLUDE,除外,,,,対象外,不明,,地名/汎用語×体験・料金のみ（何のサービスか不明）,中,④インテント,,50,,,LOW,比較検討・料金・申込,KWP_UrlSeed
22711,川崎 体験,EXCLUDE,除外,,,,対象外,不明,,地名/汎用語×体験・料金のみ（何のサービスか不明）,中,④インテント,,70,3.0,260.0,HIGH,比較検討・料金・申込,KWP_UrlSeed
22712,帯広 体験,EXCLUDE,除外,,,,対象外,不明,,地名/汎用語×体験・料金のみ（何のサービスか不明）,中,④インテント,,170,3.0,22.0,HIGH,比較検討・料金・申込,KWP_UrlSeed
22713,平泉 体験,EXCLUDE,除外,,,,対象外,不明,,地名/汎用語×体験・料金のみ（何のサービスか不明）,中,④インテント,,30,3.0,7.0,HIGH,比較検討・料金・申込,KWP_UrlSeed
22714,広尾 体験,EXCLUDE,除外,,,,対象外,不明,,地名/汎用語×体験・料金のみ（何のサービスか不明）,中,④インテント,,10,,,LOW,比較検討・料金・申込,KWP_UrlSeed
22715,弘前 体験,EXCLUDE,除外,,,,対象外,不明,,地名/汎用語×体験・料金のみ（何のサービスか不明）,中,④インテント,,90,2.0,253.0,HIGH,比較検討・料金・申込,KWP_UrlSeed
22716,彦根 体験,EXCLUDE,除外,,,,対象外,不明,,地名/汎用語×体験・料金のみ（何のサービスか不明）,中,④インテント,,70,2.0,7.0,HIGH,比較検討・料金・申込,KWP_UrlSeed
22717,志摩 体験,EXCLUDE,除外,,,,対象外,不明,,地名/汎用語×体験・料金のみ（何のサービスか不明）,中,④インテント,,50,3.0,54.0,HIGH,比較検討・料金・申込,KWP_UrlSeed
22718,恵庭 体験,EXCLUDE,除外,,,,対象外,不明,,地名/汎用語×体験・料金のみ（何のサービスか不明）,中,④インテント,,20,,,HIGH,比較検討・料金・申込,KWP_UrlSeed
22719,恵那 体験,EXCLUDE,除外,,,,対象外,不明,,地名/汎用語×体験・料金のみ（何のサービスか不明）,中,④インテント,,70,166.0,630.0,HIGH,比較検討・料金・申込,KWP_UrlSeed
22720,成田 体験,EXCLUDE,除外,,,,対象外,不明,,地名/汎用語×体験・料金のみ（何のサービスか不明）,中,④インテント,,50,2.0,46.0,HIGH,比較検討・料金・申込,KWP_UrlSeed
22721,所沢 体験,EXCLUDE,除外,,,,対象外,不明,,地名/汎用語×体験・料金のみ（何のサービスか不明）,中,④インテント,,40,,,HIGH,比較検討・料金・申込,KWP_UrlSeed
22722,掛川 体験,EXCLUDE,除外,,,,対象外,不明,,地名/汎用語×体験・料金のみ（何のサービスか不明）,中,④インテント,,50,5.0,82.0,MEDIUM,比較検討・料金・申込,KWP_UrlSeed
22723,新宿 体験,EXCLUDE,除外,,,,対象外,不明,,地名/汎用語×体験・料金のみ（何のサービスか不明）,中,④インテント,,320,4.0,154.0,HIGH,比較検討・料金・申込,KWP_UrlSeed
22724,日光 体験,EXCLUDE,除外,,,,対象外,不明,,地名/汎用語×体験・料金のみ（何のサービスか不明）,中,④インテント,,590,2.0,18.0,HIGH,比較検討・料金・申込,KWP_UrlSeed
22725,日田 体験,EXCLUDE,除外,,,,対象外,不明,,地名/汎用語×体験・料金のみ（何のサービスか不明）,中,④インテント,,40,,,HIGH,比較検討・料金・申込,KWP_UrlSeed
22726,旭川 体験,EXCLUDE,除外,,,,対象外,不明,,地名/汎用語×体験・料金のみ（何のサービスか不明）,中,④インテント,,170,3.0,24.0,HIGH,比較検討・料金・申込,KWP_UrlSeed
22727,明石 体験,EXCLUDE,除外,,,,対象外,不明,,地名/汎用語×体験・料金のみ（何のサービスか不明）,中,④インテント,,50,,,HIGH,比較検討・料金・申込,KWP_UrlSeed
22728,木更津 体験,EXCLUDE,除外,,,,対象外,不明,,地名/汎用語×体験・料金のみ（何のサービスか不明）,中,④インテント,,90,4.0,49.0,HIGH,比較検討・料金・申込,KWP_UrlSeed
22729,木曽 体験,EXCLUDE,除外,,,,対象外,不明,,地名/汎用語×体験・料金のみ（何のサービスか不明）,中,④インテント,,30,,,HIGH,比較検討・料金・申込,KWP_UrlSeed
22731,東北 体験,EXCLUDE,除外,,,,対象外,不明,,地名/汎用語×体験・料金のみ（何のサービスか不明）,中,④インテント,,90,2.0,10.0,HIGH,比較検討・料金・申込,KWP_UrlSeed
22732,東松山 体験,EXCLUDE,除外,,,,対象外,不明,,地名/汎用語×体験・料金のみ（何のサービスか不明）,中,④インテント,,10,,,LOW,比較検討・料金・申込,KWP_UrlSeed
22733,松島 体験,EXCLUDE,除外,,,,対象外,不明,,地名/汎用語×体験・料金のみ（何のサービスか不明）,中,④インテント,,260,3.0,12.0,HIGH,比較検討・料金・申込,KWP_UrlSeed
22734,松阪 体験,EXCLUDE,除外,,,,対象外,不明,,地名/汎用語×体験・料金のみ（何のサービスか不明）,中,④インテント,,30,,,HIGH,比較検討・料金・申込,KWP_UrlSeed
22735,板橋 体験,EXCLUDE,除外,,,,対象外,不明,,地名/汎用語×体験・料金のみ（何のサービスか不明）,中,④インテント,,10,,,HIGH,比較検討・料金・申込,KWP_UrlSeed
22736,柳川 体験,EXCLUDE,除外,,,,対象外,不明,,地名/汎用語×体験・料金のみ（何のサービスか不明）,中,④インテント,,40,,,HIGH,比較検討・料金・申込,KWP_UrlSeed
22737,横浜 無料,EXCLUDE,除外,,,,対象外,不明,,地名/汎用語×体験・料金のみ（何のサービスか不明）,中,④インテント,,140,,,LOW,比較検討・料金・申込 | 地域・近くで探す,KWP_UrlSeed
22738,横須賀 体験,EXCLUDE,除外,,,,対象外,不明,,地名/汎用語×体験・料金のみ（何のサービスか不明）,中,④インテント,,70,,,HIGH,比較検討・料金・申込,KWP_UrlSeed
22739,水戸 体験,EXCLUDE,除外,,,,対象外,不明,,地名/汎用語×体験・料金のみ（何のサービスか不明）,中,④インテント,,70,2.0,3.0,HIGH,比較検討・料金・申込,KWP_UrlSeed
22740,沼津 体験,EXCLUDE,除外,,,,対象外,不明,,地名/汎用語×体験・料金のみ（何のサービスか不明）,中,④インテント,,140,2.0,11.0,HIGH,比較検討・料金・申込,KWP_UrlSeed
22741,沼田 体験,EXCLUDE,除外,,,,対象外,不明,,地名/汎用語×体験・料金のみ（何のサービスか不明）,中,④インテント,,20,,,HIGH,比較検討・料金・申込,KWP_UrlSeed
22742,浜松 体験,EXCLUDE,除外,,,,対象外,不明,,地名/汎用語×体験・料金のみ（何のサービスか不明）,中,④インテント,,590,2.0,8.0,HIGH,比較検討・料金・申込,KWP_UrlSeed
22743,海老名 体験,EXCLUDE,除外,,,,対象外,不明,,地名/汎用語×体験・料金のみ（何のサービスか不明）,中,④インテント,,30,,,MEDIUM,比較検討・料金・申込,KWP_UrlSeed
22744,淡路 体験,EXCLUDE,除外,,,,対象外,不明,,地名/汎用語×体験・料金のみ（何のサービスか不明）,中,④インテント,,140,2.0,16.0,HIGH,比較検討・料金・申込,KWP_UrlSeed
22745,深谷 体験,EXCLUDE,除外,,,,対象外,不明,,地名/汎用語×体験・料金のみ（何のサービスか不明）,中,④インテント,,20,,,LOW,比較検討・料金・申込,KWP_UrlSeed
22746,清里 体験,EXCLUDE,除外,,,,対象外,不明,,地名/汎用語×体験・料金のみ（何のサービスか不明）,中,④インテント,,50,3.0,58.0,LOW,比較検討・料金・申込,KWP_UrlSeed
22747,渋谷 体験,EXCLUDE,除外,,,,対象外,不明,,地名/汎用語×体験・料金のみ（何のサービスか不明）,中,④インテント,,320,3.0,117.0,HIGH,比較検討・料金・申込,KWP_UrlSeed
22748,狭山 体験,EXCLUDE,除外,,,,対象外,不明,,地名/汎用語×体験・料金のみ（何のサービスか不明）,中,④インテント,,10,,,HIGH,比較検討・料金・申込,KWP_UrlSeed
22749,琴平 体験,EXCLUDE,除外,,,,対象外,不明,,地名/汎用語×体験・料金のみ（何のサービスか不明）,中,④インテント,,30,,,HIGH,比較検討・料金・申込,KWP_UrlSeed
22750,町田 体験,EXCLUDE,除外,,,,対象外,不明,,地名/汎用語×体験・料金のみ（何のサービスか不明）,中,④インテント,,70,,,HIGH,比較検討・料金・申込,KWP_UrlSeed
22751,白馬 体験,EXCLUDE,除外,,,,対象外,不明,,地名/汎用語×体験・料金のみ（何のサービスか不明）,中,④インテント,,90,3.0,89.0,HIGH,比較検討・料金・申込,KWP_UrlSeed
22752,盛岡 体験,EXCLUDE,除外,,,,対象外,不明,,地名/汎用語×体験・料金のみ（何のサービスか不明）,中,④インテント,,260,3.0,11.0,HIGH,比較検討・料金・申込,KWP_UrlSeed
22753,相模原 体験,EXCLUDE,除外,,,,対象外,不明,,地名/汎用語×体験・料金のみ（何のサービスか不明）,中,④インテント,,50,,,HIGH,比較検討・料金・申込,KWP_UrlSeed
22754,知多 体験,EXCLUDE,除外,,,,対象外,不明,,地名/汎用語×体験・料金のみ（何のサービスか不明）,中,④インテント,,30,3.0,20.0,HIGH,比較検討・料金・申込,KWP_UrlSeed
22755,福山 体験,EXCLUDE,除外,,,,対象外,不明,,地名/汎用語×体験・料金のみ（何のサービスか不明）,中,④インテント,,90,2.0,6.0,HIGH,比較検討・料金・申込,KWP_UrlSeed
22756,福島 会津 体験,EXCLUDE,除外,,,,対象外,不明,,地名/汎用語×体験・料金のみ（何のサービスか不明）,中,④インテント,,20,,,HIGH,比較検討・料金・申込,KWP_UrlSeed
22757,立川 体験,EXCLUDE,除外,,,,対象外,不明,,地名/汎用語×体験・料金のみ（何のサービスか不明）,中,④インテント,,90,,,HIGH,比較検討・料金・申込,KWP_UrlSeed
22758,笠間 体験,EXCLUDE,除外,,,,対象外,不明,,地名/汎用語×体験・料金のみ（何のサービスか不明）,中,④インテント,,90,4.0,20.0,LOW,比較検討・料金・申込,KWP_UrlSeed
22760,米沢 体験,EXCLUDE,除外,,,,対象外,不明,,地名/汎用語×体験・料金のみ（何のサービスか不明）,中,④インテント,,70,,,LOW,比較検討・料金・申込,KWP_UrlSeed
22761,糸島 体験,EXCLUDE,除外,,,,対象外,不明,,地名/汎用語×体験・料金のみ（何のサービスか不明）,中,④インテント,,210,4.0,22.0,HIGH,比較検討・料金・申込,KWP_UrlSeed
22762,能登 体験,EXCLUDE,除外,,,,対象外,不明,,地名/汎用語×体験・料金のみ（何のサービスか不明）,中,④インテント,,70,3.0,9.0,MEDIUM,比較検討・料金・申込,KWP_UrlSeed
22763,芦屋 体験,EXCLUDE,除外,,,,対象外,不明,,地名/汎用語×体験・料金のみ（何のサービスか不明）,中,④インテント,,10,,,HIGH,比較検討・料金・申込,KWP_UrlSeed
22764,花巻 体験,EXCLUDE,除外,,,,対象外,不明,,地名/汎用語×体験・料金のみ（何のサービスか不明）,中,④インテント,,70,,,MEDIUM,比較検討・料金・申込,KWP_UrlSeed
22765,茅ヶ崎 体験,EXCLUDE,除外,,,,対象外,不明,,地名/汎用語×体験・料金のみ（何のサービスか不明）,中,④インテント,,40,,,HIGH,比較検討・料金・申込,KWP_UrlSeed
22766,調布 体験,EXCLUDE,除外,,,,対象外,不明,,地名/汎用語×体験・料金のみ（何のサービスか不明）,中,④インテント,,30,,,HIGH,比較検討・料金・申込,KWP_UrlSeed
22767,諏訪 体験,EXCLUDE,除外,,,,対象外,不明,,地名/汎用語×体験・料金のみ（何のサービスか不明）,中,④インテント,,110,,,HIGH,比較検討・料金・申込,KWP_UrlSeed
22768,諫早 体験,EXCLUDE,除外,,,,対象外,不明,,地名/汎用語×体験・料金のみ（何のサービスか不明）,中,④インテント,,20,,,HIGH,比較検討・料金・申込,KWP_UrlSeed
22769,豊川 体験,EXCLUDE,除外,,,,対象外,不明,,地名/汎用語×体験・料金のみ（何のサービスか不明）,中,④インテント,,30,,,MEDIUM,比較検討・料金・申込,KWP_UrlSeed
22770,近畿 体験,EXCLUDE,除外,,,,対象外,不明,,地名/汎用語×体験・料金のみ（何のサービスか不明）,中,④インテント,,40,2.0,9.0,HIGH,比較検討・料金・申込,KWP_UrlSeed
22772,郡上 体験,EXCLUDE,除外,,,,対象外,不明,,地名/汎用語×体験・料金のみ（何のサービスか不明）,中,④インテント,,90,2.0,36.0,HIGH,比較検討・料金・申込,KWP_UrlSeed
22773,郡山 体験,EXCLUDE,除外,,,,対象外,不明,,地名/汎用語×体験・料金のみ（何のサービスか不明）,中,④インテント,,110,2.0,3.0,HIGH,比較検討・料金・申込,KWP_UrlSeed
22774,釧路 体験,EXCLUDE,除外,,,,対象外,不明,,地名/汎用語×体験・料金のみ（何のサービスか不明）,中,④インテント,,50,4.0,30.0,HIGH,比較検討・料金・申込,KWP_UrlSeed
22775,鈴鹿 体験,EXCLUDE,除外,,,,対象外,不明,,地名/汎用語×体験・料金のみ（何のサービスか不明）,中,④インテント,,30,2.0,108.0,HIGH,比較検討・料金・申込,KWP_UrlSeed
22777,長岡 体験,EXCLUDE,除外,,,,対象外,不明,,地名/汎用語×体験・料金のみ（何のサービスか不明）,中,④インテント,,70,,,HIGH,比較検討・料金・申込,KWP_UrlSeed
22778,長浜 体験,EXCLUDE,除外,,,,対象外,不明,,地名/汎用語×体験・料金のみ（何のサービスか不明）,中,④インテント,,110,3.0,31.0,HIGH,比較検討・料金・申込,KWP_UrlSeed
22779,長門 体験,EXCLUDE,除外,,,,対象外,不明,,地名/汎用語×体験・料金のみ（何のサービスか不明）,中,④インテント,,10,,,HIGH,比較検討・料金・申込,KWP_UrlSeed
22780,関東 体験,EXCLUDE,除外,,,,対象外,不明,,地名/汎用語×体験・料金のみ（何のサービスか不明）,中,④インテント,,390,3.0,91.0,HIGH,比較検討・料金・申込,KWP_UrlSeed
22781,霞ヶ浦 体験,EXCLUDE,除外,,,,対象外,不明,,地名/汎用語×体験・料金のみ（何のサービスか不明）,中,④インテント,,30,,,HIGH,比較検討・料金・申込,KWP_UrlSeed
22782,霧島 体験,EXCLUDE,除外,,,,対象外,不明,,地名/汎用語×体験・料金のみ（何のサービスか不明）,中,④インテント,,110,3.0,16.0,HIGH,比較検討・料金・申込,KWP_UrlSeed
22783,青梅 体験,EXCLUDE,除外,,,,対象外,不明,,地名/汎用語×体験・料金のみ（何のサービスか不明）,中,④インテント,,30,,,HIGH,比較検討・料金・申込,KWP_UrlSeed
22784,飛騨 体験,EXCLUDE,除外,,,,対象外,不明,,地名/汎用語×体験・料金のみ（何のサービスか不明）,中,④インテント,,40,2.0,17.0,HIGH,比較検討・料金・申込,KWP_UrlSeed
22785,飯田 体験,EXCLUDE,除外,,,,対象外,不明,,地名/汎用語×体験・料金のみ（何のサービスか不明）,中,④インテント,,20,,,HIGH,比較検討・料金・申込,KWP_UrlSeed
22786,高岡 体験,EXCLUDE,除外,,,,対象外,不明,,地名/汎用語×体験・料金のみ（何のサービスか不明）,中,④インテント,,70,,,HIGH,比較検討・料金・申込,KWP_UrlSeed
22787,高崎 体験,EXCLUDE,除外,,,,対象外,不明,,地名/汎用語×体験・料金のみ（何のサービスか不明）,中,④インテント,,70,3.0,17.0,HIGH,比較検討・料金・申込,KWP_UrlSeed
22788,高松 体験,EXCLUDE,除外,,,,対象外,不明,,地名/汎用語×体験・料金のみ（何のサービスか不明）,中,④インテント,,110,2.0,9.0,HIGH,比較検討・料金・申込,KWP_UrlSeed
22789,鯖江 体験,EXCLUDE,除外,,,,対象外,不明,,地名/汎用語×体験・料金のみ（何のサービスか不明）,中,④インテント,,40,3.0,18.0,HIGH,比較検討・料金・申込,KWP_UrlSeed
22790,鳥羽 体験,EXCLUDE,除外,,,,対象外,不明,,地名/汎用語×体験・料金のみ（何のサービスか不明）,中,④インテント,,170,2.0,24.0,HIGH,比較検討・料金・申込,KWP_UrlSeed
22791,鳴門 体験,EXCLUDE,除外,,,,対象外,不明,,地名/汎用語×体験・料金のみ（何のサービスか不明）,中,④インテント,,40,3.0,143.0,HIGH,比較検討・料金・申込,KWP_UrlSeed
22792,鹿沼 体験,EXCLUDE,除外,,,,対象外,不明,,地名/汎用語×体験・料金のみ（何のサービスか不明）,中,④インテント,,20,,,MEDIUM,比較検討・料金・申込,KWP_UrlSeed
22966,大学 ブログ,EXCLUDE,除外,,,,対象外,不明,,地名/汎用語×体験・料金のみ（何のサービスか不明）,中,④インテント,,110,,,LOW,比較検討・料金・申込 | 受験・進路,KWP_UrlSeed
23006,大阪 料金,EXCLUDE,除外,,,,対象外,不明,,地名/汎用語×体験・料金のみ（何のサービスか不明）,中,④インテント,,30,,,LOW,比較検討・料金・申込 | 地域・近くで探す,KWP_UrlSeed
23010,福岡 料金,EXCLUDE,除外,,,,対象外,不明,,地名/汎用語×体験・料金のみ（何のサービスか不明）,中,④インテント,,20,,,LOW,比較検討・料金・申込 | 地域・近くで探す,KWP_UrlSeed
23012,名古屋 大阪 料金,EXCLUDE,除外,,,,対象外,不明,,地名/汎用語×体験・料金のみ（何のサービスか不明）,中,④インテント,,140,,,LOW,比較検討・料金・申込 | 地域・近くで探す,KWP_UrlSeed
23013,名古屋 料金,EXCLUDE,除外,,,,対象外,不明,,地名/汎用語×体験・料金のみ（何のサービスか不明）,中,④インテント,,30,,,LOW,比較検討・料金・申込 | 地域・近くで探す,KWP_UrlSeed
23015,大阪 福岡 料金,EXCLUDE,除外,,,,対象外,不明,,地名/汎用語×体験・料金のみ（何のサービスか不明）,中,④インテント,,30,,,LOW,比較検討・料金・申込 | 地域・近くで探す,KWP_UrlSeed
23024,名古屋 横浜 料金,EXCLUDE,除外,,,,対象外,不明,,地名/汎用語×体験・料金のみ（何のサービスか不明）,中,④インテント,,10,,,LOW,比較検討・料金・申込 | 地域・近くで探す,KWP_UrlSeed
23025,名古屋 福岡 料金,EXCLUDE,除外,,,,対象外,不明,,地名/汎用語×体験・料金のみ（何のサービスか不明）,中,④インテント,,30,14.0,64.0,LOW,比較検討・料金・申込 | 地域・近くで探す,KWP_UrlSeed
23031,福岡 名古屋 料金,EXCLUDE,除外,,,,対象外,不明,,地名/汎用語×体験・料金のみ（何のサービスか不明）,中,④インテント,,10,,,LOW,比較検討・料金・申込 | 地域・近くで探す,KWP_UrlSeed
23033,福岡 大阪 料金,EXCLUDE,除外,,,,対象外,不明,,地名/汎用語×体験・料金のみ（何のサービスか不明）,中,④インテント,,40,14.0,111.0,LOW,比較検討・料金・申込 | 地域・近くで探す,KWP_UrlSeed
23035,大阪 名古屋 料金,EXCLUDE,除外,,,,対象外,不明,,地名/汎用語×体験・料金のみ（何のサービスか不明）,中,④インテント,,110,6.0,29.0,LOW,比較検討・料金・申込 | 地域・近くで探す,KWP_UrlSeed
23052,大阪 東京 料金,EXCLUDE,除外,,,,対象外,不明,,地名/汎用語×体験・料金のみ（何のサービスか不明）,中,④インテント,,90,,,LOW,比較検討・料金・申込 | 地域・近くで探す,KWP_UrlSeed
23062,東京 料金,EXCLUDE,除外,,,,対象外,不明,,地名/汎用語×体験・料金のみ（何のサービスか不明）,中,④インテント,,50,,,LOW,比較検討・料金・申込 | 地域・近くで探す,KWP_UrlSeed
23071,九州 料金,EXCLUDE,除外,,,,対象外,不明,,地名/汎用語×体験・料金のみ（何のサービスか不明）,中,④インテント,,10,,,LOW,比較検討・料金・申込,KWP_UrlSeed
23092,福岡 東京 料金,EXCLUDE,除外,,,,対象外,不明,,地名/汎用語×体験・料金のみ（何のサービスか不明）,中,④インテント,,20,5.0,26.0,LOW,比較検討・料金・申込 | 地域・近くで探す,KWP_UrlSeed
23286,キャリア ブログ,EXCLUDE,除外,,,,対象外,不明,,地名/汎用語×体験・料金のみ（何のサービスか不明）,中,④インテント,,10,,,LOW,比較検討・料金・申込,KWP_UrlSeed
23729,資料 無料,EXCLUDE,除外,,,,対象外,不明,,地名/汎用語×体験・料金のみ（何のサービスか不明）,中,④インテント,,10,101.0,349.0,LOW,比較検討・料金・申込,KWP_UrlSeed
23741,メール アイコン 無料,EXCLUDE,除外,,,,対象外,不明,,地名/汎用語×体験・料金のみ（何のサービスか不明）,中,④インテント,,90,,,LOW,比較検討・料金・申込,KWP_UrlSeed
24073,声優 無料,EXCLUDE,除外,,,,対象外,不明,,地名/汎用語×体験・料金のみ（何のサービスか不明）,中,④インテント,,30,113.0,375.0,LOW,比較検討・料金・申込,KWP_UrlSeed
24186,vr 無料,EXCLUDE,除外,,,,対象外,不明,,地名/汎用語×体験・料金のみ（何のサービスか不明）,中,④インテント,,720,,,LOW,比較検討・料金・申込,KWP_UrlSeed
24257,チャット ai サイト,EXCLUDE,除外,,,,対象外,不明,,地名/汎用語×体験・料金のみ（何のサービスか不明）,中,④インテント,,880,75.0,321.0,LOW,教材・通信教育,KWP_UrlSeed
24261,ai 無料,EXCLUDE,除外,,,,対象外,不明,,地名/汎用語×体験・料金のみ（何のサービスか不明）,中,④インテント,,27100,76.0,359.0,MEDIUM,比較検討・料金・申込 | 教材・通信教育,KWP_UrlSeed
24327,時計 問題 無料,EXCLUDE,除外,,,,対象外,不明,,地名/汎用語×体験・料金のみ（何のサービスか不明）,中,④インテント,,20,,,LOW,比較検討・料金・申込 | 学習のやり方・学習課題,KWP_UrlSeed
24341,ブログ やり方,EXCLUDE,除外,,,,対象外,不明,,地名/汎用語×体験・料金のみ（何のサービスか不明）,中,④インテント,,210,13.0,162.0,MEDIUM,比較検討・料金・申込,KWP_UrlSeed
24342,ブログ テーマ,EXCLUDE,除外,,,,対象外,不明,,地名/汎用語×体験・料金のみ（何のサービスか不明）,中,④インテント,,170,31.0,217.0,LOW,比較検討・料金・申込,KWP_UrlSeed
24344,ブログ 作る,EXCLUDE,除外,,,,対象外,不明,,地名/汎用語×体験・料金のみ（何のサービスか不明）,中,④インテント,,90,52.0,388.0,MEDIUM,比較検討・料金・申込,KWP_UrlSeed
24346,ブログ 名前 決め方,EXCLUDE,除外,,,,対象外,不明,,地名/汎用語×体験・料金のみ（何のサービスか不明）,中,④インテント,,40,36.0,117.0,LOW,比較検討・料金・申込,KWP_UrlSeed
24348,ブログ 名前,EXCLUDE,除外,,,,対象外,不明,,地名/汎用語×体験・料金のみ（何のサービスか不明）,中,④インテント,,210,44.0,366.0,LOW,比較検討・料金・申込,KWP_UrlSeed
24350,ブログ 構成,EXCLUDE,除外,,,,対象外,不明,,地名/汎用語×体験・料金のみ（何のサービスか不明）,中,④インテント,,90,25.0,113.0,LOW,比較検討・料金・申込,KWP_UrlSeed
24351,ブログ 有料,EXCLUDE,除外,,,,対象外,不明,,地名/汎用語×体験・料金のみ（何のサービスか不明）,中,④インテント,,170,63.0,540.0,LOW,比較検討・料金・申込,KWP_UrlSeed
24352,ブログ コンサル,EXCLUDE,除外,,,,対象外,不明,,地名/汎用語×体験・料金のみ（何のサービスか不明）,中,④インテント,,70,134.0,417.0,LOW,比較検討・料金・申込,KWP_UrlSeed
24353,ブログ 簡単,EXCLUDE,除外,,,,対象外,不明,,地名/汎用語×体験・料金のみ（何のサービスか不明）,中,④インテント,,70,38.0,346.0,LOW,比較検討・料金・申込,KWP_UrlSeed
24357,google ブログ,EXCLUDE,除外,,,,対象外,不明,,地名/汎用語×体験・料金のみ（何のサービスか不明）,中,④インテント,,2400,147.0,446.0,LOW,比較検討・料金・申込,KWP_UrlSeed
24358,ブログ 内容,EXCLUDE,除外,,,,対象外,不明,,地名/汎用語×体験・料金のみ（何のサービスか不明）,中,④インテント,,70,63.0,258.0,LOW,比較検討・料金・申込,KWP_UrlSeed
24361,ブログ 販売,EXCLUDE,除外,,,,対象外,不明,,地名/汎用語×体験・料金のみ（何のサービスか不明）,中,④インテント,,20,96.0,496.0,LOW,比較検討・料金・申込,KWP_UrlSeed
24363,ブログ はじめる,EXCLUDE,除外,,,,対象外,不明,,地名/汎用語×体験・料金のみ（何のサービスか不明）,中,④インテント,,260,20.0,275.0,MEDIUM,比較検討・料金・申込,KWP_UrlSeed
24364,ブログ ビジネス,EXCLUDE,除外,,,,対象外,不明,,地名/汎用語×体験・料金のみ（何のサービスか不明）,中,④インテント,,110,,,LOW,比較検討・料金・申込,KWP_UrlSeed
24365,ブログ 書く,EXCLUDE,除外,,,,対象外,不明,,地名/汎用語×体験・料金のみ（何のサービスか不明）,中,④インテント,,210,18.0,217.0,LOW,比較検討・料金・申込,KWP_UrlSeed
24375,ブログ 種類,EXCLUDE,除外,,,,対象外,不明,,地名/汎用語×体験・料金のみ（何のサービスか不明）,中,④インテント,,210,10.0,158.0,LOW,比較検討・料金・申込 | 特性そのものを調べる（とは・特徴・チェック）,KWP_UrlSeed
24378,ブログ ソフト,EXCLUDE,除外,,,,対象外,不明,,地名/汎用語×体験・料金のみ（何のサービスか不明）,中,④インテント,,20,33.0,285.0,MEDIUM,比較検討・料金・申込,KWP_UrlSeed
24381,ブログ 登録,EXCLUDE,除外,,,,対象外,不明,,地名/汎用語×体験・料金のみ（何のサービスか不明）,中,④インテント,,30,71.0,463.0,LOW,比較検討・料金・申込,KWP_UrlSeed
24382,ブログ 題材,EXCLUDE,除外,,,,対象外,不明,,地名/汎用語×体験・料金のみ（何のサービスか不明）,中,④インテント,,10,,,HIGH,比較検討・料金・申込,KWP_UrlSeed
24384,ブログ url,EXCLUDE,除外,,,,対象外,不明,,地名/汎用語×体験・料金のみ（何のサービスか不明）,中,④インテント,,50,128.0,643.0,LOW,比較検討・料金・申込,KWP_UrlSeed
24386,ブログ 個人,EXCLUDE,除外,,,,対象外,不明,,地名/汎用語×体験・料金のみ（何のサービスか不明）,中,④インテント,,880,54.0,289.0,LOW,比較検討・料金・申込,KWP_UrlSeed
24387,ブログ メリット,EXCLUDE,除外,,,,対象外,不明,,地名/汎用語×体験・料金のみ（何のサービスか不明）,中,④インテント,,50,,,LOW,比較検討・料金・申込,KWP_UrlSeed
24388,ブログ 見本,EXCLUDE,除外,,,,対象外,不明,,地名/汎用語×体験・料金のみ（何のサービスか不明）,中,④インテント,,30,30.0,292.0,LOW,比較検討・料金・申込,KWP_UrlSeed
24389,ブログ 設計,EXCLUDE,除外,,,,対象外,不明,,地名/汎用語×体験・料金のみ（何のサービスか不明）,中,④インテント,,10,,,LOW,比較検討・料金・申込,KWP_UrlSeed
24390,ブログ 案件,EXCLUDE,除外,,,,対象外,不明,,地名/汎用語×体験・料金のみ（何のサービスか不明）,中,④インテント,,20,,,LOW,比較検討・料金・申込,KWP_UrlSeed
24393,ブログ 自作,EXCLUDE,除外,,,,対象外,不明,,地名/汎用語×体験・料金のみ（何のサービスか不明）,中,④インテント,,70,75.0,755.0,LOW,比較検討・料金・申込,KWP_UrlSeed
24394,ブログ フリー,EXCLUDE,除外,,,,対象外,不明,,地名/汎用語×体験・料金のみ（何のサービスか不明）,中,④インテント,,40,18.0,179.0,LOW,比較検討・料金・申込,KWP_UrlSeed
24397,ブログ フォーマット,EXCLUDE,除外,,,,対象外,不明,,地名/汎用語×体験・料金のみ（何のサービスか不明）,中,④インテント,,20,,,LOW,比較検討・料金・申込,KWP_UrlSeed
24398,ブログ 初めて,EXCLUDE,除外,,,,対象外,不明,,地名/汎用語×体験・料金のみ（何のサービスか不明）,中,④インテント,,30,70.0,206.0,LOW,比較検討・料金・申込,KWP_UrlSeed
24401,web ブログ,EXCLUDE,除外,,,,対象外,不明,,地名/汎用語×体験・料金のみ（何のサービスか不明）,中,④インテント,,110,5.0,162.0,LOW,比較検討・料金・申込,KWP_UrlSeed
24402,ブログ 仕組み,EXCLUDE,除外,,,,対象外,不明,,地名/汎用語×体験・料金のみ（何のサービスか不明）,中,④インテント,,10,,,LOW,比較検討・料金・申込,KWP_UrlSeed
24404,ブログ コミュニティ,EXCLUDE,除外,,,,対象外,不明,,地名/汎用語×体験・料金のみ（何のサービスか不明）,中,④インテント,,40,192.0,556.0,LOW,比較検討・料金・申込,KWP_UrlSeed
24405,sns ブログ,EXCLUDE,除外,,,,対象外,不明,,地名/汎用語×体験・料金のみ（何のサービスか不明）,中,④インテント,,260,2.0,537.0,LOW,比較検討・料金・申込,KWP_UrlSeed
24406,ブログ sns,EXCLUDE,除外,,,,対象外,不明,,地名/汎用語×体験・料金のみ（何のサービスか不明）,中,④インテント,,260,2.0,537.0,LOW,比較検討・料金・申込,KWP_UrlSeed
24408,blog サイト,EXCLUDE,除外,,,,対象外,不明,,地名/汎用語×体験・料金のみ（何のサービスか不明）,中,④インテント,,70,59.0,238.0,LOW,未分類,KWP_UrlSeed
24411,サイト ブログ,EXCLUDE,除外,,,,対象外,不明,,地名/汎用語×体験・料金のみ（何のサービスか不明）,中,④インテント,,1000,61.0,541.0,LOW,比較検討・料金・申込,KWP_UrlSeed
24412,ブログ pr,EXCLUDE,除外,,,,対象外,不明,,地名/汎用語×体験・料金のみ（何のサービスか不明）,中,④インテント,,10,,,MEDIUM,比較検討・料金・申込,KWP_UrlSeed
24413,ブログ web,EXCLUDE,除外,,,,対象外,不明,,地名/汎用語×体験・料金のみ（何のサービスか不明）,中,④インテント,,110,5.0,162.0,LOW,比較検討・料金・申込,KWP_UrlSeed
24416,ブログ プロバイダー,EXCLUDE,除外,,,,対象外,不明,,地名/汎用語×体験・料金のみ（何のサービスか不明）,中,④インテント,,10,,,LOW,比較検討・料金・申込,KWP_UrlSeed
24417,ブログ メリット デメリット,EXCLUDE,除外,,,,対象外,不明,,地名/汎用語×体験・料金のみ（何のサービスか不明）,中,④インテント,,30,,,LOW,比較検討・料金・申込,KWP_UrlSeed
24418,ブログ レイアウト,EXCLUDE,除外,,,,対象外,不明,,地名/汎用語×体験・料金のみ（何のサービスか不明）,中,④インテント,,70,,,LOW,比較検討・料金・申込,KWP_UrlSeed
24419,ブログ ワード,EXCLUDE,除外,,,,対象外,不明,,地名/汎用語×体験・料金のみ（何のサービスか不明）,中,④インテント,,10,74.0,258.0,LOW,比較検討・料金・申込,KWP_UrlSeed
24420,ブログ 例文,EXCLUDE,除外,,,,対象外,不明,,地名/汎用語×体験・料金のみ（何のサービスか不明）,中,④インテント,,30,,,LOW,比較検討・料金・申込,KWP_UrlSeed
24422,ブログ 写真,EXCLUDE,除外,,,,対象外,不明,,地名/汎用語×体験・料金のみ（何のサービスか不明）,中,④インテント,,320,,,LOW,比較検討・料金・申込,KWP_UrlSeed
24423,ブログ 分析,EXCLUDE,除外,,,,対象外,不明,,地名/汎用語×体験・料金のみ（何のサービスか不明）,中,④インテント,,20,200.0,444.0,LOW,比較検討・料金・申込,KWP_UrlSeed
24424,ブログ 参考,EXCLUDE,除外,,,,対象外,不明,,地名/汎用語×体験・料金のみ（何のサービスか不明）,中,④インテント,,40,,,LOW,比較検討・料金・申込,KWP_UrlSeed
24426,ブログ 媒体,EXCLUDE,除外,,,,対象外,不明,,地名/汎用語×体験・料金のみ（何のサービスか不明）,中,④インテント,,20,,,LOW,比較検討・料金・申込,KWP_UrlSeed
24427,ブログ 導入,EXCLUDE,除外,,,,対象外,不明,,地名/汎用語×体験・料金のみ（何のサービスか不明）,中,④インテント,,10,,,LOW,比較検討・料金・申込,KWP_UrlSeed
24429,ブログ 意味,EXCLUDE,除外,,,,対象外,不明,,地名/汎用語×体験・料金のみ（何のサービスか不明）,中,④インテント,,720,,,LOW,比較検討・料金・申込 | 特性そのものを調べる（とは・特徴・チェック）,KWP_UrlSeed
24431,ブログ 新規,EXCLUDE,除外,,,,対象外,不明,,地名/汎用語×体験・料金のみ（何のサービスか不明）,中,④インテント,,10,,,LOW,比較検討・料金・申込,KWP_UrlSeed
24434,ブログ 練習,EXCLUDE,除外,,,,対象外,不明,,地名/汎用語×体験・料金のみ（何のサービスか不明）,中,④インテント,,10,,,LOW,比較検討・料金・申込,KWP_UrlSeed
24435,ブログ 装飾,EXCLUDE,除外,,,,対象外,不明,,地名/汎用語×体験・料金のみ（何のサービスか不明）,中,④インテント,,20,,,LOW,比較検討・料金・申込,KWP_UrlSeed
24436,ブログ 複数,EXCLUDE,除外,,,,対象外,不明,,地名/汎用語×体験・料金のみ（何のサービスか不明）,中,④インテント,,10,,,LOW,比較検討・料金・申込,KWP_UrlSeed
24437,ブログ 設定,EXCLUDE,除外,,,,対象外,不明,,地名/汎用語×体験・料金のみ（何のサービスか不明）,中,④インテント,,10,,,LOW,比較検討・料金・申込,KWP_UrlSeed
24438,ブログ 難しい,EXCLUDE,除外,,,,対象外,不明,,地名/汎用語×体験・料金のみ（何のサービスか不明）,中,④インテント,,10,,,LOW,比較検討・料金・申込,KWP_UrlSeed
24439,ライティング ブログ,EXCLUDE,除外,,,,対象外,不明,,地名/汎用語×体験・料金のみ（何のサービスか不明）,中,④インテント,,40,41.0,167.0,LOW,比較検討・料金・申込,KWP_UrlSeed
24440,人気 ブログ サイト ランキング,EXCLUDE,除外,,,,対象外,不明,,地名/汎用語×体験・料金のみ（何のサービスか不明）,中,④インテント,,20,3.0,145.0,LOW,比較検討・料金・申込,KWP_UrlSeed
25510,英文 サイト おすすめ,EXCLUDE,除外,,,,対象外,不明,,地名/汎用語×体験・料金のみ（何のサービスか不明）,中,④インテント,,10,,,LOW,比較検討・料金・申込,KWP_UrlSeed
25563,京都 奈良 体験,EXCLUDE,除外,,,,対象外,不明,,地名/汎用語×体験・料金のみ（何のサービスか不明）,中,④インテント,,70,,,LOW,比較検討・料金・申込 | 地域・近くで探す,KWP_UrlSeed
27751,弁護 料金,EXCLUDE,除外,,,,対象外,不明,,地名/汎用語×体験・料金のみ（何のサービスか不明）,中,④インテント,,10,,,LOW,比較検討・料金・申込,KWP_KeywordSeed
27934,みやび 料金,EXCLUDE,除外,,,,対象外,不明,,地名/汎用語×体験・料金のみ（何のサービスか不明）,中,④インテント,,10,132.0,347.0,LOW,比較検討・料金・申込,KWP_SiteSeed
28364,ニュー トレジャー ブログ,EXCLUDE,除外,,,,対象外,不明,,地名/汎用語×体験・料金のみ（何のサービスか不明）,中,④インテント,,10,,,UNSPECIFIED,比較検討・料金・申込,KWP_SiteSeed
28374,ブログ レッスン,EXCLUDE,除外,,,,対象外,不明,,地名/汎用語×体験・料金のみ（何のサービスか不明）,中,④インテント,,40,,,LOW,比較検討・料金・申込,KWP_SiteSeed
29014,都立 ブログ,EXCLUDE,除外,,,,対象外,不明,,地名/汎用語×体験・料金のみ（何のサービスか不明）,中,④インテント,,10,,,LOW,比較検討・料金・申込 | 受験・進路,KWP_SiteSeed
29998,kaien ブログ,EXCLUDE,除外,,,,対象外,不明,,地名/汎用語×体験・料金のみ（何のサービスか不明）,中,④インテント,,90,,,LOW,比較検討・料金・申込 | 療育・福祉・居場所,KWP_SiteSeed
12181,都立 高校 入試 ツイッター,EXCLUDE,除外,,,,対象外,不明,,娯楽・有名人・メディア・素材,中,④インテント,,10,,,UNSPECIFIED,受験・進路,KWP_KeywordSeed
12574,サピックス 2023 ツイッター,EXCLUDE,除外,,,,対象外,不明,,娯楽・有名人・メディア・素材,中,④インテント,SAPIX,0,,,UNSPECIFIED,ブランド・指名検索,KWP_KeywordSeed
12622,中学 受験 twitter,EXCLUDE,除外,,,,対象外,不明,,娯楽・有名人・メディア・素材,中,④インテント,,20,,,LOW,受験・進路,KWP_KeywordSeed
12635,中学 受験 ツイッター,EXCLUDE,除外,,,,対象外,不明,,娯楽・有名人・メディア・素材,中,④インテント,,480,,,LOW,受験・進路,KWP_KeywordSeed
16328,漫画 書籍,EXCLUDE,除外,,,,対象外,不明,,娯楽・有名人・メディア・素材,中,④インテント,,170,35.0,265.0,LOW,未分類,KWP_UrlSeed
17773,教師 インスタ,EXCLUDE,除外,,,,対象外,不明,,娯楽・有名人・メディア・素材,中,④インテント,,30,,,LOW,未分類,KWP_UrlSeed
18526,youtuber 英語,EXCLUDE,除外,,,,対象外,不明,,娯楽・有名人・メディア・素材,中,④インテント,,480,172.0,482.0,LOW,学習のやり方・学習課題 | 保護者の関わり・悩み,KWP_UrlSeed
18547,英語 youtuber,EXCLUDE,除外,,,,対象外,不明,,娯楽・有名人・メディア・素材,中,④インテント,,480,172.0,482.0,LOW,学習のやり方・学習課題 | 保護者の関わり・悩み,KWP_UrlSeed
18624,イラスト 覚える,EXCLUDE,除外,,,,対象外,不明,,娯楽・有名人・メディア・素材,中,④インテント,,30,,,LOW,未分類,KWP_UrlSeed
19193,小 5 国語 文章 題 テスト 小説,EXCLUDE,除外,,,,対象外,不明,,娯楽・有名人・メディア・素材,中,④インテント,,20,,,LOW,学習のやり方・学習課題,KWP_UrlSeed
20590,和歌山 無料,EXCLUDE,除外,,,,対象外,不明,,娯楽・有名人・メディア・素材,中,④インテント,,20,,,LOW,比較検討・料金・申込,KWP_UrlSeed
21598,セミナー 画像,EXCLUDE,除外,,,,対象外,不明,,娯楽・有名人・メディア・素材,中,④インテント,,170,,,LOW,未分類,KWP_UrlSeed
22853,ニュース 障害,EXCLUDE,除外,,,,対象外,不明,,娯楽・有名人・メディア・素材,中,④インテント,,20,,,LOW,未分類,KWP_UrlSeed
22902,歌 ダンス,EXCLUDE,除外,,,,対象外,不明,,娯楽・有名人・メディア・素材,中,④インテント,,480,,,LOW,習い事・トレーニング,KWP_UrlSeed
22955,中学生 画像,EXCLUDE,除外,,,,対象外,不明,,娯楽・有名人・メディア・素材,中,④インテント,,480,,,LOW,未分類,KWP_UrlSeed
22957,画像 高校生,EXCLUDE,除外,,,,対象外,不明,,娯楽・有名人・メディア・素材,中,④インテント,,210,,,LOW,未分類,KWP_UrlSeed
22960,画像 小学生,EXCLUDE,除外,,,,対象外,不明,,娯楽・有名人・メディア・素材,中,④インテント,,480,,,LOW,未分類,KWP_UrlSeed
22962,高校生 画像,EXCLUDE,除外,,,,対象外,不明,,娯楽・有名人・メディア・素材,中,④インテント,,210,,,LOW,未分類,KWP_UrlSeed
24137,ニュース vr,EXCLUDE,除外,,,,対象外,不明,,娯楽・有名人・メディア・素材,中,④インテント,,390,,,LOW,未分類,KWP_UrlSeed
24602,マンガ 英語,EXCLUDE,除外,,,,対象外,不明,,娯楽・有名人・メディア・素材,中,④インテント,,8100,207.0,562.0,LOW,学習のやり方・学習課題,KWP_UrlSeed
30087,リタリコ ニュース,EXCLUDE,除外,,,,対象外,不明,,娯楽・有名人・メディア・素材,中,④インテント,,20,,,LOW,ブランド・指名検索,KWP_SiteSeed
47769,gips 歌詞,EXCLUDE,除外,,,,対象外,不明,,娯楽・有名人・メディア・素材,中,④インテント,,,,,UNSPECIFIED,ブランド・指名検索,Google_competitor_suggest
47885,イット 映画,EXCLUDE,除外,,,,対象外,不明,,娯楽・有名人・メディア・素材,中,④インテント,,14800,57.0,243.0,LOW,未分類,Google_competitor_suggest
47890,一途 歌詞,EXCLUDE,除外,,,,対象外,不明,,娯楽・有名人・メディア・素材,中,④インテント,,12100,,,LOW,未分類,Google_competitor_suggest
48316,ウィズユー 映画,EXCLUDE,除外,,,,対象外,不明,,娯楽・有名人・メディア・素材,中,④インテント,ウィズ・ユー,320,,,LOW,ブランド・指名検索,Google_competitor_suggest
48324,ウィズユー 映画 配信,EXCLUDE,除外,,,,対象外,不明,,娯楽・有名人・メディア・素材,中,④インテント,ウィズ・ユー,50,,,LOW,ブランド・指名検索,Google_competitor_suggest
48408,こぱんはうすさくら 事件,EXCLUDE,除外,,,,対象外,不明,,娯楽・有名人・メディア・素材,中,④インテント,こぱんはうすさくら,2400,,,LOW,療育・福祉・居場所 | ブランド・指名検索,Google_competitor_suggest
48443,クラスジャパン 炎上,EXCLUDE,除外,,,,対象外,不明,,娯楽・有名人・メディア・素材,中,④インテント,クラスジャパン小中学園,10,,,LOW,ブランド・指名検索,Google_competitor_suggest
48480,興学社高等学院 校歌,EXCLUDE,除外,,,,対象外,不明,,娯楽・有名人・メディア・素材,中,④インテント,興学社高等学院,,,,UNSPECIFIED,ブランド・指名検索,Google_competitor_suggest
48531,進研ゼミ 漫画,EXCLUDE,除外,,,,対象外,不明,,娯楽・有名人・メディア・素材,中,④インテント,進研ゼミ,2900,,,LOW,ブランド・指名検索,Google_competitor_suggest
16331,本 感想,EXCLUDE,除外,,,,対象外,不明,,対象のない比較語のみ（何の評判か不明）,中,④インテント,,590,,,LOW,比較検討・料金・申込,KWP_UrlSeed
17623,会社 評判,EXCLUDE,除外,,,,対象外,不明,,対象のない比較語のみ（何の評判か不明）,中,④インテント,,5400,157.0,575.0,LOW,比較検討・料金・申込,KWP_UrlSeed
17624,会社 口コミ,EXCLUDE,除外,,,,対象外,不明,,対象のない比較語のみ（何の評判か不明）,中,④インテント,,3600,222.0,785.0,MEDIUM,比較検討・料金・申込,KWP_UrlSeed
17625,口コミ 会社,EXCLUDE,除外,,,,対象外,不明,,対象のない比較語のみ（何の評判か不明）,中,④インテント,,3600,222.0,785.0,MEDIUM,比較検討・料金・申込,KWP_UrlSeed
17627,口コミ 評判,EXCLUDE,除外,,,,対象外,不明,,対象のない比較語のみ（何の評判か不明）,中,④インテント,,90,,,LOW,比較検討・料金・申込,KWP_UrlSeed
17629,評判 口コミ,EXCLUDE,除外,,,,対象外,不明,,対象のない比較語のみ（何の評判か不明）,中,④インテント,,90,,,LOW,比較検討・料金・申込,KWP_UrlSeed
17630,会社 評価,EXCLUDE,除外,,,,対象外,不明,,対象のない比較語のみ（何の評判か不明）,中,④インテント,,880,139.0,540.0,LOW,比較検討・料金・申込,KWP_UrlSeed
17631,会社 評判 口コミ,EXCLUDE,除外,,,,対象外,不明,,対象のない比較語のみ（何の評判か不明）,中,④インテント,,70,216.0,567.0,MEDIUM,比較検討・料金・申込,KWP_UrlSeed
17632,評判 会社,EXCLUDE,除外,,,,対象外,不明,,対象のない比較語のみ（何の評判か不明）,中,④インテント,,5400,157.0,575.0,LOW,比較検討・料金・申込,KWP_UrlSeed
17633,口コミ 評価,EXCLUDE,除外,,,,対象外,不明,,対象のない比較語のみ（何の評判か不明）,中,④インテント,,1300,,,LOW,比較検討・料金・申込,KWP_UrlSeed
17634,評判 評価,EXCLUDE,除外,,,,対象外,不明,,対象のない比較語のみ（何の評判か不明）,中,④インテント,,50,,,LOW,比較検討・料金・申込,KWP_UrlSeed
17635,評価 口コミ,EXCLUDE,除外,,,,対象外,不明,,対象のない比較語のみ（何の評判か不明）,中,④インテント,,1300,,,LOW,比較検討・料金・申込,KWP_UrlSeed
17637,会社 人気,EXCLUDE,除外,,,,対象外,不明,,対象のない比較語のみ（何の評判か不明）,中,④インテント,,140,91.0,543.0,LOW,比較検討・料金・申込,KWP_UrlSeed
17638,会社 評判 悪い,EXCLUDE,除外,,,,対象外,不明,,対象のない比較語のみ（何の評判か不明）,中,④インテント,,20,,,LOW,比較検討・料金・申込,KWP_UrlSeed
17647,評価 評判,EXCLUDE,除外,,,,対象外,不明,,対象のない比較語のみ（何の評判か不明）,中,④インテント,,50,,,LOW,比較検討・料金・申込,KWP_UrlSeed
17664,体験 会社,EXCLUDE,除外,,,,対象外,不明,,対象のない比較語のみ（何の評判か不明）,中,④インテント,,50,,,LOW,比較検討・料金・申込,KWP_UrlSeed
20589,口コミ 最悪,EXCLUDE,除外,,,,対象外,不明,,対象のない比較語のみ（何の評判か不明）,中,④インテント,,50,,,LOW,比較検討・料金・申込,KWP_UrlSeed
22376,お 問い合わせ 電話,EXCLUDE,除外,,,,対象外,不明,,対象のない比較語のみ（何の評判か不明）,中,④インテント,,260,,,LOW,比較検討・料金・申込,KWP_UrlSeed
22377,問い合わせ 電話,EXCLUDE,除外,,,,対象外,不明,,対象のない比較語のみ（何の評判か不明）,中,④インテント,,590,181.0,952.0,LOW,比較検討・料金・申込,KWP_UrlSeed
22378,faq 問い合わせ,EXCLUDE,除外,,,,対象外,不明,,対象のない比較語のみ（何の評判か不明）,中,④インテント,,20,444.0,1402.0,HIGH,比較検討・料金・申込,KWP_UrlSeed
22379,電話 お 問い合わせ,EXCLUDE,除外,,,,対象外,不明,,対象のない比較語のみ（何の評判か不明）,中,④インテント,,590,,,LOW,比較検討・料金・申込,KWP_UrlSeed
22383,料金 問い合わせ,EXCLUDE,除外,,,,対象外,不明,,対象のない比較語のみ（何の評判か不明）,中,④インテント,,20,,,LOW,比較検討・料金・申込,KWP_UrlSeed
22389,おず,EXCLUDE,除外,,,,対象外,不明,,対象のない比較語のみ（何の評判か不明）,中,④インテント,,1300,35.0,97.0,LOW,未分類,KWP_UrlSeed
22390,もお,EXCLUDE,除外,,,,対象外,不明,,対象のない比較語のみ（何の評判か不明）,中,④インテント,,720,,,LOW,未分類,KWP_UrlSeed
22395,おずお,EXCLUDE,除外,,,,対象外,不明,,対象のない比較語のみ（何の評判か不明）,中,④インテント,,10,,,LOW,未分類,KWP_UrlSeed
22400,おも,EXCLUDE,除外,,,,対象外,不明,,対象のない比較語のみ（何の評判か不明）,中,④インテント,,4400,21.0,131.0,LOW,未分類,KWP_UrlSeed
22631,人気 体験,EXCLUDE,除外,,,,対象外,不明,,対象のない比較語のみ（何の評判か不明）,中,④インテント,,20,,,LOW,比較検討・料金・申込,KWP_UrlSeed
22637,体験 人気,EXCLUDE,除外,,,,対象外,不明,,対象のない比較語のみ（何の評判か不明）,中,④インテント,,30,,,LOW,比較検討・料金・申込,KWP_UrlSeed
22678,和 体験,EXCLUDE,除外,,,,対象外,不明,,対象のない比較語のみ（何の評判か不明）,中,④インテント,,20,,,LOW,比較検討・料金・申込,KWP_UrlSeed
22685,堺 体験,EXCLUDE,除外,,,,対象外,不明,,対象のない比較語のみ（何の評判か不明）,中,④インテント,,40,,,HIGH,比較検討・料金・申込,KWP_UrlSeed
22705,山 体験,EXCLUDE,除外,,,,対象外,不明,,対象のない比較語のみ（何の評判か不明）,中,④インテント,,20,,,LOW,比較検討・料金・申込,KWP_UrlSeed
23462,かお,EXCLUDE,除外,,,,対象外,不明,,対象のない比較語のみ（何の評判か不明）,中,④インテント,,9900,,,LOW,未分類,KWP_UrlSeed
24336,ブログ おすすめ,EXCLUDE,除外,,,,対象外,不明,,対象のない比較語のみ（何の評判か不明）,中,④インテント,,1900,10.0,181.0,LOW,比較検討・料金・申込,KWP_UrlSeed
24360,ブログ 本,EXCLUDE,除外,,,,対象外,不明,,対象のない比較語のみ（何の評判か不明）,中,④インテント,,140,8.0,144.0,LOW,比較検討・料金・申込,KWP_UrlSeed
24362,ブログ 比較,EXCLUDE,除外,,,,対象外,不明,,対象のない比較語のみ（何の評判か不明）,中,④インテント,,140,3.0,59.0,LOW,比較検討・料金・申込,KWP_UrlSeed
24368,会社 ブログ,EXCLUDE,除外,,,,対象外,不明,,対象のない比較語のみ（何の評判か不明）,中,④インテント,,170,302.0,821.0,LOW,比較検討・料金・申込,KWP_UrlSeed
24370,ブログ お金,EXCLUDE,除外,,,,対象外,不明,,対象のない比較語のみ（何の評判か不明）,中,④インテント,,50,,,LOW,比較検討・料金・申込,KWP_UrlSeed
24373,ブログ 費用,EXCLUDE,除外,,,,対象外,不明,,対象のない比較語のみ（何の評判か不明）,中,④インテント,,40,127.0,601.0,LOW,比較検討・料金・申込,KWP_UrlSeed
24380,ブログ 例,EXCLUDE,除外,,,,対象外,不明,,対象のない比較語のみ（何の評判か不明）,中,④インテント,,90,,,LOW,比較検討・料金・申込,KWP_UrlSeed
24421,ブログ 値段,EXCLUDE,除外,,,,対象外,不明,,対象のない比較語のみ（何の評判か不明）,中,④インテント,,10,,,LOW,比較検討・料金・申込,KWP_UrlSeed
24430,ブログ 料金,EXCLUDE,除外,,,,対象外,不明,,対象のない比較語のみ（何の評判か不明）,中,④インテント,,10,4.0,175.0,MEDIUM,比較検討・料金・申込,KWP_UrlSeed
25564,体験 おすすめ,EXCLUDE,除外,,,,対象外,不明,,対象のない比較語のみ（何の評判か不明）,中,④インテント,,110,39.0,78.0,LOW,比較検討・料金・申込,KWP_UrlSeed
4531,3 歳 発達 障害,EXCLUDE,除外,,,,対象外,乳幼児の保護者,,対象外（0〜3歳・乳幼児）,高,④インテント,,1000,3.0,286.0,LOW,幼児期・就学準備,KWP_KeywordSeed
4563,3 歳 自 閉 症,EXCLUDE,除外,,,,対象外,乳幼児の保護者,,対象外（0〜3歳・乳幼児）,高,④インテント,,590,65.0,315.0,LOW,幼児期・就学準備,KWP_KeywordSeed
4605,発達 障害 1 歳 特徴,EXCLUDE,除外,,,,対象外,乳幼児の保護者,,対象外（0〜3歳・乳幼児）,高,④インテント,,590,2.0,149.0,LOW,特性そのものを調べる（とは・特徴・チェック）,KWP_KeywordSeed
4991,多動症 3 歳,EXCLUDE,除外,,,,対象外,乳幼児の保護者,,対象外（0〜3歳・乳幼児）,高,④インテント,,110,,,LOW,幼児期・就学準備,KWP_KeywordSeed
5014,多動症 2 歳,EXCLUDE,除外,,,,対象外,乳幼児の保護者,,対象外（0〜3歳・乳幼児）,高,④インテント,,170,,,LOW,幼児期・就学準備,KWP_KeywordSeed
5020,2 歳 adhd,EXCLUDE,除外,,,,対象外,乳幼児の保護者,,対象外（0〜3歳・乳幼児）,高,④インテント,,590,99.0,306.0,LOW,幼児期・就学準備,KWP_KeywordSeed
5021,2 歳 多動症,EXCLUDE,除外,,,,対象外,乳幼児の保護者,,対象外（0〜3歳・乳幼児）,高,④インテント,,170,,,LOW,幼児期・就学準備,KWP_KeywordSeed
5022,3 歳 adhd,EXCLUDE,除外,,,,対象外,乳幼児の保護者,,対象外（0〜3歳・乳幼児）,高,④インテント,,720,7.0,315.0,LOW,幼児期・就学準備,KWP_KeywordSeed
5032,adhd 1 歳,EXCLUDE,除外,,,,対象外,乳幼児の保護者,,対象外（0〜3歳・乳幼児）,高,④インテント,,170,,,LOW,特性そのものを調べる（とは・特徴・チェック）,KWP_KeywordSeed
5034,adhd 2 歳,EXCLUDE,除外,,,,対象外,乳幼児の保護者,,対象外（0〜3歳・乳幼児）,高,④インテント,,590,99.0,306.0,LOW,幼児期・就学準備,KWP_KeywordSeed
5035,adhd 3 歳,EXCLUDE,除外,,,,対象外,乳幼児の保護者,,対象外（0〜3歳・乳幼児）,高,④インテント,,720,7.0,315.0,LOW,幼児期・就学準備,KWP_KeywordSeed
5280,多動症 1 歳,EXCLUDE,除外,,,,対象外,乳幼児の保護者,,対象外（0〜3歳・乳幼児）,高,④インテント,,50,,,LOW,特性そのものを調べる（とは・特徴・チェック）,KWP_KeywordSeed
5346,2 歳 asd,EXCLUDE,除外,,,,対象外,乳幼児の保護者,,対象外（0〜3歳・乳幼児）,高,④インテント,,70,,,LOW,幼児期・就学準備,KWP_KeywordSeed
5348,3 歳 asd,EXCLUDE,除外,,,,対象外,乳幼児の保護者,,対象外（0〜3歳・乳幼児）,高,④インテント,,90,,,LOW,幼児期・就学準備,KWP_KeywordSeed
5358,asd 1 歳,EXCLUDE,除外,,,,対象外,乳幼児の保護者,,対象外（0〜3歳・乳幼児）,高,④インテント,,70,,,LOW,特性そのものを調べる（とは・特徴・チェック）,KWP_KeywordSeed
5359,asd 1 歳 半,EXCLUDE,除外,,,,対象外,乳幼児の保護者,,対象外（0〜3歳・乳幼児）,高,④インテント,,70,,,LOW,幼児期・就学準備,KWP_KeywordSeed
5360,asd 2 歳,EXCLUDE,除外,,,,対象外,乳幼児の保護者,,対象外（0〜3歳・乳幼児）,高,④インテント,,170,3.0,222.0,LOW,幼児期・就学準備,KWP_KeywordSeed
5363,asd 3 歳,EXCLUDE,除外,,,,対象外,乳幼児の保護者,,対象外（0〜3歳・乳幼児）,高,④インテント,,170,,,LOW,幼児期・就学準備,KWP_KeywordSeed
5477,発達 グレー 2 歳,EXCLUDE,除外,,,,対象外,乳幼児の保護者,,対象外（0〜3歳・乳幼児）,高,④インテント,,30,,,LOW,幼児期・就学準備,KWP_KeywordSeed
5478,2 歳児 グレー ゾーン,EXCLUDE,除外,,,,対象外,乳幼児の保護者,,対象外（0〜3歳・乳幼児）,高,④インテント,,40,2.0,147.0,LOW,幼児期・就学準備,KWP_KeywordSeed
5479,3 歳 グレー ゾーン その後,EXCLUDE,除外,,,,対象外,乳幼児の保護者,,対象外（0〜3歳・乳幼児）,高,④インテント,,50,,,LOW,幼児期・就学準備,KWP_KeywordSeed
8107,療育 2 歳,EXCLUDE,除外,,,,対象外,乳幼児の保護者,,対象外（0〜3歳・乳幼児）,高,④インテント,,260,136.0,415.0,LOW,療育・福祉・居場所 | 幼児期・就学準備,KWP_KeywordSeed
8108,2 歳 療育,EXCLUDE,除外,,,,対象外,乳幼児の保護者,,対象外（0〜3歳・乳幼児）,高,④インテント,,260,136.0,415.0,LOW,療育・福祉・居場所 | 幼児期・就学準備,KWP_KeywordSeed
8112,3 歳 療育,EXCLUDE,除外,,,,対象外,乳幼児の保護者,,対象外（0〜3歳・乳幼児）,高,④インテント,,210,118.0,448.0,LOW,療育・福祉・居場所 | 幼児期・就学準備,KWP_KeywordSeed
8140,療育 3 歳,EXCLUDE,除外,,,,対象外,乳幼児の保護者,,対象外（0〜3歳・乳幼児）,高,④インテント,,210,118.0,448.0,LOW,療育・福祉・居場所 | 幼児期・就学準備,KWP_KeywordSeed
8143,1 歳 療育,EXCLUDE,除外,,,,対象外,乳幼児の保護者,,対象外（0〜3歳・乳幼児）,高,④インテント,,70,157.0,445.0,LOW,療育・福祉・居場所,KWP_KeywordSeed || KWP_UrlSeed
8153,3 歳児 療育,EXCLUDE,除外,,,,対象外,乳幼児の保護者,,対象外（0〜3歳・乳幼児）,高,④インテント,,40,5.0,272.0,LOW,療育・福祉・居場所 | 幼児期・就学準備,KWP_KeywordSeed
8158,2 歳児 療育,EXCLUDE,除外,,,,対象外,乳幼児の保護者,,対象外（0〜3歳・乳幼児）,高,④インテント,,50,146.0,706.0,LOW,療育・福祉・居場所 | 幼児期・就学準備,KWP_KeywordSeed
8168,0 歳 療育,EXCLUDE,除外,,,,対象外,乳幼児の保護者,,対象外（0〜3歳・乳幼児）,高,④インテント,,20,,,LOW,療育・福祉・居場所,KWP_KeywordSeed || KWP_UrlSeed
8182,1 歳 半 検診 療育,EXCLUDE,除外,,,,対象外,乳幼児の保護者,,対象外（0〜3歳・乳幼児）,高,④インテント,,10,,,LOW,療育・福祉・居場所 | 幼児期・就学準備,KWP_KeywordSeed
8183,1 歳 半 療育,EXCLUDE,除外,,,,対象外,乳幼児の保護者,,対象外（0〜3歳・乳幼児）,高,④インテント,,30,109.0,385.0,LOW,療育・福祉・居場所 | 幼児期・就学準備,KWP_KeywordSeed
8184,2 歳 言葉 の 遅れ 療育,EXCLUDE,除外,,,,対象外,乳幼児の保護者,,対象外（0〜3歳・乳幼児）,高,④インテント,,40,196.0,1010.0,LOW,学習のやり方・学習課題 | 療育・福祉・居場所 | 幼児期・就学準備,KWP_KeywordSeed
8197,おうち 療育 2 歳,EXCLUDE,除外,,,,対象外,乳幼児の保護者,,対象外（0〜3歳・乳幼児）,高,④インテント,,10,,,MEDIUM,療育・福祉・居場所 | 幼児期・就学準備,KWP_KeywordSeed
8233,シャフ リング ベビー 療育,EXCLUDE,除外,,,,対象外,乳幼児の保護者,,対象外（0〜3歳・乳幼児）,高,④インテント,,10,,,LOW,療育・福祉・居場所,KWP_KeywordSeed
8245,ダウン症 0 歳 療育,EXCLUDE,除外,,,,対象外,乳幼児の保護者,,対象外（0〜3歳・乳幼児）,高,④インテント,,10,,,LOW,療育・福祉・居場所,KWP_KeywordSeed
8311,療育 1 歳,EXCLUDE,除外,,,,対象外,乳幼児の保護者,,対象外（0〜3歳・乳幼児）,高,④インテント,,70,157.0,445.0,LOW,療育・福祉・居場所,KWP_KeywordSeed
8312,療育 1 歳 半,EXCLUDE,除外,,,,対象外,乳幼児の保護者,,対象外（0〜3歳・乳幼児）,高,④インテント,,20,158.0,393.0,LOW,療育・福祉・居場所 | 幼児期・就学準備,KWP_KeywordSeed
10946,3 歳 宿題,EXCLUDE,除外,,,,対象外,乳幼児の保護者,,対象外（0〜3歳・乳幼児）,高,④インテント,,10,,,LOW,学習のやり方・学習課題 | 幼児期・就学準備,KWP_KeywordSeed
13070,ギフテッド 1 歳,EXCLUDE,除外,,,,対象外,乳幼児の保護者,,対象外（0〜3歳・乳幼児）,高,④インテント,,50,,,LOW,特性そのものを調べる（とは・特徴・チェック）,KWP_KeywordSeed
17937,2 歳児 療育 内容,EXCLUDE,除外,,,,対象外,乳幼児の保護者,,対象外（0〜3歳・乳幼児）,高,④インテント,,70,88.0,252.0,LOW,療育・福祉・居場所 | 幼児期・就学準備,KWP_UrlSeed
18263,がん 検診,EXCLUDE,除外,,,,対象外,乳幼児の保護者,,対象外（0〜3歳・乳幼児）,高,④インテント,,210,93.0,329.0,LOW,未分類,KWP_UrlSeed
19229,ベビー 遊び,EXCLUDE,除外,,,,対象外,乳幼児の保護者,,対象外（0〜3歳・乳幼児）,高,④インテント,,50,,,LOW,未分類,KWP_UrlSeed
21564,adhd 乳児,EXCLUDE,除外,,,,対象外,乳幼児の保護者,,対象外（0〜3歳・乳幼児）,高,④インテント,,30,,,LOW,特性そのものを調べる（とは・特徴・チェック）,KWP_UrlSeed
24023,療育 0 歳,EXCLUDE,除外,,,,対象外,乳幼児の保護者,,対象外（0〜3歳・乳幼児）,高,④インテント,,10,141.0,314.0,LOW,療育・福祉・居場所,KWP_UrlSeed
24246,検診 時間,EXCLUDE,除外,,,,対象外,乳幼児の保護者,,対象外（0〜3歳・乳幼児）,高,④インテント,,40,,,LOW,未分類,KWP_UrlSeed
46874,3歳 自閉症 診断された,EXCLUDE,除外,,,,対象外,乳幼児の保護者,,対象外（0〜3歳・乳幼児）,高,④インテント,,,,,UNSPECIFIED,特性理解・診断・医療 | 幼児期・就学準備,Google_suggest
46877,2歳 自閉症 診断された,EXCLUDE,除外,,,,対象外,乳幼児の保護者,,対象外（0〜3歳・乳幼児）,高,④インテント,,,,,UNSPECIFIED,特性理解・診断・医療 | 幼児期・就学準備,Google_suggest
5028,ab 型 adhd,EXCLUDE,除外,,,,対象外,成人当事者・家族,,対象外（成人当事者・大人の生活/仕事/恋愛）,高,④インテント,,50,,,LOW,特性そのものを調べる（とは・特徴・チェック）,KWP_KeywordSeed
5073,adhd の 彼女,EXCLUDE,除外,,,,対象外,成人当事者・家族,,対象外（成人当事者・大人の生活/仕事/恋愛）,高,④インテント,,70,,,LOW,特性そのものを調べる（とは・特徴・チェック）,KWP_KeywordSeed
5096,adhd 一人暮らし,EXCLUDE,除外,,,,対象外,成人当事者・家族,,対象外（成人当事者・大人の生活/仕事/恋愛）,高,④インテント,,320,,,LOW,特性そのものを調べる（とは・特徴・チェック）,KWP_KeywordSeed || KWP_SiteSeed
5126,adhd 彼女,EXCLUDE,除外,,,,対象外,成人当事者・家族,,対象外（成人当事者・大人の生活/仕事/恋愛）,高,④インテント,,320,,,LOW,特性そのものを調べる（とは・特徴・チェック）,KWP_KeywordSeed
5127,adhd 彼女 かわいい,EXCLUDE,除外,,,,対象外,成人当事者・家族,,対象外（成人当事者・大人の生活/仕事/恋愛）,高,④インテント,,260,,,LOW,特性そのものを調べる（とは・特徴・チェック）,KWP_KeywordSeed
5205,b 型 adhd,EXCLUDE,除外,,,,対象外,成人当事者・家族,,対象外（成人当事者・大人の生活/仕事/恋愛）,高,④インテント,,50,,,LOW,特性そのものを調べる（とは・特徴・チェック）,KWP_KeywordSeed
5229,アスペルガー 一人暮らし,EXCLUDE,除外,,,,対象外,成人当事者・家族,,対象外（成人当事者・大人の生活/仕事/恋愛）,高,④インテント,,30,,,LOW,特性そのものを調べる（とは・特徴・チェック）,KWP_KeywordSeed || KWP_SiteSeed
5297,彼女 adhd,EXCLUDE,除外,,,,対象外,成人当事者・家族,,対象外（成人当事者・大人の生活/仕事/恋愛）,高,④インテント,,170,,,LOW,特性そのものを調べる（とは・特徴・チェック）,KWP_KeywordSeed
5298,彼女 が adhd,EXCLUDE,除外,,,,対象外,成人当事者・家族,,対象外（成人当事者・大人の生活/仕事/恋愛）,高,④インテント,,50,,,LOW,特性そのものを調べる（とは・特徴・チェック）,KWP_KeywordSeed
5337,高齢 出産 adhd,EXCLUDE,除外,,,,対象外,成人当事者・家族,,対象外（成人当事者・大人の生活/仕事/恋愛）,高,④インテント,,170,,,LOW,特性そのものを調べる（とは・特徴・チェック）,KWP_KeywordSeed
5380,asd の 彼女,EXCLUDE,除外,,,,対象外,成人当事者・家族,,対象外（成人当事者・大人の生活/仕事/恋愛）,高,④インテント,,40,,,LOW,特性そのものを調べる（とは・特徴・チェック）,KWP_KeywordSeed
5404,asd 彼女,EXCLUDE,除外,,,,対象外,成人当事者・家族,,対象外（成人当事者・大人の生活/仕事/恋愛）,高,④インテント,,90,,,LOW,特性そのものを調べる（とは・特徴・チェック）,KWP_KeywordSeed
5405,asd 彼女 できない,EXCLUDE,除外,,,,対象外,成人当事者・家族,,対象外（成人当事者・大人の生活/仕事/恋愛）,高,④インテント,,70,,,LOW,特性そのものを調べる（とは・特徴・チェック）,KWP_KeywordSeed
5447,彼女 asd,EXCLUDE,除外,,,,対象外,成人当事者・家族,,対象外（成人当事者・大人の生活/仕事/恋愛）,高,④インテント,,50,,,LOW,特性そのものを調べる（とは・特徴・チェック）,KWP_KeywordSeed
10773,40 代 勉強 集中 できない,EXCLUDE,除外,,,,対象外,成人当事者・家族,,対象外（成人当事者・大人の生活/仕事/恋愛）,高,④インテント,,10,,,LOW,学習のやり方・学習課題,KWP_KeywordSeed
13020,発達 障害 一人暮らし 生活 保護,EXCLUDE,除外,,,,対象外,成人当事者・家族,,対象外（成人当事者・大人の生活/仕事/恋愛）,高,④インテント,,10,,,LOW,特性そのものを調べる（とは・特徴・チェック）,KWP_KeywordSeed
13028,発達 障害 自立 一人暮らし,EXCLUDE,除外,,,,対象外,成人当事者・家族,,対象外（成人当事者・大人の生活/仕事/恋愛）,高,④インテント,,110,,,LOW,保護者の関わり・悩み,KWP_KeywordSeed
16675,大学 一人暮らし,EXCLUDE,除外,,,,対象外,成人当事者・家族,,対象外（成人当事者・大人の生活/仕事/恋愛）,高,④インテント,,1000,9.0,116.0,LOW,受験・進路,KWP_UrlSeed
17641,会社 口コミ 就活,EXCLUDE,除外,,,,対象外,成人当事者・家族,,対象外（成人当事者・大人の生活/仕事/恋愛）,高,④インテント,,10,,,LOW,比較検討・料金・申込 | 大人・大学生（本人）,KWP_UrlSeed
21498,大学 退学,EXCLUDE,除外,,,,対象外,成人当事者・家族,,対象外（成人当事者・大人の生活/仕事/恋愛）,高,④インテント,,720,272.0,958.0,LOW,受験・進路,KWP_UrlSeed
23319,就活 説明,EXCLUDE,除外,,,,対象外,成人当事者・家族,,対象外（成人当事者・大人の生活/仕事/恋愛）,高,④インテント,,10,184.0,815.0,HIGH,大人・大学生（本人）,KWP_UrlSeed
24177,介護 vr,EXCLUDE,除外,,,,対象外,成人当事者・家族,,対象外（成人当事者・大人の生活/仕事/恋愛）,高,④インテント,,50,547.0,999.0,LOW,未分類,KWP_UrlSeed
24179,vr 介護,EXCLUDE,除外,,,,対象外,成人当事者・家族,,対象外（成人当事者・大人の生活/仕事/恋愛）,高,④インテント,,50,547.0,999.0,LOW,未分類,KWP_UrlSeed
25603,adhd 上司 相談,EXCLUDE,除外,,,,対象外,成人当事者・家族,,対象外（成人当事者・大人の生活/仕事/恋愛）,高,②顕在,,10,,,LOW,比較検討・料金・申込,KWP_KeywordSeed
25828,妻 adhd 診断,EXCLUDE,除外,,,,対象外,成人当事者・家族,,対象外（成人当事者・大人の生活/仕事/恋愛）,高,④インテント,,10,,,LOW,特性理解・診断・医療,KWP_KeywordSeed
26058,20 代 習い事,EXCLUDE,除外,,,,対象外,成人当事者・家族,,対象外（成人当事者・大人の生活/仕事/恋愛）,高,④インテント,,170,150.0,431.0,LOW,習い事・トレーニング,KWP_KeywordSeed
27791,法 テラス 料金 離婚,EXCLUDE,除外,,,,対象外,成人当事者・家族,,対象外（成人当事者・大人の生活/仕事/恋愛）,高,④インテント,,20,59.0,272.0,LOW,比較検討・料金・申込,KWP_KeywordSeed
27794,法 テラス 離婚 料金,EXCLUDE,除外,,,,対象外,成人当事者・家族,,対象外（成人当事者・大人の生活/仕事/恋愛）,高,④インテント,,20,59.0,272.0,LOW,比較検討・料金・申込,KWP_KeywordSeed
29813,adhd 就活,EXCLUDE,除外,,,,対象外,成人当事者・家族,,対象外（成人当事者・大人の生活/仕事/恋愛）,高,④インテント,,210,170.0,874.0,LOW,大人・大学生（本人）,KWP_SiteSeed
29858,精神 年金,EXCLUDE,除外,,,,対象外,成人当事者・家族,,対象外（成人当事者・大人の生活/仕事/恋愛）,高,④インテント,,140,89.0,345.0,LOW,未分類,KWP_SiteSeed
29874,asd 就活,EXCLUDE,除外,,,,対象外,成人当事者・家族,,対象外（成人当事者・大人の生活/仕事/恋愛）,高,④インテント,,140,187.0,658.0,LOW,大人・大学生（本人）,KWP_SiteSeed
29893,精神病 就活,EXCLUDE,除外,,,,対象外,成人当事者・家族,,対象外（成人当事者・大人の生活/仕事/恋愛）,高,④インテント,,20,140.0,717.0,MEDIUM,大人・大学生（本人）,KWP_SiteSeed
29925,障害 就活,EXCLUDE,除外,,,,対象外,成人当事者・家族,,対象外（成人当事者・大人の生活/仕事/恋愛）,高,④インテント,,10,210.0,496.0,MEDIUM,大人・大学生（本人）,KWP_SiteSeed
29970,adhd 一人暮らし できない,EXCLUDE,除外,,,,対象外,成人当事者・家族,,対象外（成人当事者・大人の生活/仕事/恋愛）,高,④インテント,,30,,,LOW,特性そのものを調べる（とは・特徴・チェック）,KWP_SiteSeed
29971,adhd 一人暮らし 工夫,EXCLUDE,除外,,,,対象外,成人当事者・家族,,対象外（成人当事者・大人の生活/仕事/恋愛）,高,④インテント,,10,,,LOW,特性そのものを調べる（とは・特徴・チェック）,KWP_SiteSeed
29972,adhd 一人暮らし 支援,EXCLUDE,除外,,,,対象外,成人当事者・家族,,対象外（成人当事者・大人の生活/仕事/恋愛）,高,④インテント,,20,,,LOW,サービス探し（家庭教師・塾・支援）,KWP_SiteSeed
29986,asd 一人暮らし,EXCLUDE,除外,,,,対象外,成人当事者・家族,,対象外（成人当事者・大人の生活/仕事/恋愛）,高,④インテント,,170,,,LOW,特性そのものを調べる（とは・特徴・チェック）,KWP_SiteSeed
29992,asd 年金,EXCLUDE,除外,,,,対象外,成人当事者・家族,,対象外（成人当事者・大人の生活/仕事/恋愛）,高,④インテント,,70,,,LOW,特性そのものを調べる（とは・特徴・チェック）,KWP_SiteSeed
30043,アスペルガー 就活,EXCLUDE,除外,,,,対象外,成人当事者・家族,,対象外（成人当事者・大人の生活/仕事/恋愛）,高,④インテント,,30,261.0,628.0,LOW,大人・大学生（本人）,KWP_SiteSeed
30098,リタリコ 就活,EXCLUDE,除外,,,,対象外,成人当事者・家族,,対象外（成人当事者・大人の生活/仕事/恋愛）,高,④インテント,,20,301.0,723.0,LOW,ブランド・指名検索 | 大人・大学生（本人）,KWP_SiteSeed
30118,一人暮らし adhd,EXCLUDE,除外,,,,対象外,成人当事者・家族,,対象外（成人当事者・大人の生活/仕事/恋愛）,高,④インテント,,20,,,LOW,特性そのものを調べる（とは・特徴・チェック）,KWP_SiteSeed
30119,上司 アスペルガー 特徴,EXCLUDE,除外,,,,対象外,成人当事者・家族,,対象外（成人当事者・大人の生活/仕事/恋愛）,高,④インテント,,20,,,LOW,特性そのものを調べる（とは・特徴・チェック）,KWP_SiteSeed
30134,就活 adhd,EXCLUDE,除外,,,,対象外,成人当事者・家族,,対象外（成人当事者・大人の生活/仕事/恋愛）,高,④インテント,,20,,,LOW,大人・大学生（本人）,KWP_SiteSeed
30135,就活 asd,EXCLUDE,除外,,,,対象外,成人当事者・家族,,対象外（成人当事者・大人の生活/仕事/恋愛）,高,④インテント,,10,,,LOW,大人・大学生（本人）,KWP_SiteSeed
30169,大学 退学 その後,EXCLUDE,除外,,,,対象外,成人当事者・家族,,対象外（成人当事者・大人の生活/仕事/恋愛）,高,④インテント,,110,176.0,768.0,MEDIUM,受験・進路,KWP_SiteSeed
30234,大学 退学 理由,EXCLUDE,除外,,,,対象外,成人当事者・家族,,対象外（成人当事者・大人の生活/仕事/恋愛）,高,④インテント,,390,7.0,718.0,LOW,受験・進路,KWP_SiteSeed
30238,躁鬱 就活,EXCLUDE,除外,,,,対象外,成人当事者・家族,,対象外（成人当事者・大人の生活/仕事/恋愛）,高,④インテント,,40,295.0,906.0,MEDIUM,大人・大学生（本人）,KWP_SiteSeed
30277,adhd 同僚,EXCLUDE,除外,,,,対象外,成人当事者・家族,,対象外（成人当事者・大人の生活/仕事/恋愛）,高,④インテント,,90,,,LOW,特性そのものを調べる（とは・特徴・チェック）,KWP_SiteSeed
30278,adhd 同僚 ストレス,EXCLUDE,除外,,,,対象外,成人当事者・家族,,対象外（成人当事者・大人の生活/仕事/恋愛）,高,④インテント,,170,,,LOW,特性そのものを調べる（とは・特徴・チェック）,KWP_SiteSeed
30279,adhd 同僚 特徴,EXCLUDE,除外,,,,対象外,成人当事者・家族,,対象外（成人当事者・大人の生活/仕事/恋愛）,高,④インテント,,10,,,LOW,特性そのものを調べる（とは・特徴・チェック）,KWP_SiteSeed
30290,adhd 就活 つらい,EXCLUDE,除外,,,,対象外,成人当事者・家族,,対象外（成人当事者・大人の生活/仕事/恋愛）,高,④インテント,,40,197.0,702.0,LOW,保護者の関わり・悩み | 大人・大学生（本人）,KWP_SiteSeed
30291,adhd 就活 できない,EXCLUDE,除外,,,,対象外,成人当事者・家族,,対象外（成人当事者・大人の生活/仕事/恋愛）,高,④インテント,,50,82.0,1258.0,LOW,大人・大学生（本人）,KWP_SiteSeed
30318,adhd 部下,EXCLUDE,除外,,,,対象外,成人当事者・家族,,対象外（成人当事者・大人の生活/仕事/恋愛）,高,④インテント,,210,,,LOW,特性そのものを調べる（とは・特徴・チェック）,KWP_SiteSeed
30319,adhd 部下 対応,EXCLUDE,除外,,,,対象外,成人当事者・家族,,対象外（成人当事者・大人の生活/仕事/恋愛）,高,④インテント,,20,,,LOW,特性そのものを調べる（とは・特徴・チェック）,KWP_SiteSeed
30339,asd 同僚,EXCLUDE,除外,,,,対象外,成人当事者・家族,,対象外（成人当事者・大人の生活/仕事/恋愛）,高,④インテント,,50,,,LOW,特性そのものを調べる（とは・特徴・チェック）,KWP_SiteSeed
30340,asd 同僚 ストレス,EXCLUDE,除外,,,,対象外,成人当事者・家族,,対象外（成人当事者・大人の生活/仕事/恋愛）,高,④インテント,,210,,,LOW,特性そのものを調べる（とは・特徴・チェック）,KWP_SiteSeed
30362,asd 部下,EXCLUDE,除外,,,,対象外,成人当事者・家族,,対象外（成人当事者・大人の生活/仕事/恋愛）,高,④インテント,,110,,,LOW,特性そのものを調べる（とは・特徴・チェック）,KWP_SiteSeed
30363,asd 部下 指導,EXCLUDE,除外,,,,対象外,成人当事者・家族,,対象外（成人当事者・大人の生活/仕事/恋愛）,高,④インテント,,30,,,LOW,特性そのものを調べる（とは・特徴・チェック）,KWP_SiteSeed
30391,アスペルガー 同僚,EXCLUDE,除外,,,,対象外,成人当事者・家族,,対象外（成人当事者・大人の生活/仕事/恋愛）,高,④インテント,,50,,,LOW,特性そのものを調べる（とは・特徴・チェック）,KWP_SiteSeed
30392,アスペルガー 同僚 対策,EXCLUDE,除外,,,,対象外,成人当事者・家族,,対象外（成人当事者・大人の生活/仕事/恋愛）,高,④インテント,,10,,,UNSPECIFIED,特性そのものを調べる（とは・特徴・チェック）,KWP_SiteSeed
30466,同僚 adhd,EXCLUDE,除外,,,,対象外,成人当事者・家族,,対象外（成人当事者・大人の生活/仕事/恋愛）,高,④インテント,,30,,,LOW,特性そのものを調べる（とは・特徴・チェック）,KWP_SiteSeed
30467,同僚 asd,EXCLUDE,除外,,,,対象外,成人当事者・家族,,対象外（成人当事者・大人の生活/仕事/恋愛）,高,④インテント,,20,,,LOW,特性そのものを調べる（とは・特徴・チェック）,KWP_SiteSeed
30468,同僚 アスペルガー,EXCLUDE,除外,,,,対象外,成人当事者・家族,,対象外（成人当事者・大人の生活/仕事/恋愛）,高,④インテント,,20,,,LOW,特性そのものを調べる（とは・特徴・チェック）,KWP_SiteSeed
30591,部下 asd,EXCLUDE,除外,,,,対象外,成人当事者・家族,,対象外（成人当事者・大人の生活/仕事/恋愛）,高,④インテント,,30,,,LOW,特性そのものを調べる（とは・特徴・チェック）,KWP_SiteSeed
30635,鬱 就活 不利,EXCLUDE,除外,,,,対象外,成人当事者・家族,,対象外（成人当事者・大人の生活/仕事/恋愛）,高,④インテント,,10,,,LOW,大人・大学生（本人）,KWP_SiteSeed
32244,第 二 あすなろ 作業 所,EXCLUDE,除外,,,,対象外,成人当事者・家族,,対象外（成人当事者・大人の生活/仕事/恋愛）,高,④インテント,,260,,,LOW,ブランド・指名検索,KWP_CompetitorKeywordSeed
35347,年金 基金 リ バランス,EXCLUDE,除外,,,,対象外,成人当事者・家族,,対象外（成人当事者・大人の生活/仕事/恋愛）,高,④インテント,,10,,,LOW,ブランド・指名検索,KWP_CompetitorKeywordSeed
45255,発達障害の大学中退率は？,EXCLUDE,除外,,,,対象外,成人当事者・家族,,対象外（成人当事者・大人の生活/仕事/恋愛）,高,④インテント,,,,,UNSPECIFIED,受験・進路,Google_PAA
46759,グループホーム 自閉症 料金,EXCLUDE,除外,,,,対象外,成人当事者・家族,,対象外（成人当事者・大人の生活/仕事/恋愛）,高,②顕在,,,,,UNSPECIFIED,比較検討・料金・申込,Google_suggest
47186,受験 恋愛 集中できない,EXCLUDE,除外,,,,対象外,成人当事者・家族,,対象外（成人当事者・大人の生活/仕事/恋愛）,高,④インテント,,,,,UNSPECIFIED,学習のやり方・学習課題 | 受験・進路,Google_suggest
47348,ai 恋愛 相談 おすすめ,EXCLUDE,除外,,,,対象外,成人当事者・家族,,対象外（成人当事者・大人の生活/仕事/恋愛）,高,①王道,,210,181.0,470.0,LOW,比較検討・料金・申込 | 教材・通信教育,Google_suggest
47376,上司 合わない 相談,EXCLUDE,除外,,,,対象外,成人当事者・家族,,対象外（成人当事者・大人の生活/仕事/恋愛）,高,④インテント,,10,,,LOW,比較検討・料金・申込 | 合わない・断られた・乗り換え,Google_suggest
47419,介護 トライ 評判,EXCLUDE,除外,,,,対象外,成人当事者・家族,,対象外（成人当事者・大人の生活/仕事/恋愛）,高,③B カテゴリ競合,家庭教師のトライ,40,286.0,997.0,HIGH,比較検討・料金・申込 | ブランド・指名検索,Google_competitor_suggest
47703,妻鹿潤,EXCLUDE,除外,,,,対象外,成人当事者・家族,,対象外（成人当事者・大人の生活/仕事/恋愛）,高,④インテント,,40,,,LOW,未分類,Google_competitor_suggest
47917,発達障害 恋愛 一途,EXCLUDE,除外,,,,対象外,成人当事者・家族,,対象外（成人当事者・大人の生活/仕事/恋愛）,高,④インテント,,,,,UNSPECIFIED,特性そのものを調べる（とは・特徴・チェック）,Google_competitor_suggest
48343,ウィズユー 結婚相談所 評判,EXCLUDE,除外,,,,対象外,成人当事者・家族,,対象外（成人当事者・大人の生活/仕事/恋愛）,高,④インテント,ウィズ・ユー,,,,UNSPECIFIED,比較検討・料金・申込 | ブランド・指名検索,Google_competitor_suggest
234,adhd 資格 勉強,EXCLUDE,除外,,,,対象外,不明,,支援者・講師・大人向けの資格取得,高,④インテント,,50,116.0,416.0,LOW,教える側（教師・支援者・資格）,KWP_KeywordSeed
4521,発達 障害 児 支援 士 ユーキャン,EXCLUDE,除外,,,,対象外,不明,,支援者・講師・大人向けの資格取得,高,④インテント,,30,138.0,476.0,MEDIUM,サービス探し（家庭教師・塾・支援）,KWP_KeywordSeed
12891,発達 支援 士,EXCLUDE,除外,,,,対象外,不明,,支援者・講師・大人向けの資格取得,高,④インテント,,390,124.0,363.0,MEDIUM,サービス探し（家庭教師・塾・支援）,KWP_KeywordSeed || KWP_UrlSeed
12930,早期 発達 支援 士,EXCLUDE,除外,,,,対象外,不明,,支援者・講師・大人向けの資格取得,高,④インテント,,170,114.0,450.0,LOW,サービス探し（家庭教師・塾・支援）,KWP_KeywordSeed
12951,指導 発達 支援 士,EXCLUDE,除外,,,,対象外,不明,,支援者・講師・大人向けの資格取得,高,④インテント,,30,118.0,392.0,MEDIUM,サービス探し（家庭教師・塾・支援）,KWP_KeywordSeed
17247,発達 資格,EXCLUDE,除外,,,,対象外,不明,,支援者・講師・大人向けの資格取得,高,④インテント,,90,102.0,353.0,MEDIUM,教える側（教師・支援者・資格）,KWP_UrlSeed || KWP_SiteSeed
17652,資格 キャリア,EXCLUDE,除外,,,,対象外,不明,,支援者・講師・大人向けの資格取得,高,④インテント,,170,151.0,597.0,MEDIUM,教える側（教師・支援者・資格）,KWP_UrlSeed
18203,資格 高卒,EXCLUDE,除外,,,,対象外,不明,,支援者・講師・大人向けの資格取得,高,④インテント,,90,44.0,379.0,LOW,教える側（教師・支援者・資格）,KWP_UrlSeed || KWP_SiteSeed
20214,大学 資格,EXCLUDE,除外,,,,対象外,不明,,支援者・講師・大人向けの資格取得,高,④インテント,,590,61.0,314.0,LOW,受験・進路 | 教える側（教師・支援者・資格）,KWP_UrlSeed
20216,公務員 資格,EXCLUDE,除外,,,,対象外,不明,,支援者・講師・大人向けの資格取得,高,④インテント,,1900,28.0,373.0,LOW,教える側（教師・支援者・資格）,KWP_UrlSeed
20219,資格 大学,EXCLUDE,除外,,,,対象外,不明,,支援者・講師・大人向けの資格取得,高,④インテント,,590,61.0,314.0,LOW,受験・進路 | 教える側（教師・支援者・資格）,KWP_UrlSeed
20247,資格 公務員,EXCLUDE,除外,,,,対象外,不明,,支援者・講師・大人向けの資格取得,高,④インテント,,1900,28.0,373.0,LOW,教える側（教師・支援者・資格）,KWP_UrlSeed
22404,発達 障害 資格,EXCLUDE,除外,,,,対象外,不明,,支援者・講師・大人向けの資格取得,高,④インテント,,1900,112.0,392.0,MEDIUM,教える側（教師・支援者・資格）,KWP_UrlSeed
22405,発達 支援 資格,EXCLUDE,除外,,,,対象外,不明,,支援者・講師・大人向けの資格取得,高,④インテント,,1000,105.0,354.0,MEDIUM,サービス探し（家庭教師・塾・支援） | 教える側（教師・支援者・資格）,KWP_UrlSeed
22406,発達 障害 支援 資格,EXCLUDE,除外,,,,対象外,不明,,支援者・講師・大人向けの資格取得,高,④インテント,,590,104.0,394.0,MEDIUM,サービス探し（家庭教師・塾・支援） | 教える側（教師・支援者・資格）,KWP_UrlSeed
22407,発達 障害 児 支援 士 資格 取得 方法,EXCLUDE,除外,,,,対象外,不明,,支援者・講師・大人向けの資格取得,高,④インテント,,170,110.0,439.0,MEDIUM,サービス探し（家庭教師・塾・支援） | 教える側（教師・支援者・資格）,KWP_UrlSeed
22412,障害 児 資格,EXCLUDE,除外,,,,対象外,不明,,支援者・講師・大人向けの資格取得,高,④インテント,,170,95.0,324.0,MEDIUM,教える側（教師・支援者・資格）,KWP_UrlSeed
22414,障害 児 支援 資格,EXCLUDE,除外,,,,対象外,不明,,支援者・講師・大人向けの資格取得,高,④インテント,,140,62.0,185.0,MEDIUM,サービス探し（家庭教師・塾・支援） | 教える側（教師・支援者・資格）,KWP_UrlSeed
22421,発達 障害 について 学ぶ 資格,EXCLUDE,除外,,,,対象外,不明,,支援者・講師・大人向けの資格取得,高,④インテント,,30,84.0,212.0,MEDIUM,教える側（教師・支援者・資格）,KWP_UrlSeed
22422,発達 障害 支援 士 資格 取得,EXCLUDE,除外,,,,対象外,不明,,支援者・講師・大人向けの資格取得,高,④インテント,,30,97.0,337.0,MEDIUM,サービス探し（家庭教師・塾・支援） | 教える側（教師・支援者・資格）,KWP_UrlSeed
22424,発達 障害 児 支援 士 資格,EXCLUDE,除外,,,,対象外,不明,,支援者・講師・大人向けの資格取得,高,④インテント,,170,124.0,524.0,MEDIUM,サービス探し（家庭教師・塾・支援） | 教える側（教師・支援者・資格）,KWP_UrlSeed
22426,資格 発達 障害,EXCLUDE,除外,,,,対象外,不明,,支援者・講師・大人向けの資格取得,高,④インテント,,1900,112.0,392.0,MEDIUM,教える側（教師・支援者・資格）,KWP_UrlSeed
22427,発達 障害 支援 士 資格,EXCLUDE,除外,,,,対象外,不明,,支援者・講師・大人向けの資格取得,高,④インテント,,110,129.0,497.0,MEDIUM,サービス探し（家庭教師・塾・支援） | 教える側（教師・支援者・資格）,KWP_UrlSeed
22428,発達 支援 士 資格,EXCLUDE,除外,,,,対象外,不明,,支援者・講師・大人向けの資格取得,高,④インテント,,70,73.0,299.0,MEDIUM,サービス探し（家庭教師・塾・支援） | 教える側（教師・支援者・資格）,KWP_UrlSeed
22429,発達 障害 に関する 資格,EXCLUDE,除外,,,,対象外,不明,,支援者・講師・大人向けの資格取得,高,④インテント,,70,87.0,341.0,MEDIUM,教える側（教師・支援者・資格）,KWP_UrlSeed
22430,発達 障害 児 資格,EXCLUDE,除外,,,,対象外,不明,,支援者・講師・大人向けの資格取得,高,④インテント,,50,112.0,386.0,HIGH,教える側（教師・支援者・資格）,KWP_UrlSeed
22431,発達 障害 児 支援 資格,EXCLUDE,除外,,,,対象外,不明,,支援者・講師・大人向けの資格取得,高,④インテント,,40,95.0,373.0,MEDIUM,サービス探し（家庭教師・塾・支援） | 教える側（教師・支援者・資格）,KWP_UrlSeed
22434,学習 障害 支援 資格,EXCLUDE,除外,,,,対象外,不明,,支援者・講師・大人向けの資格取得,高,④インテント,,30,94.0,346.0,MEDIUM,サービス探し（家庭教師・塾・支援） | 教える側（教師・支援者・資格）,KWP_UrlSeed
22436,発達 障害 支援 者 資格,EXCLUDE,除外,,,,対象外,不明,,支援者・講師・大人向けの資格取得,高,④インテント,,10,87.0,384.0,MEDIUM,サービス探し（家庭教師・塾・支援） | 教える側（教師・支援者・資格）,KWP_UrlSeed
22439,子ども 障害 資格,EXCLUDE,除外,,,,対象外,不明,,支援者・講師・大人向けの資格取得,高,④インテント,,10,,,UNSPECIFIED,教える側（教師・支援者・資格）,KWP_UrlSeed
22441,発達 障害 児 支援 士 受験 資格,EXCLUDE,除外,,,,対象外,不明,,支援者・講師・大人向けの資格取得,高,④インテント,,10,,,LOW,サービス探し（家庭教師・塾・支援） | 受験・進路 | 教える側（教師・支援者・資格）,KWP_UrlSeed
22443,発達 障害 支援 士 と は,EXCLUDE,除外,,,,対象外,不明,,支援者・講師・大人向けの資格取得,高,④インテント,,20,118.0,348.0,MEDIUM,サービス探し（家庭教師・塾・支援） | 特性そのものを調べる（とは・特徴・チェック）,KWP_UrlSeed
22444,発達 障害 支援 士 国家 資格,EXCLUDE,除外,,,,対象外,不明,,支援者・講師・大人向けの資格取得,高,④インテント,,40,89.0,355.0,MEDIUM,サービス探し（家庭教師・塾・支援） | 教える側（教師・支援者・資格）,KWP_UrlSeed
22445,発達 障害 支援 資格 通信,EXCLUDE,除外,,,,対象外,不明,,支援者・講師・大人向けの資格取得,高,④インテント,,10,,,HIGH,サービス探し（家庭教師・塾・支援） | 教える側（教師・支援者・資格）,KWP_UrlSeed
22446,資格 発達 支援,EXCLUDE,除外,,,,対象外,不明,,支援者・講師・大人向けの資格取得,高,④インテント,,10,100.0,481.0,HIGH,サービス探し（家庭教師・塾・支援） | 教える側（教師・支援者・資格）,KWP_UrlSeed
25624,自 閉 症 資格 通信,EXCLUDE,除外,,,,対象外,不明,,支援者・講師・大人向けの資格取得,高,④インテント,,10,52.0,185.0,HIGH,教える側（教師・支援者・資格）,KWP_KeywordSeed
28377,プログラミング 先生 資格,EXCLUDE,除外,,,,対象外,不明,,支援者・講師・大人向けの資格取得,高,④インテント,,10,,,LOW,習い事・トレーニング | 教える側（教師・支援者・資格）,KWP_SiteSeed
28616,塾 先生 資格,EXCLUDE,除外,,,,対象外,不明,,支援者・講師・大人向けの資格取得,高,②顕在,,10,,,LOW,サービス探し（家庭教師・塾・支援） | 教える側（教師・支援者・資格）,KWP_SiteSeed
28904,珠算 先生 資格,EXCLUDE,除外,,,,対象外,不明,,支援者・講師・大人向けの資格取得,高,④インテント,,10,,,LOW,習い事・トレーニング | 教える側（教師・支援者・資格）,KWP_SiteSeed
29128,高卒 資格,EXCLUDE,除外,,,,対象外,不明,,支援者・講師・大人向けの資格取得,高,④インテント,,1000,96.0,333.0,LOW,教える側（教師・支援者・資格）,KWP_SiteSeed
29391,情報 教師 資格,EXCLUDE,除外,,,,対象外,不明,,支援者・講師・大人向けの資格取得,高,④インテント,,30,,,LOW,教える側（教師・支援者・資格）,KWP_SiteSeed
29663,療育 資格,EXCLUDE,除外,,,,対象外,不明,,支援者・講師・大人向けの資格取得,高,④インテント,,590,82.0,210.0,MEDIUM,療育・福祉・居場所 | 教える側（教師・支援者・資格）,KWP_SiteSeed
29845,子ども 発達 資格,EXCLUDE,除外,,,,対象外,不明,,支援者・講師・大人向けの資格取得,高,④インテント,,50,74.0,255.0,MEDIUM,教える側（教師・支援者・資格）,KWP_SiteSeed
30225,adhd 資格,EXCLUDE,除外,,,,対象外,不明,,支援者・講師・大人向けの資格取得,高,④インテント,,90,94.0,398.0,LOW,教える側（教師・支援者・資格）,KWP_SiteSeed
30358,asd 資格,EXCLUDE,除外,,,,対象外,不明,,支援者・講師・大人向けの資格取得,高,④インテント,,40,115.0,275.0,LOW,教える側（教師・支援者・資格）,KWP_SiteSeed
30415,アスペルガー 資格,EXCLUDE,除外,,,,対象外,不明,,支援者・講師・大人向けの資格取得,高,④インテント,,10,,,LOW,教える側（教師・支援者・資格）,KWP_SiteSeed
31414,家庭 教師 の トライ 資格,EXCLUDE,除外,,,,対象外,不明,,支援者・講師・大人向けの資格取得,高,③B カテゴリ競合,家庭教師のトライ,10,,,LOW,サービス探し（家庭教師・塾・支援） | ブランド・指名検索 | 教える側（教師・支援者・資格）,KWP_CompetitorKeywordSeed
45420,発達障害学習支援サポーター資格とは？,EXCLUDE,除外,,,,対象外,不明,,支援者・講師・大人向けの資格取得,高,②顕在,,,,,UNSPECIFIED,サービス探し（家庭教師・塾・支援） | 特性そのものを調べる（とは・特徴・チェック） | 教える側（教師・支援者・資格）,Google_PAA
45424,発達障害学習支援サポーター,EXCLUDE,除外,,,,対象外,不明,,支援者・講師・大人向けの資格取得,高,②顕在,,110,169.0,460.0,LOW,サービス探し（家庭教師・塾・支援）,Google_related_search || Google_suggest
46277,発達障害学習支援サポーター資格,EXCLUDE,除外,,,,対象外,不明,,支援者・講師・大人向けの資格取得,高,②顕在,,30,118.0,381.0,LOW,サービス探し（家庭教師・塾・支援） | 教える側（教師・支援者・資格）,Google_suggest
46278,発達障害学習支援サポーター認定資格,EXCLUDE,除外,,,,対象外,不明,,支援者・講師・大人向けの資格取得,高,②顕在,,,,,UNSPECIFIED,サービス探し（家庭教師・塾・支援） | 教える側（教師・支援者・資格）,Google_suggest
46279,発達障害学習支援サポーター 過去 問,EXCLUDE,除外,,,,対象外,不明,,支援者・講師・大人向けの資格取得,高,②顕在,,10,,,LOW,サービス探し（家庭教師・塾・支援） | 受験・進路,Google_suggest
46280,発達障害学習支援サポーター 口コミ,EXCLUDE,除外,,,,対象外,不明,,支援者・講師・大人向けの資格取得,高,②顕在,,30,262.0,439.0,LOW,サービス探し（家庭教師・塾・支援） | 比較検討・料金・申込,Google_suggest
46281,発達障害学習支援サポーター 国家資格,EXCLUDE,除外,,,,対象外,不明,,支援者・講師・大人向けの資格取得,高,②顕在,,40,,,LOW,サービス探し（家庭教師・塾・支援） | 教える側（教師・支援者・資格）,Google_suggest
46282,発達障害学習支援サポーター 合格率,EXCLUDE,除外,,,,対象外,不明,,支援者・講師・大人向けの資格取得,高,②顕在,,10,,,LOW,サービス探し（家庭教師・塾・支援） | 受験・進路,Google_suggest
4443,学習 指導 要領 高等 部,EXCLUDE,除外,,,,対象外,教員・支援者,,教員・支援者側の業務（指導案/所見/書式等）,中,④インテント,,70,,,LOW,未分類,KWP_KeywordSeed
4448,特別 支援 学校 学習 指導 要領 高等 部,EXCLUDE,除外,,,,対象外,教員・支援者,,教員・支援者側の業務（指導案/所見/書式等）,中,④インテント,,480,,,LOW,サービス探し（家庭教師・塾・支援） | 学校生活・不登校・学校種別,KWP_KeywordSeed
4478,高等 部 学習 指導 要領,EXCLUDE,除外,,,,対象外,教員・支援者,,教員・支援者側の業務（指導案/所見/書式等）,中,④インテント,,70,,,LOW,未分類,KWP_KeywordSeed
4479,高等 部 学習 指導 要領 特別 支援 学校,EXCLUDE,除外,,,,対象外,教員・支援者,,教員・支援者側の業務（指導案/所見/書式等）,中,④インテント,,10,,,LOW,サービス探し（家庭教師・塾・支援） | 学校生活・不登校・学校種別,KWP_KeywordSeed
22490,診療 情報 提供 書 書き方 封筒,EXCLUDE,除外,,,,対象外,教員・支援者,,教員・支援者側の業務（指導案/所見/書式等）,中,④インテント,,90,,,LOW,未分類,KWP_UrlSeed
24985,英文 例文 一覧,EXCLUDE,除外,,,,対象外,教員・支援者,,教員・支援者側の業務（指導案/所見/書式等）,中,④インテント,,40,,,LOW,未分類,KWP_UrlSeed
25290,英文 例文 簡単,EXCLUDE,除外,,,,対象外,教員・支援者,,教員・支援者側の業務（指導案/所見/書式等）,中,④インテント,,70,,,LOW,未分類,KWP_UrlSeed
6082,家庭 教師 アクセス,EXCLUDE,除外,,,,対象外,既存利用者,,既存ブランド/施設へのナビゲーション（連絡先・場所）,中,②顕在,,40,242.0,688.0,MEDIUM,サービス探し（家庭教師・塾・支援）,KWP_KeywordSeed
6099,アクセス 家庭 教師,EXCLUDE,除外,,,,対象外,既存利用者,,既存ブランド/施設へのナビゲーション（連絡先・場所）,中,②顕在,,40,242.0,688.0,MEDIUM,サービス探し（家庭教師・塾・支援）,KWP_KeywordSeed
6172,家庭 教師 の アクセス,EXCLUDE,除外,,,,対象外,既存利用者,,既存ブランド/施設へのナビゲーション（連絡先・場所）,中,②顕在,,20,308.0,676.0,LOW,サービス探し（家庭教師・塾・支援）,KWP_KeywordSeed
11051,世界 地図 宿題,EXCLUDE,除外,,,,対象外,既存利用者,,既存ブランド/施設へのナビゲーション（連絡先・場所）,中,④インテント,,10,,,LOW,学習のやり方・学習課題,KWP_KeywordSeed
13012,発達 の 地図,EXCLUDE,除外,,,,対象外,既存利用者,,既存ブランド/施設へのナビゲーション（連絡先・場所）,中,④インテント,,210,8.0,18.0,LOW,未分類,KWP_KeywordSeed
15164,塾 アクセス,EXCLUDE,除外,,,,対象外,既存利用者,,既存ブランド/施設へのナビゲーション（連絡先・場所）,中,②顕在,,140,118.0,507.0,LOW,サービス探し（家庭教師・塾・支援）,KWP_UrlSeed
15230,アクセス 塾,EXCLUDE,除外,,,,対象外,既存利用者,,既存ブランド/施設へのナビゲーション（連絡先・場所）,中,②顕在,,140,118.0,507.0,LOW,サービス探し（家庭教師・塾・支援）,KWP_UrlSeed || KWP_SiteSeed
16418,高校 住所,EXCLUDE,除外,,,,対象外,既存利用者,,既存ブランド/施設へのナビゲーション（連絡先・場所）,中,④インテント,,30,,,LOW,未分類,KWP_UrlSeed
16663,大学 所在地,EXCLUDE,除外,,,,対象外,既存利用者,,既存ブランド/施設へのナビゲーション（連絡先・場所）,中,④インテント,,50,,,LOW,受験・進路,KWP_UrlSeed
18220,小学校 マップ,EXCLUDE,除外,,,,対象外,既存利用者,,既存ブランド/施設へのナビゲーション（連絡先・場所）,中,④インテント,,110,,,LOW,未分類,KWP_UrlSeed
19609,メール 住所,EXCLUDE,除外,,,,対象外,既存利用者,,既存ブランド/施設へのナビゲーション（連絡先・場所）,中,④インテント,,70,,,LOW,未分類,KWP_UrlSeed
19621,住所 変更 お知らせ メール,EXCLUDE,除外,,,,対象外,既存利用者,,既存ブランド/施設へのナビゲーション（連絡先・場所）,中,④インテント,,20,,,LOW,未分類,KWP_UrlSeed
19622,メール アクセス,EXCLUDE,除外,,,,対象外,既存利用者,,既存ブランド/施設へのナビゲーション（連絡先・場所）,中,④インテント,,20,,,LOW,未分類,KWP_UrlSeed
20342,電話 番号 フリー,EXCLUDE,除外,,,,対象外,既存利用者,,既存ブランド/施設へのナビゲーション（連絡先・場所）,中,④インテント,,5400,167.0,585.0,LOW,利用中・会員の手続き,KWP_UrlSeed
23020,大宮 アクセス,EXCLUDE,除外,,,,対象外,既存利用者,,既存ブランド/施設へのナビゲーション（連絡先・場所）,中,④インテント,,70,,,LOW,未分類,KWP_UrlSeed
23023,大阪 アクセス,EXCLUDE,除外,,,,対象外,既存利用者,,既存ブランド/施設へのナビゲーション（連絡先・場所）,中,④インテント,,140,,,LOW,地域・近くで探す,KWP_UrlSeed
23026,大阪 福岡 アクセス,EXCLUDE,除外,,,,対象外,既存利用者,,既存ブランド/施設へのナビゲーション（連絡先・場所）,中,④インテント,,10,,,LOW,地域・近くで探す,KWP_UrlSeed
23030,新宿 アクセス,EXCLUDE,除外,,,,対象外,既存利用者,,既存ブランド/施設へのナビゲーション（連絡先・場所）,中,④インテント,,260,,,LOW,未分類,KWP_UrlSeed
23032,大阪 名古屋 アクセス,EXCLUDE,除外,,,,対象外,既存利用者,,既存ブランド/施設へのナビゲーション（連絡先・場所）,中,④インテント,,20,,,LOW,地域・近くで探す,KWP_UrlSeed
23038,名古屋 アクセス,EXCLUDE,除外,,,,対象外,既存利用者,,既存ブランド/施設へのナビゲーション（連絡先・場所）,中,④インテント,,110,18.0,75.0,LOW,地域・近くで探す,KWP_UrlSeed
23039,横浜 アクセス,EXCLUDE,除外,,,,対象外,既存利用者,,既存ブランド/施設へのナビゲーション（連絡先・場所）,中,④インテント,,140,,,LOW,地域・近くで探す,KWP_UrlSeed
23072,名古屋 福岡 アクセス,EXCLUDE,除外,,,,対象外,既存利用者,,既存ブランド/施設へのナビゲーション（連絡先・場所）,中,④インテント,,10,,,LOW,地域・近くで探す,KWP_UrlSeed
23074,福岡 名古屋 アクセス,EXCLUDE,除外,,,,対象外,既存利用者,,既存ブランド/施設へのナビゲーション（連絡先・場所）,中,④インテント,,10,,,LOW,地域・近くで探す,KWP_UrlSeed
23081,大阪 東京 アクセス,EXCLUDE,除外,,,,対象外,既存利用者,,既存ブランド/施設へのナビゲーション（連絡先・場所）,中,④インテント,,10,,,LOW,地域・近くで探す,KWP_UrlSeed
23086,東京 大阪 アクセス,EXCLUDE,除外,,,,対象外,既存利用者,,既存ブランド/施設へのナビゲーション（連絡先・場所）,中,④インテント,,10,,,LOW,地域・近くで探す,KWP_UrlSeed
23090,神奈川 東京 アクセス,EXCLUDE,除外,,,,対象外,既存利用者,,既存ブランド/施設へのナビゲーション（連絡先・場所）,中,④インテント,,10,,,LOW,地域・近くで探す,KWP_UrlSeed
30008,litalico 住所,EXCLUDE,除外,,,,対象外,既存利用者,,既存ブランド/施設へのナビゲーション（連絡先・場所）,中,④インテント,,30,,,LOW,ブランド・指名検索,KWP_SiteSeed
31363,家庭 教師 の トライ 営業 時間,EXCLUDE,除外,,,,対象外,既存利用者,,既存ブランド/施設へのナビゲーション（連絡先・場所）,中,③B カテゴリ競合,家庭教師のトライ,10,,,LOW,サービス探し（家庭教師・塾・支援） | ブランド・指名検索,KWP_CompetitorKeywordSeed
31514,個別 教室 の トライ 電話 番号,EXCLUDE,除外,,,,対象外,既存利用者,,既存ブランド/施設へのナビゲーション（連絡先・場所）,中,③B カテゴリ競合,個別教室のトライ,70,159.0,433.0,LOW,ブランド・指名検索 | 利用中・会員の手続き,KWP_CompetitorKeywordSeed
31588,トライ 塾 電話 番号,EXCLUDE,除外,,,,対象外,既存利用者,,既存ブランド/施設へのナビゲーション（連絡先・場所）,中,③B カテゴリ競合,個別教室のトライ,10,,,LOW,サービス探し（家庭教師・塾・支援） | ブランド・指名検索 | 利用中・会員の手続き,KWP_CompetitorKeywordSeed
31682,個別 教室 の トライ 営業 時間,EXCLUDE,除外,,,,対象外,既存利用者,,既存ブランド/施設へのナビゲーション（連絡先・場所）,中,③B カテゴリ競合,個別教室のトライ,50,111.0,178.0,LOW,ブランド・指名検索,KWP_CompetitorKeywordSeed
32374,家庭 教師 の あすなろ 電話 番号,EXCLUDE,除外,,,,対象外,既存利用者,,既存ブランド/施設へのナビゲーション（連絡先・場所）,中,③A 直接競合,家庭教師のあすなろ,20,128.0,267.0,LOW,サービス探し（家庭教師・塾・支援） | ブランド・指名検索 | 利用中・会員の手続き,KWP_CompetitorKeywordSeed
32748,家庭 教師 ランナー 電話 番号,EXCLUDE,除外,,,,対象外,既存利用者,,既存ブランド/施設へのナビゲーション（連絡先・場所）,中,②顕在,,10,432.0,913.0,MEDIUM,サービス探し（家庭教師・塾・支援） | 利用中・会員の手続き,KWP_CompetitorKeywordSeed
32750,家庭 教師 の ランナー 電話 番号,EXCLUDE,除外,,,,対象外,既存利用者,,既存ブランド/施設へのナビゲーション（連絡先・場所）,中,③B カテゴリ競合,家庭教師のランナー,10,,,LOW,サービス探し（家庭教師・塾・支援） | ブランド・指名検索 | 利用中・会員の手続き,KWP_CompetitorKeywordSeed
33670,家庭 教師 の マスター 電話 番号,EXCLUDE,除外,,,,対象外,既存利用者,,既存ブランド/施設へのナビゲーション（連絡先・場所）,中,③B カテゴリ競合,家庭教師のマスター,10,,,LOW,サービス探し（家庭教師・塾・支援） | ブランド・指名検索 | 利用中・会員の手続き,KWP_CompetitorKeywordSeed
33675,家庭 教師 マスター 電話 番号,EXCLUDE,除外,,,,対象外,既存利用者,,既存ブランド/施設へのナビゲーション（連絡先・場所）,中,②顕在,,10,,,UNSPECIFIED,サービス探し（家庭教師・塾・支援） | 利用中・会員の手続き,KWP_CompetitorKeywordSeed
37145,東京 個別 指導 学院 電話 番号,EXCLUDE,除外,,,,対象外,既存利用者,,既存ブランド/施設へのナビゲーション（連絡先・場所）,中,③B カテゴリ競合,東京個別指導学院,110,,,LOW,サービス探し（家庭教師・塾・支援） | ブランド・指名検索 | 地域・近くで探す | 利用中・会員の手続き,KWP_CompetitorKeywordSeed
37204,東京 個別 指導 学院 営業 時間,EXCLUDE,除外,,,,対象外,既存利用者,,既存ブランド/施設へのナビゲーション（連絡先・場所）,中,③B カテゴリ競合,東京個別指導学院,50,,,LOW,サービス探し（家庭教師・塾・支援） | ブランド・指名検索 | 地域・近くで探す,KWP_CompetitorKeywordSeed
37309,東京 個別 指導 学院 新 百合 ヶ 丘 電話 番号,EXCLUDE,除外,,,,対象外,既存利用者,,既存ブランド/施設へのナビゲーション（連絡先・場所）,中,③B カテゴリ競合,東京個別指導学院,10,,,LOW,サービス探し（家庭教師・塾・支援） | ブランド・指名検索 | 地域・近くで探す | 利用中・会員の手続き,KWP_CompetitorKeywordSeed
38190,スクール ie 営業 時間,EXCLUDE,除外,,,,対象外,既存利用者,,既存ブランド/施設へのナビゲーション（連絡先・場所）,中,③B カテゴリ競合,スクールIE,50,,,LOW,ブランド・指名検索,KWP_CompetitorKeywordSeed
41796,京 進 スクール ワン 電話 番号,EXCLUDE,除外,,,,対象外,既存利用者,,既存ブランド/施設へのナビゲーション（連絡先・場所）,中,③B カテゴリ競合,京進スクール・ワン,10,,,LOW,ブランド・指名検索 | 利用中・会員の手続き,KWP_CompetitorKeywordSeed
47648,家庭教師のガンバ 電話番号,EXCLUDE,除外,,,,対象外,既存利用者,,既存ブランド/施設へのナビゲーション（連絡先・場所）,中,③B カテゴリ競合,家庭教師のガンバ,10,,,LOW,サービス探し（家庭教師・塾・支援） | ブランド・指名検索 | 利用中・会員の手続き,Google_competitor_suggest || CompetitorMatrix
48797,家庭 教師 ファースト 電話 番号,EXCLUDE,除外,,,,対象外,既存利用者,,既存ブランド/施設へのナビゲーション（連絡先・場所）,中,③B カテゴリ競合,家庭教師ファースト,,,,UNSPECIFIED,サービス探し（家庭教師・塾・支援） | ブランド・指名検索 | 利用中・会員の手続き,Google_competitor_suggest
68018,トライ 電話番号,EXCLUDE,除外,,,,対象外,既存利用者,,既存ブランド/施設へのナビゲーション（連絡先・場所）,中,③B カテゴリ競合,家庭教師のトライ,170,107.0,214.0,LOW,ブランド・指名検索 | 利用中・会員の手続き,CompetitorMatrix
68029,家庭教師のトライ 電話番号,EXCLUDE,除外,,,,対象外,既存利用者,,既存ブランド/施設へのナビゲーション（連絡先・場所）,中,③B カテゴリ競合,家庭教師のトライ,110,141.0,739.0,LOW,サービス探し（家庭教師・塾・支援） | ブランド・指名検索 | 利用中・会員の手続き,CompetitorMatrix
68040,個別教室のトライ 電話番号,EXCLUDE,除外,,,,対象外,既存利用者,,既存ブランド/施設へのナビゲーション（連絡先・場所）,中,③B カテゴリ競合,個別教室のトライ,70,160.0,434.0,LOW,ブランド・指名検索 | 利用中・会員の手続き,CompetitorMatrix
68049,トライ オンライン 電話番号,EXCLUDE,除外,,,,対象外,既存利用者,,既存ブランド/施設へのナビゲーション（連絡先・場所）,中,③B カテゴリ競合,トライのオンライン個別指導塾,10,212.0,369.0,LOW,サービス探し（家庭教師・塾・支援） | ブランド・指名検索 | 利用中・会員の手続き,CompetitorMatrix
68075,トライ式高等学院 電話番号,EXCLUDE,除外,,,,対象外,既存利用者,,既存ブランド/施設へのナビゲーション（連絡先・場所）,中,④インテント,トライ式高等学院,30,,,LOW,ブランド・指名検索 | 利用中・会員の手続き,CompetitorMatrix
68123,トライプラス 電話番号,EXCLUDE,除外,,,,対象外,既存利用者,,既存ブランド/施設へのナビゲーション（連絡先・場所）,中,③B カテゴリ競合,個別指導塾トライプラス,20,,,LOW,ブランド・指名検索 | 利用中・会員の手続き,CompetitorMatrix
68130,メガスタ 電話番号,EXCLUDE,除外,,,,対象外,既存利用者,,既存ブランド/施設へのナビゲーション（連絡先・場所）,中,③X 終了サービス/乗換え,オンラインプロ教師のメガスタ,10,,,UNSPECIFIED,ブランド・指名検索 | 利用中・会員の手続き,CompetitorMatrix
68136,あすなろ 電話番号,EXCLUDE,除外,,,,対象外,既存利用者,,既存ブランド/施設へのナビゲーション（連絡先・場所）,中,④インテント,,30,140.0,2065.0,LOW,ブランド・指名検索 | 利用中・会員の手続き,CompetitorMatrix
68139,家庭教師のあすなろ 電話番号,EXCLUDE,除外,,,,対象外,既存利用者,,既存ブランド/施設へのナビゲーション（連絡先・場所）,中,③A 直接競合,家庭教師のあすなろ,20,129.0,268.0,LOW,サービス探し（家庭教師・塾・支援） | ブランド・指名検索 | 利用中・会員の手続き,CompetitorMatrix
68144,家庭教師のランナー 電話番号,EXCLUDE,除外,,,,対象外,既存利用者,,既存ブランド/施設へのナビゲーション（連絡先・場所）,中,③B カテゴリ競合,家庭教師のランナー,10,,,LOW,サービス探し（家庭教師・塾・支援） | ブランド・指名検索 | 利用中・会員の手続き,CompetitorMatrix
68149,サクシード 電話番号,EXCLUDE,除外,,,,対象外,既存利用者,,既存ブランド/施設へのナビゲーション（連絡先・場所）,中,④インテント,,30,255.0,811.0,LOW,ブランド・指名検索 | 利用中・会員の手続き,CompetitorMatrix
68157,家庭教師のマスター 電話番号,EXCLUDE,除外,,,,対象外,既存利用者,,既存ブランド/施設へのナビゲーション（連絡先・場所）,中,③B カテゴリ競合,家庭教師のマスター,10,,,LOW,サービス探し（家庭教師・塾・支援） | ブランド・指名検索 | 利用中・会員の手続き,CompetitorMatrix
68159,家庭教師アカデミー 電話番号,EXCLUDE,除外,,,,対象外,既存利用者,,既存ブランド/施設へのナビゲーション（連絡先・場所）,中,③B カテゴリ競合,家庭教師アカデミー,20,317.0,1006.0,LOW,サービス探し（家庭教師・塾・支援） | ブランド・指名検索 | 利用中・会員の手続き,CompetitorMatrix
68175,明光義塾 電話番号,EXCLUDE,除外,,,,対象外,既存利用者,,既存ブランド/施設へのナビゲーション（連絡先・場所）,中,③B カテゴリ競合,個別指導の明光義塾,90,,,LOW,サービス探し（家庭教師・塾・支援） | ブランド・指名検索 | 利用中・会員の手続き,CompetitorMatrix
68191,東京個別指導学院 電話番号,EXCLUDE,除外,,,,対象外,既存利用者,,既存ブランド/施設へのナビゲーション（連絡先・場所）,中,③B カテゴリ競合,東京個別指導学院,110,,,LOW,サービス探し（家庭教師・塾・支援） | ブランド・指名検索 | 地域・近くで探す | 利用中・会員の手続き,CompetitorMatrix
68205,itto 電話番号,EXCLUDE,除外,,,,対象外,既存利用者,,既存ブランド/施設へのナビゲーション（連絡先・場所）,中,③B カテゴリ競合,ITTO個別指導学院,10,,,LOW,ブランド・指名検索 | 利用中・会員の手続き,CompetitorMatrix
68215,スクールie 電話番号,EXCLUDE,除外,,,,対象外,既存利用者,,既存ブランド/施設へのナビゲーション（連絡先・場所）,中,③B カテゴリ競合,スクールIE,70,188.0,730.0,LOW,ブランド・指名検索 | 利用中・会員の手続き,CompetitorMatrix
68225,ナビ個別指導学院 電話番号,EXCLUDE,除外,,,,対象外,既存利用者,,既存ブランド/施設へのナビゲーション（連絡先・場所）,中,③B カテゴリ競合,ナビ個別指導学院,50,71.0,683.0,LOW,サービス探し（家庭教師・塾・支援） | ブランド・指名検索 | 利用中・会員の手続き,CompetitorMatrix
68248,森塾 電話番号,EXCLUDE,除外,,,,対象外,既存利用者,,既存ブランド/施設へのナビゲーション（連絡先・場所）,中,③B カテゴリ競合,森塾,140,,,LOW,サービス探し（家庭教師・塾・支援） | ブランド・指名検索 | 利用中・会員の手続き,CompetitorMatrix
68275,武田塾 電話番号,EXCLUDE,除外,,,,対象外,既存利用者,,既存ブランド/施設へのナビゲーション（連絡先・場所）,中,③B カテゴリ競合,武田塾,50,136.0,805.0,LOW,サービス探し（家庭教師・塾・支援） | ブランド・指名検索 | 利用中・会員の手続き,CompetitorMatrix
68285,フリーステップ 電話番号,EXCLUDE,除外,,,,対象外,既存利用者,,既存ブランド/施設へのナビゲーション（連絡先・場所）,中,③B カテゴリ競合,フリーステップ,40,,,LOW,ブランド・指名検索 | 利用中・会員の手続き,CompetitorMatrix
68294,京進スクールワン 電話番号,EXCLUDE,除外,,,,対象外,既存利用者,,既存ブランド/施設へのナビゲーション（連絡先・場所）,中,③B カテゴリ競合,京進スクール・ワン,10,,,LOW,ブランド・指名検索 | 利用中・会員の手続き,CompetitorMatrix
68331,すらら 電話番号,EXCLUDE,除外,,,,対象外,既存利用者,,既存ブランド/施設へのナビゲーション（連絡先・場所）,中,④インテント,すらら,10,,,LOW,教材・通信教育 | ブランド・指名検索 | 利用中・会員の手続き,CompetitorMatrix
68343,進研ゼミ 電話番号,EXCLUDE,除外,,,,対象外,既存利用者,,既存ブランド/施設へのナビゲーション（連絡先・場所）,中,④インテント,進研ゼミ,720,254.0,1200.0,LOW,ブランド・指名検索 | 利用中・会員の手続き,CompetitorMatrix
68354,スマイルゼミ 電話番号,EXCLUDE,除外,,,,対象外,既存利用者,,既存ブランド/施設へのナビゲーション（連絡先・場所）,中,④インテント,スマイルゼミ,210,,,LOW,ブランド・指名検索 | 利用中・会員の手続き,CompetitorMatrix
68366,z会 電話番号,EXCLUDE,除外,,,,対象外,既存利用者,,既存ブランド/施設へのナビゲーション（連絡先・場所）,中,④インテント,Z会,260,288.0,1350.0,LOW,ブランド・指名検索 | 利用中・会員の手続き,CompetitorMatrix
68379,スタディサプリ 電話番号,EXCLUDE,除外,,,,対象外,既存利用者,,既存ブランド/施設へのナビゲーション（連絡先・場所）,中,④インテント,スタディサプリ,50,141.0,320.0,LOW,ブランド・指名検索 | 利用中・会員の手続き,CompetitorMatrix
68391,スタサプ 電話番号,EXCLUDE,除外,,,,対象外,既存利用者,,既存ブランド/施設へのナビゲーション（連絡先・場所）,中,④インテント,スタディサプリ,20,,,LOW,ブランド・指名検索 | 利用中・会員の手続き,CompetitorMatrix
68402,公文 電話番号,EXCLUDE,除外,,,,対象外,既存利用者,,既存ブランド/施設へのナビゲーション（連絡先・場所）,中,④インテント,公文式,50,77.0,345.0,LOW,ブランド・指名検索 | 利用中・会員の手続き,CompetitorMatrix
68413,くもん 電話番号,EXCLUDE,除外,,,,対象外,既存利用者,,既存ブランド/施設へのナビゲーション（連絡先・場所）,中,④インテント,公文式,50,77.0,345.0,LOW,ブランド・指名検索 | 利用中・会員の手続き,CompetitorMatrix
68424,学研教室 電話番号,EXCLUDE,除外,,,,対象外,既存利用者,,既存ブランド/施設へのナビゲーション（連絡先・場所）,中,④インテント,学研教室,30,50.0,342.0,LOW,ブランド・指名検索 | 利用中・会員の手続き,CompetitorMatrix
7069,森 塾 欠席 連絡,EXCLUDE,除外,,,,対象外,既存利用者,,既存利用者の手続き・ログイン・スケジュール,高,③B カテゴリ競合,森塾,30,,,LOW,サービス探し（家庭教師・塾・支援） | ブランド・指名検索,KWP_KeywordSeed
7178,トライ プラス 時間割,EXCLUDE,除外,,,,対象外,既存利用者,,既存利用者の手続き・ログイン・スケジュール,高,③B カテゴリ競合,個別指導塾トライプラス,170,,,LOW,ブランド・指名検索 | 一般の学校・学習情報（特性語なし）,KWP_KeywordSeed || KWP_CompetitorKeywordSeed
7203,スクール ie 時間割,EXCLUDE,除外,,,,対象外,既存利用者,,既存利用者の手続き・ログイン・スケジュール,高,③B カテゴリ競合,スクールIE,390,104.0,449.0,LOW,ブランド・指名検索 | 一般の学校・学習情報（特性語なし）,KWP_KeywordSeed || KWP_CompetitorKeywordSeed
7417,代々木 個別 指導 学院 時間割,EXCLUDE,除外,,,,対象外,既存利用者,,既存利用者の手続き・ログイン・スケジュール,高,③B カテゴリ競合,代々木個別指導学院,170,133.0,429.0,LOW,サービス探し（家庭教師・塾・支援） | ブランド・指名検索 | 一般の学校・学習情報（特性語なし）,KWP_KeywordSeed
7422,ナビ 個別 指導 学院 時間割,EXCLUDE,除外,,,,対象外,既存利用者,,既存利用者の手続き・ログイン・スケジュール,高,③B カテゴリ競合,ナビ個別指導学院,390,114.0,425.0,LOW,サービス探し（家庭教師・塾・支援） | ブランド・指名検索 | 一般の学校・学習情報（特性語なし）,KWP_KeywordSeed || KWP_CompetitorKeywordSeed
7456,馬渕 個別 時間割,EXCLUDE,除外,,,,対象外,既存利用者,,既存利用者の手続き・ログイン・スケジュール,高,④インテント,馬渕教室,210,121.0,340.0,LOW,ブランド・指名検索 | 一般の学校・学習情報（特性語なし）,KWP_KeywordSeed
7502,個別 指導 塾 スタンダード 時間割,EXCLUDE,除外,,,,対象外,既存利用者,,既存利用者の手続き・ログイン・スケジュール,高,②顕在,,70,,,LOW,サービス探し（家庭教師・塾・支援） | 一般の学校・学習情報（特性語なし）,KWP_KeywordSeed
7566,個別 教室 の トライ 時間割,EXCLUDE,除外,,,,対象外,既存利用者,,既存利用者の手続き・ログイン・スケジュール,高,③B カテゴリ競合,個別教室のトライ,70,,,LOW,ブランド・指名検索 | 一般の学校・学習情報（特性語なし）,KWP_KeywordSeed || KWP_CompetitorKeywordSeed
7631,フリー ステップ 時間割,EXCLUDE,除外,,,,対象外,既存利用者,,既存利用者の手続き・ログイン・スケジュール,高,③B カテゴリ競合,フリーステップ,590,144.0,236.0,LOW,ブランド・指名検索 | 一般の学校・学習情報（特性語なし）,KWP_KeywordSeed
7646,早稲 アカ 個別 時間割,EXCLUDE,除外,,,,対象外,既存利用者,,既存利用者の手続き・ログイン・スケジュール,高,④インテント,早稲田アカデミー,110,188.0,418.0,LOW,ブランド・指名検索 | 一般の学校・学習情報（特性語なし）,KWP_KeywordSeed
7767,トライ 塾 時間割,EXCLUDE,除外,,,,対象外,既存利用者,,既存利用者の手続き・ログイン・スケジュール,高,③B カテゴリ競合,個別教室のトライ,30,,,LOW,サービス探し（家庭教師・塾・支援） | ブランド・指名検索 | 一般の学校・学習情報（特性語なし）,KWP_KeywordSeed || KWP_UrlSeed || KWP_SiteSeed || KWP_CompetitorKeywordSeed
7772,itto 個別 指導 学院 時間割,EXCLUDE,除外,,,,対象外,既存利用者,,既存利用者の手続き・ログイン・スケジュール,高,③B カテゴリ競合,ITTO個別指導学院,40,,,LOW,サービス探し（家庭教師・塾・支援） | ブランド・指名検索 | 一般の学校・学習情報（特性語なし）,KWP_KeywordSeed || KWP_CompetitorKeywordSeed
7860,英才 個別 学院 時間割,EXCLUDE,除外,,,,対象外,既存利用者,,既存利用者の手続き・ログイン・スケジュール,高,③B カテゴリ競合,英才個別学院,40,109.0,387.0,LOW,ブランド・指名検索 | 一般の学校・学習情報（特性語なし）,KWP_KeywordSeed
7888,ノーバス 時間割,EXCLUDE,除外,,,,対象外,既存利用者,,既存利用者の手続き・ログイン・スケジュール,高,③B カテゴリ競合,家庭教師のノーバス,30,,,LOW,ブランド・指名検索 | 一般の学校・学習情報（特性語なし）,KWP_KeywordSeed || KWP_SiteSeed || KWP_CompetitorKeywordSeed || CompetitorMatrix
7946,京 進 スクール ワン 時間割,EXCLUDE,除外,,,,対象外,既存利用者,,既存利用者の手続き・ログイン・スケジュール,高,③B カテゴリ競合,京進スクール・ワン,40,,,LOW,ブランド・指名検索 | 一般の学校・学習情報（特性語なし）,KWP_KeywordSeed || KWP_CompetitorKeywordSeed
7978,臨海 セレクト 時間割,EXCLUDE,除外,,,,対象外,既存利用者,,既存利用者の手続き・ログイン・スケジュール,高,④インテント,臨海セミナー,210,85.0,299.0,LOW,ブランド・指名検索 | 一般の学校・学習情報（特性語なし）,KWP_KeywordSeed
11860,馬渕 教室 高校 受験 時間割,EXCLUDE,除外,,,,対象外,既存利用者,,既存利用者の手続き・ログイン・スケジュール,高,④インテント,馬渕教室,70,,,LOW,受験・進路 | ブランド・指名検索 | 一般の学校・学習情報（特性語なし）,KWP_KeywordSeed
13940,トライ 振替,EXCLUDE,除外,,,,対象外,既存利用者,,既存利用者の手続き・ログイン・スケジュール,高,④インテント,,40,,,LOW,比較検討・料金・申込 | ブランド・指名検索 | 利用中・会員の手続き,KWP_UrlSeed || KWP_SiteSeed
13944,トライ 塾 祝日,EXCLUDE,除外,,,,対象外,既存利用者,,既存利用者の手続き・ログイン・スケジュール,高,③B カテゴリ競合,個別教室のトライ,10,,,LOW,サービス探し（家庭教師・塾・支援） | ブランド・指名検索,KWP_UrlSeed
13959,塾 振替,EXCLUDE,除外,,,,対象外,既存利用者,,既存利用者の手続き・ログイン・スケジュール,高,②顕在,,110,,,LOW,サービス探し（家庭教師・塾・支援） | 比較検討・料金・申込 | 利用中・会員の手続き,KWP_UrlSeed || KWP_SiteSeed
13971,振替 塾,EXCLUDE,除外,,,,対象外,既存利用者,,既存利用者の手続き・ログイン・スケジュール,高,②顕在,,110,,,LOW,サービス探し（家庭教師・塾・支援） | 比較検討・料金・申込 | 利用中・会員の手続き,KWP_UrlSeed || KWP_SiteSeed
14954,塾 スケジュール,EXCLUDE,除外,,,,対象外,既存利用者,,既存利用者の手続き・ログイン・スケジュール,高,②顕在,,30,,,LOW,サービス探し（家庭教師・塾・支援） | 学習のやり方・学習課題,KWP_UrlSeed || KWP_SiteSeed
14957,中学生 塾 スケジュール,EXCLUDE,除外,,,,対象外,既存利用者,,既存利用者の手続き・ログイン・スケジュール,高,②顕在,,10,,,LOW,サービス探し（家庭教師・塾・支援） | 学習のやり方・学習課題,KWP_UrlSeed || KWP_SiteSeed
15032,塾 祝日,EXCLUDE,除外,,,,対象外,既存利用者,,既存利用者の手続き・ログイン・スケジュール,高,②顕在,,110,,,LOW,サービス探し（家庭教師・塾・支援）,KWP_UrlSeed
15108,塾 時間割,EXCLUDE,除外,,,,対象外,既存利用者,,既存利用者の手続き・ログイン・スケジュール,高,②顕在,,90,106.0,247.0,LOW,サービス探し（家庭教師・塾・支援） | 一般の学校・学習情報（特性語なし）,KWP_UrlSeed || KWP_SiteSeed
16902,河合塾 コスモ 時間割,EXCLUDE,除外,,,,対象外,既存利用者,,既存利用者の手続き・ログイン・スケジュール,高,④インテント,河合塾,20,,,LOW,サービス探し（家庭教師・塾・支援） | ブランド・指名検索 | 一般の学校・学習情報（特性語なし）,KWP_UrlSeed
17079,トライ 時間割,EXCLUDE,除外,,,,対象外,既存利用者,,既存利用者の手続き・ログイン・スケジュール,高,④インテント,,90,105.0,212.0,LOW,ブランド・指名検索 | 一般の学校・学習情報（特性語なし）,KWP_UrlSeed || KWP_SiteSeed || KWP_CompetitorKeywordSeed || CompetitorMatrix
17109,トライ 個別 時間割,EXCLUDE,除外,,,,対象外,既存利用者,,既存利用者の手続き・ログイン・スケジュール,高,③B カテゴリ競合,個別教室のトライ,10,,,LOW,ブランド・指名検索 | 一般の学校・学習情報（特性語なし）,KWP_UrlSeed || KWP_SiteSeed || KWP_CompetitorKeywordSeed || CompetitorMatrix
17112,中学生 塾 時間割,EXCLUDE,除外,,,,対象外,既存利用者,,既存利用者の手続き・ログイン・スケジュール,高,②顕在,,10,,,LOW,サービス探し（家庭教師・塾・支援） | 一般の学校・学習情報（特性語なし）,KWP_UrlSeed
17919,リタリコ 時間割,EXCLUDE,除外,,,,対象外,既存利用者,,既存利用者の手続き・ログイン・スケジュール,高,④インテント,,20,,,LOW,ブランド・指名検索 | 一般の学校・学習情報（特性語なし）,KWP_UrlSeed || KWP_SiteSeed
19411,トライ 引き落とし,EXCLUDE,除外,,,,対象外,既存利用者,,既存利用者の手続き・ログイン・スケジュール,高,④インテント,,10,,,LOW,ブランド・指名検索,KWP_UrlSeed
19479,トライ スケジュール,EXCLUDE,除外,,,,対象外,既存利用者,,既存利用者の手続き・ログイン・スケジュール,高,④インテント,,10,,,LOW,学習のやり方・学習課題 | ブランド・指名検索,KWP_UrlSeed || KWP_SiteSeed
19541,塾 振替 できない,EXCLUDE,除外,,,,対象外,既存利用者,,既存利用者の手続き・ログイン・スケジュール,高,②顕在,,20,,,LOW,サービス探し（家庭教師・塾・支援） | 比較検討・料金・申込 | 利用中・会員の手続き,KWP_UrlSeed || KWP_SiteSeed
19570,トライ 欠席 連絡,EXCLUDE,除外,,,,対象外,既存利用者,,既存利用者の手続き・ログイン・スケジュール,高,④インテント,,70,,,LOW,ブランド・指名検索,KWP_UrlSeed
19579,トライ 引き落とし でき なかっ た,EXCLUDE,除外,,,,対象外,既存利用者,,既存利用者の手続き・ログイン・スケジュール,高,④インテント,,20,,,LOW,ブランド・指名検索,KWP_UrlSeed
19580,トライ 引き落とし 日,EXCLUDE,除外,,,,対象外,既存利用者,,既存利用者の手続き・ログイン・スケジュール,高,④インテント,,20,,,LOW,ブランド・指名検索,KWP_UrlSeed
19588,家庭 教師 の トライ 口座 登録,EXCLUDE,除外,,,,対象外,既存利用者,,既存利用者の手続き・ログイン・スケジュール,高,③B カテゴリ競合,家庭教師のトライ,10,,,LOW,サービス探し（家庭教師・塾・支援） | ブランド・指名検索,KWP_UrlSeed || KWP_CompetitorKeywordSeed
19931,塾 欠席,EXCLUDE,除外,,,,対象外,既存利用者,,既存利用者の手続き・ログイン・スケジュール,高,②顕在,,10,,,LOW,サービス探し（家庭教師・塾・支援）,KWP_UrlSeed || KWP_SiteSeed
19961,ka 振替,EXCLUDE,除外,,,,対象外,既存利用者,,既存利用者の手続き・ログイン・スケジュール,高,④インテント,,20,,,LOW,比較検討・料金・申込 | 利用中・会員の手続き,KWP_UrlSeed
20187,塾 カレンダー,EXCLUDE,除外,,,,対象外,既存利用者,,既存利用者の手続き・ログイン・スケジュール,高,②顕在,,70,,,LOW,サービス探し（家庭教師・塾・支援）,KWP_UrlSeed
20506,サクシード 塾 時間割,EXCLUDE,除外,,,,対象外,既存利用者,,既存利用者の手続き・ログイン・スケジュール,高,③B カテゴリ競合,家庭教師のサクシード,10,,,LOW,サービス探し（家庭教師・塾・支援） | ブランド・指名検索 | 一般の学校・学習情報（特性語なし）,KWP_UrlSeed
21760,塾 振替 メール,EXCLUDE,除外,,,,対象外,既存利用者,,既存利用者の手続き・ログイン・スケジュール,高,②顕在,,30,,,LOW,サービス探し（家庭教師・塾・支援） | 比較検討・料金・申込 | 利用中・会員の手続き,KWP_UrlSeed
23654,あゆみ 塾 時間割,EXCLUDE,除外,,,,対象外,既存利用者,,既存利用者の手続き・ログイン・スケジュール,高,②顕在,,10,,,LOW,サービス探し（家庭教師・塾・支援） | 一般の学校・学習情報（特性語なし）,KWP_UrlSeed
23730,ダウンロード フリー,EXCLUDE,除外,,,,対象外,既存利用者,,既存利用者の手続き・ログイン・スケジュール,高,④インテント,,210,,,LOW,未分類,KWP_UrlSeed
23787,学研 時間割,EXCLUDE,除外,,,,対象外,既存利用者,,既存利用者の手続き・ログイン・スケジュール,高,④インテント,,10,,,LOW,ブランド・指名検索 | 一般の学校・学習情報（特性語なし）,KWP_UrlSeed
23922,学研 引き落とし,EXCLUDE,除外,,,,対象外,既存利用者,,既存利用者の手続き・ログイン・スケジュール,高,④インテント,,40,,,LOW,ブランド・指名検索,KWP_UrlSeed
23930,学研 月謝 引き落とし,EXCLUDE,除外,,,,対象外,既存利用者,,既存利用者の手続き・ログイン・スケジュール,高,④インテント,,10,,,LOW,比較検討・料金・申込 | ブランド・指名検索,KWP_UrlSeed
29421,日能研 スケジュール,EXCLUDE,除外,,,,対象外,既存利用者,,既存利用者の手続き・ログイン・スケジュール,高,④インテント,日能研,70,,,LOW,学習のやり方・学習課題 | ブランド・指名検索,KWP_SiteSeed
29422,日能研 テスト スケジュール,EXCLUDE,除外,,,,対象外,既存利用者,,既存利用者の手続き・ログイン・スケジュール,高,④インテント,日能研,20,,,LOW,学習のやり方・学習課題 | ブランド・指名検索,KWP_SiteSeed
30780,let's try 文部 科学 省 ダウンロード,EXCLUDE,除外,,,,対象外,既存利用者,,既存利用者の手続き・ログイン・スケジュール,高,④インテント,,480,,,LOW,未分類,KWP_CompetitorKeywordSeed
30797,トライ 式 高等 学院 時間割,EXCLUDE,除外,,,,対象外,既存利用者,,既存利用者の手続き・ログイン・スケジュール,高,④インテント,トライ式高等学院,30,,,LOW,ブランド・指名検索 | 一般の学校・学習情報（特性語なし）,KWP_CompetitorKeywordSeed
31241,家庭 教師 の トライ 時間割,EXCLUDE,除外,,,,対象外,既存利用者,,既存利用者の手続き・ログイン・スケジュール,高,③B カテゴリ競合,家庭教師のトライ,10,,,LOW,サービス探し（家庭教師・塾・支援） | ブランド・指名検索 | 一般の学校・学習情報（特性語なし）,KWP_CompetitorKeywordSeed
31243,家庭 教師 の トライ 支払い 方法,EXCLUDE,除外,,,,対象外,既存利用者,,既存利用者の手続き・ログイン・スケジュール,高,③B カテゴリ競合,家庭教師のトライ,10,,,LOW,サービス探し（家庭教師・塾・支援） | 比較検討・料金・申込 | ブランド・指名検索,KWP_CompetitorKeywordSeed
31567,個別 教室 の トライ 欠席 連絡,EXCLUDE,除外,,,,対象外,既存利用者,,既存利用者の手続き・ログイン・スケジュール,高,③B カテゴリ競合,個別教室のトライ,30,,,LOW,ブランド・指名検索,KWP_CompetitorKeywordSeed
31641,個別 教室 の トライ スケジュール,EXCLUDE,除外,,,,対象外,既存利用者,,既存利用者の手続き・ログイン・スケジュール,高,③B カテゴリ競合,個別教室のトライ,10,,,LOW,学習のやり方・学習課題 | ブランド・指名検索,KWP_CompetitorKeywordSeed
31689,個別 教室 の トライ 振替,EXCLUDE,除外,,,,対象外,既存利用者,,既存利用者の手続き・ログイン・スケジュール,高,③B カテゴリ競合,個別教室のトライ,20,,,LOW,比較検討・料金・申込 | ブランド・指名検索 | 利用中・会員の手続き,KWP_CompetitorKeywordSeed
32987,サクシード 時間割,EXCLUDE,除外,,,,対象外,既存利用者,,既存利用者の手続き・ログイン・スケジュール,高,④インテント,,90,107.0,355.0,LOW,ブランド・指名検索 | 一般の学校・学習情報（特性語なし）,KWP_CompetitorKeywordSeed || CompetitorMatrix
35630,明光 義塾 時間割,EXCLUDE,除外,,,,対象外,既存利用者,,既存利用者の手続き・ログイン・スケジュール,高,③B カテゴリ競合,個別指導の明光義塾,1000,102.0,422.0,LOW,サービス探し（家庭教師・塾・支援） | ブランド・指名検索 | 一般の学校・学習情報（特性語なし）,KWP_CompetitorKeywordSeed
36183,明光 時間割,EXCLUDE,除外,,,,対象外,既存利用者,,既存利用者の手続き・ログイン・スケジュール,高,④インテント,,50,12.0,296.0,LOW,ブランド・指名検索 | 一般の学校・学習情報（特性語なし）,KWP_CompetitorKeywordSeed || CompetitorMatrix
36402,明光 義塾 土曜日 時間割,EXCLUDE,除外,,,,対象外,既存利用者,,既存利用者の手続き・ログイン・スケジュール,高,③B カテゴリ競合,個別指導の明光義塾,70,,,LOW,サービス探し（家庭教師・塾・支援） | 比較検討・料金・申込 | ブランド・指名検索 | 一般の学校・学習情報（特性語なし）,KWP_CompetitorKeywordSeed
36837,時間割 明光 義塾,EXCLUDE,除外,,,,対象外,既存利用者,,既存利用者の手続き・ログイン・スケジュール,高,③B カテゴリ競合,個別指導の明光義塾,10,,,LOW,サービス探し（家庭教師・塾・支援） | ブランド・指名検索 | 一般の学校・学習情報（特性語なし）,KWP_CompetitorKeywordSeed
37025,明光 義塾 引き落とし でき なかっ た,EXCLUDE,除外,,,,対象外,既存利用者,,既存利用者の手続き・ログイン・スケジュール,高,③B カテゴリ競合,個別指導の明光義塾,40,,,LOW,サービス探し（家庭教師・塾・支援） | ブランド・指名検索,KWP_CompetitorKeywordSeed
37026,明光 義塾 当日 振替,EXCLUDE,除外,,,,対象外,既存利用者,,既存利用者の手続き・ログイン・スケジュール,高,③B カテゴリ競合,個別指導の明光義塾,10,,,LOW,サービス探し（家庭教師・塾・支援） | 比較検討・料金・申込 | ブランド・指名検索 | 利用中・会員の手続き,KWP_CompetitorKeywordSeed
37100,東京 個別 指導 学院 時間割,EXCLUDE,除外,,,,対象外,既存利用者,,既存利用者の手続き・ログイン・スケジュール,高,③B カテゴリ競合,東京個別指導学院,590,,,LOW,サービス探し（家庭教師・塾・支援） | ブランド・指名検索 | 地域・近くで探す | 一般の学校・学習情報（特性語なし）,KWP_CompetitorKeywordSeed
37142,東京 個別 時間割,EXCLUDE,除外,,,,対象外,既存利用者,,既存利用者の手続き・ログイン・スケジュール,高,③B カテゴリ競合,東京個別指導学院,320,,,LOW,ブランド・指名検索 | 地域・近くで探す | 一般の学校・学習情報（特性語なし）,KWP_CompetitorKeywordSeed
37203,東京 個別 指導 学院 支払い 方法,EXCLUDE,除外,,,,対象外,既存利用者,,既存利用者の手続き・ログイン・スケジュール,高,③B カテゴリ競合,東京個別指導学院,10,,,LOW,サービス探し（家庭教師・塾・支援） | 比較検討・料金・申込 | ブランド・指名検索 | 地域・近くで探す,KWP_CompetitorKeywordSeed
37265,東京 個別 指導 時間割,EXCLUDE,除外,,,,対象外,既存利用者,,既存利用者の手続き・ログイン・スケジュール,高,③B カテゴリ競合,東京個別指導学院,40,,,LOW,サービス探し（家庭教師・塾・支援） | ブランド・指名検索 | 地域・近くで探す | 一般の学校・学習情報（特性語なし）,KWP_CompetitorKeywordSeed
37307,東京 個別 指導 学院 スケジュール,EXCLUDE,除外,,,,対象外,既存利用者,,既存利用者の手続き・ログイン・スケジュール,高,③B カテゴリ競合,東京個別指導学院,10,,,LOW,サービス探し（家庭教師・塾・支援） | 学習のやり方・学習課題 | ブランド・指名検索 | 地域・近くで探す,KWP_CompetitorKeywordSeed
37398,東京 個別 指導 学院 時間割 知恵袋,EXCLUDE,除外,,,,対象外,既存利用者,,既存利用者の手続き・ログイン・スケジュール,高,③B カテゴリ競合,東京個別指導学院,20,,,LOW,サービス探し（家庭教師・塾・支援） | 比較検討・料金・申込 | ブランド・指名検索 | 地域・近くで探す | 一般の学校・学習情報（特性語なし）,KWP_CompetitorKeywordSeed
37551,東京 個別 指導 学院 振替,EXCLUDE,除外,,,,対象外,既存利用者,,既存利用者の手続き・ログイン・スケジュール,高,③B カテゴリ競合,東京個別指導学院,50,,,LOW,サービス探し（家庭教師・塾・支援） | 比較検討・料金・申込 | ブランド・指名検索 | 地域・近くで探す | 利用中・会員の手続き,KWP_CompetitorKeywordSeed
37623,東京 個別 振替,EXCLUDE,除外,,,,対象外,既存利用者,,既存利用者の手続き・ログイン・スケジュール,高,③B カテゴリ競合,東京個別指導学院,30,,,LOW,比較検討・料金・申込 | ブランド・指名検索 | 地域・近くで探す | 利用中・会員の手続き,KWP_CompetitorKeywordSeed
37739,東京 個別 指導 学院 会員 サイト,EXCLUDE,除外,,,,対象外,既存利用者,,既存利用者の手続き・ログイン・スケジュール,高,③B カテゴリ競合,東京個別指導学院,10,,,LOW,サービス探し（家庭教師・塾・支援） | ブランド・指名検索 | 地域・近くで探す,KWP_CompetitorKeywordSeed
37861,itto 時間割,EXCLUDE,除外,,,,対象外,既存利用者,,既存利用者の手続き・ログイン・スケジュール,高,④インテント,,40,,,LOW,ブランド・指名検索 | 一般の学校・学習情報（特性語なし）,KWP_CompetitorKeywordSeed || CompetitorMatrix
38052,itto 塾 時間割,EXCLUDE,除外,,,,対象外,既存利用者,,既存利用者の手続き・ログイン・スケジュール,高,③B カテゴリ競合,ITTO個別指導学院,10,,,LOW,サービス探し（家庭教師・塾・支援） | ブランド・指名検索 | 一般の学校・学習情報（特性語なし）,KWP_CompetitorKeywordSeed
38057,イットー 塾 時間割,EXCLUDE,除外,,,,対象外,既存利用者,,既存利用者の手続き・ログイン・スケジュール,高,③B カテゴリ競合,ITTO個別指導学院,50,,,LOW,サービス探し（家庭教師・塾・支援） | ブランド・指名検索 | 一般の学校・学習情報（特性語なし）,KWP_CompetitorKeywordSeed
39199,ナビ 個別 指導 学院 休み の 日,EXCLUDE,除外,,,,対象外,既存利用者,,既存利用者の手続き・ログイン・スケジュール,高,③B カテゴリ競合,ナビ個別指導学院,20,,,LOW,サービス探し（家庭教師・塾・支援） | ブランド・指名検索,KWP_CompetitorKeywordSeed
39373,ナビ 個別 指導 時間割,EXCLUDE,除外,,,,対象外,既存利用者,,既存利用者の手続き・ログイン・スケジュール,高,③B カテゴリ競合,ナビ個別指導学院,30,,,LOW,サービス探し（家庭教師・塾・支援） | ブランド・指名検索 | 一般の学校・学習情報（特性語なし）,KWP_CompetitorKeywordSeed
39376,ナビ 個別 時間割,EXCLUDE,除外,,,,対象外,既存利用者,,既存利用者の手続き・ログイン・スケジュール,高,③B カテゴリ競合,ナビ個別指導学院,50,,,LOW,ブランド・指名検索 | 一般の学校・学習情報（特性語なし）,KWP_CompetitorKeywordSeed
39469,個別 ナビ 時間割,EXCLUDE,除外,,,,対象外,既存利用者,,既存利用者の手続き・ログイン・スケジュール,高,④インテント,,30,73.0,299.0,LOW,一般の学校・学習情報（特性語なし）,KWP_CompetitorKeywordSeed
39484,ナビ 塾 時間割,EXCLUDE,除外,,,,対象外,既存利用者,,既存利用者の手続き・ログイン・スケジュール,高,②顕在,,50,53.0,142.0,LOW,サービス探し（家庭教師・塾・支援） | 一般の学校・学習情報（特性語なし）,KWP_CompetitorKeywordSeed
39683,栄光 ビザビ 時間割,EXCLUDE,除外,,,,対象外,既存利用者,,既存利用者の手続き・ログイン・スケジュール,高,③B カテゴリ競合,栄光の個別ビザビ,70,279.0,1045.0,LOW,ブランド・指名検索 | 一般の学校・学習情報（特性語なし）,KWP_CompetitorKeywordSeed
39687,栄光 の 個別 ビザビ 時間割,EXCLUDE,除外,,,,対象外,既存利用者,,既存利用者の手続き・ログイン・スケジュール,高,③B カテゴリ競合,栄光の個別ビザビ,30,,,LOW,ブランド・指名検索 | 一般の学校・学習情報（特性語なし）,KWP_CompetitorKeywordSeed
39699,ビザビ 時間割,EXCLUDE,除外,,,,対象外,既存利用者,,既存利用者の手続き・ログイン・スケジュール,高,③B カテゴリ競合,栄光の個別ビザビ,20,,,LOW,ブランド・指名検索 | 一般の学校・学習情報（特性語なし）,KWP_CompetitorKeywordSeed || CompetitorMatrix
40083,森 塾 時間割,EXCLUDE,除外,,,,対象外,既存利用者,,既存利用者の手続き・ログイン・スケジュール,高,③B カテゴリ競合,森塾,1600,,,LOW,サービス探し（家庭教師・塾・支援） | ブランド・指名検索 | 一般の学校・学習情報（特性語なし）,KWP_CompetitorKeywordSeed
40105,森 塾 夏期 講習 時間割,EXCLUDE,除外,,,,対象外,既存利用者,,既存利用者の手続き・ログイン・スケジュール,高,③B カテゴリ競合,森塾,210,174.0,386.0,LOW,サービス探し（家庭教師・塾・支援） | 学習のやり方・学習課題 | ブランド・指名検索 | 一般の学校・学習情報（特性語なし）,KWP_CompetitorKeywordSeed
40111,森 塾 時間割 中学生,EXCLUDE,除外,,,,対象外,既存利用者,,既存利用者の手続き・ログイン・スケジュール,高,③B カテゴリ競合,森塾,90,,,LOW,サービス探し（家庭教師・塾・支援） | ブランド・指名検索 | 一般の学校・学習情報（特性語なし）,KWP_CompetitorKeywordSeed
40136,森 塾 冬期 講習 時間割,EXCLUDE,除外,,,,対象外,既存利用者,,既存利用者の手続き・ログイン・スケジュール,高,③B カテゴリ競合,森塾,260,,,LOW,サービス探し（家庭教師・塾・支援） | 学習のやり方・学習課題 | ブランド・指名検索 | 一般の学校・学習情報（特性語なし）,KWP_CompetitorKeywordSeed
40160,森 塾 時間割 高校生,EXCLUDE,除外,,,,対象外,既存利用者,,既存利用者の手続き・ログイン・スケジュール,高,③B カテゴリ競合,森塾,20,,,LOW,サービス探し（家庭教師・塾・支援） | ブランド・指名検索 | 一般の学校・学習情報（特性語なし）,KWP_CompetitorKeywordSeed
40236,森 塾 中学生 時間割,EXCLUDE,除外,,,,対象外,既存利用者,,既存利用者の手続き・ログイン・スケジュール,高,③B カテゴリ競合,森塾,10,,,LOW,サービス探し（家庭教師・塾・支援） | ブランド・指名検索 | 一般の学校・学習情報（特性語なし）,KWP_CompetitorKeywordSeed
40244,森 塾 時間割 小学生,EXCLUDE,除外,,,,対象外,既存利用者,,既存利用者の手続き・ログイン・スケジュール,高,③B カテゴリ競合,森塾,30,,,LOW,サービス探し（家庭教師・塾・支援） | ブランド・指名検索 | 一般の学校・学習情報（特性語なし）,KWP_CompetitorKeywordSeed
40257,森 塾 授業 時間割,EXCLUDE,除外,,,,対象外,既存利用者,,既存利用者の手続き・ログイン・スケジュール,高,③B カテゴリ競合,森塾,50,,,LOW,サービス探し（家庭教師・塾・支援） | 学習のやり方・学習課題 | ブランド・指名検索 | 一般の学校・学習情報（特性語なし）,KWP_CompetitorKeywordSeed
40275,森 塾 時間割 休日,EXCLUDE,除外,,,,対象外,既存利用者,,既存利用者の手続き・ログイン・スケジュール,高,③B カテゴリ競合,森塾,40,,,LOW,サービス探し（家庭教師・塾・支援） | ブランド・指名検索 | 一般の学校・学習情報（特性語なし）,KWP_CompetitorKeywordSeed
40439,森 塾 時間割 平日 中学生,EXCLUDE,除外,,,,対象外,既存利用者,,既存利用者の手続き・ログイン・スケジュール,高,③B カテゴリ競合,森塾,70,,,LOW,サービス探し（家庭教師・塾・支援） | ブランド・指名検索 | 一般の学校・学習情報（特性語なし）,KWP_CompetitorKeywordSeed
40846,武田 塾 時間割,EXCLUDE,除外,,,,対象外,既存利用者,,既存利用者の手続き・ログイン・スケジュール,高,③B カテゴリ競合,武田塾,110,102.0,297.0,LOW,サービス探し（家庭教師・塾・支援） | ブランド・指名検索 | 一般の学校・学習情報（特性語なし）,KWP_CompetitorKeywordSeed
40957,武田 塾 祝日,EXCLUDE,除外,,,,対象外,既存利用者,,既存利用者の手続き・ログイン・スケジュール,高,③B カテゴリ競合,武田塾,40,,,LOW,サービス探し（家庭教師・塾・支援） | ブランド・指名検索,KWP_CompetitorKeywordSeed
41158,武田 塾 引き落とし 日,EXCLUDE,除外,,,,対象外,既存利用者,,既存利用者の手続き・ログイン・スケジュール,高,③B カテゴリ競合,武田塾,20,,,LOW,サービス探し（家庭教師・塾・支援） | ブランド・指名検索,KWP_CompetitorKeywordSeed
41777,京 進 スクール ワン 振替,EXCLUDE,除外,,,,対象外,既存利用者,,既存利用者の手続き・ログイン・スケジュール,高,③B カテゴリ競合,京進スクール・ワン,10,,,LOW,比較検討・料金・申込 | ブランド・指名検索 | 利用中・会員の手続き,KWP_CompetitorKeywordSeed
42990,リタ リコ ジュニア 時間割,EXCLUDE,除外,,,,対象外,既存利用者,,既存利用者の手続き・ログイン・スケジュール,高,④インテント,LITALICOジュニア,10,,,LOW,ブランド・指名検索 | 一般の学校・学習情報（特性語なし）,KWP_CompetitorKeywordSeed
43891,コペル プラス 時間割,EXCLUDE,除外,,,,対象外,既存利用者,,既存利用者の手続き・ログイン・スケジュール,高,④インテント,コペルプラス,30,236.0,2915.0,LOW,ブランド・指名検索 | 一般の学校・学習情報（特性語なし）,KWP_CompetitorKeywordSeed
47805,明光義塾 時間割,EXCLUDE,除外,,,,対象外,既存利用者,,既存利用者の手続き・ログイン・スケジュール,高,③B カテゴリ競合,個別指導の明光義塾,1000,102.0,422.0,LOW,サービス探し（家庭教師・塾・支援） | ブランド・指名検索 | 一般の学校・学習情報（特性語なし）,Google_competitor_suggest || CompetitorMatrix
47843,東京個別指導学院 時間割,EXCLUDE,除外,,,,対象外,既存利用者,,既存利用者の手続き・ログイン・スケジュール,高,③B カテゴリ競合,東京個別指導学院,590,,,LOW,サービス探し（家庭教師・塾・支援） | ブランド・指名検索 | 地域・近くで探す | 一般の学校・学習情報（特性語なし）,Google_competitor_suggest || CompetitorMatrix
47927,スクールie 時間割,EXCLUDE,除外,,,,対象外,既存利用者,,既存利用者の手続き・ログイン・スケジュール,高,③B カテゴリ競合,スクールIE,390,104.0,451.0,LOW,ブランド・指名検索 | 一般の学校・学習情報（特性語なし）,Google_competitor_suggest || CompetitorMatrix
47963,ナビ個別指導学院 時間割,EXCLUDE,除外,,,,対象外,既存利用者,,既存利用者の手続き・ログイン・スケジュール,高,③B カテゴリ競合,ナビ個別指導学院,390,115.0,427.0,LOW,サービス探し（家庭教師・塾・支援） | ブランド・指名検索 | 一般の学校・学習情報（特性語なし）,Google_competitor_suggest || CompetitorMatrix
48001,アクシス 塾 時間割,EXCLUDE,除外,,,,対象外,既存利用者,,既存利用者の手続き・ログイン・スケジュール,高,③B カテゴリ競合,個別指導Axis,20,,,LOW,サービス探し（家庭教師・塾・支援） | ブランド・指名検索 | 一般の学校・学習情報（特性語なし）,Google_competitor_suggest || CompetitorMatrix
48012,森塾 時間割,EXCLUDE,除外,,,,対象外,既存利用者,,既存利用者の手続き・ログイン・スケジュール,高,③B カテゴリ競合,森塾,1600,,,LOW,サービス探し（家庭教師・塾・支援） | ブランド・指名検索 | 一般の学校・学習情報（特性語なし）,Google_competitor_suggest || CompetitorMatrix
48017,森塾 夏期講習 時間割,EXCLUDE,除外,,,,対象外,既存利用者,,既存利用者の手続き・ログイン・スケジュール,高,③B カテゴリ競合,森塾,210,174.0,386.0,LOW,サービス探し（家庭教師・塾・支援） | 学習のやり方・学習課題 | ブランド・指名検索 | 一般の学校・学習情報（特性語なし）,Google_competitor_suggest
48040,トーマス 塾 時間割,EXCLUDE,除外,,,,対象外,既存利用者,,既存利用者の手続き・ログイン・スケジュール,高,③B カテゴリ競合,TOMAS,170,,,LOW,サービス探し（家庭教師・塾・支援） | ブランド・指名検索 | 一般の学校・学習情報（特性語なし）,Google_competitor_suggest || CompetitorMatrix
68024,家庭教師のトライ 時間割,EXCLUDE,除外,,,,対象外,既存利用者,,既存利用者の手続き・ログイン・スケジュール,高,③B カテゴリ競合,家庭教師のトライ,10,,,LOW,サービス探し（家庭教師・塾・支援） | ブランド・指名検索 | 一般の学校・学習情報（特性語なし）,CompetitorMatrix
68035,個別教室のトライ 時間割,EXCLUDE,除外,,,,対象外,既存利用者,,既存利用者の手続き・ログイン・スケジュール,高,③B カテゴリ競合,個別教室のトライ,70,,,LOW,ブランド・指名検索 | 一般の学校・学習情報（特性語なし）,CompetitorMatrix
68073,トライ式高等学院 時間割,EXCLUDE,除外,,,,対象外,既存利用者,,既存利用者の手続き・ログイン・スケジュール,高,④インテント,トライ式高等学院,30,,,LOW,ブランド・指名検索 | 一般の学校・学習情報（特性語なし）,CompetitorMatrix
68118,トライプラス 時間割,EXCLUDE,除外,,,,対象外,既存利用者,,既存利用者の手続き・ログイン・スケジュール,高,③B カテゴリ競合,個別指導塾トライプラス,170,,,LOW,ブランド・指名検索 | 一般の学校・学習情報（特性語なし）,CompetitorMatrix
68196,東京個別 時間割,EXCLUDE,除外,,,,対象外,既存利用者,,既存利用者の手続き・ログイン・スケジュール,高,③B カテゴリ競合,東京個別指導学院,320,,,LOW,ブランド・指名検索 | 地域・近くで探す | 一般の学校・学習情報（特性語なし）,CompetitorMatrix
68228,ナビ個別 時間割,EXCLUDE,除外,,,,対象外,既存利用者,,既存利用者の手続き・ログイン・スケジュール,高,③B カテゴリ競合,ナビ個別指導学院,50,,,LOW,ブランド・指名検索 | 一般の学校・学習情報（特性語なし）,CompetitorMatrix
68237,栄光ビザビ 時間割,EXCLUDE,除外,,,,対象外,既存利用者,,既存利用者の手続き・ログイン・スケジュール,高,③B カテゴリ競合,栄光の個別ビザビ,70,279.0,1045.0,LOW,ブランド・指名検索 | 一般の学校・学習情報（特性語なし）,CompetitorMatrix
68242,axis 個別指導 時間割,EXCLUDE,除外,,,,対象外,既存利用者,,既存利用者の手続き・ログイン・スケジュール,高,③B カテゴリ競合,個別指導Axis,10,,,LOW,サービス探し（家庭教師・塾・支援） | ブランド・指名検索 | 一般の学校・学習情報（特性語なし）,CompetitorMatrix
68259,tomas 時間割,EXCLUDE,除外,,,,対象外,既存利用者,,既存利用者の手続き・ログイン・スケジュール,高,③B カテゴリ競合,TOMAS,1300,,,LOW,ブランド・指名検索 | 一般の学校・学習情報（特性語なし）,CompetitorMatrix
68269,武田塾 時間割,EXCLUDE,除外,,,,対象外,既存利用者,,既存利用者の手続き・ログイン・スケジュール,高,③B カテゴリ競合,武田塾,110,102.0,297.0,LOW,サービス探し（家庭教師・塾・支援） | ブランド・指名検索 | 一般の学校・学習情報（特性語なし）,CompetitorMatrix
68281,フリーステップ 時間割,EXCLUDE,除外,,,,対象外,既存利用者,,既存利用者の手続き・ログイン・スケジュール,高,③B カテゴリ競合,フリーステップ,590,145.0,237.0,LOW,ブランド・指名検索 | 一般の学校・学習情報（特性語なし）,CompetitorMatrix
68290,京進スクールワン 時間割,EXCLUDE,除外,,,,対象外,既存利用者,,既存利用者の手続き・ログイン・スケジュール,高,③B カテゴリ競合,京進スクール・ワン,40,,,LOW,ブランド・指名検索 | 一般の学校・学習情報（特性語なし）,CompetitorMatrix
68312,リタリコジュニア 時間割,EXCLUDE,除外,,,,対象外,既存利用者,,既存利用者の手続き・ログイン・スケジュール,高,④インテント,LITALICOジュニア,10,,,LOW,ブランド・指名検索 | 一般の学校・学習情報（特性語なし）,CompetitorMatrix
68320,コペルプラス 時間割,EXCLUDE,除外,,,,対象外,既存利用者,,既存利用者の手続き・ログイン・スケジュール,高,④インテント,コペルプラス,30,236.0,2915.0,LOW,ブランド・指名検索 | 一般の学校・学習情報（特性語なし）,CompetitorMatrix
68337,進研ゼミ 時間割,EXCLUDE,除外,,,,対象外,既存利用者,,既存利用者の手続き・ログイン・スケジュール,高,④インテント,進研ゼミ,10,,,UNSPECIFIED,ブランド・指名検索 | 一般の学校・学習情報（特性語なし）,CompetitorMatrix
68349,スマイルゼミ 時間割,EXCLUDE,除外,,,,対象外,既存利用者,,既存利用者の手続き・ログイン・スケジュール,高,④インテント,スマイルゼミ,10,,,UNSPECIFIED,ブランド・指名検索 | 一般の学校・学習情報（特性語なし）,CompetitorMatrix
68360,z会 時間割,EXCLUDE,除外,,,,対象外,既存利用者,,既存利用者の手続き・ログイン・スケジュール,高,④インテント,Z会,30,,,LOW,ブランド・指名検索 | 一般の学校・学習情報（特性語なし）,CompetitorMatrix
68373,スタディサプリ 時間割,EXCLUDE,除外,,,,対象外,既存利用者,,既存利用者の手続き・ログイン・スケジュール,高,④インテント,スタディサプリ,10,,,LOW,ブランド・指名検索 | 一般の学校・学習情報（特性語なし）,CompetitorMatrix
68397,公文 時間割,EXCLUDE,除外,,,,対象外,既存利用者,,既存利用者の手続き・ログイン・スケジュール,高,④インテント,公文式,30,,,LOW,ブランド・指名検索 | 一般の学校・学習情報（特性語なし）,CompetitorMatrix
68408,くもん 時間割,EXCLUDE,除外,,,,対象外,既存利用者,,既存利用者の手続き・ログイン・スケジュール,高,④インテント,公文式,30,,,LOW,ブランド・指名検索 | 一般の学校・学習情報（特性語なし）,CompetitorMatrix
3826,自 閉 症 定義 文部 科学 省,EXCLUDE,除外,,,,対象外,研究・学生,,研究・論文・語義確認,中,④インテント,,10,,,LOW,特性そのものを調べる（とは・特徴・チェック）,KWP_KeywordSeed
5579,境界 知能 定義,EXCLUDE,除外,,,,対象外,研究・学生,,研究・論文・語義確認,中,④インテント,,50,,,LOW,特性そのものを調べる（とは・特徴・チェック）,KWP_KeywordSeed
6720,nsg 教育 研究 会,EXCLUDE,除外,,,,対象外,研究・学生,,研究・論文・語義確認,中,④インテント,,720,150.0,427.0,LOW,未分類,KWP_KeywordSeed
11760,信 学会 模試,EXCLUDE,除外,,,,対象外,研究・学生,,研究・論文・語義確認,中,④インテント,,880,39.0,59.0,LOW,学習のやり方・学習課題,KWP_KeywordSeed
12028,新 研究 高校 受験,EXCLUDE,除外,,,,対象外,研究・学生,,研究・論文・語義確認,中,④インテント,,70,,,LOW,受験・進路,KWP_KeywordSeed
13089,ギフテッド の 定義,EXCLUDE,除外,,,,対象外,研究・学生,,研究・論文・語義確認,中,④インテント,,40,,,LOW,特性そのものを調べる（とは・特徴・チェック）,KWP_KeywordSeed
13104,ギフテッド 定義,EXCLUDE,除外,,,,対象外,研究・学生,,研究・論文・語義確認,中,④インテント,,320,,,LOW,特性そのものを調べる（とは・特徴・チェック）,KWP_KeywordSeed || KWP_UrlSeed
14214,定義 発達,EXCLUDE,除外,,,,対象外,研究・学生,,研究・論文・語義確認,中,④インテント,,30,427.0,3149.0,LOW,特性そのものを調べる（とは・特徴・チェック）,KWP_UrlSeed
14257,ld 定義,EXCLUDE,除外,,,,対象外,研究・学生,,研究・論文・語義確認,中,④インテント,,40,,,LOW,特性そのものを調べる（とは・特徴・チェック）,KWP_UrlSeed
14493,adhd 定義,EXCLUDE,除外,,,,対象外,研究・学生,,研究・論文・語義確認,中,④インテント,,210,,,LOW,特性そのものを調べる（とは・特徴・チェック）,KWP_UrlSeed
14709,塾 定義,EXCLUDE,除外,,,,対象外,研究・学生,,研究・論文・語義確認,中,②顕在,,40,,,LOW,サービス探し（家庭教師・塾・支援） | 特性そのものを調べる（とは・特徴・チェック）,KWP_UrlSeed
14999,定義 塾,EXCLUDE,除外,,,,対象外,研究・学生,,研究・論文・語義確認,中,②顕在,,10,554.0,1501.0,LOW,サービス探し（家庭教師・塾・支援） | 特性そのものを調べる（とは・特徴・チェック）,KWP_UrlSeed
15842,adhd 文献,EXCLUDE,除外,,,,対象外,研究・学生,,研究・論文・語義確認,中,④インテント,,10,,,LOW,特性そのものを調べる（とは・特徴・チェック）,KWP_UrlSeed
16192,アスペルガー 定義,EXCLUDE,除外,,,,対象外,研究・学生,,研究・論文・語義確認,中,④インテント,,20,,,LOW,特性そのものを調べる（とは・特徴・チェック）,KWP_UrlSeed
16194,asd 定義,EXCLUDE,除外,,,,対象外,研究・学生,,研究・論文・語義確認,中,④インテント,,90,,,LOW,特性そのものを調べる（とは・特徴・チェック）,KWP_UrlSeed
16271,病気 研究,EXCLUDE,除外,,,,対象外,研究・学生,,研究・論文・語義確認,中,④インテント,,10,,,LOW,未分類,KWP_UrlSeed
16274,大学 研究,EXCLUDE,除外,,,,対象外,研究・学生,,研究・論文・語義確認,中,④インテント,,480,,,LOW,受験・進路 | ブランド・指名検索,KWP_UrlSeed
16845,受験生 定義,EXCLUDE,除外,,,,対象外,研究・学生,,研究・論文・語義確認,中,④インテント,,30,,,LOW,受験・進路 | 特性そのものを調べる（とは・特徴・チェック）,KWP_UrlSeed
16934,予備校 定義,EXCLUDE,除外,,,,対象外,研究・学生,,研究・論文・語義確認,中,②顕在,,20,,,LOW,受験・進路 | 特性そのものを調べる（とは・特徴・チェック）,KWP_UrlSeed
17424,iq 研究,EXCLUDE,除外,,,,対象外,研究・学生,,研究・論文・語義確認,中,④インテント,,10,,,LOW,特性そのものを調べる（とは・特徴・チェック）,KWP_UrlSeed
18021,発達 障害 療育 研究 所,EXCLUDE,除外,,,,対象外,研究・学生,,研究・論文・語義確認,中,④インテント,,10,,,LOW,療育・福祉・居場所,KWP_UrlSeed
18126,adhd 研究,EXCLUDE,除外,,,,対象外,研究・学生,,研究・論文・語義確認,中,④インテント,,70,,,LOW,特性そのものを調べる（とは・特徴・チェック）,KWP_UrlSeed
18195,定義 受け,EXCLUDE,除外,,,,対象外,研究・学生,,研究・論文・語義確認,中,④インテント,,390,205.0,632.0,LOW,特性そのものを調べる（とは・特徴・チェック）,KWP_UrlSeed
18197,定義 相談,EXCLUDE,除外,,,,対象外,研究・学生,,研究・論文・語義確認,中,④インテント,,720,,,LOW,比較検討・料金・申込 | 特性そのものを調べる（とは・特徴・チェック）,KWP_UrlSeed
18198,定義 て,EXCLUDE,除外,,,,対象外,研究・学生,,研究・論文・語義確認,中,④インテント,,320,,,LOW,特性そのものを調べる（とは・特徴・チェック）,KWP_UrlSeed
18201,封筒 英訳,EXCLUDE,除外,,,,対象外,研究・学生,,研究・論文・語義確認,中,④インテント,,20,,,LOW,未分類,KWP_UrlSeed
18386,勉強 英語 で 書く と,EXCLUDE,除外,,,,対象外,研究・学生,,研究・論文・語義確認,中,④インテント,,140,,,LOW,学習のやり方・学習課題,KWP_UrlSeed
18520,学校 を 英語 で 発音,EXCLUDE,除外,,,,対象外,研究・学生,,研究・論文・語義確認,中,④インテント,,20,,,LOW,学習のやり方・学習課題,KWP_UrlSeed
18613,英 語源,EXCLUDE,除外,,,,対象外,研究・学生,,研究・論文・語義確認,中,④インテント,,20,,,LOW,学習のやり方・学習課題,KWP_UrlSeed
18629,英語 単語 語源,EXCLUDE,除外,,,,対象外,研究・学生,,研究・論文・語義確認,中,④インテント,,50,,,LOW,学習のやり方・学習課題,KWP_UrlSeed
18641,語源 単語,EXCLUDE,除外,,,,対象外,研究・学生,,研究・論文・語義確認,中,④インテント,,10,,,LOW,未分類,KWP_UrlSeed
18645,単語 語源,EXCLUDE,除外,,,,対象外,研究・学生,,研究・論文・語義確認,中,④インテント,,70,,,LOW,未分類,KWP_UrlSeed
18837,学習 英訳,EXCLUDE,除外,,,,対象外,研究・学生,,研究・論文・語義確認,中,④インテント,,10,,,LOW,未分類,KWP_UrlSeed
19735,数学 研究 中学生,EXCLUDE,除外,,,,対象外,研究・学生,,研究・論文・語義確認,中,④インテント,,20,,,LOW,学習のやり方・学習課題 | ブランド・指名検索,KWP_UrlSeed
19755,数学 研究,EXCLUDE,除外,,,,対象外,研究・学生,,研究・論文・語義確認,中,④インテント,,390,,,LOW,学習のやり方・学習課題 | ブランド・指名検索,KWP_UrlSeed
20382,定義 高校,EXCLUDE,除外,,,,対象外,研究・学生,,研究・論文・語義確認,中,④インテント,,110,,,LOW,特性そのものを調べる（とは・特徴・チェック）,KWP_UrlSeed
21961,算数 研究 小学校,EXCLUDE,除外,,,,対象外,研究・学生,,研究・論文・語義確認,中,④インテント,,20,,,LOW,学習のやり方・学習課題,KWP_UrlSeed
22868,手話 研究,EXCLUDE,除外,,,,対象外,研究・学生,,研究・論文・語義確認,中,④インテント,,110,,,LOW,未分類,KWP_UrlSeed
22870,研究 手話,EXCLUDE,除外,,,,対象外,研究・学生,,研究・論文・語義確認,中,④インテント,,140,,,LOW,未分類,KWP_UrlSeed
22881,インクルーシブ 定義,EXCLUDE,除外,,,,対象外,研究・学生,,研究・論文・語義確認,中,④インテント,,20,,,LOW,学校生活・不登校・学校種別 | 特性そのものを調べる（とは・特徴・チェック）,KWP_UrlSeed
23221,研究 おすすめ,EXCLUDE,除外,,,,対象外,研究・学生,,研究・論文・語義確認,中,④インテント,,10,,,LOW,比較検討・料金・申込,KWP_UrlSeed
23224,研究 中学生,EXCLUDE,除外,,,,対象外,研究・学生,,研究・論文・語義確認,中,④インテント,,20,,,LOW,未分類,KWP_UrlSeed || KWP_SiteSeed
23225,研究 高校生,EXCLUDE,除外,,,,対象外,研究・学生,,研究・論文・語義確認,中,④インテント,,40,,,LOW,未分類,KWP_UrlSeed
23226,中学生 研究,EXCLUDE,除外,,,,対象外,研究・学生,,研究・論文・語義確認,中,④インテント,,40,,,LOW,未分類,KWP_UrlSeed || KWP_SiteSeed
23247,高校 研究,EXCLUDE,除外,,,,対象外,研究・学生,,研究・論文・語義確認,中,④インテント,,40,,,LOW,未分類,KWP_UrlSeed
23248,高校生 研究,EXCLUDE,除外,,,,対象外,研究・学生,,研究・論文・語義確認,中,④インテント,,140,,,LOW,未分類,KWP_UrlSeed
24104,医療 英訳,EXCLUDE,除外,,,,対象外,研究・学生,,研究・論文・語義確認,中,④インテント,,20,,,LOW,未分類,KWP_UrlSeed
24112,定義 ながら,EXCLUDE,除外,,,,対象外,研究・学生,,研究・論文・語義確認,中,④インテント,,110,,,LOW,特性そのものを調べる（とは・特徴・チェック）,KWP_UrlSeed
24113,定義 事業,EXCLUDE,除外,,,,対象外,研究・学生,,研究・論文・語義確認,中,④インテント,,170,555.0,1454.0,LOW,特性そのものを調べる（とは・特徴・チェック）,KWP_UrlSeed
24114,定義 特徴,EXCLUDE,除外,,,,対象外,研究・学生,,研究・論文・語義確認,中,④インテント,,590,,,LOW,特性そのものを調べる（とは・特徴・チェック）,KWP_UrlSeed
24115,工事 英訳,EXCLUDE,除外,,,,対象外,研究・学生,,研究・論文・語義確認,中,④インテント,,20,,,LOW,未分類,KWP_UrlSeed
24122,定義 ます,EXCLUDE,除外,,,,対象外,研究・学生,,研究・論文・語義確認,中,④インテント,,320,,,LOW,特性そのものを調べる（とは・特徴・チェック）,KWP_UrlSeed
24264,ai 研究,EXCLUDE,除外,,,,対象外,研究・学生,,研究・論文・語義確認,中,④インテント,,480,150.0,366.0,LOW,教材・通信教育,KWP_UrlSeed
24270,研究 ai,EXCLUDE,除外,,,,対象外,研究・学生,,研究・論文・語義確認,中,④インテント,,170,145.0,658.0,LOW,教材・通信教育,KWP_UrlSeed
24392,定義 ブログ,EXCLUDE,除外,,,,対象外,研究・学生,,研究・論文・語義確認,中,④インテント,,480,,,LOW,比較検討・料金・申込 | 特性そのものを調べる（とは・特徴・チェック）,KWP_UrlSeed
24581,英訳 動画,EXCLUDE,除外,,,,対象外,研究・学生,,研究・論文・語義確認,中,④インテント,,70,,,LOW,未分類,KWP_UrlSeed
24606,問い合わせ 英訳,EXCLUDE,除外,,,,対象外,研究・学生,,研究・論文・語義確認,中,④インテント,,20,,,LOW,比較検討・料金・申込,KWP_UrlSeed
24995,予約 英訳,EXCLUDE,除外,,,,対象外,研究・学生,,研究・論文・語義確認,中,④インテント,,40,,,LOW,未分類,KWP_UrlSeed
28462,中学 研究,EXCLUDE,除外,,,,対象外,研究・学生,,研究・論文・語義確認,中,④インテント,,10,,,LOW,ブランド・指名検索,KWP_SiteSeed
28463,中学 研究 テーマ,EXCLUDE,除外,,,,対象外,研究・学生,,研究・論文・語義確認,中,④インテント,,10,,,LOW,ブランド・指名検索,KWP_SiteSeed
28495,中学生 夏休み 研究,EXCLUDE,除外,,,,対象外,研究・学生,,研究・論文・語義確認,中,④インテント,,40,,,LOW,未分類,KWP_SiteSeed
28502,中学生 研究 理科,EXCLUDE,除外,,,,対象外,研究・学生,,研究・論文・語義確認,中,④インテント,,10,,,LOW,学習のやり方・学習課題,KWP_SiteSeed
28627,夏休み 研究,EXCLUDE,除外,,,,対象外,研究・学生,,研究・論文・語義確認,中,④インテント,,210,77.0,107.0,LOW,未分類,KWP_SiteSeed
28684,小学校 夏休み 研究,EXCLUDE,除外,,,,対象外,研究・学生,,研究・論文・語義確認,中,④インテント,,10,,,LOW,未分類,KWP_SiteSeed
28927,研究 夏休み,EXCLUDE,除外,,,,対象外,研究・学生,,研究・論文・語義確認,中,④インテント,,210,77.0,107.0,LOW,未分類,KWP_SiteSeed
29694,adhd 統計,EXCLUDE,除外,,,,対象外,研究・学生,,研究・論文・語義確認,中,④インテント,,10,,,LOW,特性そのものを調べる（とは・特徴・チェック）,KWP_SiteSeed
29769,療育 定義,EXCLUDE,除外,,,,対象外,研究・学生,,研究・論文・語義確認,中,④インテント,,70,,,LOW,療育・福祉・居場所 | 特性そのものを調べる（とは・特徴・チェック）,KWP_SiteSeed
47282,日本書道教育学会 通信教育 口コミ,EXCLUDE,除外,,,,対象外,研究・学生,,研究・論文・語義確認,中,②顕在,,30,,,LOW,比較検討・料金・申込 | 教材・通信教育,Google_suggest
33047,サクシード 新車 価格,EXCLUDE,除外,,,,対象外,不明,,競合別名の別業種誤爆,高,④インテント,,70,,,LOW,比較検討・料金・申込 | ブランド・指名検索,KWP_CompetitorKeywordSeed
48182,ベストワン 評判 通販,EXCLUDE,除外,,,,対象外,不明,,競合別名の別業種誤爆,高,④インテント,,70,,,LOW,比較検討・料金・申込 | ブランド・指名検索,Google_competitor_suggest
3452,トーマス 指導 料,EXCLUDE,除外,,,,対象外,不明,,競合別名の別業種誤爆（教育語なし）,中,④インテント,,10,,,LOW,ブランド・指名検索,KWP_KeywordSeed || KWP_CompetitorKeywordSeed
6213,トライ ハイジ,EXCLUDE,除外,,,,対象外,不明,,競合別名の別業種誤爆（教育語なし）,中,④インテント,,320,,,LOW,ブランド・指名検索,KWP_KeywordSeed || KWP_CompetitorKeywordSeed
6219,ハイジ トライ,EXCLUDE,除外,,,,対象外,不明,,競合別名の別業種誤爆（教育語なし）,中,④インテント,,320,,,LOW,ブランド・指名検索,KWP_KeywordSeed || KWP_CompetitorKeywordSeed
7777,ベスト ワン ecc,EXCLUDE,除外,,,,対象外,不明,,競合別名の別業種誤爆（教育語なし）,中,④インテント,,1000,188.0,564.0,LOW,ブランド・指名検索,KWP_KeywordSeed || KWP_CompetitorKeywordSeed
7936,ベスト ワン 門戸 厄神,EXCLUDE,除外,,,,対象外,不明,,競合別名の別業種誤爆（教育語なし）,中,④インテント,,10,,,LOW,ブランド・指名検索,KWP_KeywordSeed
7952,イーシー シー ベスト ワン,EXCLUDE,除外,,,,対象外,不明,,競合別名の別業種誤爆（教育語なし）,中,④インテント,,30,,,LOW,ブランド・指名検索,KWP_KeywordSeed || KWP_CompetitorKeywordSeed
17687,あすなろ 電話,EXCLUDE,除外,,,,対象外,不明,,競合別名の別業種誤爆（教育語なし）,中,④インテント,,20,,,LOW,ブランド・指名検索,KWP_UrlSeed
17692,あすなろ 新潟,EXCLUDE,除外,,,,対象外,不明,,競合別名の別業種誤爆（教育語なし）,中,④インテント,,20,,,LOW,ブランド・指名検索,KWP_UrlSeed
20474,サクシード 電話,EXCLUDE,除外,,,,対象外,不明,,競合別名の別業種誤爆（教育語なし）,中,④インテント,,10,,,LOW,ブランド・指名検索,KWP_UrlSeed
20484,サクシード 徳島,EXCLUDE,除外,,,,対象外,不明,,競合別名の別業種誤爆（教育語なし）,中,④インテント,,20,,,LOW,ブランド・指名検索,KWP_UrlSeed
20493,サクシード 会社,EXCLUDE,除外,,,,対象外,不明,,競合別名の別業種誤爆（教育語なし）,中,④インテント,,110,,,LOW,ブランド・指名検索,KWP_UrlSeed || KWP_CompetitorKeywordSeed
20503,サクシード 登録,EXCLUDE,除外,,,,対象外,不明,,競合別名の別業種誤爆（教育語なし）,中,④インテント,,10,142.0,516.0,MEDIUM,ブランド・指名検索,KWP_UrlSeed
20504,サクシード 回答,EXCLUDE,除外,,,,対象外,不明,,競合別名の別業種誤爆（教育語なし）,中,④インテント,,20,,,LOW,ブランド・指名検索,KWP_UrlSeed
20507,サクシード 紹介,EXCLUDE,除外,,,,対象外,不明,,競合別名の別業種誤爆（教育語なし）,中,④インテント,,10,,,LOW,ブランド・指名検索,KWP_UrlSeed
21300,あすなろ ホームページ,EXCLUDE,除外,,,,対象外,不明,,競合別名の別業種誤爆（教育語なし）,中,④インテント,,50,,,LOW,ブランド・指名検索,KWP_UrlSeed || CompetitorMatrix
21314,あすなろ 名取,EXCLUDE,除外,,,,対象外,不明,,競合別名の別業種誤爆（教育語なし）,中,④インテント,,20,102.0,383.0,MEDIUM,ブランド・指名検索,KWP_UrlSeed
30779,let's try 文部 科学 省,EXCLUDE,除外,,,,対象外,不明,,競合別名の別業種誤爆（教育語なし）,中,④インテント,,30,,,LOW,未分類,KWP_CompetitorKeywordSeed
30785,トライ & トライ,EXCLUDE,除外,,,,対象外,不明,,競合別名の別業種誤爆（教育語なし）,中,④インテント,,140,,,LOW,ブランド・指名検索,KWP_CompetitorKeywordSeed
30786,トライ っ と,EXCLUDE,除外,,,,対象外,不明,,競合別名の別業種誤爆（教育語なし）,中,④インテント,,390,,,LOW,ブランド・指名検索,KWP_CompetitorKeywordSeed
30806,学 宝 社 トライ & トライ,EXCLUDE,除外,,,,対象外,不明,,競合別名の別業種誤爆（教育語なし）,中,④インテント,,50,,,LOW,ブランド・指名検索,KWP_CompetitorKeywordSeed
30810,文部 科学 省 let's try,EXCLUDE,除外,,,,対象外,不明,,競合別名の別業種誤爆（教育語なし）,中,④インテント,,50,,,LOW,未分類,KWP_CompetitorKeywordSeed
31274,ハイジ トライ さん,EXCLUDE,除外,,,,対象外,不明,,競合別名の別業種誤爆（教育語なし）,中,④インテント,,50,,,LOW,ブランド・指名検索,KWP_CompetitorKeywordSeed
32180,あすなろ,EXCLUDE,除外,,,,対象外,不明,,競合別名の別業種誤爆（教育語なし）,中,④インテント,,60500,146.0,992.0,LOW,ブランド・指名検索,KWP_CompetitorKeywordSeed || Google_competitor_suggest
32181,あすなろ 園,EXCLUDE,除外,,,,対象外,不明,,競合別名の別業種誤爆（教育語なし）,中,④インテント,,3600,,,LOW,ブランド・指名検索,KWP_CompetitorKeywordSeed
32182,あすなろ の 郷 浦和,EXCLUDE,除外,,,,対象外,不明,,競合別名の別業種誤爆（教育語なし）,中,④インテント,,1000,,,LOW,ブランド・指名検索,KWP_CompetitorKeywordSeed
32184,あすなろ 青葉,EXCLUDE,除外,,,,対象外,不明,,競合別名の別業種誤爆（教育語なし）,中,④インテント,,390,24.0,115.0,LOW,ブランド・指名検索,KWP_CompetitorKeywordSeed
32185,あさか あすなろ 荘,EXCLUDE,除外,,,,対象外,不明,,競合別名の別業種誤爆（教育語なし）,中,④インテント,,480,,,LOW,ブランド・指名検索,KWP_CompetitorKeywordSeed
32186,あすなろ max,EXCLUDE,除外,,,,対象外,不明,,競合別名の別業種誤爆（教育語なし）,中,④インテント,,20,,,LOW,ブランド・指名検索,KWP_CompetitorKeywordSeed
32187,あすなろ の 家,EXCLUDE,除外,,,,対象外,不明,,競合別名の別業種誤爆（教育語なし）,中,④インテント,,1300,,,LOW,ブランド・指名検索,KWP_CompetitorKeywordSeed
32188,あすなろ の 樹,EXCLUDE,除外,,,,対象外,不明,,競合別名の別業種誤爆（教育語なし）,中,④インテント,,20,,,LOW,ブランド・指名検索,KWP_CompetitorKeywordSeed
32189,あすなろ の 郷,EXCLUDE,除外,,,,対象外,不明,,競合別名の別業種誤爆（教育語なし）,中,④インテント,,1900,,,LOW,ブランド・指名検索,KWP_CompetitorKeywordSeed
32191,あすなろ みんなの 家,EXCLUDE,除外,,,,対象外,不明,,競合別名の別業種誤爆（教育語なし）,中,④インテント,,110,,,LOW,ブランド・指名検索,KWP_CompetitorKeywordSeed
32194,あすなろ ケア プラン,EXCLUDE,除外,,,,対象外,不明,,競合別名の別業種誤爆（教育語なし）,中,④インテント,,140,,,LOW,ブランド・指名検索,KWP_CompetitorKeywordSeed
32195,あすなろ ショートステイ,EXCLUDE,除外,,,,対象外,不明,,競合別名の別業種誤爆（教育語なし）,中,④インテント,,110,,,LOW,ブランド・指名検索,KWP_CompetitorKeywordSeed
32196,あすなろ ホーム,EXCLUDE,除外,,,,対象外,不明,,競合別名の別業種誤爆（教育語なし）,中,④インテント,,390,,,LOW,ブランド・指名検索,KWP_CompetitorKeywordSeed
32197,あすなろ ホーム 庄和,EXCLUDE,除外,,,,対象外,不明,,競合別名の別業種誤爆（教育語なし）,中,④インテント,,170,,,LOW,ブランド・指名検索,KWP_CompetitorKeywordSeed
32198,あすなろ ホーム 浦和,EXCLUDE,除外,,,,対象外,不明,,競合別名の別業種誤爆（教育語なし）,中,④インテント,,320,25.0,267.0,LOW,ブランド・指名検索,KWP_CompetitorKeywordSeed
32199,あすなろ リハビリ スタジオ,EXCLUDE,除外,,,,対象外,不明,,競合別名の別業種誤爆（教育語なし）,中,④インテント,,70,,,LOW,ブランド・指名検索,KWP_CompetitorKeywordSeed
32200,あすなろ 吉岡,EXCLUDE,除外,,,,対象外,不明,,競合別名の別業種誤爆（教育語なし）,中,④インテント,,210,30.0,203.0,LOW,ブランド・指名検索,KWP_CompetitorKeywordSeed
32201,あすなろ 庄和,EXCLUDE,除外,,,,対象外,不明,,競合別名の別業種誤爆（教育語なし）,中,④インテント,,20,,,LOW,ブランド・指名検索,KWP_CompetitorKeywordSeed
32205,あすなろ 田沼,EXCLUDE,除外,,,,対象外,不明,,競合別名の別業種誤爆（教育語なし）,中,④インテント,,260,24.0,92.0,LOW,ブランド・指名検索,KWP_CompetitorKeywordSeed
32206,あすなろ 福間,EXCLUDE,除外,,,,対象外,不明,,競合別名の別業種誤爆（教育語なし）,中,④インテント,,110,15.0,55.0,LOW,ブランド・指名検索,KWP_CompetitorKeywordSeed
32209,あすなろ 苑,EXCLUDE,除外,,,,対象外,不明,,競合別名の別業種誤爆（教育語なし）,中,④インテント,,140,,,LOW,ブランド・指名検索,KWP_CompetitorKeywordSeed
32210,あすなろ 荏田,EXCLUDE,除外,,,,対象外,不明,,競合別名の別業種誤爆（教育語なし）,中,④インテント,,10,,,LOW,ブランド・指名検索,KWP_CompetitorKeywordSeed
32212,あすなろ 診療 所,EXCLUDE,除外,,,,対象外,不明,,競合別名の別業種誤爆（教育語なし）,中,④インテント,,390,,,LOW,ブランド・指名検索,KWP_CompetitorKeywordSeed
32214,に じ いろ あすなろ,EXCLUDE,除外,,,,対象外,不明,,競合別名の別業種誤爆（教育語なし）,中,④インテント,,210,,,LOW,ブランド・指名検索,KWP_CompetitorKeywordSeed
32216,ケア プラン あすなろ,EXCLUDE,除外,,,,対象外,不明,,競合別名の別業種誤爆（教育語なし）,中,④インテント,,10,,,LOW,ブランド・指名検索,KWP_CompetitorKeywordSeed
32217,サ 高 住 あすなろ,EXCLUDE,除外,,,,対象外,不明,,競合別名の別業種誤爆（教育語なし）,中,④インテント,,30,,,LOW,ブランド・指名検索,KWP_CompetitorKeywordSeed
32218,ショートステイ あすなろ,EXCLUDE,除外,,,,対象外,不明,,競合別名の別業種誤爆（教育語なし）,中,④インテント,,20,,,LOW,ブランド・指名検索,KWP_CompetitorKeywordSeed
32219,スマイル あすなろ,EXCLUDE,除外,,,,対象外,不明,,競合別名の別業種誤爆（教育語なし）,中,④インテント,,30,,,LOW,ブランド・指名検索,KWP_CompetitorKeywordSeed
32220,セルプ あすなろ,EXCLUDE,除外,,,,対象外,不明,,競合別名の別業種誤爆（教育語なし）,中,④インテント,,90,,,LOW,ブランド・指名検索,KWP_CompetitorKeywordSeed
32221,デイ ホーム あすなろ,EXCLUDE,除外,,,,対象外,不明,,競合別名の別業種誤爆（教育語なし）,中,④インテント,,40,,,LOW,ブランド・指名検索,KWP_CompetitorKeywordSeed
32222,ピュア あすなろ,EXCLUDE,除外,,,,対象外,不明,,競合別名の別業種誤爆（教育語なし）,中,④インテント,,320,,,LOW,ブランド・指名検索,KWP_CompetitorKeywordSeed
32223,ポルテ あすなろ,EXCLUDE,除外,,,,対象外,不明,,競合別名の別業種誤爆（教育語なし）,中,④インテント,,170,,,LOW,ブランド・指名検索,KWP_CompetitorKeywordSeed
32224,リスタ あすなろ,EXCLUDE,除外,,,,対象外,不明,,競合別名の別業種誤爆（教育語なし）,中,④インテント,,320,,,LOW,ブランド・指名検索,KWP_CompetitorKeywordSeed
32230,岩井 あすなろ,EXCLUDE,除外,,,,対象外,不明,,競合別名の別業種誤爆（教育語なし）,中,④インテント,,260,,,LOW,ブランド・指名検索,KWP_CompetitorKeywordSeed
32232,日野 あすなろ,EXCLUDE,除外,,,,対象外,不明,,競合別名の別業種誤爆（教育語なし）,中,④インテント,,10,44.0,101.0,MEDIUM,ブランド・指名検索,KWP_CompetitorKeywordSeed
32235,気 高 あすなろ,EXCLUDE,除外,,,,対象外,不明,,競合別名の別業種誤爆（教育語なし）,中,④インテント,,210,,,LOW,ブランド・指名検索,KWP_CompetitorKeywordSeed
32236,河原 あすなろ,EXCLUDE,除外,,,,対象外,不明,,競合別名の別業種誤爆（教育語なし）,中,④インテント,,50,,,LOW,ブランド・指名検索,KWP_CompetitorKeywordSeed
32242,百草 あすなろ,EXCLUDE,除外,,,,対象外,不明,,競合別名の別業種誤爆（教育語なし）,中,④インテント,,10,,,LOW,ブランド・指名検索,KWP_CompetitorKeywordSeed
32243,秋川 あすなろ,EXCLUDE,除外,,,,対象外,不明,,競合別名の別業種誤爆（教育語なし）,中,④インテント,,10,,,LOW,ブランド・指名検索,KWP_CompetitorKeywordSeed
32245,美和 あすなろ,EXCLUDE,除外,,,,対象外,不明,,競合別名の別業種誤爆（教育語なし）,中,④インテント,,210,,,LOW,ブランド・指名検索,KWP_CompetitorKeywordSeed
32248,荏田 あすなろ,EXCLUDE,除外,,,,対象外,不明,,競合別名の別業種誤爆（教育語なし）,中,④インテント,,20,,,LOW,ブランド・指名検索,KWP_CompetitorKeywordSeed
32250,高 草 あすなろ,EXCLUDE,除外,,,,対象外,不明,,競合別名の別業種誤爆（教育語なし）,中,④インテント,,480,,,LOW,ブランド・指名検索,KWP_CompetitorKeywordSeed
32265,あすなろ 白書 第 二 部 ネタバレ,EXCLUDE,除外,,,,対象外,不明,,競合別名の別業種誤爆（教育語なし）,中,④インテント,,10,,,LOW,ブランド・指名検索,KWP_CompetitorKeywordSeed
32959,サクシード,EXCLUDE,除外,,,,対象外,不明,,競合別名の別業種誤爆（教育語なし）,中,④インテント,,33100,4.0,47.0,LOW,ブランド・指名検索,KWP_CompetitorKeywordSeed || Google_competitor_suggest
32961,サクシード センター 南,EXCLUDE,除外,,,,対象外,不明,,競合別名の別業種誤爆（教育語なし）,中,④インテント,,140,158.0,508.0,LOW,ブランド・指名検索,KWP_CompetitorKeywordSeed
32962,サクシード センター 北,EXCLUDE,除外,,,,対象外,不明,,競合別名の別業種誤爆（教育語なし）,中,④インテント,,70,152.0,405.0,LOW,ブランド・指名検索,KWP_CompetitorKeywordSeed
32963,サクシード 橋本,EXCLUDE,除外,,,,対象外,不明,,競合別名の別業種誤爆（教育語なし）,中,④インテント,,90,113.0,251.0,LOW,ブランド・指名検索,KWP_CompetitorKeywordSeed
32964,サクシード 新川崎,EXCLUDE,除外,,,,対象外,不明,,競合別名の別業種誤爆（教育語なし）,中,④インテント,,70,142.0,1092.0,LOW,ブランド・指名検索,KWP_CompetitorKeywordSeed
32965,サクシード 綱島,EXCLUDE,除外,,,,対象外,不明,,競合別名の別業種誤爆（教育語なし）,中,④インテント,,110,147.0,434.0,LOW,ブランド・指名検索,KWP_CompetitorKeywordSeed
32967,サクシード 中山,EXCLUDE,除外,,,,対象外,不明,,競合別名の別業種誤爆（教育語なし）,中,④インテント,,110,92.0,183.0,LOW,ブランド・指名検索,KWP_CompetitorKeywordSeed
32968,サクシード 青葉台,EXCLUDE,除外,,,,対象外,不明,,競合別名の別業種誤爆（教育語なし）,中,④インテント,,140,127.0,323.0,LOW,ブランド・指名検索,KWP_CompetitorKeywordSeed
32969,サクシード 若葉台,EXCLUDE,除外,,,,対象外,不明,,競合別名の別業種誤爆（教育語なし）,中,④インテント,,90,129.0,295.0,LOW,ブランド・指名検索,KWP_CompetitorKeywordSeed
32971,サクシード 宮崎台,EXCLUDE,除外,,,,対象外,不明,,競合別名の別業種誤爆（教育語なし）,中,④インテント,,70,163.0,393.0,LOW,ブランド・指名検索,KWP_CompetitorKeywordSeed
32972,サクシード 人材,EXCLUDE,除外,,,,対象外,不明,,競合別名の別業種誤爆（教育語なし）,中,④インテント,,20,138.0,1686.0,MEDIUM,ブランド・指名検索,KWP_CompetitorKeywordSeed
32973,サクシード 踊場,EXCLUDE,除外,,,,対象外,不明,,競合別名の別業種誤爆（教育語なし）,中,④インテント,,70,174.0,309.0,LOW,ブランド・指名検索,KWP_CompetitorKeywordSeed
32975,サクシード 中田,EXCLUDE,除外,,,,対象外,不明,,競合別名の別業種誤爆（教育語なし）,中,④インテント,,70,116.0,353.0,LOW,ブランド・指名検索,KWP_CompetitorKeywordSeed
32978,succeed 会社,EXCLUDE,除外,,,,対象外,不明,,競合別名の別業種誤爆（教育語なし）,中,④インテント,,10,,,LOW,未分類,KWP_CompetitorKeywordSeed
32984,サクシード 新城,EXCLUDE,除外,,,,対象外,不明,,競合別名の別業種誤爆（教育語なし）,中,④インテント,,10,,,LOW,ブランド・指名検索,KWP_CompetitorKeywordSeed
32992,センター 北 サクシード,EXCLUDE,除外,,,,対象外,不明,,競合別名の別業種誤爆（教育語なし）,中,④インテント,,10,81.0,237.0,LOW,ブランド・指名検索,KWP_CompetitorKeywordSeed
32993,センター 南 サクシード,EXCLUDE,除外,,,,対象外,不明,,競合別名の別業種誤爆（教育語なし）,中,④インテント,,140,158.0,508.0,LOW,ブランド・指名検索,KWP_CompetitorKeywordSeed
32994,宮崎台 サクシード,EXCLUDE,除外,,,,対象外,不明,,競合別名の別業種誤爆（教育語なし）,中,④インテント,,10,122.0,407.0,MEDIUM,ブランド・指名検索,KWP_CompetitorKeywordSeed
32998,綱島 サクシード,EXCLUDE,除外,,,,対象外,不明,,競合別名の別業種誤爆（教育語なし）,中,④インテント,,110,147.0,434.0,LOW,ブランド・指名検索,KWP_CompetitorKeywordSeed
32999,青葉台 サクシード,EXCLUDE,除外,,,,対象外,不明,,競合別名の別業種誤爆（教育語なし）,中,④インテント,,20,107.0,320.0,LOW,ブランド・指名検索,KWP_CompetitorKeywordSeed
33051,サクシード ワゴン 新車,EXCLUDE,除外,,,,対象外,不明,,競合別名の別業種誤爆（教育語なし）,中,④インテント,,10,,,LOW,ブランド・指名検索,KWP_CompetitorKeywordSeed
35072,gips,EXCLUDE,除外,,,,対象外,不明,,競合別名の別業種誤爆（教育語なし）,中,④インテント,,6600,199.0,624.0,LOW,ブランド・指名検索,KWP_CompetitorKeywordSeed || Google_competitor_suggest
35073,akustik gips,EXCLUDE,除外,,,,対象外,不明,,競合別名の別業種誤爆（教育語なし）,中,④インテント,,0,,,UNSPECIFIED,ブランド・指名検索,KWP_CompetitorKeywordSeed
35074,gips tape,EXCLUDE,除外,,,,対象外,不明,,競合別名の別業種誤爆（教育語なし）,中,④インテント,,0,,,UNSPECIFIED,ブランド・指名検索,KWP_CompetitorKeywordSeed
35075,gips rasp,EXCLUDE,除外,,,,対象外,不明,,競合別名の別業種誤爆（教育語なし）,中,④インテント,,0,,,UNSPECIFIED,ブランド・指名検索,KWP_CompetitorKeywordSeed
35076,krone modellgips,EXCLUDE,除外,,,,対象外,不明,,競合別名の別業種誤爆（教育語なし）,中,④インテント,,0,,,UNSPECIFIED,ブランド・指名検索,KWP_CompetitorKeywordSeed
35077,gips 25 kg,EXCLUDE,除外,,,,対象外,不明,,競合別名の別業種誤爆（教育語なし）,中,④インテント,,10,,,UNSPECIFIED,ブランド・指名検索,KWP_CompetitorKeywordSeed
35078,gips pris,EXCLUDE,除外,,,,対象外,不明,,競合別名の別業種誤爆（教育語なし）,中,④インテント,,0,,,UNSPECIFIED,ブランド・指名検索,KWP_CompetitorKeywordSeed
35079,gips 9mm,EXCLUDE,除外,,,,対象外,不明,,競合別名の別業種誤爆（教育語なし）,中,④インテント,,0,,,UNSPECIFIED,ブランド・指名検索,KWP_CompetitorKeywordSeed
35080,10mm gips,EXCLUDE,除外,,,,対象外,不明,,競合別名の別業種誤爆（教育語なし）,中,④インテント,,0,,,UNSPECIFIED,ブランド・指名検索,KWP_CompetitorKeywordSeed
35081,12mm gips,EXCLUDE,除外,,,,対象外,不明,,競合別名の別業種誤爆（教育語なし）,中,④インテント,,0,,,UNSPECIFIED,ブランド・指名検索,KWP_CompetitorKeywordSeed
35082,9 mm gips,EXCLUDE,除外,,,,対象外,不明,,競合別名の別業種誤爆（教育語なし）,中,④インテント,,0,,,UNSPECIFIED,ブランド・指名検索,KWP_CompetitorKeywordSeed
35083,acustic gips,EXCLUDE,除外,,,,対象外,不明,,競合別名の別業種誤爆（教育語なし）,中,④インテント,,0,,,UNSPECIFIED,ブランド・指名検索,KWP_CompetitorKeywordSeed
35084,bergauf aqua putz gips,EXCLUDE,除外,,,,対象外,不明,,競合別名の別業種誤爆（教育語なし）,中,④インテント,,,,,UNSPECIFIED,ブランド・指名検索,KWP_CompetitorKeywordSeed
35085,bergauf fugen gips,EXCLUDE,除外,,,,対象外,不明,,競合別名の別業種誤爆（教育語なし）,中,④インテント,,,,,UNSPECIFIED,ブランド・指名検索,KWP_CompetitorKeywordSeed
35086,billig gips,EXCLUDE,除外,,,,対象外,不明,,競合別名の別業種誤爆（教育語なし）,中,④インテント,,,,,UNSPECIFIED,ブランド・指名検索,KWP_CompetitorKeywordSeed
35088,dekorativ gips,EXCLUDE,除外,,,,対象外,不明,,競合別名の別業種誤爆（教育語なし）,中,④インテント,,,,,UNSPECIFIED,ブランド・指名検索,KWP_CompetitorKeywordSeed
35089,e gips,EXCLUDE,除外,,,,対象外,不明,,競合別名の別業種誤爆（教育語なし）,中,④インテント,,10,,,LOW,ブランド・指名検索,KWP_CompetitorKeywordSeed
35090,ecogips,EXCLUDE,除外,,,,対象外,不明,,競合別名の別業種誤爆（教育語なし）,中,④インテント,,,,,UNSPECIFIED,ブランド・指名検索,KWP_CompetitorKeywordSeed
35091,finish gips,EXCLUDE,除外,,,,対象外,不明,,競合別名の別業種誤爆（教育語なし）,中,④インテント,,0,,,UNSPECIFIED,ブランド・指名検索,KWP_CompetitorKeywordSeed
35092,fischer duopower gips,EXCLUDE,除外,,,,対象外,不明,,競合別名の別業種誤爆（教育語なし）,中,④インテント,,,,,UNSPECIFIED,ブランド・指名検索,KWP_CompetitorKeywordSeed
35093,fischer gips,EXCLUDE,除外,,,,対象外,不明,,競合別名の別業種誤爆（教育語なし）,中,④インテント,,,,,UNSPECIFIED,ブランド・指名検索,KWP_CompetitorKeywordSeed
35094,fuga gips,EXCLUDE,除外,,,,対象外,不明,,競合別名の別業種誤爆（教育語なし）,中,④インテント,,0,,,UNSPECIFIED,ブランド・指名検索,KWP_CompetitorKeywordSeed
35095,geberit gips,EXCLUDE,除外,,,,対象外,不明,,競合別名の別業種誤爆（教育語なし）,中,④インテント,,0,,,UNSPECIFIED,ブランド・指名検索,KWP_CompetitorKeywordSeed
35096,gips 1 kg,EXCLUDE,除外,,,,対象外,不明,,競合別名の別業種誤爆（教育語なし）,中,④インテント,,0,,,UNSPECIFIED,ブランド・指名検索,KWP_CompetitorKeywordSeed
35097,gips 10 kg,EXCLUDE,除外,,,,対象外,不明,,競合別名の別業種誤爆（教育語なし）,中,④インテント,,0,,,UNSPECIFIED,ブランド・指名検索,KWP_CompetitorKeywordSeed
35098,gips 10kg,EXCLUDE,除外,,,,対象外,不明,,競合別名の別業種誤爆（教育語なし）,中,④インテント,,,,,UNSPECIFIED,ブランド・指名検索,KWP_CompetitorKeywordSeed
35099,gips 10mm,EXCLUDE,除外,,,,対象外,不明,,競合別名の別業種誤爆（教育語なし）,中,④インテント,,,,,UNSPECIFIED,ブランド・指名検索,KWP_CompetitorKeywordSeed
35104,gips 12mm,EXCLUDE,除外,,,,対象外,不明,,競合別名の別業種誤爆（教育語なし）,中,④インテント,,,,,UNSPECIFIED,ブランド・指名検索,KWP_CompetitorKeywordSeed
35105,gips 20 kg,EXCLUDE,除外,,,,対象外,不明,,競合別名の別業種誤爆（教育語なし）,中,④インテント,,,,,UNSPECIFIED,ブランド・指名検索,KWP_CompetitorKeywordSeed
35106,gips 20kg,EXCLUDE,除外,,,,対象外,不明,,競合別名の別業種誤爆（教育語なし）,中,④インテント,,,,,UNSPECIFIED,ブランド・指名検索,KWP_CompetitorKeywordSeed
35107,gips 5 kg,EXCLUDE,除外,,,,対象外,不明,,競合別名の別業種誤爆（教育語なし）,中,④インテント,,10,,,UNSPECIFIED,ブランド・指名検索,KWP_CompetitorKeywordSeed
35108,gips fals,EXCLUDE,除外,,,,対象外,不明,,競合別名の別業種誤爆（教育語なし）,中,④インテント,,,,,UNSPECIFIED,ブランド・指名検索,KWP_CompetitorKeywordSeed
35109,gips g10,EXCLUDE,除外,,,,対象外,不明,,競合別名の別業種誤爆（教育語なし）,中,④インテント,,,,,UNSPECIFIED,ブランド・指名検索,KWP_CompetitorKeywordSeed
35110,gips g16,EXCLUDE,除外,,,,対象外,不明,,競合別名の別業種誤爆（教育語なし）,中,④インテント,,,,,UNSPECIFIED,ブランド・指名検索,KWP_CompetitorKeywordSeed
35111,gips habito,EXCLUDE,除外,,,,対象外,不明,,競合別名の別業種誤爆（教育語なし）,中,④インテント,,0,,,UNSPECIFIED,ブランド・指名検索,KWP_CompetitorKeywordSeed
35113,gips kg,EXCLUDE,除外,,,,対象外,不明,,競合別名の別業種誤爆（教育語なし）,中,④インテント,,0,,,UNSPECIFIED,ブランド・指名検索,KWP_CompetitorKeywordSeed
35114,gips masa,EXCLUDE,除外,,,,対象外,不明,,競合別名の別業種誤爆（教育語なし）,中,④インテント,,0,,,UNSPECIFIED,ブランド・指名検索,KWP_CompetitorKeywordSeed
35115,gips pl,EXCLUDE,除外,,,,対象外,不明,,競合別名の別業種誤爆（教育語なし）,中,④インテント,,,,,UNSPECIFIED,ブランド・指名検索,KWP_CompetitorKeywordSeed
35116,gips t,EXCLUDE,除外,,,,対象外,不明,,競合別名の別業種誤爆（教育語なし）,中,④インテント,,0,,,UNSPECIFIED,ブランド・指名検索,KWP_CompetitorKeywordSeed
35117,gipsane radove,EXCLUDE,除外,,,,対象外,不明,,競合別名の別業種誤爆（教育語なし）,中,④インテント,,,,,UNSPECIFIED,ブランド・指名検索,KWP_CompetitorKeywordSeed
35119,master gips,EXCLUDE,除外,,,,対象外,不明,,競合別名の別業種誤爆（教育語なし）,中,④インテント,,0,,,UNSPECIFIED,ブランド・指名検索,KWP_CompetitorKeywordSeed
35120,mp gips,EXCLUDE,除外,,,,対象外,不明,,競合別名の別業種誤爆（教育語なし）,中,④インテント,,,,,UNSPECIFIED,ブランド・指名検索,KWP_CompetitorKeywordSeed
35121,multi gips,EXCLUDE,除外,,,,対象外,不明,,競合別名の別業種誤爆（教育語なし）,中,④インテント,,0,,,UNSPECIFIED,ブランド・指名検索,KWP_CompetitorKeywordSeed
35122,perlit gips,EXCLUDE,除外,,,,対象外,不明,,競合別名の別業種誤爆（教育語なし）,中,④インテント,,,,,UNSPECIFIED,ブランド・指名検索,KWP_CompetitorKeywordSeed
35123,plafon gips,EXCLUDE,除外,,,,対象外,不明,,競合別名の別業種誤爆（教育語なし）,中,④インテント,,0,,,UNSPECIFIED,ブランド・指名検索,KWP_CompetitorKeywordSeed
35124,plaster gips,EXCLUDE,除外,,,,対象外,不明,,競合別名の別業種誤爆（教育語なし）,中,④インテント,,10,,,UNSPECIFIED,ブランド・指名検索,KWP_CompetitorKeywordSeed
35125,prima gips,EXCLUDE,除外,,,,対象外,不明,,競合別名の別業種誤爆（教育語なし）,中,④インテント,,,,,UNSPECIFIED,ブランド・指名検索,KWP_CompetitorKeywordSeed
35126,pris på gips,EXCLUDE,除外,,,,対象外,不明,,競合別名の別業種誤爆（教育語なし）,中,④インテント,,,,,UNSPECIFIED,ブランド・指名検索,KWP_CompetitorKeywordSeed
35133,rimano cena,EXCLUDE,除外,,,,対象外,不明,,競合別名の別業種誤爆（教育語なし）,中,④インテント,,,,,UNSPECIFIED,未分類,KWP_CompetitorKeywordSeed
35134,rotband cena,EXCLUDE,除外,,,,対象外,不明,,競合別名の別業種誤爆（教育語なし）,中,④インテント,,,,,UNSPECIFIED,未分類,KWP_CompetitorKeywordSeed
35135,saint gobain gips,EXCLUDE,除外,,,,対象外,不明,,競合別名の別業種誤爆（教育語なし）,中,④インテント,,,,,UNSPECIFIED,ブランド・指名検索,KWP_CompetitorKeywordSeed
35136,satin gips,EXCLUDE,除外,,,,対象外,不明,,競合別名の別業種誤爆（教育語なし）,中,④インテント,,,,,UNSPECIFIED,ブランド・指名検索,KWP_CompetitorKeywordSeed
35137,uniflott gips,EXCLUDE,除外,,,,対象外,不明,,競合別名の別業種誤爆（教育語なし）,中,④インテント,,0,,,UNSPECIFIED,ブランド・指名検索,KWP_CompetitorKeywordSeed
35270,リ バランス,EXCLUDE,除外,,,,対象外,不明,,競合別名の別業種誤爆（教育語なし）,中,④インテント,,2900,97.0,612.0,LOW,ブランド・指名検索,KWP_CompetitorKeywordSeed
35271,リ バランス と は,EXCLUDE,除外,,,,対象外,不明,,競合別名の別業種誤爆（教育語なし）,中,④インテント,,2900,167.0,442.0,LOW,ブランド・指名検索 | 特性そのものを調べる（とは・特徴・チェック）,KWP_CompetitorKeywordSeed
35272,ロボプロ リ バランス,EXCLUDE,除外,,,,対象外,不明,,競合別名の別業種誤爆（教育語なし）,中,④インテント,,140,,,LOW,ブランド・指名検索,KWP_CompetitorKeywordSeed
35273,リ バランス やり方,EXCLUDE,除外,,,,対象外,不明,,競合別名の別業種誤爆（教育語なし）,中,④インテント,,110,,,LOW,ブランド・指名検索,KWP_CompetitorKeywordSeed
35274,emaxis slim バランス 8 資産 均等 型 リ バランス,EXCLUDE,除外,,,,対象外,不明,,競合別名の別業種誤爆（教育語なし）,中,④インテント,,10,,,LOW,ブランド・指名検索,KWP_CompetitorKeywordSeed
35277,folio robo pro リ バランス,EXCLUDE,除外,,,,対象外,不明,,競合別名の別業種誤爆（教育語なし）,中,④インテント,,10,,,UNSPECIFIED,ブランド・指名検索,KWP_CompetitorKeywordSeed
35278,folio リ バランス,EXCLUDE,除外,,,,対象外,不明,,競合別名の別業種誤爆（教育語なし）,中,④インテント,,30,,,LOW,ブランド・指名検索,KWP_CompetitorKeywordSeed
35279,ftse リ バランス,EXCLUDE,除外,,,,対象外,不明,,競合別名の別業種誤爆（教育語なし）,中,④インテント,,210,,,LOW,ブランド・指名検索,KWP_CompetitorKeywordSeed
35280,gpif リ バランス,EXCLUDE,除外,,,,対象外,不明,,競合別名の別業種誤爆（教育語なし）,中,④インテント,,110,,,LOW,ブランド・指名検索,KWP_CompetitorKeywordSeed
35289,s&p500 リ バランス,EXCLUDE,除外,,,,対象外,不明,,競合別名の別業種誤爆（教育語なし）,中,④インテント,,50,,,LOW,ブランド・指名検索,KWP_CompetitorKeywordSeed
35290,sbi ラップ リ バランス,EXCLUDE,除外,,,,対象外,不明,,競合別名の別業種誤爆（教育語なし）,中,④インテント,,10,,,LOW,ブランド・指名検索,KWP_CompetitorKeywordSeed
35291,sbi 証券 リ バランス,EXCLUDE,除外,,,,対象外,不明,,競合別名の別業種誤爆（教育語なし）,中,④インテント,,10,,,LOW,ブランド・指名検索,KWP_CompetitorKeywordSeed
35292,theo リ バランス,EXCLUDE,除外,,,,対象外,不明,,競合別名の別業種誤爆（教育語なし）,中,④インテント,,10,,,LOW,ブランド・指名検索,KWP_CompetitorKeywordSeed
35293,topix リ バランス,EXCLUDE,除外,,,,対象外,不明,,競合別名の別業種誤爆（教育語なし）,中,④インテント,,140,,,LOW,ブランド・指名検索,KWP_CompetitorKeywordSeed
35294,topix リ バランス 2022,EXCLUDE,除外,,,,対象外,不明,,競合別名の別業種誤爆（教育語なし）,中,④インテント,,10,,,UNSPECIFIED,ブランド・指名検索,KWP_CompetitorKeywordSeed
35295,vt リ バランス,EXCLUDE,除外,,,,対象外,不明,,競合別名の別業種誤爆（教育語なし）,中,④インテント,,10,,,LOW,ブランド・指名検索,KWP_CompetitorKeywordSeed
35296,wealthnavi リ バランス,EXCLUDE,除外,,,,対象外,不明,,競合別名の別業種誤爆（教育語なし）,中,④インテント,,10,,,LOW,ブランド・指名検索,KWP_CompetitorKeywordSeed
35299,アセット アロケーション リ バランス,EXCLUDE,除外,,,,対象外,不明,,競合別名の別業種誤爆（教育語なし）,中,④インテント,,30,,,LOW,ブランド・指名検索,KWP_CompetitorKeywordSeed
35300,インデックス ファンド リ バランス,EXCLUDE,除外,,,,対象外,不明,,競合別名の別業種誤爆（教育語なし）,中,④インテント,,10,,,LOW,ブランド・指名検索,KWP_CompetitorKeywordSeed
35301,インデックス リ バランス,EXCLUDE,除外,,,,対象外,不明,,競合別名の別業種誤爆（教育語なし）,中,④インテント,,20,,,LOW,ブランド・指名検索,KWP_CompetitorKeywordSeed
35303,ウェルス ナビ リ バランス,EXCLUDE,除外,,,,対象外,不明,,競合別名の別業種誤爆（教育語なし）,中,④インテント,,50,,,LOW,ブランド・指名検索,KWP_CompetitorKeywordSeed
35304,オルカン リ バランス,EXCLUDE,除外,,,,対象外,不明,,競合別名の別業種誤爆（教育語なし）,中,④インテント,,210,,,LOW,ブランド・指名検索,KWP_CompetitorKeywordSeed
35305,オール カントリー リ バランス,EXCLUDE,除外,,,,対象外,不明,,競合別名の別業種誤爆（教育語なし）,中,④インテント,,170,,,LOW,ブランド・指名検索,KWP_CompetitorKeywordSeed
35307,トピックス の リ バランス,EXCLUDE,除外,,,,対象外,不明,,競合別名の別業種誤爆（教育語なし）,中,④インテント,,10,,,LOW,ブランド・指名検索,KWP_CompetitorKeywordSeed
35308,トピックス リ バランス,EXCLUDE,除外,,,,対象外,不明,,競合別名の別業種誤爆（教育語なし）,中,④インテント,,20,,,LOW,ブランド・指名検索,KWP_CompetitorKeywordSeed
35309,ニーサ リ バランス,EXCLUDE,除外,,,,対象外,不明,,競合別名の別業種誤爆（教育語なし）,中,④インテント,,40,,,LOW,ブランド・指名検索,KWP_CompetitorKeywordSeed
35310,ノー セルリ バランス,EXCLUDE,除外,,,,対象外,不明,,競合別名の別業種誤爆（教育語なし）,中,④インテント,,50,,,LOW,ブランド・指名検索,KWP_CompetitorKeywordSeed
35311,バランス ファンド リ バランス,EXCLUDE,除外,,,,対象外,不明,,競合別名の別業種誤爆（教育語なし）,中,④インテント,,10,,,LOW,ブランド・指名検索,KWP_CompetitorKeywordSeed
35312,ファンド ラップ リ バランス,EXCLUDE,除外,,,,対象外,不明,,競合別名の別業種誤爆（教育語なし）,中,④インテント,,10,,,LOW,ブランド・指名検索,KWP_CompetitorKeywordSeed
35313,ファンド リ バランス,EXCLUDE,除外,,,,対象外,不明,,競合別名の別業種誤爆（教育語なし）,中,④インテント,,10,,,LOW,ブランド・指名検索,KWP_CompetitorKeywordSeed
35317,ラッセル リ バランス,EXCLUDE,除外,,,,対象外,不明,,競合別名の別業種誤爆（教育語なし）,中,④インテント,,20,,,LOW,ブランド・指名検索,KWP_CompetitorKeywordSeed
35320,リ バランス しない,EXCLUDE,除外,,,,対象外,不明,,競合別名の別業種誤爆（教育語なし）,中,④インテント,,10,,,LOW,ブランド・指名検索,KWP_CompetitorKeywordSeed
35322,リ バランス と は 株,EXCLUDE,除外,,,,対象外,不明,,競合別名の別業種誤爆（教育語なし）,中,④インテント,,70,,,LOW,ブランド・指名検索 | 特性そのものを調べる（とは・特徴・チェック）,KWP_CompetitorKeywordSeed
35323,リ バランス とは,EXCLUDE,除外,,,,対象外,不明,,競合別名の別業種誤爆（教育語なし）,中,④インテント,,70,,,LOW,ブランド・指名検索 | 特性そのものを調べる（とは・特徴・チェック）,KWP_CompetitorKeywordSeed
35324,リ バランス の 意味,EXCLUDE,除外,,,,対象外,不明,,競合別名の別業種誤爆（教育語なし）,中,④インテント,,20,,,LOW,ブランド・指名検索 | 特性そのものを調べる（とは・特徴・チェック）,KWP_CompetitorKeywordSeed
35325,リ バランス やり方 sbi,EXCLUDE,除外,,,,対象外,不明,,競合別名の別業種誤爆（教育語なし）,中,④インテント,,10,,,LOW,ブランド・指名検索,KWP_CompetitorKeywordSeed
35326,リ バランス ウェルス ナビ,EXCLUDE,除外,,,,対象外,不明,,競合別名の別業種誤爆（教育語なし）,中,④インテント,,10,,,LOW,ブランド・指名検索,KWP_CompetitorKeywordSeed
35330,リ バランス 必要 ない,EXCLUDE,除外,,,,対象外,不明,,競合別名の別業種誤爆（教育語なし）,中,④インテント,,10,,,LOW,合わない・断られた・乗り換え | ブランド・指名検索,KWP_CompetitorKeywordSeed
35331,リ バランス 必要 性,EXCLUDE,除外,,,,対象外,不明,,競合別名の別業種誤爆（教育語なし）,中,④インテント,,10,,,LOW,ブランド・指名検索,KWP_CompetitorKeywordSeed
35332,リ バランス 意味,EXCLUDE,除外,,,,対象外,不明,,競合別名の別業種誤爆（教育語なし）,中,④インテント,,110,,,LOW,ブランド・指名検索 | 特性そのものを調べる（とは・特徴・チェック）,KWP_CompetitorKeywordSeed
35336,リ バランス 時期,EXCLUDE,除外,,,,対象外,不明,,競合別名の別業種誤爆（教育語なし）,中,④インテント,,20,,,LOW,ブランド・指名検索,KWP_CompetitorKeywordSeed
35337,リ バランス 株,EXCLUDE,除外,,,,対象外,不明,,競合別名の別業種誤爆（教育語なし）,中,④インテント,,140,,,LOW,ブランド・指名検索,KWP_CompetitorKeywordSeed
35338,リ バランス 積立,EXCLUDE,除外,,,,対象外,不明,,競合別名の別業種誤爆（教育語なし）,中,④インテント,,10,,,LOW,ブランド・指名検索,KWP_CompetitorKeywordSeed
35340,リ バランス 買い,EXCLUDE,除外,,,,対象外,不明,,競合別名の別業種誤爆（教育語なし）,中,④インテント,,30,,,LOW,ブランド・指名検索,KWP_CompetitorKeywordSeed
35341,リ バランス 運用,EXCLUDE,除外,,,,対象外,不明,,競合別名の別業種誤爆（教育語なし）,中,④インテント,,10,,,LOW,ブランド・指名検索,KWP_CompetitorKeywordSeed
35344,ロボ アドバイザー リ バランス,EXCLUDE,除外,,,,対象外,不明,,競合別名の別業種誤爆（教育語なし）,中,④インテント,,10,,,LOW,ブランド・指名検索,KWP_CompetitorKeywordSeed
35356,日経 リ バランス,EXCLUDE,除外,,,,対象外,不明,,競合別名の別業種誤爆（教育語なし）,中,④インテント,,40,,,LOW,ブランド・指名検索,KWP_CompetitorKeywordSeed
35357,日経 平均 リ バランス,EXCLUDE,除外,,,,対象外,不明,,競合別名の別業種誤爆（教育語なし）,中,④インテント,,50,,,LOW,ブランド・指名検索,KWP_CompetitorKeywordSeed
35358,月末 リ バランス,EXCLUDE,除外,,,,対象外,不明,,競合別名の別業種誤爆（教育語なし）,中,④インテント,,70,,,LOW,ブランド・指名検索,KWP_CompetitorKeywordSeed
35359,月末 リ バランス と は,EXCLUDE,除外,,,,対象外,不明,,競合別名の別業種誤爆（教育語なし）,中,④インテント,,40,,,LOW,ブランド・指名検索 | 特性そのものを調べる（とは・特徴・チェック）,KWP_CompetitorKeywordSeed
35360,松井 証券 リ バランス,EXCLUDE,除外,,,,対象外,不明,,競合別名の別業種誤爆（教育語なし）,中,④インテント,,20,,,LOW,ブランド・指名検索,KWP_CompetitorKeywordSeed
35361,松井 証券 リ バランス 積立,EXCLUDE,除外,,,,対象外,不明,,競合別名の別業種誤爆（教育語なし）,中,④インテント,,10,,,LOW,ブランド・指名検索,KWP_CompetitorKeywordSeed
35362,株 リ バランス,EXCLUDE,除外,,,,対象外,不明,,競合別名の別業種誤爆（教育語なし）,中,④インテント,,110,,,LOW,ブランド・指名検索,KWP_CompetitorKeywordSeed
35363,株 リ バランス と は,EXCLUDE,除外,,,,対象外,不明,,競合別名の別業種誤爆（教育語なし）,中,④インテント,,260,,,LOW,ブランド・指名検索 | 特性そのものを調べる（とは・特徴・チェック）,KWP_CompetitorKeywordSeed
35364,株 リ バランス やり方,EXCLUDE,除外,,,,対象外,不明,,競合別名の別業種誤爆（教育語なし）,中,④インテント,,10,,,LOW,ブランド・指名検索,KWP_CompetitorKeywordSeed
35366,楽 ラップ リ バランス,EXCLUDE,除外,,,,対象外,不明,,競合別名の別業種誤爆（教育語なし）,中,④インテント,,10,,,LOW,ブランド・指名検索,KWP_CompetitorKeywordSeed
35368,楽天 証券 リ バランス,EXCLUDE,除外,,,,対象外,不明,,競合別名の別業種誤爆（教育語なし）,中,④インテント,,10,,,LOW,ブランド・指名検索,KWP_CompetitorKeywordSeed
35369,楽天 証券 リ バランス やり方,EXCLUDE,除外,,,,対象外,不明,,競合別名の別業種誤爆（教育語なし）,中,④インテント,,30,,,LOW,ブランド・指名検索,KWP_CompetitorKeywordSeed
35375,積立 リ バランス,EXCLUDE,除外,,,,対象外,不明,,競合別名の別業種誤爆（教育語なし）,中,④インテント,,10,,,LOW,ブランド・指名検索,KWP_CompetitorKeywordSeed
35377,資産 リ バランス,EXCLUDE,除外,,,,対象外,不明,,競合別名の別業種誤爆（教育語なし）,中,④インテント,,30,,,LOW,ブランド・指名検索,KWP_CompetitorKeywordSeed
37532,トーマス 千歳 船橋,EXCLUDE,除外,,,,対象外,不明,,競合別名の別業種誤爆（教育語なし）,中,④インテント,,50,79.0,373.0,LOW,ブランド・指名検索,KWP_CompetitorKeywordSeed
39776,axis 能 開,EXCLUDE,除外,,,,対象外,不明,,競合別名の別業種誤爆（教育語なし）,中,④インテント,,20,,,LOW,ブランド・指名検索,KWP_CompetitorKeywordSeed
39790,アクシス 能 開,EXCLUDE,除外,,,,対象外,不明,,競合別名の別業種誤爆（教育語なし）,中,④インテント,,50,,,LOW,ブランド・指名検索,KWP_CompetitorKeywordSeed
39791,アクシス 西 那須野,EXCLUDE,除外,,,,対象外,不明,,競合別名の別業種誤爆（教育語なし）,中,④インテント,,30,,,LOW,ブランド・指名検索,KWP_CompetitorKeywordSeed
39794,ワオ コーポレーション アクシス,EXCLUDE,除外,,,,対象外,不明,,競合別名の別業種誤爆（教育語なし）,中,④インテント,,50,,,LOW,ブランド・指名検索,KWP_CompetitorKeywordSeed
39846,能 会 axis,EXCLUDE,除外,,,,対象外,不明,,競合別名の別業種誤爆（教育語なし）,中,④インテント,,10,,,UNSPECIFIED,ブランド・指名検索,KWP_CompetitorKeywordSeed
39847,能 会 アクシス,EXCLUDE,除外,,,,対象外,不明,,競合別名の別業種誤爆（教育語なし）,中,④インテント,,260,131.0,372.0,LOW,ブランド・指名検索,KWP_CompetitorKeywordSeed
39848,能 開 axis,EXCLUDE,除外,,,,対象外,不明,,競合別名の別業種誤爆（教育語なし）,中,④インテント,,50,,,LOW,ブランド・指名検索,KWP_CompetitorKeywordSeed
39850,能 開 センター axis,EXCLUDE,除外,,,,対象外,不明,,競合別名の別業種誤爆（教育語なし）,中,④インテント,,30,,,LOW,ブランド・指名検索,KWP_CompetitorKeywordSeed
39851,能 開 センター アクシス,EXCLUDE,除外,,,,対象外,不明,,競合別名の別業種誤爆（教育語なし）,中,④インテント,,110,,,LOW,ブランド・指名検索,KWP_CompetitorKeywordSeed
39945,axis 下鴨,EXCLUDE,除外,,,,対象外,不明,,競合別名の別業種誤爆（教育語なし）,中,④インテント,,10,,,LOW,ブランド・指名検索,KWP_CompetitorKeywordSeed
39946,axis 五井,EXCLUDE,除外,,,,対象外,不明,,競合別名の別業種誤爆（教育語なし）,中,④インテント,,10,,,LOW,ブランド・指名検索,KWP_CompetitorKeywordSeed
39947,axis 五位堂,EXCLUDE,除外,,,,対象外,不明,,競合別名の別業種誤爆（教育語なし）,中,④インテント,,10,,,LOW,ブランド・指名検索,KWP_CompetitorKeywordSeed
39948,axis 五日市,EXCLUDE,除外,,,,対象外,不明,,競合別名の別業種誤爆（教育語なし）,中,④インテント,,50,,,LOW,ブランド・指名検索,KWP_CompetitorKeywordSeed
39949,axis 今里,EXCLUDE,除外,,,,対象外,不明,,競合別名の別業種誤爆（教育語なし）,中,④インテント,,30,,,LOW,ブランド・指名検索,KWP_CompetitorKeywordSeed
39954,axis 折尾,EXCLUDE,除外,,,,対象外,不明,,競合別名の別業種誤爆（教育語なし）,中,④インテント,,10,,,LOW,ブランド・指名検索,KWP_CompetitorKeywordSeed
39955,axis 新札幌,EXCLUDE,除外,,,,対象外,不明,,競合別名の別業種誤爆（教育語なし）,中,④インテント,,20,185.0,549.0,LOW,ブランド・指名検索 | 地域・近くで探す,KWP_CompetitorKeywordSeed
39956,axis 星ヶ丘,EXCLUDE,除外,,,,対象外,不明,,競合別名の別業種誤爆（教育語なし）,中,④インテント,,10,,,UNSPECIFIED,ブランド・指名検索,KWP_CompetitorKeywordSeed
39958,axis 本 八幡,EXCLUDE,除外,,,,対象外,不明,,競合別名の別業種誤爆（教育語なし）,中,④インテント,,20,,,LOW,ブランド・指名検索,KWP_CompetitorKeywordSeed
39959,axis 紫竹,EXCLUDE,除外,,,,対象外,不明,,競合別名の別業種誤爆（教育語なし）,中,④インテント,,10,,,LOW,ブランド・指名検索,KWP_CompetitorKeywordSeed
39961,axis 道ノ尾,EXCLUDE,除外,,,,対象外,不明,,競合別名の別業種誤爆（教育語なし）,中,④インテント,,10,,,LOW,ブランド・指名検索,KWP_CompetitorKeywordSeed
39963,アクシス 中庄,EXCLUDE,除外,,,,対象外,不明,,競合別名の別業種誤爆（教育語なし）,中,④インテント,,20,,,LOW,ブランド・指名検索,KWP_CompetitorKeywordSeed
39964,アクシス 丹波 橋,EXCLUDE,除外,,,,対象外,不明,,競合別名の別業種誤爆（教育語なし）,中,④インテント,,10,163.0,228.0,LOW,ブランド・指名検索,KWP_CompetitorKeywordSeed
39965,アクシス 五位堂,EXCLUDE,除外,,,,対象外,不明,,競合別名の別業種誤爆（教育語なし）,中,④インテント,,10,,,LOW,ブランド・指名検索,KWP_CompetitorKeywordSeed
39966,アクシス 五日市,EXCLUDE,除外,,,,対象外,不明,,競合別名の別業種誤爆（教育語なし）,中,④インテント,,110,153.0,319.0,LOW,ブランド・指名検索,KWP_CompetitorKeywordSeed
39968,アクシス 円 座,EXCLUDE,除外,,,,対象外,不明,,競合別名の別業種誤爆（教育語なし）,中,④インテント,,20,,,LOW,ブランド・指名検索,KWP_CompetitorKeywordSeed
39969,アクシス 古江,EXCLUDE,除外,,,,対象外,不明,,競合別名の別業種誤爆（教育語なし）,中,④インテント,,10,,,LOW,ブランド・指名検索,KWP_CompetitorKeywordSeed
39970,アクシス 国 場,EXCLUDE,除外,,,,対象外,不明,,競合別名の別業種誤爆（教育語なし）,中,④インテント,,30,259.0,3837.0,LOW,ブランド・指名検索,KWP_CompetitorKeywordSeed
39971,アクシス 堺東,EXCLUDE,除外,,,,対象外,不明,,競合別名の別業種誤爆（教育語なし）,中,④インテント,,20,,,LOW,ブランド・指名検索,KWP_CompetitorKeywordSeed
39973,アクシス 妹尾,EXCLUDE,除外,,,,対象外,不明,,競合別名の別業種誤爆（教育語なし）,中,④インテント,,20,,,LOW,ブランド・指名検索,KWP_CompetitorKeywordSeed
39974,アクシス 屋島,EXCLUDE,除外,,,,対象外,不明,,競合別名の別業種誤爆（教育語なし）,中,④インテント,,10,,,LOW,ブランド・指名検索,KWP_CompetitorKeywordSeed
39975,アクシス 文の里,EXCLUDE,除外,,,,対象外,不明,,競合別名の別業種誤爆（教育語なし）,中,④インテント,,10,,,LOW,ブランド・指名検索,KWP_CompetitorKeywordSeed
39977,アクシス 月が丘,EXCLUDE,除外,,,,対象外,不明,,競合別名の別業種誤爆（教育語なし）,中,④インテント,,10,,,LOW,ブランド・指名検索,KWP_CompetitorKeywordSeed
39978,アクシス 月寒 中央,EXCLUDE,除外,,,,対象外,不明,,競合別名の別業種誤爆（教育語なし）,中,④インテント,,10,,,LOW,ブランド・指名検索,KWP_CompetitorKeywordSeed
39979,アクシス 桃谷,EXCLUDE,除外,,,,対象外,不明,,競合別名の別業種誤爆（教育語なし）,中,④インテント,,10,,,LOW,ブランド・指名検索,KWP_CompetitorKeywordSeed
39980,アクシス 深井,EXCLUDE,除外,,,,対象外,不明,,競合別名の別業種誤爆（教育語なし）,中,④インテント,,10,,,LOW,ブランド・指名検索,KWP_CompetitorKeywordSeed
39981,アクシス 貝沢,EXCLUDE,除外,,,,対象外,不明,,競合別名の別業種誤爆（教育語なし）,中,④インテント,,10,,,LOW,ブランド・指名検索,KWP_CompetitorKeywordSeed
39983,アクシス 雀宮,EXCLUDE,除外,,,,対象外,不明,,競合別名の別業種誤爆（教育語なし）,中,④インテント,,10,,,LOW,ブランド・指名検索,KWP_CompetitorKeywordSeed
39984,アクシス 高の原,EXCLUDE,除外,,,,対象外,不明,,競合別名の別業種誤爆（教育語なし）,中,④インテント,,10,,,LOW,ブランド・指名検索,KWP_CompetitorKeywordSeed
39986,ワオ アクシス,EXCLUDE,除外,,,,対象外,不明,,競合別名の別業種誤爆（教育語なし）,中,④インテント,,10,,,LOW,ブランド・指名検索,KWP_CompetitorKeywordSeed
39987,ワオ コーポレーション axis,EXCLUDE,除外,,,,対象外,不明,,競合別名の別業種誤爆（教育語なし）,中,④インテント,,10,,,MEDIUM,ブランド・指名検索,KWP_CompetitorKeywordSeed
39988,個人 指導 axis,EXCLUDE,除外,,,,対象外,不明,,競合別名の別業種誤爆（教育語なし）,中,④インテント,,10,,,LOW,ブランド・指名検索,KWP_CompetitorKeywordSeed
39989,個人 指導 アクシス,EXCLUDE,除外,,,,対象外,不明,,競合別名の別業種誤爆（教育語なし）,中,④インテント,,20,163.0,459.0,MEDIUM,ブランド・指名検索,KWP_CompetitorKeywordSeed
40482,トーマス 個人 指導,EXCLUDE,除外,,,,対象外,不明,,競合別名の別業種誤爆（教育語なし）,中,④インテント,,10,,,LOW,ブランド・指名検索,KWP_CompetitorKeywordSeed
40539,トーマス リソー,EXCLUDE,除外,,,,対象外,不明,,競合別名の別業種誤爆（教育語なし）,中,④インテント,,10,,,LOW,ブランド・指名検索,KWP_CompetitorKeywordSeed
40540,トーマス リソー 教育,EXCLUDE,除外,,,,対象外,不明,,競合別名の別業種誤爆（教育語なし）,中,④インテント,,20,,,LOW,ブランド・指名検索,KWP_CompetitorKeywordSeed
40562,リソー トーマス,EXCLUDE,除外,,,,対象外,不明,,競合別名の別業種誤爆（教育語なし）,中,④インテント,,10,,,LOW,ブランド・指名検索,KWP_CompetitorKeywordSeed
40663,トーマス s モンソン,EXCLUDE,除外,,,,対象外,不明,,競合別名の別業種誤爆（教育語なし）,中,④インテント,,30,,,LOW,ブランド・指名検索,KWP_CompetitorKeywordSeed
40699,トーマス 金額,EXCLUDE,除外,,,,対象外,不明,,競合別名の別業種誤爆（教育語なし）,中,④インテント,,20,,,LOW,比較検討・料金・申込 | ブランド・指名検索,KWP_CompetitorKeywordSeed
40706,fisher price トーマス,EXCLUDE,除外,,,,対象外,不明,,競合別名の別業種誤爆（教育語なし）,中,④インテント,,10,,,LOW,ブランド・指名検索,KWP_CompetitorKeywordSeed
40710,トーマス 受講 料,EXCLUDE,除外,,,,対象外,不明,,競合別名の別業種誤爆（教育語なし）,中,④インテント,,10,,,LOW,ブランド・指名検索,KWP_CompetitorKeywordSeed
41805,京 進 実践 トライアル,EXCLUDE,除外,,,,対象外,不明,,競合別名の別業種誤爆（教育語なし）,中,④インテント,,10,,,LOW,ブランド・指名検索,KWP_CompetitorKeywordSeed
42155,ベスト ワン,EXCLUDE,除外,,,,対象外,不明,,競合別名の別業種誤爆（教育語なし）,中,④インテント,,3600,222.0,499.0,LOW,ブランド・指名検索,KWP_CompetitorKeywordSeed
42170,the ベスト ワン,EXCLUDE,除外,,,,対象外,不明,,競合別名の別業種誤爆（教育語なし）,中,④インテント,,10,,,LOW,ブランド・指名検索,KWP_CompetitorKeywordSeed
42171,コットン ベスト ワン,EXCLUDE,除外,,,,対象外,不明,,競合別名の別業種誤爆（教育語なし）,中,④インテント,,10,,,UNSPECIFIED,ブランド・指名検索,KWP_CompetitorKeywordSeed
42179,ベスト ワン 2022,EXCLUDE,除外,,,,対象外,不明,,競合別名の別業種誤爆（教育語なし）,中,④インテント,,10,,,LOW,ブランド・指名検索,KWP_CompetitorKeywordSeed
42181,ベスト ワン ケツメイシ,EXCLUDE,除外,,,,対象外,不明,,競合別名の別業種誤爆（教育語なし）,中,④インテント,,0,,,UNSPECIFIED,ブランド・指名検索,KWP_CompetitorKeywordSeed
42270,ecc 苦 楽園,EXCLUDE,除外,,,,対象外,不明,,競合別名の別業種誤爆（教育語なし）,中,④インテント,,20,215.0,657.0,MEDIUM,ブランド・指名検索,KWP_CompetitorKeywordSeed
42271,ecc best one,EXCLUDE,除外,,,,対象外,不明,,競合別名の別業種誤爆（教育語なし）,中,④インテント,,10,,,LOW,未分類,KWP_CompetitorKeywordSeed
42272,ecc ジュニア ベスト ワン,EXCLUDE,除外,,,,対象外,不明,,競合別名の別業種誤爆（教育語なし）,中,④インテント,,10,,,LOW,ブランド・指名検索,KWP_CompetitorKeywordSeed
42274,ecc ベスト,EXCLUDE,除外,,,,対象外,不明,,競合別名の別業種誤爆（教育語なし）,中,④インテント,,10,,,LOW,ブランド・指名検索,KWP_CompetitorKeywordSeed
42275,ecc ベスト one,EXCLUDE,除外,,,,対象外,不明,,競合別名の別業種誤爆（教育語なし）,中,④インテント,,30,,,LOW,ブランド・指名検索,KWP_CompetitorKeywordSeed
42304,ecc 岡場,EXCLUDE,除外,,,,対象外,不明,,競合別名の別業種誤爆（教育語なし）,中,④インテント,,10,,,LOW,ブランド・指名検索,KWP_CompetitorKeywordSeed
42305,ecc 新 石切,EXCLUDE,除外,,,,対象外,不明,,競合別名の別業種誤爆（教育語なし）,中,④インテント,,10,,,LOW,ブランド・指名検索,KWP_CompetitorKeywordSeed
42306,ecc 西 新町,EXCLUDE,除外,,,,対象外,不明,,競合別名の別業種誤爆（教育語なし）,中,④インテント,,20,243.0,413.0,LOW,ブランド・指名検索,KWP_CompetitorKeywordSeed
42307,ecc 追浜,EXCLUDE,除外,,,,対象外,不明,,競合別名の別業種誤爆（教育語なし）,中,④インテント,,10,,,LOW,ブランド・指名検索,KWP_CompetitorKeywordSeed
42308,ecc 門戸 厄神,EXCLUDE,除外,,,,対象外,不明,,競合別名の別業種誤爆（教育語なし）,中,④インテント,,10,,,LOW,ブランド・指名検索,KWP_CompetitorKeywordSeed
47396,トライアル,EXCLUDE,除外,,,,対象外,不明,,競合別名の別業種誤爆（教育語なし）,中,④インテント,,1220000,2.0,4.0,LOW,ブランド・指名検索,Google_competitor_suggest
47399,トライク,EXCLUDE,除外,,,,対象外,不明,,競合別名の別業種誤爆（教育語なし）,中,④インテント,,49500,2.0,13.0,LOW,ブランド・指名検索,Google_competitor_suggest
47400,トライアスロン,EXCLUDE,除外,,,,対象外,不明,,競合別名の別業種誤爆（教育語なし）,中,④インテント,,27100,68.0,692.0,LOW,ブランド・指名検索,Google_competitor_suggest
47403,トライアル西友,EXCLUDE,除外,,,,対象外,不明,,競合別名の別業種誤爆（教育語なし）,中,④インテント,,49500,,,LOW,ブランド・指名検索,Google_competitor_suggest
47405,トライアル 店舗,EXCLUDE,除外,,,,対象外,不明,,競合別名の別業種誤爆（教育語なし）,中,④インテント,,22200,,,LOW,ブランド・指名検索,Google_competitor_suggest
47510,あすなろ 意味,EXCLUDE,除外,,,,対象外,不明,,競合別名の別業種誤爆（教育語なし）,中,④インテント,,2900,,,LOW,ブランド・指名検索 | 特性そのものを調べる（とは・特徴・チェック）,Google_competitor_suggest
47511,あすなろ抱き,EXCLUDE,除外,,,,対象外,不明,,競合別名の別業種誤爆（教育語なし）,中,④インテント,,9900,,,LOW,ブランド・指名検索,Google_competitor_suggest
47512,あすなろ園,EXCLUDE,除外,,,,対象外,不明,,競合別名の別業種誤爆（教育語なし）,中,④インテント,,3600,,,LOW,ブランド・指名検索,Google_competitor_suggest
47514,あすなろ建設,EXCLUDE,除外,,,,対象外,不明,,競合別名の別業種誤爆（教育語なし）,中,④インテント,,590,107.0,515.0,LOW,ブランド・指名検索,Google_competitor_suggest
47515,あすなろとは,EXCLUDE,除外,,,,対象外,不明,,競合別名の別業種誤爆（教育語なし）,中,④インテント,,1300,,,LOW,ブランド・指名検索 | 特性そのものを調べる（とは・特徴・チェック）,Google_competitor_suggest
47519,あすなろ いちよし,EXCLUDE,除外,,,,対象外,不明,,競合別名の別業種誤爆（教育語なし）,中,④インテント,,320,,,LOW,ブランド・指名検索,Google_competitor_suggest
47520,あすなろ とは,EXCLUDE,除外,,,,対象外,不明,,競合別名の別業種誤爆（教育語なし）,中,④インテント,,480,,,LOW,ブランド・指名検索 | 特性そのものを調べる（とは・特徴・チェック）,Google_competitor_suggest || CompetitorMatrix
47522,あすなろ 尾山台,EXCLUDE,除外,,,,対象外,不明,,競合別名の別業種誤爆（教育語なし）,中,④インテント,,110,,,LOW,ブランド・指名検索,Google_competitor_suggest
47523,あすなろ 武蔵境,EXCLUDE,除外,,,,対象外,不明,,競合別名の別業種誤爆（教育語なし）,中,④インテント,,90,,,LOW,ブランド・指名検索,Google_competitor_suggest
47524,あすなろ ラーメン,EXCLUDE,除外,,,,対象外,不明,,競合別名の別業種誤爆（教育語なし）,中,④インテント,,3600,,,LOW,ブランド・指名検索,Google_competitor_suggest
47525,あすなろ 麻布十番,EXCLUDE,除外,,,,対象外,不明,,競合別名の別業種誤爆（教育語なし）,中,④インテント,,50,,,LOW,ブランド・指名検索,Google_competitor_suggest
47605,サクシード 車,EXCLUDE,除外,,,,対象外,不明,,競合別名の別業種誤爆（教育語なし）,中,④インテント,,1300,5.0,58.0,LOW,ブランド・指名検索,Google_competitor_suggest
47609,サクシード 広告,EXCLUDE,除外,,,,対象外,不明,,競合別名の別業種誤爆（教育語なし）,中,④インテント,,50,,,LOW,ブランド・指名検索,Google_competitor_suggest
47611,サクシード カスタム,EXCLUDE,除外,,,,対象外,不明,,競合別名の別業種誤爆（教育語なし）,中,④インテント,,1300,3.0,44.0,LOW,ブランド・指名検索,Google_competitor_suggest
47753,gipsy kings,EXCLUDE,除外,,,,対象外,不明,,競合別名の別業種誤爆（教育語なし）,中,④インテント,,720,,,LOW,ブランド・指名検索,Google_competitor_suggest
47754,gipss,EXCLUDE,除外,,,,対象外,不明,,競合別名の別業種誤爆（教育語なし）,中,④インテント,,6600,199.0,624.0,LOW,ブランド・指名検索,Google_competitor_suggest
47755,gipsy,EXCLUDE,除外,,,,対象外,不明,,競合別名の別業種誤爆（教育語なし）,中,④インテント,,480,,,LOW,ブランド・指名検索,Google_competitor_suggest
47756,gipsとは,EXCLUDE,除外,,,,対象外,不明,,競合別名の別業種誤爆（教育語なし）,中,④インテント,,30,,,LOW,ブランド・指名検索 | 特性そのものを調べる（とは・特徴・チェック）,Google_competitor_suggest
47757,gips基準,EXCLUDE,除外,,,,対象外,不明,,競合別名の別業種誤爆（教育語なし）,中,④インテント,,20,,,LOW,ブランド・指名検索,Google_competitor_suggest
47758,gipsy 意味,EXCLUDE,除外,,,,対象外,不明,,競合別名の別業種誤爆（教育語なし）,中,④インテント,,70,,,LOW,ブランド・指名検索 | 特性そのものを調べる（とは・特徴・チェック）,Google_competitor_suggest
47759,gipsy kings inspiration,EXCLUDE,除外,,,,対象外,不明,,競合別名の別業種誤爆（教育語なし）,中,④インテント,,210,,,LOW,ブランド・指名検索,Google_competitor_suggest
47760,gipsy kings 来日,EXCLUDE,除外,,,,対象外,不明,,競合別名の別業種誤爆（教育語なし）,中,④インテント,,20,,,LOW,ブランド・指名検索,Google_competitor_suggest
47761,gipsy danger,EXCLUDE,除外,,,,対象外,不明,,競合別名の別業種誤爆（教育語なし）,中,④インテント,,260,,,LOW,ブランド・指名検索,Google_competitor_suggest
47764,gips バット,EXCLUDE,除外,,,,対象外,不明,,競合別名の別業種誤爆（教育語なし）,中,④インテント,,30,,,LOW,ブランド・指名検索,Google_competitor_suggest
47766,gips 椎名林檎,EXCLUDE,除外,,,,対象外,不明,,競合別名の別業種誤爆（教育語なし）,中,④インテント,,10,,,LOW,ブランド・指名検索,Google_competitor_suggest
47767,gips コンポジット,EXCLUDE,除外,,,,対象外,不明,,競合別名の別業種誤爆（教育語なし）,中,④インテント,,10,,,LOW,ブランド・指名検索,Google_competitor_suggest
47771,gips ドイツ 語,EXCLUDE,除外,,,,対象外,不明,,競合別名の別業種誤爆（教育語なし）,中,④インテント,,10,,,LOW,ブランド・指名検索,Google_competitor_suggest
47774,リバランス,EXCLUDE,除外,,,,対象外,不明,,競合別名の別業種誤爆（教育語なし）,中,④インテント,,2900,97.0,612.0,LOW,ブランド・指名検索,Google_competitor_suggest || Google_competitor
47775,リバランスとは,EXCLUDE,除外,,,,対象外,不明,,競合別名の別業種誤爆（教育語なし）,中,④インテント,,2900,167.0,442.0,LOW,ブランド・指名検索 | 特性そのものを調べる（とは・特徴・チェック）,Google_competitor_suggest
47777,リバランスミルク,EXCLUDE,除外,,,,対象外,不明,,競合別名の別業種誤爆（教育語なし）,中,④インテント,,390,,,LOW,ブランド・指名検索,Google_competitor_suggest
47778,リバランス 株,EXCLUDE,除外,,,,対象外,不明,,競合別名の別業種誤爆（教育語なし）,中,④インテント,,140,,,LOW,ブランド・指名検索,Google_competitor_suggest
47779,リバランス 立川,EXCLUDE,除外,,,,対象外,不明,,競合別名の別業種誤爆（教育語なし）,中,④インテント,,70,126.0,363.0,LOW,ブランド・指名検索,Google_competitor_suggest
47780,リバランスデオ,EXCLUDE,除外,,,,対象外,不明,,競合別名の別業種誤爆（教育語なし）,中,④インテント,,590,53.0,173.0,HIGH,ブランド・指名検索,Google_competitor_suggest
47781,リバランス売り,EXCLUDE,除外,,,,対象外,不明,,競合別名の別業種誤爆（教育語なし）,中,④インテント,,140,,,LOW,ブランド・指名検索,Google_competitor_suggest
47782,リバランス いつ,EXCLUDE,除外,,,,対象外,不明,,競合別名の別業種誤爆（教育語なし）,中,④インテント,,50,,,LOW,ブランド・指名検索,Google_competitor_suggest
47784,リバランス 意味,EXCLUDE,除外,,,,対象外,不明,,競合別名の別業種誤爆（教育語なし）,中,④インテント,,110,,,LOW,ブランド・指名検索 | 特性そのものを調べる（とは・特徴・チェック）,Google_competitor_suggest
47785,リバランス タイミング,EXCLUDE,除外,,,,対象外,不明,,競合別名の別業種誤爆（教育語なし）,中,④インテント,,70,,,LOW,ブランド・指名検索,Google_competitor_suggest
47787,リバランス やり方,EXCLUDE,除外,,,,対象外,不明,,競合別名の別業種誤爆（教育語なし）,中,④インテント,,110,,,LOW,ブランド・指名検索,Google_competitor_suggest
47788,リバランス ファンド,EXCLUDE,除外,,,,対象外,不明,,競合別名の別業種誤爆（教育語なし）,中,④インテント,,,,,UNSPECIFIED,ブランド・指名検索,Google_competitor_suggest
47789,リバランス 何月,EXCLUDE,除外,,,,対象外,不明,,競合別名の別業種誤爆（教育語なし）,中,④インテント,,10,,,LOW,ブランド・指名検索,Google_competitor_suggest
48154,ベストワンドットコム,EXCLUDE,除外,,,,対象外,不明,,競合別名の別業種誤爆（教育語なし）,中,④インテント,,720,46.0,145.0,LOW,ブランド・指名検索,Google_competitor_suggest
48155,ベストワンクルーズ,EXCLUDE,除外,,,,対象外,不明,,競合別名の別業種誤爆（教育語なし）,中,④インテント,,5400,33.0,181.0,MEDIUM,ブランド・指名検索,Google_competitor_suggest
48156,ベストワン,EXCLUDE,除外,,,,対象外,不明,,競合別名の別業種誤爆（教育語なし）,中,④インテント,,3600,222.0,499.0,LOW,ブランド・指名検索,Google_competitor_suggest
48159,ベストワンファイター,EXCLUDE,除外,,,,対象外,不明,,競合別名の別業種誤爆（教育語なし）,中,④インテント,,720,,,LOW,ブランド・指名検索,Google_competitor_suggest
48160,ベストワンドットコム株主優待廃止,EXCLUDE,除外,,,,対象外,不明,,競合別名の別業種誤爆（教育語なし）,中,④インテント,,,,,UNSPECIFIED,ブランド・指名検索,Google_competitor_suggest
48162,ベストワンピース,EXCLUDE,除外,,,,対象外,不明,,競合別名の別業種誤爆（教育語なし）,中,④インテント,,880,11.0,188.0,HIGH,ブランド・指名検索,Google_competitor_suggest
48164,ベストワン 買取,EXCLUDE,除外,,,,対象外,不明,,競合別名の別業種誤爆（教育語なし）,中,④インテント,,210,160.0,1574.0,LOW,ブランド・指名検索,Google_competitor_suggest
48165,ベストワン 武蔵村山,EXCLUDE,除外,,,,対象外,不明,,競合別名の別業種誤爆（教育語なし）,中,④インテント,,90,10.0,145.0,LOW,ブランド・指名検索,Google_competitor_suggest
48166,ベストワン 清澄白河,EXCLUDE,除外,,,,対象外,不明,,競合別名の別業種誤爆（教育語なし）,中,④インテント,,40,123.0,405.0,MEDIUM,ブランド・指名検索,Google_competitor_suggest
48167,ベストワン 通販,EXCLUDE,除外,,,,対象外,不明,,競合別名の別業種誤爆（教育語なし）,中,④インテント,,170,13.0,33.0,LOW,ブランド・指名検索,Google_competitor_suggest
48168,ベストワン 意味,EXCLUDE,除外,,,,対象外,不明,,競合別名の別業種誤爆（教育語なし）,中,④インテント,,50,,,LOW,ブランド・指名検索 | 特性そのものを調べる（とは・特徴・チェック）,Google_competitor_suggest
48170,ベストワン 根津,EXCLUDE,除外,,,,対象外,不明,,競合別名の別業種誤爆（教育語なし）,中,④インテント,,20,136.0,377.0,LOW,ブランド・指名検索,Google_competitor_suggest
48171,ベストワン 新中野,EXCLUDE,除外,,,,対象外,不明,,競合別名の別業種誤爆（教育語なし）,中,④インテント,,20,117.0,502.0,LOW,ブランド・指名検索,Google_competitor_suggest
68150,サクシード ホームページ,EXCLUDE,除外,,,,対象外,不明,,競合別名の別業種誤爆（教育語なし）,中,④インテント,,10,,,LOW,ブランド・指名検索,CompetitorMatrix
68152,サクシード とは,EXCLUDE,除外,,,,対象外,不明,,競合別名の別業種誤爆（教育語なし）,中,④インテント,,40,,,LOW,ブランド・指名検索 | 特性そのものを調べる（とは・特徴・チェック）,CompetitorMatrix
68164,GIPS とは,EXCLUDE,除外,,,,対象外,不明,,競合別名の別業種誤爆（教育語なし）,中,④インテント,,30,,,LOW,ブランド・指名検索 | 特性そのものを調べる（とは・特徴・チェック）,CompetitorMatrix
68166,リバランス とは,EXCLUDE,除外,,,,対象外,不明,,競合別名の別業種誤爆（教育語なし）,中,④インテント,,70,,,LOW,ブランド・指名検索 | 特性そのものを調べる（とは・特徴・チェック）,CompetitorMatrix
1084,共通 テスト 取れ ない,EXCLUDE,除外,,,,対象外,不明,,試験の事務情報/大学受験・資格試験（特性・支援文脈なし）,中,④インテント,,70,,,LOW,学習のやり方・学習課題,KWP_KeywordSeed
1085,共通 テスト 取れ ない 原因,EXCLUDE,除外,,,,対象外,不明,,試験の事務情報/大学受験・資格試験（特性・支援文脈なし）,中,④インテント,,50,,,LOW,学習のやり方・学習課題 | 特性そのものを調べる（とは・特徴・チェック）,KWP_KeywordSeed
1086,共通 テスト 国語 点数 取れ ない,EXCLUDE,除外,,,,対象外,不明,,試験の事務情報/大学受験・資格試験（特性・支援文脈なし）,中,④インテント,,70,,,LOW,学習のやり方・学習課題,KWP_KeywordSeed
1087,共通 テスト 模試 点数 取れ ない,EXCLUDE,除外,,,,対象外,不明,,試験の事務情報/大学受験・資格試験（特性・支援文脈なし）,中,④インテント,,10,,,LOW,学習のやり方・学習課題,KWP_KeywordSeed
1088,共通 テスト 点 取れ ない,EXCLUDE,除外,,,,対象外,不明,,試験の事務情報/大学受験・資格試験（特性・支援文脈なし）,中,④インテント,,20,,,LOW,学習のやり方・学習課題,KWP_KeywordSeed
1089,共通 テスト 点数 取れ ない,EXCLUDE,除外,,,,対象外,不明,,試験の事務情報/大学受験・資格試験（特性・支援文脈なし）,中,④インテント,,30,,,LOW,学習のやり方・学習課題,KWP_KeywordSeed
1416,toeic 単語 覚え られ ない,EXCLUDE,除外,,,,対象外,不明,,試験の事務情報/大学受験・資格試験（特性・支援文脈なし）,中,④インテント,,20,,,LOW,学習のやり方・学習課題,KWP_KeywordSeed
1885,東大 友の会 オンライン,EXCLUDE,除外,,,,対象外,不明,,試験の事務情報/大学受験・資格試験（特性・支援文脈なし）,中,④インテント,,10,409.0,2176.0,MEDIUM,サービス探し（家庭教師・塾・支援）,KWP_KeywordSeed
3670,鉄 緑 会 個別 料金,EXCLUDE,除外,,,,対象外,不明,,試験の事務情報/大学受験・資格試験（特性・支援文脈なし）,中,④インテント,鉄緑会,10,,,LOW,比較検討・料金・申込 | ブランド・指名検索,KWP_KeywordSeed
6559,早慶 ゼロワン,EXCLUDE,除外,,,,対象外,不明,,試験の事務情報/大学受験・資格試験（特性・支援文脈なし）,中,④インテント,,390,120.0,1014.0,MEDIUM,受験・進路 | ブランド・指名検索,KWP_KeywordSeed
6768,鉄 緑 会 指定 校,EXCLUDE,除外,,,,対象外,不明,,試験の事務情報/大学受験・資格試験（特性・支援文脈なし）,中,④インテント,鉄緑会,6600,5.0,206.0,LOW,ブランド・指名検索,KWP_KeywordSeed
6769,東大 進学会,EXCLUDE,除外,,,,対象外,不明,,試験の事務情報/大学受験・資格試験（特性・支援文脈なし）,中,④インテント,,390,181.0,421.0,LOW,受験・進路,KWP_KeywordSeed
7089,鉄 緑 会 場所,EXCLUDE,除外,,,,対象外,不明,,試験の事務情報/大学受験・資格試験（特性・支援文脈なし）,中,④インテント,鉄緑会,320,,,LOW,ブランド・指名検索,KWP_KeywordSeed
7811,鉄 緑 会 個別,EXCLUDE,除外,,,,対象外,不明,,試験の事務情報/大学受験・資格試験（特性・支援文脈なし）,中,④インテント,鉄緑会,90,165.0,497.0,LOW,ブランド・指名検索,KWP_KeywordSeed
10270,地理 b 共通 テスト 勉強 法,EXCLUDE,除外,,,,対象外,不明,,試験の事務情報/大学受験・資格試験（特性・支援文脈なし）,中,④インテント,,10,,,UNSPECIFIED,学習のやり方・学習課題,KWP_KeywordSeed
10273,地理 共通 テスト 勉強 法,EXCLUDE,除外,,,,対象外,不明,,試験の事務情報/大学受験・資格試験（特性・支援文脈なし）,中,④インテント,,260,,,LOW,学習のやり方・学習課題,KWP_KeywordSeed
10275,地理 勉強 法 共通 テスト,EXCLUDE,除外,,,,対象外,不明,,試験の事務情報/大学受験・資格試験（特性・支援文脈なし）,中,④インテント,,140,,,LOW,学習のやり方・学習課題,KWP_KeywordSeed
10481,薬学部 勉強 法,EXCLUDE,除外,,,,対象外,不明,,試験の事務情報/大学受験・資格試験（特性・支援文脈なし）,中,④インテント,,110,,,LOW,学習のやり方・学習課題 | 特性理解・診断・医療 | 一般の学校・学習情報（特性語なし）,KWP_KeywordSeed
10492,鉄 緑 会 勉強 法,EXCLUDE,除外,,,,対象外,不明,,試験の事務情報/大学受験・資格試験（特性・支援文脈なし）,中,④インテント,鉄緑会,50,,,LOW,学習のやり方・学習課題 | ブランド・指名検索,KWP_KeywordSeed
11681,鉄 緑 会 宿題,EXCLUDE,除外,,,,対象外,不明,,試験の事務情報/大学受験・資格試験（特性・支援文脈なし）,中,④インテント,鉄緑会,210,,,LOW,学習のやり方・学習課題 | ブランド・指名検索,KWP_KeywordSeed
12033,早慶 付属 高校,EXCLUDE,除外,,,,対象外,不明,,試験の事務情報/大学受験・資格試験（特性・支援文脈なし）,中,④インテント,,90,,,LOW,受験・進路,KWP_KeywordSeed
12034,早慶 附属,EXCLUDE,除外,,,,対象外,不明,,試験の事務情報/大学受験・資格試験（特性・支援文脈なし）,中,④インテント,,140,,,LOW,受験・進路,KWP_KeywordSeed
12035,早慶 附属 高校,EXCLUDE,除外,,,,対象外,不明,,試験の事務情報/大学受験・資格試験（特性・支援文脈なし）,中,④インテント,,390,,,LOW,受験・進路,KWP_KeywordSeed
12036,早慶 高校 受験,EXCLUDE,除外,,,,対象外,不明,,試験の事務情報/大学受験・資格試験（特性・支援文脈なし）,中,④インテント,,170,,,LOW,受験・進路,KWP_KeywordSeed
12060,東大寺 学園 高校 入試,EXCLUDE,除外,,,,対象外,不明,,試験の事務情報/大学受験・資格試験（特性・支援文脈なし）,中,④インテント,,140,,,LOW,受験・進路,KWP_KeywordSeed
12273,高校 受験 早慶,EXCLUDE,除外,,,,対象外,不明,,試験の事務情報/大学受験・資格試験（特性・支援文脈なし）,中,④インテント,,170,,,LOW,受験・進路,KWP_KeywordSeed
12506,関 関 同 立 中学 受験,EXCLUDE,除外,,,,対象外,不明,,試験の事務情報/大学受験・資格試験（特性・支援文脈なし）,中,④インテント,,40,,,LOW,受験・進路,KWP_KeywordSeed
12507,東大寺 学園 中学,EXCLUDE,除外,,,,対象外,不明,,試験の事務情報/大学受験・資格試験（特性・支援文脈なし）,中,④インテント,,880,,,LOW,受験・進路,KWP_KeywordSeed
12757,東大 中学,EXCLUDE,除外,,,,対象外,不明,,試験の事務情報/大学受験・資格試験（特性・支援文脈なし）,中,④インテント,,140,,,LOW,未分類,KWP_KeywordSeed
12759,東大寺 学園 中学 入試,EXCLUDE,除外,,,,対象外,不明,,試験の事務情報/大学受験・資格試験（特性・支援文脈なし）,中,④インテント,,70,,,LOW,受験・進路,KWP_KeywordSeed
12760,東大寺 学園 入試,EXCLUDE,除外,,,,対象外,不明,,試験の事務情報/大学受験・資格試験（特性・支援文脈なし）,中,④インテント,,170,,,LOW,受験・進路,KWP_KeywordSeed
12855,関 関 同 立 付属 中学,EXCLUDE,除外,,,,対象外,不明,,試験の事務情報/大学受験・資格試験（特性・支援文脈なし）,中,④インテント,,40,,,LOW,未分類,KWP_KeywordSeed
13911,トライ 日程,EXCLUDE,除外,,,,対象外,不明,,試験の事務情報/大学受験・資格試験（特性・支援文脈なし）,中,④インテント,,10,,,LOW,ブランド・指名検索,KWP_UrlSeed || KWP_SiteSeed
13926,トライ toeic,EXCLUDE,除外,,,,対象外,不明,,試験の事務情報/大学受験・資格試験（特性・支援文脈なし）,中,④インテント,,10,142.0,498.0,HIGH,学習のやり方・学習課題 | ブランド・指名検索,KWP_UrlSeed
15148,東大 ブログ,EXCLUDE,除外,,,,対象外,不明,,試験の事務情報/大学受験・資格試験（特性・支援文脈なし）,中,④インテント,,170,,,LOW,比較検討・料金・申込,KWP_UrlSeed
15149,東大 嫌い,EXCLUDE,除外,,,,対象外,不明,,試験の事務情報/大学受験・資格試験（特性・支援文脈なし）,中,④インテント,,20,,,LOW,未分類,KWP_UrlSeed
16257,大学 大学院,EXCLUDE,除外,,,,対象外,不明,,試験の事務情報/大学受験・資格試験（特性・支援文脈なし）,中,④インテント,,320,98.0,1167.0,LOW,受験・進路,KWP_UrlSeed
16262,学部 大学院,EXCLUDE,除外,,,,対象外,不明,,試験の事務情報/大学受験・資格試験（特性・支援文脈なし）,中,④インテント,,30,,,LOW,受験・進路 | 一般の学校・学習情報（特性語なし）,KWP_UrlSeed
16265,大学 院,EXCLUDE,除外,,,,対象外,不明,,試験の事務情報/大学受験・資格試験（特性・支援文脈なし）,中,④インテント,,22200,111.0,366.0,LOW,受験・進路,KWP_UrlSeed
16272,大学院 学部,EXCLUDE,除外,,,,対象外,不明,,試験の事務情報/大学受験・資格試験（特性・支援文脈なし）,中,④インテント,,170,,,LOW,受験・進路 | 一般の学校・学習情報（特性語なし）,KWP_UrlSeed
16292,大学院 キャリア,EXCLUDE,除外,,,,対象外,不明,,試験の事務情報/大学受験・資格試験（特性・支援文脈なし）,中,④インテント,,20,,,LOW,受験・進路,KWP_UrlSeed
16470,セミナー 日程,EXCLUDE,除外,,,,対象外,不明,,試験の事務情報/大学受験・資格試験（特性・支援文脈なし）,中,④インテント,,30,,,LOW,未分類,KWP_UrlSeed
16578,願書 高校,EXCLUDE,除外,,,,対象外,不明,,試験の事務情報/大学受験・資格試験（特性・支援文脈なし）,中,④インテント,,880,,,LOW,受験・進路,KWP_UrlSeed
16637,大学 センター 試験 問題,EXCLUDE,除外,,,,対象外,不明,,試験の事務情報/大学受験・資格試験（特性・支援文脈なし）,中,④インテント,,10,,,LOW,受験・進路,KWP_UrlSeed
16748,高校 1 年生 模試 日程,EXCLUDE,除外,,,,対象外,不明,,試験の事務情報/大学受験・資格試験（特性・支援文脈なし）,中,④インテント,,90,92.0,253.0,LOW,学習のやり方・学習課題,KWP_UrlSeed
16753,受験生 模試 日程,EXCLUDE,除外,,,,対象外,不明,,試験の事務情報/大学受験・資格試験（特性・支援文脈なし）,中,④インテント,,20,98.0,325.0,LOW,学習のやり方・学習課題 | 受験・進路,KWP_UrlSeed
18571,toeic 単語,EXCLUDE,除外,,,,対象外,不明,,試験の事務情報/大学受験・資格試験（特性・支援文脈なし）,中,④インテント,,5400,142.0,467.0,LOW,学習のやり方・学習課題,KWP_UrlSeed
18572,toeic 単語 アプリ,EXCLUDE,除外,,,,対象外,不明,,試験の事務情報/大学受験・資格試験（特性・支援文脈なし）,中,④インテント,,1300,134.0,459.0,MEDIUM,学習のやり方・学習課題 | 教材・通信教育,KWP_UrlSeed
18604,toeic 単語 アプリ おすすめ,EXCLUDE,除外,,,,対象外,不明,,試験の事務情報/大学受験・資格試験（特性・支援文脈なし）,中,①王道,,90,124.0,476.0,MEDIUM,比較検討・料金・申込 | 学習のやり方・学習課題 | 教材・通信教育,KWP_UrlSeed
19751,数学 大学院,EXCLUDE,除外,,,,対象外,不明,,試験の事務情報/大学受験・資格試験（特性・支援文脈なし）,中,④インテント,,90,,,LOW,学習のやり方・学習課題 | 受験・進路,KWP_UrlSeed
20215,公務員 勉強,EXCLUDE,除外,,,,対象外,不明,,試験の事務情報/大学受験・資格試験（特性・支援文脈なし）,中,④インテント,,590,160.0,727.0,MEDIUM,未分類,KWP_UrlSeed
20222,大学 公務員,EXCLUDE,除外,,,,対象外,不明,,試験の事務情報/大学受験・資格試験（特性・支援文脈なし）,中,④インテント,,1300,46.0,239.0,LOW,受験・進路,KWP_UrlSeed
20231,学校 公務員,EXCLUDE,除外,,,,対象外,不明,,試験の事務情報/大学受験・資格試験（特性・支援文脈なし）,中,④インテント,,70,,,LOW,未分類,KWP_UrlSeed
20243,試験 公務員,EXCLUDE,除外,,,,対象外,不明,,試験の事務情報/大学受験・資格試験（特性・支援文脈なし）,中,④インテント,,49500,36.0,374.0,LOW,未分類,KWP_UrlSeed
20330,中学生 東大,EXCLUDE,除外,,,,対象外,不明,,試験の事務情報/大学受験・資格試験（特性・支援文脈なし）,中,④インテント,,10,,,LOW,未分類,KWP_UrlSeed || KWP_SiteSeed
21726,勉強 東大,EXCLUDE,除外,,,,対象外,不明,,試験の事務情報/大学受験・資格試験（特性・支援文脈なし）,中,④インテント,,90,,,LOW,未分類,KWP_UrlSeed
22281,高校 看護,EXCLUDE,除外,,,,対象外,不明,,試験の事務情報/大学受験・資格試験（特性・支援文脈なし）,中,④インテント,,590,,,LOW,未分類,KWP_UrlSeed
22287,march 大学,EXCLUDE,除外,,,,対象外,不明,,試験の事務情報/大学受験・資格試験（特性・支援文脈なし）,中,④インテント,,18100,3.0,263.0,LOW,受験・進路,KWP_UrlSeed
22295,看護 大学 専門,EXCLUDE,除外,,,,対象外,不明,,試験の事務情報/大学受験・資格試験（特性・支援文脈なし）,中,④インテント,,20,98.0,616.0,LOW,サービス探し（家庭教師・塾・支援） | 受験・進路,KWP_UrlSeed
22299,march 受験,EXCLUDE,除外,,,,対象外,不明,,試験の事務情報/大学受験・資格試験（特性・支援文脈なし）,中,④インテント,,40,,,LOW,受験・進路,KWP_UrlSeed
22307,看護 講師,EXCLUDE,除外,,,,対象外,不明,,試験の事務情報/大学受験・資格試験（特性・支援文脈なし）,中,④インテント,,10,,,LOW,未分類,KWP_UrlSeed
22805,東大 小学生,EXCLUDE,除外,,,,対象外,不明,,試験の事務情報/大学受験・資格試験（特性・支援文脈なし）,中,④インテント,,50,,,LOW,未分類,KWP_UrlSeed
22994,march 高校,EXCLUDE,除外,,,,対象外,不明,,試験の事務情報/大学受験・資格試験（特性・支援文脈なし）,中,④インテント,,110,,,LOW,未分類,KWP_UrlSeed
23053,東京 大阪 料金,EXCLUDE,除外,,,,対象外,不明,,試験の事務情報/大学受験・資格試験（特性・支援文脈なし）,中,④インテント,,210,3.0,66.0,LOW,比較検討・料金・申込 | 地域・近くで探す,KWP_UrlSeed
23061,東京 大阪 予約,EXCLUDE,除外,,,,対象外,不明,,試験の事務情報/大学受験・資格試験（特性・支援文脈なし）,中,④インテント,,10,9.0,87.0,MEDIUM,地域・近くで探す,KWP_UrlSeed
23067,東京 大阪,EXCLUDE,除外,,,,対象外,不明,,試験の事務情報/大学受験・資格試験（特性・支援文脈なし）,中,④インテント,,12100,7.0,62.0,LOW,地域・近くで探す,KWP_UrlSeed
23087,東京 大阪 名古屋,EXCLUDE,除外,,,,対象外,不明,,試験の事務情報/大学受験・資格試験（特性・支援文脈なし）,中,④インテント,,590,,,LOW,地域・近くで探す,KWP_UrlSeed
23088,東京 大阪 福岡,EXCLUDE,除外,,,,対象外,不明,,試験の事務情報/大学受験・資格試験（特性・支援文脈なし）,中,④インテント,,90,,,LOW,地域・近くで探す,KWP_UrlSeed
23761,通信 制服,EXCLUDE,除外,,,,対象外,不明,,試験の事務情報/大学受験・資格試験（特性・支援文脈なし）,中,④インテント,,140,,,LOW,学校生活・不登校・学校種別,KWP_UrlSeed
23896,学研 東大,EXCLUDE,除外,,,,対象外,不明,,試験の事務情報/大学受験・資格試験（特性・支援文脈なし）,中,④インテント,,20,,,LOW,ブランド・指名検索,KWP_UrlSeed
26266,共通 テスト 集中 できない,EXCLUDE,除外,,,,対象外,不明,,試験の事務情報/大学受験・資格試験（特性・支援文脈なし）,中,④インテント,,10,,,LOW,学習のやり方・学習課題,KWP_KeywordSeed
26482,ナスコミ 看護 師,EXCLUDE,除外,,,,対象外,不明,,試験の事務情報/大学受験・資格試験（特性・支援文脈なし）,中,④インテント,,110,300.0,1004.0,MEDIUM,療育・福祉・居場所,KWP_KeywordSeed
26522,東京 さつき ホスピタル 看護 師 口コミ,EXCLUDE,除外,,,,対象外,不明,,試験の事務情報/大学受験・資格試験（特性・支援文脈なし）,中,④インテント,,20,120.0,598.0,LOW,比較検討・料金・申込 | 地域・近くで探す,KWP_KeywordSeed
27066,彩 の 国東 大宮 メディカル センター クチコミ,EXCLUDE,除外,,,,対象外,不明,,試験の事務情報/大学受験・資格試験（特性・支援文脈なし）,中,④インテント,,210,,,LOW,比較検討・料金・申込,KWP_KeywordSeed
27703,リクルート fp 相談 口コミ,EXCLUDE,除外,,,,対象外,不明,,試験の事務情報/大学受験・資格試験（特性・支援文脈なし）,中,④インテント,,10,,,UNSPECIFIED,比較検討・料金・申込,KWP_KeywordSeed
27760,行政 書士 相談 費用,EXCLUDE,除外,,,,対象外,不明,,試験の事務情報/大学受験・資格試験（特性・支援文脈なし）,中,④インテント,,30,79.0,282.0,LOW,比較検討・料金・申込,KWP_KeywordSeed
27761,行政 書士 相談 料金,EXCLUDE,除外,,,,対象外,不明,,試験の事務情報/大学受験・資格試験（特性・支援文脈なし）,中,④インテント,,20,,,LOW,比較検討・料金・申込,KWP_KeywordSeed
28438,中学 出願,EXCLUDE,除外,,,,対象外,不明,,試験の事務情報/大学受験・資格試験（特性・支援文脈なし）,中,④インテント,,50,,,LOW,受験・進路,KWP_SiteSeed
28460,中学 東大,EXCLUDE,除外,,,,対象外,不明,,試験の事務情報/大学受験・資格試験（特性・支援文脈なし）,中,④インテント,,10,,,LOW,未分類,KWP_SiteSeed
28870,東大 進学 率 中学,EXCLUDE,除外,,,,対象外,不明,,試験の事務情報/大学受験・資格試験（特性・支援文脈なし）,中,④インテント,,10,,,LOW,受験・進路,KWP_SiteSeed
29143,日能研 テスト 日程,EXCLUDE,除外,,,,対象外,不明,,試験の事務情報/大学受験・資格試験（特性・支援文脈なし）,中,④インテント,日能研,170,91.0,237.0,LOW,学習のやり方・学習課題 | ブランド・指名検索,KWP_SiteSeed
29152,日能研 模試 日程,EXCLUDE,除外,,,,対象外,不明,,試験の事務情報/大学受験・資格試験（特性・支援文脈なし）,中,④インテント,日能研,170,,,LOW,学習のやり方・学習課題 | ブランド・指名検索,KWP_SiteSeed
29179,中学生 模試 申し込み,EXCLUDE,除外,,,,対象外,不明,,試験の事務情報/大学受験・資格試験（特性・支援文脈なし）,中,④インテント,,140,134.0,443.0,MEDIUM,比較検討・料金・申込 | 学習のやり方・学習課題,KWP_SiteSeed
29185,中学 模試 日程,EXCLUDE,除外,,,,対象外,不明,,試験の事務情報/大学受験・資格試験（特性・支援文脈なし）,中,④インテント,,210,121.0,341.0,LOW,学習のやり方・学習課題,KWP_SiteSeed
29214,sapix 模試 日程,EXCLUDE,除外,,,,対象外,不明,,試験の事務情報/大学受験・資格試験（特性・支援文脈なし）,中,④インテント,SAPIX,30,,,LOW,学習のやり方・学習課題 | ブランド・指名検索,KWP_SiteSeed
29234,サピックス 模試 日程,EXCLUDE,除外,,,,対象外,不明,,試験の事務情報/大学受験・資格試験（特性・支援文脈なし）,中,④インテント,SAPIX,70,,,LOW,学習のやり方・学習課題 | ブランド・指名検索,KWP_SiteSeed
29288,入試 高校 日程,EXCLUDE,除外,,,,対象外,不明,,試験の事務情報/大学受験・資格試験（特性・支援文脈なし）,中,④インテント,,10,,,LOW,受験・進路,KWP_SiteSeed
29323,受験 日程 高校,EXCLUDE,除外,,,,対象外,不明,,試験の事務情報/大学受験・資格試験（特性・支援文脈なし）,中,④インテント,,4400,4.0,208.0,LOW,受験・進路,KWP_SiteSeed
29326,受験 高校 日程,EXCLUDE,除外,,,,対象外,不明,,試験の事務情報/大学受験・資格試験（特性・支援文脈なし）,中,④インテント,,20,,,LOW,受験・進路,KWP_SiteSeed
29439,早慶 中学,EXCLUDE,除外,,,,対象外,不明,,試験の事務情報/大学受験・資格試験（特性・支援文脈なし）,中,④インテント,,20,,,LOW,受験・進路,KWP_SiteSeed
29471,東大 中学生,EXCLUDE,除外,,,,対象外,不明,,試験の事務情報/大学受験・資格試験（特性・支援文脈なし）,中,④インテント,,30,,,LOW,未分類,KWP_SiteSeed
29758,愛知 入試 日程,EXCLUDE,除外,,,,対象外,不明,,試験の事務情報/大学受験・資格試験（特性・支援文脈なし）,中,④インテント,,20,,,LOW,受験・進路,KWP_SiteSeed
30688,トライ 式 高等 学院 オープン キャンパス,EXCLUDE,除外,,,,対象外,不明,,試験の事務情報/大学受験・資格試験（特性・支援文脈なし）,中,④インテント,トライ式高等学院,110,99.0,369.0,LOW,ブランド・指名検索,KWP_CompetitorKeywordSeed
31106,トライ 難関 大学,EXCLUDE,除外,,,,対象外,不明,,試験の事務情報/大学受験・資格試験（特性・支援文脈なし）,中,④インテント,,10,,,LOW,受験・進路 | ブランド・指名検索,KWP_CompetitorKeywordSeed
43594,ウィズユー 訪問 看護,EXCLUDE,除外,,,,対象外,不明,,試験の事務情報/大学受験・資格試験（特性・支援文脈なし）,中,④インテント,ウィズ・ユー,10,,,LOW,ブランド・指名検索,KWP_CompetitorKeywordSeed
44898,興 学 社 高等 学院 オープン キャンパス,EXCLUDE,除外,,,,対象外,不明,,試験の事務情報/大学受験・資格試験（特性・支援文脈なし）,中,④インテント,興学社高等学院,50,100.0,349.0,LOW,ブランド・指名検索,KWP_CompetitorKeywordSeed
44908,興 学 社 高等 学院 制服,EXCLUDE,除外,,,,対象外,不明,,試験の事務情報/大学受験・資格試験（特性・支援文脈なし）,中,④インテント,興学社高等学院,90,,,LOW,ブランド・指名検索,KWP_CompetitorKeywordSeed
47346,fp 相談 おすすめ,EXCLUDE,除外,,,,対象外,不明,,試験の事務情報/大学受験・資格試験（特性・支援文脈なし）,中,④インテント,,880,494.0,2883.0,MEDIUM,比較検討・料金・申込,Google_suggest
47349,住宅ローン fp 相談 おすすめ,EXCLUDE,除外,,,,対象外,不明,,試験の事務情報/大学受験・資格試験（特性・支援文脈なし）,中,④インテント,,140,693.0,3324.0,MEDIUM,比較検討・料金・申込,Google_suggest
48244,リタリコジュニア 訪問看護,EXCLUDE,除外,,,,対象外,不明,,試験の事務情報/大学受験・資格試験（特性・支援文脈なし）,中,④インテント,LITALICOジュニア,20,139.0,459.0,LOW,ブランド・指名検索,Google_competitor_suggest
48464,青楓館高等学院 制服,EXCLUDE,除外,,,,対象外,不明,,試験の事務情報/大学受験・資格試験（特性・支援文脈なし）,中,④インテント,青楓館高等学院,40,,,LOW,ブランド・指名検索,Google_competitor_suggest
48631,toeic z会 評判,EXCLUDE,除外,,,,対象外,不明,,試験の事務情報/大学受験・資格試験（特性・支援文脈なし）,中,④インテント,Z会,10,707.0,9970.0,MEDIUM,比較検討・料金・申込 | 学習のやり方・学習課題 | ブランド・指名検索,Google_competitor_suggest
48643,スタディサプリ toeic,EXCLUDE,除外,,,,対象外,不明,,試験の事務情報/大学受験・資格試験（特性・支援文脈なし）,中,④インテント,スタディサプリ,2400,428.0,158104.0,LOW,学習のやり方・学習課題 | ブランド・指名検索,Google_competitor_suggest
48659,スタディサプリ 口コミ toeic,EXCLUDE,除外,,,,対象外,不明,,試験の事務情報/大学受験・資格試験（特性・支援文脈なし）,中,④インテント,スタディサプリ,10,,,LOW,比較検討・料金・申込 | 学習のやり方・学習課題 | ブランド・指名検索,Google_competitor_suggest
48664,スタディサプリ 評判 toeic,EXCLUDE,除外,,,,対象外,不明,,試験の事務情報/大学受験・資格試験（特性・支援文脈なし）,中,④インテント,スタディサプリ,10,,,LOW,比較検討・料金・申込 | 学習のやり方・学習課題 | ブランド・指名検索,Google_competitor_suggest
48665,スタディサプリ 料金 toeic,EXCLUDE,除外,,,,対象外,不明,,試験の事務情報/大学受験・資格試験（特性・支援文脈なし）,中,④インテント,スタディサプリ,90,39571.0,158104.0,LOW,比較検討・料金・申込 | 学習のやり方・学習課題 | ブランド・指名検索,Google_competitor_suggest
13375,英語 こども,EXCLUDE,除外,,,,対象外,不明,,語句の英訳・文法の調べもの,中,④インテント,,2400,193.0,615.0,MEDIUM,学習のやり方・学習課題,KWP_UrlSeed
15634,ld 英語,EXCLUDE,除外,,,,対象外,不明,,語句の英訳・文法の調べもの,中,④インテント,,70,,,LOW,学習のやり方・学習課題,KWP_UrlSeed || KWP_SiteSeed
15732,英語 ld,EXCLUDE,除外,,,,対象外,不明,,語句の英訳・文法の調べもの,中,④インテント,,20,,,LOW,学習のやり方・学習課題,KWP_UrlSeed
18349,から 英語,EXCLUDE,除外,,,,対象外,不明,,語句の英訳・文法の調べもの,中,④インテント,,3600,,,LOW,学習のやり方・学習課題,KWP_UrlSeed
18354,ので 英語,EXCLUDE,除外,,,,対象外,不明,,語句の英訳・文法の調べもの,中,④インテント,,720,,,LOW,学習のやり方・学習課題,KWP_UrlSeed
18357,し 英語,EXCLUDE,除外,,,,対象外,不明,,語句の英訳・文法の調べもの,中,④インテント,,720,,,LOW,学習のやり方・学習課題,KWP_UrlSeed
18368,できる 英語,EXCLUDE,除外,,,,対象外,不明,,語句の英訳・文法の調べもの,中,④インテント,,2900,157.0,1562.0,LOW,学習のやり方・学習課題,KWP_UrlSeed
18374,では 英語,EXCLUDE,除外,,,,対象外,不明,,語句の英訳・文法の調べもの,中,④インテント,,3600,,,LOW,学習のやり方・学習課題,KWP_UrlSeed
18376,英語 ので,EXCLUDE,除外,,,,対象外,不明,,語句の英訳・文法の調べもの,中,④インテント,,40,,,LOW,学習のやり方・学習課題,KWP_UrlSeed
18377,そして 英語,EXCLUDE,除外,,,,対象外,不明,,語句の英訳・文法の調べもの,中,④インテント,,8100,,,LOW,学習のやり方・学習課題,KWP_UrlSeed
18381,英語 できる,EXCLUDE,除外,,,,対象外,不明,,語句の英訳・文法の調べもの,中,④インテント,,2900,157.0,1562.0,LOW,学習のやり方・学習課題,KWP_UrlSeed
18383,わかる 英語,EXCLUDE,除外,,,,対象外,不明,,語句の英訳・文法の調べもの,中,④インテント,,4400,,,LOW,学習のやり方・学習課題,KWP_UrlSeed
18391,したい 英語,EXCLUDE,除外,,,,対象外,不明,,語句の英訳・文法の調べもの,中,④インテント,,3600,,,LOW,学習のやり方・学習課題,KWP_UrlSeed
18399,英語 dr,EXCLUDE,除外,,,,対象外,不明,,語句の英訳・文法の調べもの,中,④インテント,,20,,,LOW,学習のやり方・学習課題,KWP_UrlSeed
18400,した 英語,EXCLUDE,除外,,,,対象外,不明,,語句の英訳・文法の調べもの,中,④インテント,,720,,,LOW,学習のやり方・学習課題,KWP_UrlSeed
18402,させる 英語,EXCLUDE,除外,,,,対象外,不明,,語句の英訳・文法の調べもの,中,④インテント,,1600,,,LOW,学習のやり方・学習課題,KWP_UrlSeed
18405,もの 英語,EXCLUDE,除外,,,,対象外,不明,,語句の英訳・文法の調べもの,中,④インテント,,1600,,,LOW,学習のやり方・学習課題,KWP_UrlSeed
18408,さらに 英語,EXCLUDE,除外,,,,対象外,不明,,語句の英訳・文法の調べもの,中,④インテント,,9900,3.0,69.0,LOW,学習のやり方・学習課題,KWP_UrlSeed
18411,しない 英語,EXCLUDE,除外,,,,対象外,不明,,語句の英訳・文法の調べもの,中,④インテント,,590,,,LOW,学習のやり方・学習課題,KWP_UrlSeed
18425,いる 英語,EXCLUDE,除外,,,,対象外,不明,,語句の英訳・文法の調べもの,中,④インテント,,2400,,,LOW,学習のやり方・学習課題,KWP_UrlSeed
18428,た 英語,EXCLUDE,除外,,,,対象外,不明,,語句の英訳・文法の調べもの,中,④インテント,,1900,,,LOW,学習のやり方・学習課題,KWP_UrlSeed
18434,する 英語,EXCLUDE,除外,,,,対象外,不明,,語句の英訳・文法の調べもの,中,④インテント,,1900,85.0,594.0,LOW,学習のやり方・学習課題,KWP_UrlSeed
18438,な 英語,EXCLUDE,除外,,,,対象外,不明,,語句の英訳・文法の調べもの,中,④インテント,,2400,79.0,296.0,LOW,学習のやり方・学習課題,KWP_UrlSeed
18447,たら 英語,EXCLUDE,除外,,,,対象外,不明,,語句の英訳・文法の調べもの,中,④インテント,,880,,,LOW,学習のやり方・学習課題,KWP_UrlSeed
18448,て 英語,EXCLUDE,除外,,,,対象外,不明,,語句の英訳・文法の調べもの,中,④インテント,,260,,,LOW,学習のやり方・学習課題,KWP_UrlSeed
18451,たか 英語,EXCLUDE,除外,,,,対象外,不明,,語句の英訳・文法の調べもの,中,④インテント,,8100,,,LOW,学習のやり方・学習課題,KWP_UrlSeed
18453,英語 も,EXCLUDE,除外,,,,対象外,不明,,語句の英訳・文法の調べもの,中,④インテント,,110,,,LOW,学習のやり方・学習課題,KWP_UrlSeed
18457,なる 英語,EXCLUDE,除外,,,,対象外,不明,,語句の英訳・文法の調べもの,中,④インテント,,1300,,,LOW,学習のやり方・学習課題,KWP_UrlSeed
18462,ても 英語,EXCLUDE,除外,,,,対象外,不明,,語句の英訳・文法の調べもの,中,④インテント,,40,,,LOW,学習のやり方・学習課題,KWP_UrlSeed
18465,され ます 英語,EXCLUDE,除外,,,,対象外,不明,,語句の英訳・文法の調べもの,中,④インテント,,40,,,LOW,学習のやり方・学習課題,KWP_UrlSeed
18467,ながら 英語,EXCLUDE,除外,,,,対象外,不明,,語句の英訳・文法の調べもの,中,④インテント,,390,147.0,560.0,LOW,学習のやり方・学習課題,KWP_UrlSeed
18468,w 英語,EXCLUDE,除外,,,,対象外,不明,,語句の英訳・文法の調べもの,中,④インテント,,170,,,LOW,学習のやり方・学習課題,KWP_UrlSeed
18469,かた 英語,EXCLUDE,除外,,,,対象外,不明,,語句の英訳・文法の調べもの,中,④インテント,,70,,,LOW,学習のやり方・学習課題,KWP_UrlSeed
18472,英語 これ,EXCLUDE,除外,,,,対象外,不明,,語句の英訳・文法の調べもの,中,④インテント,,140,,,LOW,学習のやり方・学習課題,KWP_UrlSeed
18484,って 英語,EXCLUDE,除外,,,,対象外,不明,,語句の英訳・文法の調べもの,中,④インテント,,40,,,LOW,学習のやり方・学習課題,KWP_UrlSeed
18488,や 英語,EXCLUDE,除外,,,,対象外,不明,,語句の英訳・文法の調べもの,中,④インテント,,1300,,,LOW,学習のやり方・学習課題,KWP_UrlSeed
18490,なので 英語,EXCLUDE,除外,,,,対象外,不明,,語句の英訳・文法の調べもの,中,④インテント,,6600,,,LOW,学習のやり方・学習課題,KWP_UrlSeed
18493,ある 英語,EXCLUDE,除外,,,,対象外,不明,,語句の英訳・文法の調べもの,中,④インテント,,2400,,,LOW,学習のやり方・学習課題,KWP_UrlSeed
18500,のば 英語,EXCLUDE,除外,,,,対象外,不明,,語句の英訳・文法の調べもの,中,④インテント,,20,55.0,1541.0,LOW,学習のやり方・学習課題,KWP_UrlSeed
18507,だ 英語,EXCLUDE,除外,,,,対象外,不明,,語句の英訳・文法の調べもの,中,④インテント,,260,,,LOW,学習のやり方・学習課題,KWP_UrlSeed
18510,英語 うまい,EXCLUDE,除外,,,,対象外,不明,,語句の英訳・文法の調べもの,中,④インテント,,1900,,,LOW,学習のやり方・学習課題,KWP_UrlSeed
18513,英語 あり,EXCLUDE,除外,,,,対象外,不明,,語句の英訳・文法の調べもの,中,④インテント,,3600,,,LOW,学習のやり方・学習課題,KWP_UrlSeed
18514,たな 英語,EXCLUDE,除外,,,,対象外,不明,,語句の英訳・文法の調べもの,中,④インテント,,110,,,LOW,学習のやり方・学習課題,KWP_UrlSeed
18517,る 英語,EXCLUDE,除外,,,,対象外,不明,,語句の英訳・文法の調べもの,中,④インテント,,210,,,LOW,学習のやり方・学習課題,KWP_UrlSeed
18521,だけ 英語,EXCLUDE,除外,,,,対象外,不明,,語句の英訳・文法の調べもの,中,④インテント,,1000,,,LOW,学習のやり方・学習課題,KWP_UrlSeed
18522,英語 なる,EXCLUDE,除外,,,,対象外,不明,,語句の英訳・文法の調べもの,中,④インテント,,1300,,,LOW,学習のやり方・学習課題,KWP_UrlSeed
18523,ない 英語,EXCLUDE,除外,,,,対象外,不明,,語句の英訳・文法の調べもの,中,④インテント,,1600,,,LOW,学習のやり方・学習課題,KWP_UrlSeed
18524,英語 ない,EXCLUDE,除外,,,,対象外,不明,,語句の英訳・文法の調べもの,中,④インテント,,70,,,LOW,学習のやり方・学習課題,KWP_UrlSeed
18525,ば 英語,EXCLUDE,除外,,,,対象外,不明,,語句の英訳・文法の調べもの,中,④インテント,,140,,,LOW,学習のやり方・学習課題,KWP_UrlSeed
18527,いい 英語,EXCLUDE,除外,,,,対象外,不明,,語句の英訳・文法の調べもの,中,④インテント,,1900,,,LOW,学習のやり方・学習課題,KWP_UrlSeed
18531,という 英語,EXCLUDE,除外,,,,対象外,不明,,語句の英訳・文法の調べもの,中,④インテント,,1000,,,LOW,学習のやり方・学習課題,KWP_UrlSeed
18534,英語 や,EXCLUDE,除外,,,,対象外,不明,,語句の英訳・文法の調べもの,中,④インテント,,390,233.0,652.0,LOW,学習のやり方・学習課題,KWP_UrlSeed
18535,あり 英語,EXCLUDE,除外,,,,対象外,不明,,語句の英訳・文法の調べもの,中,④インテント,,3600,,,LOW,学習のやり方・学習課題,KWP_UrlSeed
18536,など 英語,EXCLUDE,除外,,,,対象外,不明,,語句の英訳・文法の調べもの,中,④インテント,,8100,,,LOW,学習のやり方・学習課題,KWP_UrlSeed
18541,英語 する,EXCLUDE,除外,,,,対象外,不明,,語句の英訳・文法の調べもの,中,④インテント,,170,,,LOW,学習のやり方・学習課題,KWP_UrlSeed
18544,これ 英語,EXCLUDE,除外,,,,対象外,不明,,語句の英訳・文法の調べもの,中,④インテント,,3600,,,LOW,学習のやり方・学習課題,KWP_UrlSeed
18548,にて 英語,EXCLUDE,除外,,,,対象外,不明,,語句の英訳・文法の調べもの,中,④インテント,,260,,,LOW,学習のやり方・学習課題,KWP_UrlSeed
18551,すら 英語,EXCLUDE,除外,,,,対象外,不明,,語句の英訳・文法の調べもの,中,④インテント,,90,,,LOW,学習のやり方・学習課題,KWP_UrlSeed
18555,英語 ただ,EXCLUDE,除外,,,,対象外,不明,,語句の英訳・文法の調べもの,中,④インテント,,1300,,,LOW,学習のやり方・学習課題,KWP_UrlSeed
18557,すると 英語,EXCLUDE,除外,,,,対象外,不明,,語句の英訳・文法の調べもの,中,④インテント,,1900,,,LOW,学習のやり方・学習課題,KWP_UrlSeed
18560,でも 英語,EXCLUDE,除外,,,,対象外,不明,,語句の英訳・文法の調べもの,中,④インテント,,2400,,,LOW,学習のやり方・学習課題,KWP_UrlSeed
18565,英語 まずは,EXCLUDE,除外,,,,対象外,不明,,語句の英訳・文法の調べもの,中,④インテント,,50,,,LOW,学習のやり方・学習課題,KWP_UrlSeed
18693,により 英語,EXCLUDE,除外,,,,対象外,不明,,語句の英訳・文法の調べもの,中,④インテント,,320,,,LOW,学習のやり方・学習課題,KWP_UrlSeed
18694,による 英語,EXCLUDE,除外,,,,対象外,不明,,語句の英訳・文法の調べもの,中,④インテント,,1300,,,LOW,学習のやり方・学習課題,KWP_UrlSeed
18697,ため 英語,EXCLUDE,除外,,,,対象外,不明,,語句の英訳・文法の調べもの,中,④インテント,,390,,,LOW,学習のやり方・学習課題,KWP_UrlSeed
18764,英語 ながら,EXCLUDE,除外,,,,対象外,不明,,語句の英訳・文法の調べもの,中,④インテント,,20,,,LOW,学習のやり方・学習課題,KWP_UrlSeed
18767,英語 として,EXCLUDE,除外,,,,対象外,不明,,語句の英訳・文法の調べもの,中,④インテント,,70,,,LOW,学習のやり方・学習課題,KWP_UrlSeed
18824,やすい 英語,EXCLUDE,除外,,,,対象外,不明,,語句の英訳・文法の調べもの,中,④インテント,,8100,191.0,683.0,LOW,学習のやり方・学習課題,KWP_UrlSeed
18830,じゃ 英語,EXCLUDE,除外,,,,対象外,不明,,語句の英訳・文法の調べもの,中,④インテント,,90,,,LOW,学習のやり方・学習課題,KWP_UrlSeed
18833,英語 やすい,EXCLUDE,除外,,,,対象外,不明,,語句の英訳・文法の調べもの,中,④インテント,,20,,,LOW,学習のやり方・学習課題,KWP_UrlSeed
18847,さ 英語,EXCLUDE,除外,,,,対象外,不明,,語句の英訳・文法の調べもの,中,④インテント,,880,9.0,135.0,LOW,学習のやり方・学習課題,KWP_UrlSeed
18871,です 英語,EXCLUDE,除外,,,,対象外,不明,,語句の英訳・文法の調べもの,中,④インテント,,4400,121.0,493.0,LOW,学習のやり方・学習課題,KWP_UrlSeed
18873,やわ 英語,EXCLUDE,除外,,,,対象外,不明,,語句の英訳・文法の調べもの,中,④インテント,,20,,,LOW,学習のやり方・学習課題,KWP_UrlSeed
18878,しまう 英語,EXCLUDE,除外,,,,対象外,不明,,語句の英訳・文法の調べもの,中,④インテント,,1000,,,LOW,学習のやり方・学習課題,KWP_UrlSeed
18883,ず 英語,EXCLUDE,除外,,,,対象外,不明,,語句の英訳・文法の調べもの,中,④インテント,,2400,,,LOW,学習のやり方・学習課題,KWP_UrlSeed
18886,しかし 英語,EXCLUDE,除外,,,,対象外,不明,,語句の英訳・文法の調べもの,中,④インテント,,5400,,,LOW,学習のやり方・学習課題,KWP_UrlSeed
18897,ごと 英語,EXCLUDE,除外,,,,対象外,不明,,語句の英訳・文法の調べもの,中,④インテント,,170,,,LOW,学習のやり方・学習課題,KWP_UrlSeed
18933,ます 英語,EXCLUDE,除外,,,,対象外,不明,,語句の英訳・文法の調べもの,中,④インテント,,320,,,LOW,学習のやり方・学習課題,KWP_UrlSeed
18934,やす 英語,EXCLUDE,除外,,,,対象外,不明,,語句の英訳・文法の調べもの,中,④インテント,,390,,,LOW,学習のやり方・学習課題,KWP_UrlSeed
18940,英語 ます,EXCLUDE,除外,,,,対象外,不明,,語句の英訳・文法の調べもの,中,④インテント,,50,,,LOW,学習のやり方・学習課題,KWP_UrlSeed
18950,英語 しかし,EXCLUDE,除外,,,,対象外,不明,,語句の英訳・文法の調べもの,中,④インテント,,170,,,LOW,学習のやり方・学習課題,KWP_UrlSeed
18962,はし 英語,EXCLUDE,除外,,,,対象外,不明,,語句の英訳・文法の調べもの,中,④インテント,,320,,,LOW,学習のやり方・学習課題,KWP_UrlSeed
18966,ここ 英語,EXCLUDE,除外,,,,対象外,不明,,語句の英訳・文法の調べもの,中,④インテント,,3600,,,LOW,学習のやり方・学習課題,KWP_UrlSeed
18971,しょう 英語,EXCLUDE,除外,,,,対象外,不明,,語句の英訳・文法の調べもの,中,④インテント,,720,,,LOW,学習のやり方・学習課題,KWP_UrlSeed
18972,として 英語,EXCLUDE,除外,,,,対象外,不明,,語句の英訳・文法の調べもの,中,④インテント,,2400,,,LOW,学習のやり方・学習課題,KWP_UrlSeed
18973,こちら 英語,EXCLUDE,除外,,,,対象外,不明,,語句の英訳・文法の調べもの,中,④インテント,,1000,,,LOW,学習のやり方・学習課題,KWP_UrlSeed
24936,英語 すぐ,EXCLUDE,除外,,,,対象外,不明,,語句の英訳・文法の調べもの,中,④インテント,,9900,3.0,23.0,LOW,学習のやり方・学習課題,KWP_UrlSeed
24939,おもて 英語,EXCLUDE,除外,,,,対象外,不明,,語句の英訳・文法の調べもの,中,④インテント,,210,,,LOW,学習のやり方・学習課題,KWP_UrlSeed
24953,まずは 英語,EXCLUDE,除外,,,,対象外,不明,,語句の英訳・文法の調べもの,中,④インテント,,1600,,,LOW,学習のやり方・学習課題,KWP_UrlSeed
24962,すぐ 英語,EXCLUDE,除外,,,,対象外,不明,,語句の英訳・文法の調べもの,中,④インテント,,9900,3.0,23.0,LOW,学習のやり方・学習課題,KWP_UrlSeed
24966,英語 まず,EXCLUDE,除外,,,,対象外,不明,,語句の英訳・文法の調べもの,中,④インテント,,70,,,LOW,学習のやり方・学習課題,KWP_UrlSeed
24967,まず 英語,EXCLUDE,除外,,,,対象外,不明,,語句の英訳・文法の調べもの,中,④インテント,,1900,,,LOW,学習のやり方・学習課題,KWP_UrlSeed
24971,英語 わかる,EXCLUDE,除外,,,,対象外,不明,,語句の英訳・文法の調べもの,中,④インテント,,4400,,,LOW,学習のやり方・学習課題,KWP_UrlSeed
25245,英語 おうち,EXCLUDE,除外,,,,対象外,不明,,語句の英訳・文法の調べもの,中,④インテント,,10,,,MEDIUM,学習のやり方・学習課題,KWP_UrlSeed
25249,英語 のば,EXCLUDE,除外,,,,対象外,不明,,語句の英訳・文法の調べもの,中,④インテント,,10,,,MEDIUM,学習のやり方・学習課題,KWP_UrlSeed
25273,がば 英語,EXCLUDE,除外,,,,対象外,不明,,語句の英訳・文法の調べもの,中,④インテント,,10,,,LOW,学習のやり方・学習課題,KWP_UrlSeed
25369,sp english,EXCLUDE,除外,,,,対象外,不明,,語句の英訳・文法の調べもの,中,④インテント,,140,55.0,400.0,LOW,未分類,KWP_UrlSeed
17639,as ジャパン 評判,EXCLUDE,除外,,,,対象外,不明,,領域語なし（別業種・生活一般）,高,④インテント,,10,,,LOW,比較検討・料金・申込,KWP_UrlSeed
22895,ダンス 練習,EXCLUDE,除外,,,,対象外,不明,,領域語なし（別業種・生活一般）,高,④インテント,,880,70.0,274.0,LOW,習い事・トレーニング,KWP_UrlSeed
22898,曲 ダンス,EXCLUDE,除外,,,,対象外,不明,,領域語なし（別業種・生活一般）,高,④インテント,,5400,,,LOW,習い事・トレーニング,KWP_UrlSeed
22899,ダンス 今日,EXCLUDE,除外,,,,対象外,不明,,領域語なし（別業種・生活一般）,高,④インテント,,30,,,LOW,習い事・トレーニング,KWP_UrlSeed
22901,振り付け ダンス,EXCLUDE,除外,,,,対象外,不明,,領域語なし（別業種・生活一般）,高,④インテント,,3600,145.0,455.0,LOW,習い事・トレーニング,KWP_UrlSeed
22903,ダンス 教育,EXCLUDE,除外,,,,対象外,不明,,領域語なし（別業種・生活一般）,高,④インテント,,40,,,LOW,習い事・トレーニング,KWP_UrlSeed
22906,ダンス やり方,EXCLUDE,除外,,,,対象外,不明,,領域語なし（別業種・生活一般）,高,④インテント,,90,,,LOW,習い事・トレーニング,KWP_UrlSeed
22908,ダンス アイデア,EXCLUDE,除外,,,,対象外,不明,,領域語なし（別業種・生活一般）,高,④インテント,,20,,,LOW,習い事・トレーニング,KWP_UrlSeed
22909,園児 ダンス,EXCLUDE,除外,,,,対象外,不明,,領域語なし（別業種・生活一般）,高,④インテント,,30,,,LOW,習い事・トレーニング,KWP_UrlSeed
22913,ダンス 練習 やり方,EXCLUDE,除外,,,,対象外,不明,,領域語なし（別業種・生活一般）,高,④インテント,,10,,,LOW,習い事・トレーニング,KWP_UrlSeed
22914,ダンス 踊り,EXCLUDE,除外,,,,対象外,不明,,領域語なし（別業種・生活一般）,高,④インテント,,260,,,LOW,習い事・トレーニング,KWP_UrlSeed
22915,ダンス 運動,EXCLUDE,除外,,,,対象外,不明,,領域語なし（別業種・生活一般）,高,④インテント,,260,109.0,492.0,LOW,習い事・トレーニング,KWP_UrlSeed
22916,踊り ダンス,EXCLUDE,除外,,,,対象外,不明,,領域語なし（別業種・生活一般）,高,④インテント,,260,,,LOW,習い事・トレーニング,KWP_UrlSeed
22920,移動 ダンス,EXCLUDE,除外,,,,対象外,不明,,領域語なし（別業種・生活一般）,高,④インテント,,20,,,LOW,習い事・トレーニング,KWP_UrlSeed
22921,運動 ダンス,EXCLUDE,除外,,,,対象外,不明,,領域語なし（別業種・生活一般）,高,④インテント,,260,109.0,492.0,LOW,習い事・トレーニング,KWP_UrlSeed
22922,ダンス 難しい,EXCLUDE,除外,,,,対象外,不明,,領域語なし（別業種・生活一般）,高,④インテント,,480,,,LOW,習い事・トレーニング,KWP_UrlSeed
22923,ダンス 型,EXCLUDE,除外,,,,対象外,不明,,領域語なし（別業種・生活一般）,高,④インテント,,10,,,LOW,習い事・トレーニング,KWP_UrlSeed
22924,ダンス 流行り,EXCLUDE,除外,,,,対象外,不明,,領域語なし（別業種・生活一般）,高,④インテント,,12100,,,LOW,習い事・トレーニング,KWP_UrlSeed
22925,ダンス 動き,EXCLUDE,除外,,,,対象外,不明,,領域語なし（別業種・生活一般）,高,④インテント,,260,,,LOW,習い事・トレーニング,KWP_UrlSeed
22926,ダンス 下手くそ,EXCLUDE,除外,,,,対象外,不明,,領域語なし（別業種・生活一般）,高,④インテント,,20,,,LOW,習い事・トレーニング,KWP_UrlSeed
22929,ダンス お手本,EXCLUDE,除外,,,,対象外,不明,,領域語なし（別業種・生活一般）,高,④インテント,,10,,,LOW,習い事・トレーニング,KWP_UrlSeed
22931,jp ダンス,EXCLUDE,除外,,,,対象外,不明,,領域語なし（別業種・生活一般）,高,④インテント,,20,,,LOW,習い事・トレーニング,KWP_UrlSeed
22932,動画 ダンス,EXCLUDE,除外,,,,対象外,不明,,領域語なし（別業種・生活一般）,高,④インテント,,2400,91.0,351.0,LOW,習い事・トレーニング,KWP_UrlSeed
22933,トレーニング ダンス,EXCLUDE,除外,,,,対象外,不明,,領域語なし（別業種・生活一般）,高,④インテント,,210,160.0,330.0,LOW,習い事・トレーニング,KWP_UrlSeed
22935,ダンス スロー,EXCLUDE,除外,,,,対象外,不明,,領域語なし（別業種・生活一般）,高,④インテント,,90,,,LOW,習い事・トレーニング,KWP_UrlSeed
22936,ダンス 表現,EXCLUDE,除外,,,,対象外,不明,,領域語なし（別業種・生活一般）,高,④インテント,,140,,,LOW,習い事・トレーニング,KWP_UrlSeed
24482,共済 会社,EXCLUDE,除外,,,,対象外,不明,,領域語なし（別業種・生活一般）,高,④インテント,,90,94.0,393.0,LOW,未分類,KWP_UrlSeed
24484,会社 共済,EXCLUDE,除外,,,,対象外,不明,,領域語なし（別業種・生活一般）,高,④インテント,,90,94.0,393.0,LOW,未分類,KWP_UrlSeed
24489,共済 申し込み,EXCLUDE,除外,,,,対象外,不明,,領域語なし（別業種・生活一般）,高,④インテント,,20,172.0,2018.0,HIGH,比較検討・料金・申込,KWP_UrlSeed
24492,共済 入院,EXCLUDE,除外,,,,対象外,不明,,領域語なし（別業種・生活一般）,高,④インテント,,70,110.0,610.0,MEDIUM,未分類,KWP_UrlSeed
24493,入院 共済,EXCLUDE,除外,,,,対象外,不明,,領域語なし（別業種・生活一般）,高,④インテント,,70,110.0,610.0,MEDIUM,未分類,KWP_UrlSeed
24494,共済 請求,EXCLUDE,除外,,,,対象外,不明,,領域語なし（別業種・生活一般）,高,④インテント,,70,13.0,273.0,LOW,未分類,KWP_UrlSeed
24496,共済 電話,EXCLUDE,除外,,,,対象外,不明,,領域語なし（別業種・生活一般）,高,④インテント,,20,,,LOW,未分類,KWP_UrlSeed
24498,共済 問い合わせ,EXCLUDE,除外,,,,対象外,不明,,領域語なし（別業種・生活一般）,高,④インテント,,10,,,LOW,比較検討・料金・申込,KWP_UrlSeed
24502,共済 入院 請求,EXCLUDE,除外,,,,対象外,不明,,領域語なし（別業種・生活一般）,高,④インテント,,10,,,LOW,未分類,KWP_UrlSeed
24503,入院 会社,EXCLUDE,除外,,,,対象外,不明,,領域語なし（別業種・生活一般）,高,④インテント,,110,,,LOW,未分類,KWP_UrlSeed
24505,会社 入院,EXCLUDE,除外,,,,対象外,不明,,領域語なし（別業種・生活一般）,高,④インテント,,30,,,LOW,未分類,KWP_UrlSeed
24507,病気 入院 会社,EXCLUDE,除外,,,,対象外,不明,,領域語なし（別業種・生活一般）,高,④インテント,,10,,,LOW,未分類,KWP_UrlSeed
24508,共済 支払い,EXCLUDE,除外,,,,対象外,不明,,領域語なし（別業種・生活一般）,高,④インテント,,20,,,LOW,未分類,KWP_UrlSeed
24513,共済 プラン,EXCLUDE,除外,,,,対象外,不明,,領域語なし（別業種・生活一般）,高,④インテント,,10,12.0,299.0,MEDIUM,未分類,KWP_UrlSeed
24517,病気 入院,EXCLUDE,除外,,,,対象外,不明,,領域語なし（別業種・生活一般）,高,④インテント,,480,503.0,1024.0,LOW,未分類,KWP_UrlSeed
27329,物忘れ 外来 おすすめ,EXCLUDE,除外,,,,対象外,不明,,領域語なし（別業種・生活一般）,高,④インテント,,390,48.0,184.0,LOW,比較検討・料金・申込,KWP_KeywordSeed
27699,法 テラス 料金,EXCLUDE,除外,,,,対象外,不明,,領域語なし（別業種・生活一般）,高,④インテント,,320,9.0,386.0,LOW,比較検討・料金・申込,KWP_KeywordSeed
27789,法 テラス の 料金,EXCLUDE,除外,,,,対象外,不明,,領域語なし（別業種・生活一般）,高,④インテント,,320,9.0,386.0,LOW,比較検討・料金・申込,KWP_KeywordSeed
27790,法 テラス 利用 料金,EXCLUDE,除外,,,,対象外,不明,,領域語なし（別業種・生活一般）,高,④インテント,,40,,,LOW,比較検討・料金・申込,KWP_KeywordSeed
27795,法 テラス 電話 料金,EXCLUDE,除外,,,,対象外,不明,,領域語なし（別業種・生活一般）,高,④インテント,,10,,,LOW,比較検討・料金・申込,KWP_KeywordSeed
37037,ms シュレッダー 価格,EXCLUDE,除外,,,,対象外,不明,,領域語なし（別業種・生活一般）,高,④インテント,,10,14.0,82.0,HIGH,比較検討・料金・申込,KWP_CompetitorKeywordSeed
43280,岩盤 ヨガ ソラ,EXCLUDE,除外,,,,対象外,不明,,領域語なし（別業種・生活一般）,高,④インテント,,10,,,LOW,未分類,KWP_CompetitorKeywordSeed
43281,ヨガ そら,EXCLUDE,除外,,,,対象外,不明,,領域語なし（別業種・生活一般）,高,④インテント,,40,,,LOW,未分類,KWP_CompetitorKeywordSeed
43283,sora ピラティス,EXCLUDE,除外,,,,対象外,不明,,領域語なし（別業種・生活一般）,高,④インテント,,50,127.0,309.0,LOW,未分類,KWP_CompetitorKeywordSeed
43285,ソラ ヨガ スタジオ,EXCLUDE,除外,,,,対象外,不明,,領域語なし（別業種・生活一般）,高,④インテント,,30,,,LOW,未分類,KWP_CompetitorKeywordSeed
43286,ソラ 岩盤 ヨガ,EXCLUDE,除外,,,,対象外,不明,,領域語なし（別業種・生活一般）,高,④インテント,,10,,,LOW,未分類,KWP_CompetitorKeywordSeed
43287,ピラティス sora,EXCLUDE,除外,,,,対象外,不明,,領域語なし（別業種・生活一般）,高,④インテント,,140,92.0,401.0,LOW,未分類,KWP_CompetitorKeywordSeed
43288,ピラティス スタジオ sora,EXCLUDE,除外,,,,対象外,不明,,領域語なし（別業種・生活一般）,高,④インテント,,170,60.0,234.0,LOW,未分類,KWP_CompetitorKeywordSeed
43289,ヨガ sora,EXCLUDE,除外,,,,対象外,不明,,領域語なし（別業種・生活一般）,高,④インテント,,30,,,LOW,未分類,KWP_CompetitorKeywordSeed
43290,ヨガ スタジオ sora,EXCLUDE,除外,,,,対象外,不明,,領域語なし（別業種・生活一般）,高,④インテント,,40,,,LOW,未分類,KWP_CompetitorKeywordSeed
43292,ヨガ スタジオ ソラ,EXCLUDE,除外,,,,対象外,不明,,領域語なし（別業種・生活一般）,高,④インテント,,30,,,LOW,未分類,KWP_CompetitorKeywordSeed
43364,ビー プラス ヨガ,EXCLUDE,除外,,,,対象外,不明,,領域語なし（別業種・生活一般）,高,④インテント,,260,34.0,147.0,LOW,未分類,KWP_CompetitorKeywordSeed
43365,ホット ヨガ スタジオ ビー プラス,EXCLUDE,除外,,,,対象外,不明,,領域語なし（別業種・生活一般）,高,④インテント,,0,,,UNSPECIFIED,未分類,KWP_CompetitorKeywordSeed
43366,ヨガ ビー プラス,EXCLUDE,除外,,,,対象外,不明,,領域語なし（別業種・生活一般）,高,④インテント,,260,34.0,147.0,LOW,未分類,KWP_CompetitorKeywordSeed
43368,ホット ヨガ ビー プラス,EXCLUDE,除外,,,,対象外,不明,,領域語なし（別業種・生活一般）,高,④インテント,,0,,,UNSPECIFIED,未分類,KWP_CompetitorKeywordSeed
43370,エア プラス ヨガ,EXCLUDE,除外,,,,対象外,不明,,領域語なし（別業種・生活一般）,高,④インテント,,10,,,LOW,未分類,KWP_CompetitorKeywordSeed
43371,エア プラス ヨガ スタジオ,EXCLUDE,除外,,,,対象外,不明,,領域語なし（別業種・生活一般）,高,④インテント,,10,,,LOW,未分類,KWP_CompetitorKeywordSeed
43375,ピラティス スタジオ pilates plus,EXCLUDE,除外,,,,対象外,不明,,領域語なし（別業種・生活一般）,高,④インテント,,10,,,HIGH,未分類,KWP_CompetitorKeywordSeed
43376,ピラティス スタジオ pilates plus pilates plus gym,EXCLUDE,除外,,,,対象外,不明,,領域語なし（別業種・生活一般）,高,④インテント,,10,,,UNSPECIFIED,未分類,KWP_CompetitorKeywordSeed
43377,ピラティス プラス,EXCLUDE,除外,,,,対象外,不明,,領域語なし（別業種・生活一般）,高,④インテント,,210,120.0,351.0,LOW,未分類,KWP_CompetitorKeywordSeed
43378,ピー プラス ヨガ,EXCLUDE,除外,,,,対象外,不明,,領域語なし（別業種・生活一般）,高,④インテント,,10,,,LOW,未分類,KWP_CompetitorKeywordSeed
43379,ヨガ スタジオ エア プラス,EXCLUDE,除外,,,,対象外,不明,,領域語なし（別業種・生活一般）,高,④インテント,,10,,,UNSPECIFIED,未分類,KWP_CompetitorKeywordSeed
43380,ヨガ スタジオ ビー プラス,EXCLUDE,除外,,,,対象外,不明,,領域語なし（別業種・生活一般）,高,④インテント,,10,,,LOW,未分類,KWP_CompetitorKeywordSeed
43381,ヨガ プラス,EXCLUDE,除外,,,,対象外,不明,,領域語なし（別業種・生活一般）,高,④インテント,,10,,,LOW,未分類,KWP_CompetitorKeywordSeed
44050,コパン ハウス さくら,EXCLUDE,除外,,,,対象外,不明,,領域語なし（別業種・生活一般）,高,④インテント,,390,74.0,346.0,LOW,未分類,KWP_CompetitorKeywordSeed
44106,コパン は うす,EXCLUDE,除外,,,,対象外,不明,,領域語なし（別業種・生活一般）,高,④インテント,,10,,,LOW,未分類,KWP_CompetitorKeywordSeed
44108,コパン ハウス サクラ,EXCLUDE,除外,,,,対象外,不明,,領域語なし（別業種・生活一般）,高,④インテント,,10,,,LOW,未分類,KWP_CompetitorKeywordSeed
44122,コパン ハウス さくら 口コミ,EXCLUDE,除外,,,,対象外,不明,,領域語なし（別業種・生活一般）,高,④インテント,,10,,,LOW,比較検討・料金・申込,KWP_CompetitorKeywordSeed
44200,コパン ハウス,EXCLUDE,除外,,,,対象外,不明,,領域語なし（別業種・生活一般）,高,④インテント,,390,38.0,355.0,LOW,未分類,KWP_CompetitorKeywordSeed
44202,コパン デイ サービス,EXCLUDE,除外,,,,対象外,不明,,領域語なし（別業種・生活一般）,高,④インテント,,20,,,LOW,療育・福祉・居場所,KWP_CompetitorKeywordSeed
44203,koubo ロング ライフ パン 口コミ,EXCLUDE,除外,,,,対象外,不明,,領域語なし（別業種・生活一般）,高,④インテント,,70,8.0,185.0,MEDIUM,比較検討・料金・申込,KWP_CompetitorKeywordSeed
44213,とび ば こ パン 値段,EXCLUDE,除外,,,,対象外,不明,,領域語なし（別業種・生活一般）,高,④インテント,,10,,,LOW,比較検討・料金・申込,KWP_CompetitorKeywordSeed
44214,コパン 価格,EXCLUDE,除外,,,,対象外,不明,,領域語なし（別業種・生活一般）,高,④インテント,,10,,,LOW,比較検討・料金・申込,KWP_CompetitorKeywordSeed
44215,ヤマザキ 薄皮 クリーム パン 値段,EXCLUDE,除外,,,,対象外,不明,,領域語なし（別業種・生活一般）,高,④インテント,,30,,,LOW,比較検討・料金・申込,KWP_CompetitorKeywordSeed
44216,八 天堂 クリーム パン 値段 1 個,EXCLUDE,除外,,,,対象外,不明,,領域語なし（別業種・生活一般）,高,④インテント,,210,,,LOW,比較検討・料金・申込,KWP_CompetitorKeywordSeed
44218,山崎 パン 薄皮 あんぱん 値段,EXCLUDE,除外,,,,対象外,不明,,領域語なし（別業種・生活一般）,高,④インテント,,10,,,LOW,比較検討・料金・申込,KWP_CompetitorKeywordSeed
44219,薄皮 クリーム パン 値段,EXCLUDE,除外,,,,対象外,不明,,領域語なし（別業種・生活一般）,高,④インテント,,110,,,LOW,比較検討・料金・申込,KWP_CompetitorKeywordSeed
44220,跳び箱 パン 値段,EXCLUDE,除外,,,,対象外,不明,,領域語なし（別業種・生活一般）,高,④インテント,,20,,,LOW,比較検討・料金・申込,KWP_CompetitorKeywordSeed
48414,コパンハウスさくら,EXCLUDE,除外,,,,対象外,不明,,領域語なし（別業種・生活一般）,高,④インテント,,390,74.0,346.0,LOW,未分類,Google_competitor_suggest
48419,コパンハウスさくら 口コミ,EXCLUDE,除外,,,,対象外,不明,,領域語なし（別業種・生活一般）,高,④インテント,,10,,,LOW,比較検討・料金・申込,Google_competitor_suggest
406,書 字 困難 支援,EXCLUDE,除外,,,,対象外,不明,,領域語なし（子ども・学習・特性・支援のいずれにも接続しない）,中,④インテント,,20,95.0,459.0,LOW,サービス探し（家庭教師・塾・支援）,KWP_KeywordSeed
1280,字 が 読め ない 書け ない,EXCLUDE,除外,,,,対象外,不明,,領域語なし（子ども・学習・特性・支援のいずれにも接続しない）,中,④インテント,,20,,,LOW,学習のやり方・学習課題,KWP_KeywordSeed
1369,文 が 読め ない,EXCLUDE,除外,,,,対象外,不明,,領域語なし（子ども・学習・特性・支援のいずれにも接続しない）,中,④インテント,,30,,,LOW,学習のやり方・学習課題,KWP_KeywordSeed
1506,英文 が 書け ない,EXCLUDE,除外,,,,対象外,不明,,領域語なし（子ども・学習・特性・支援のいずれにも接続しない）,中,④インテント,,10,,,LOW,学習のやり方・学習課題,KWP_KeywordSeed
1507,英文 書け ない,EXCLUDE,除外,,,,対象外,不明,,領域語なし（子ども・学習・特性・支援のいずれにも接続しない）,中,④インテント,,10,,,LOW,学習のやり方・学習課題,KWP_KeywordSeed
1753,オンライン チューター,EXCLUDE,除外,,,,対象外,不明,,領域語なし（子ども・学習・特性・支援のいずれにも接続しない）,中,④インテント,,50,93.0,459.0,MEDIUM,サービス探し（家庭教師・塾・支援）,KWP_KeywordSeed
1849,オンライン 家庭,EXCLUDE,除外,,,,対象外,不明,,領域語なし（子ども・学習・特性・支援のいずれにも接続しない）,中,④インテント,,10,208.0,358.0,MEDIUM,サービス探し（家庭教師・塾・支援）,KWP_KeywordSeed
1906,エイド ネット オンライン,EXCLUDE,除外,,,,対象外,不明,,領域語なし（子ども・学習・特性・支援のいずれにも接続しない）,中,④インテント,,0,,,UNSPECIFIED,サービス探し（家庭教師・塾・支援）,KWP_KeywordSeed
1908,オンライン プロ 講師,EXCLUDE,除外,,,,対象外,不明,,領域語なし（子ども・学習・特性・支援のいずれにも接続しない）,中,④インテント,,10,202.0,446.0,HIGH,サービス探し（家庭教師・塾・支援）,KWP_KeywordSeed
1971,リーダーズ ブレイン オンライン,EXCLUDE,除外,,,,対象外,不明,,領域語なし（子ども・学習・特性・支援のいずれにも接続しない）,中,④インテント,,10,346.0,1205.0,MEDIUM,サービス探し（家庭教師・塾・支援）,KWP_KeywordSeed
3976,wais iv 問題,EXCLUDE,除外,,,,対象外,不明,,領域語なし（子ども・学習・特性・支援のいずれにも接続しない）,中,④インテント,,1000,153.0,364.0,LOW,知能検査・検査結果,KWP_KeywordSeed
3996,pri 知覚 推理,EXCLUDE,除外,,,,対象外,不明,,領域語なし（子ども・学習・特性・支援のいずれにも接続しない）,中,④インテント,,30,,,LOW,知能検査・検査結果,KWP_KeywordSeed
3997,wais 3 wais 4 違い,EXCLUDE,除外,,,,対象外,不明,,領域語なし（子ども・学習・特性・支援のいずれにも接続しない）,中,④インテント,,10,,,LOW,比較検討・料金・申込 | 知能検査・検査結果 | 特性そのものを調べる（とは・特徴・チェック）,KWP_KeywordSeed
3998,wais 3 問題,EXCLUDE,除外,,,,対象外,不明,,領域語なし（子ども・学習・特性・支援のいずれにも接続しない）,中,④インテント,,10,,,LOW,知能検査・検査結果,KWP_KeywordSeed
3999,wais 3 解釈,EXCLUDE,除外,,,,対象外,不明,,領域語なし（子ども・学習・特性・支援のいずれにも接続しない）,中,④インテント,,10,,,LOW,知能検査・検査結果,KWP_KeywordSeed
4000,wais 4 受ける,EXCLUDE,除外,,,,対象外,不明,,領域語なし（子ども・学習・特性・支援のいずれにも接続しない）,中,④インテント,,10,,,UNSPECIFIED,知能検査・検査結果,KWP_KeywordSeed
4001,wais 4 問題,EXCLUDE,除外,,,,対象外,不明,,領域語なし（子ども・学習・特性・支援のいずれにも接続しない）,中,④インテント,,20,,,LOW,知能検査・検査結果,KWP_KeywordSeed
4002,wais 4 結果,EXCLUDE,除外,,,,対象外,不明,,領域語なし（子ども・学習・特性・支援のいずれにも接続しない）,中,④インテント,,70,,,LOW,知能検査・検査結果,KWP_KeywordSeed
4003,wais 4 解釈,EXCLUDE,除外,,,,対象外,不明,,領域語なし（子ども・学習・特性・支援のいずれにも接続しない）,中,④インテント,,20,,,LOW,知能検査・検査結果,KWP_KeywordSeed
4004,wais iii iv 違い,EXCLUDE,除外,,,,対象外,不明,,領域語なし（子ども・学習・特性・支援のいずれにも接続しない）,中,④インテント,,20,,,LOW,比較検討・料金・申込 | 知能検査・検査結果 | 特性そのものを調べる（とは・特徴・チェック）,KWP_KeywordSeed
4005,wais iii wais iv 違い,EXCLUDE,除外,,,,対象外,不明,,領域語なし（子ども・学習・特性・支援のいずれにも接続しない）,中,④インテント,,90,,,LOW,比較検討・料金・申込 | 知能検査・検査結果 | 特性そのものを調べる（とは・特徴・チェック）,KWP_KeywordSeed
4007,wais iii やり方,EXCLUDE,除外,,,,対象外,不明,,領域語なし（子ども・学習・特性・支援のいずれにも接続しない）,中,④インテント,,10,,,LOW,知能検査・検査結果,KWP_KeywordSeed
4008,wais iii 例題,EXCLUDE,除外,,,,対象外,不明,,領域語なし（子ども・学習・特性・支援のいずれにも接続しない）,中,④インテント,,10,,,LOW,知能検査・検査結果,KWP_KeywordSeed
4011,wais iii 受ける に は,EXCLUDE,除外,,,,対象外,不明,,領域語なし（子ども・学習・特性・支援のいずれにも接続しない）,中,④インテント,,10,,,LOW,知能検査・検査結果,KWP_KeywordSeed
4012,wais iii 受ける には,EXCLUDE,除外,,,,対象外,不明,,領域語なし（子ども・学習・特性・支援のいずれにも接続しない）,中,④インテント,,0,,,UNSPECIFIED,知能検査・検査結果,KWP_KeywordSeed
4013,wais iii 受け方,EXCLUDE,除外,,,,対象外,不明,,領域語なし（子ども・学習・特性・支援のいずれにも接続しない）,中,④インテント,,10,,,UNSPECIFIED,知能検査・検査結果,KWP_KeywordSeed
4014,wais iii 問題,EXCLUDE,除外,,,,対象外,不明,,領域語なし（子ども・学習・特性・支援のいずれにも接続しない）,中,④インテント,,110,,,LOW,知能検査・検査結果,KWP_KeywordSeed
4015,wais iii 問題 例,EXCLUDE,除外,,,,対象外,不明,,領域語なし（子ども・学習・特性・支援のいずれにも接続しない）,中,④インテント,,10,,,LOW,知能検査・検査結果,KWP_KeywordSeed
4017,wais iii 平均,EXCLUDE,除外,,,,対象外,不明,,領域語なし（子ども・学習・特性・支援のいずれにも接続しない）,中,④インテント,,10,,,LOW,知能検査・検査結果,KWP_KeywordSeed
4019,wais iii 符号,EXCLUDE,除外,,,,対象外,不明,,領域語なし（子ども・学習・特性・支援のいずれにも接続しない）,中,④インテント,,10,,,LOW,知能検査・検査結果,KWP_KeywordSeed
4020,wais iii 結果,EXCLUDE,除外,,,,対象外,不明,,領域語なし（子ども・学習・特性・支援のいずれにも接続しない）,中,④インテント,,210,,,LOW,知能検査・検査結果,KWP_KeywordSeed
4021,wais iii 結果 見方,EXCLUDE,除外,,,,対象外,不明,,領域語なし（子ども・学習・特性・支援のいずれにも接続しない）,中,④インテント,,110,,,LOW,知能検査・検査結果,KWP_KeywordSeed
4022,wais iii 結果 解釈,EXCLUDE,除外,,,,対象外,不明,,領域語なし（子ども・学習・特性・支援のいずれにも接続しない）,中,④インテント,,140,,,LOW,知能検査・検査結果,KWP_KeywordSeed
4023,wais iii 群 指数,EXCLUDE,除外,,,,対象外,不明,,領域語なし（子ども・学習・特性・支援のいずれにも接続しない）,中,④インテント,,10,,,LOW,知能検査・検査結果,KWP_KeywordSeed
4024,wais iii 群 指数 差,EXCLUDE,除外,,,,対象外,不明,,領域語なし（子ども・学習・特性・支援のいずれにも接続しない）,中,④インテント,,10,,,UNSPECIFIED,知能検査・検査結果,KWP_KeywordSeed
4025,wais iii 群 指数 差 15,EXCLUDE,除外,,,,対象外,不明,,領域語なし（子ども・学習・特性・支援のいずれにも接続しない）,中,④インテント,,10,,,UNSPECIFIED,知能検査・検査結果,KWP_KeywordSeed
4026,wais iii 群 指数 差 20,EXCLUDE,除外,,,,対象外,不明,,領域語なし（子ども・学習・特性・支援のいずれにも接続しない）,中,④インテント,,10,,,LOW,知能検査・検査結果,KWP_KeywordSeed
4027,wais iii 群 指数 差 25,EXCLUDE,除外,,,,対象外,不明,,領域語なし（子ども・学習・特性・支援のいずれにも接続しない）,中,④インテント,,10,,,UNSPECIFIED,知能検査・検査結果,KWP_KeywordSeed
4028,wais iii 群 指数 差 30,EXCLUDE,除外,,,,対象外,不明,,領域語なし（子ども・学習・特性・支援のいずれにも接続しない）,中,④インテント,,10,,,LOW,知能検査・検査結果,KWP_KeywordSeed
4029,wais iii 群 指数 差 40,EXCLUDE,除外,,,,対象外,不明,,領域語なし（子ども・学習・特性・支援のいずれにも接続しない）,中,④インテント,,10,,,LOW,知能検査・検査結果,KWP_KeywordSeed
4030,wais iii 群 指数 差 大きい,EXCLUDE,除外,,,,対象外,不明,,領域語なし（子ども・学習・特性・支援のいずれにも接続しない）,中,④インテント,,20,,,LOW,知能検査・検査結果,KWP_KeywordSeed
4031,wais iii 見方,EXCLUDE,除外,,,,対象外,不明,,領域語なし（子ども・学習・特性・支援のいずれにも接続しない）,中,④インテント,,10,,,LOW,知能検査・検査結果,KWP_KeywordSeed
4032,wais iii 解釈,EXCLUDE,除外,,,,対象外,不明,,領域語なし（子ども・学習・特性・支援のいずれにも接続しない）,中,④インテント,,10,,,LOW,知能検査・検査結果,KWP_KeywordSeed
4037,wais iv 例題,EXCLUDE,除外,,,,対象外,不明,,領域語なし（子ども・学習・特性・支援のいずれにも接続しない）,中,④インテント,,70,,,LOW,知能検査・検査結果,KWP_KeywordSeed
4038,wais iv 内容,EXCLUDE,除外,,,,対象外,不明,,領域語なし（子ども・学習・特性・支援のいずれにも接続しない）,中,④インテント,,140,,,LOW,知能検査・検査結果,KWP_KeywordSeed
4041,wais iv 差 が 大きい,EXCLUDE,除外,,,,対象外,不明,,領域語なし（子ども・学習・特性・支援のいずれにも接続しない）,中,④インテント,,720,,,LOW,知能検査・検査結果,KWP_KeywordSeed
4042,wais iv 平均,EXCLUDE,除外,,,,対象外,不明,,領域語なし（子ども・学習・特性・支援のいずれにも接続しない）,中,④インテント,,110,,,LOW,知能検査・検査結果,KWP_KeywordSeed
4044,wais iv 無料,EXCLUDE,除外,,,,対象外,不明,,領域語なし（子ども・学習・特性・支援のいずれにも接続しない）,中,④インテント,,40,121.0,287.0,LOW,比較検討・料金・申込 | 知能検査・検査結果,KWP_KeywordSeed
4047,wais iv 知覚 推理,EXCLUDE,除外,,,,対象外,不明,,領域語なし（子ども・学習・特性・支援のいずれにも接続しない）,中,④インテント,,50,,,LOW,知能検査・検査結果,KWP_KeywordSeed
4048,wais iv 結果,EXCLUDE,除外,,,,対象外,不明,,領域語なし（子ども・学習・特性・支援のいずれにも接続しない）,中,④インテント,,880,255.0,424.0,LOW,知能検査・検査結果,KWP_KeywordSeed
4049,wais iv 結果 の 見方,EXCLUDE,除外,,,,対象外,不明,,領域語なし（子ども・学習・特性・支援のいずれにも接続しない）,中,④インテント,,10,,,LOW,知能検査・検査結果,KWP_KeywordSeed
4050,wais iv 結果 数値,EXCLUDE,除外,,,,対象外,不明,,領域語なし（子ども・学習・特性・支援のいずれにも接続しない）,中,④インテント,,50,,,LOW,知能検査・検査結果,KWP_KeywordSeed
4051,wais iv 結果 見方,EXCLUDE,除外,,,,対象外,不明,,領域語なし（子ども・学習・特性・支援のいずれにも接続しない）,中,④インテント,,140,,,LOW,知能検査・検査結果,KWP_KeywordSeed
4052,wais iv 解釈,EXCLUDE,除外,,,,対象外,不明,,領域語なし（子ども・学習・特性・支援のいずれにも接続しない）,中,④インテント,,30,,,LOW,知能検査・検査結果,KWP_KeywordSeed
4054,wais r wais iii 違い,EXCLUDE,除外,,,,対象外,不明,,領域語なし（子ども・学習・特性・支援のいずれにも接続しない）,中,④インテント,,20,,,LOW,比較検討・料金・申込 | 知能検査・検査結果 | 特性そのものを調べる（とは・特徴・チェック）,KWP_KeywordSeed
4056,wais ⅳ とは,EXCLUDE,除外,,,,対象外,不明,,領域語なし（子ども・学習・特性・支援のいずれにも接続しない）,中,④インテント,,20,,,LOW,知能検査・検査結果 | 特性そのものを調べる（とは・特徴・チェック）,KWP_KeywordSeed
4057,wais ⅳ 内容,EXCLUDE,除外,,,,対象外,不明,,領域語なし（子ども・学習・特性・支援のいずれにも接続しない）,中,④インテント,,10,,,LOW,知能検査・検査結果,KWP_KeywordSeed
4059,wais ⅳ 結果,EXCLUDE,除外,,,,対象外,不明,,領域語なし（子ども・学習・特性・支援のいずれにも接続しない）,中,④インテント,,20,,,LOW,知能検査・検査結果,KWP_KeywordSeed
4060,wais ⅳ 解釈,EXCLUDE,除外,,,,対象外,不明,,領域語なし（子ども・学習・特性・支援のいずれにも接続しない）,中,④インテント,,10,,,LOW,知能検査・検査結果,KWP_KeywordSeed
4065,wais 下位 項目,EXCLUDE,除外,,,,対象外,不明,,領域語なし（子ども・学習・特性・支援のいずれにも接続しない）,中,④インテント,,40,,,LOW,知能検査・検査結果,KWP_KeywordSeed
4066,wais 例題,EXCLUDE,除外,,,,対象外,不明,,領域語なし（子ども・学習・特性・支援のいずれにも接続しない）,中,④インテント,,170,,,LOW,知能検査・検査結果,KWP_KeywordSeed
4072,wais 受ける,EXCLUDE,除外,,,,対象外,不明,,領域語なし（子ども・学習・特性・支援のいずれにも接続しない）,中,④インテント,,20,89.0,318.0,LOW,知能検査・検査結果,KWP_KeywordSeed
4083,wais 知覚 推理,EXCLUDE,除外,,,,対象外,不明,,領域語なし（子ども・学習・特性・支援のいずれにも接続しない）,中,④インテント,,170,,,LOW,知能検査・検査結果,KWP_KeywordSeed
4084,wais 知覚 推理 低い,EXCLUDE,除外,,,,対象外,不明,,領域語なし（子ども・学習・特性・支援のいずれにも接続しない）,中,④インテント,,70,,,LOW,知能検査・検査結果,KWP_KeywordSeed
4085,wais 符号,EXCLUDE,除外,,,,対象外,不明,,領域語なし（子ども・学習・特性・支援のいずれにも接続しない）,中,④インテント,,140,,,LOW,知能検査・検査結果,KWP_KeywordSeed
4086,wais 結果,EXCLUDE,除外,,,,対象外,不明,,領域語なし（子ども・学習・特性・支援のいずれにも接続しない）,中,④インテント,,720,,,LOW,知能検査・検査結果,KWP_KeywordSeed
4087,wais 結果 教え て くれ ない,EXCLUDE,除外,,,,対象外,不明,,領域語なし（子ども・学習・特性・支援のいずれにも接続しない）,中,④インテント,,390,,,LOW,知能検査・検査結果,KWP_KeywordSeed
4088,wais 結果 見方,EXCLUDE,除外,,,,対象外,不明,,領域語なし（子ども・学習・特性・支援のいずれにも接続しない）,中,④インテント,,170,,,LOW,知能検査・検査結果,KWP_KeywordSeed
4089,wais 結果 解釈,EXCLUDE,除外,,,,対象外,不明,,領域語なし（子ども・学習・特性・支援のいずれにも接続しない）,中,④インテント,,10,,,LOW,知能検査・検査結果,KWP_KeywordSeed
4090,wais 群 指数,EXCLUDE,除外,,,,対象外,不明,,領域語なし（子ども・学習・特性・支援のいずれにも接続しない）,中,④インテント,,10,,,LOW,知能検査・検査結果,KWP_KeywordSeed
4092,wais 解釈,EXCLUDE,除外,,,,対象外,不明,,領域語なし（子ども・学習・特性・支援のいずれにも接続しない）,中,④インテント,,40,,,LOW,知能検査・検査結果,KWP_KeywordSeed
4099,wais 類似 低い,EXCLUDE,除外,,,,対象外,不明,,領域語なし（子ども・学習・特性・支援のいずれにも接続しない）,中,④インテント,,20,,,LOW,知能検査・検査結果,KWP_KeywordSeed
4100,wais 類似 解釈,EXCLUDE,除外,,,,対象外,不明,,領域語なし（子ども・学習・特性・支援のいずれにも接続しない）,中,④インテント,,30,,,LOW,知能検査・検査結果,KWP_KeywordSeed
4347,ウイスク 4,EXCLUDE,除外,,,,対象外,不明,,領域語なし（子ども・学習・特性・支援のいずれにも接続しない）,中,④インテント,,210,2.0,140.0,LOW,知能検査・検査結果,KWP_KeywordSeed
4349,ウイスク 4 平均,EXCLUDE,除外,,,,対象外,不明,,領域語なし（子ども・学習・特性・支援のいずれにも接続しない）,中,④インテント,,10,,,LOW,知能検査・検査結果,KWP_KeywordSeed
4351,ウイスク 4 知覚 推理,EXCLUDE,除外,,,,対象外,不明,,領域語なし（子ども・学習・特性・支援のいずれにも接続しない）,中,④インテント,,10,,,LOW,知能検査・検査結果,KWP_KeywordSeed
4352,ウイスク 4 結果,EXCLUDE,除外,,,,対象外,不明,,領域語なし（子ども・学習・特性・支援のいずれにも接続しない）,中,④インテント,,10,,,LOW,知能検査・検査結果,KWP_KeywordSeed
4353,ウイスク 4 見方,EXCLUDE,除外,,,,対象外,不明,,領域語なし（子ども・学習・特性・支援のいずれにも接続しない）,中,④インテント,,10,,,LOW,知能検査・検査結果,KWP_KeywordSeed
4355,ウェイス 3 結果,EXCLUDE,除外,,,,対象外,不明,,領域語なし（子ども・学習・特性・支援のいずれにも接続しない）,中,④インテント,,10,,,LOW,未分類,KWP_KeywordSeed
4356,ウェイス 4 結果,EXCLUDE,除外,,,,対象外,不明,,領域語なし（子ども・学習・特性・支援のいずれにも接続しない）,中,④インテント,,30,,,LOW,未分類,KWP_KeywordSeed
4358,ウェイス フォー,EXCLUDE,除外,,,,対象外,不明,,領域語なし（子ども・学習・特性・支援のいずれにも接続しない）,中,④インテント,,480,96.0,352.0,LOW,未分類,KWP_KeywordSeed
4361,ウェクスラー 式,EXCLUDE,除外,,,,対象外,不明,,領域語なし（子ども・学習・特性・支援のいずれにも接続しない）,中,④インテント,,260,58.0,254.0,LOW,知能検査・検査結果,KWP_KeywordSeed
4376,ウェスクラー 式,EXCLUDE,除外,,,,対象外,不明,,領域語なし（子ども・学習・特性・支援のいずれにも接続しない）,中,④インテント,,10,,,UNSPECIFIED,未分類,KWP_KeywordSeed
4385,日本 文化 科学 社 wais,EXCLUDE,除外,,,,対象外,不明,,領域語なし（子ども・学習・特性・支援のいずれにも接続しない）,中,④インテント,,10,,,LOW,知能検査・検査結果,KWP_KeywordSeed
4401,知覚 推理 wais,EXCLUDE,除外,,,,対象外,不明,,領域語なし（子ども・学習・特性・支援のいずれにも接続しない）,中,④インテント,,50,,,LOW,知能検査・検査結果,KWP_KeywordSeed
4403,群 指数 wais,EXCLUDE,除外,,,,対象外,不明,,領域語なし（子ども・学習・特性・支援のいずれにも接続しない）,中,④インテント,,10,,,LOW,知能検査・検査結果,KWP_KeywordSeed
4485,浮き こぼれ,EXCLUDE,除外,,,,対象外,不明,,領域語なし（子ども・学習・特性・支援のいずれにも接続しない）,中,④インテント,,320,,,LOW,特性そのものを調べる（とは・特徴・チェック）,KWP_KeywordSeed
4495,浮き こぼれ 対策,EXCLUDE,除外,,,,対象外,不明,,領域語なし（子ども・学習・特性・支援のいずれにも接続しない）,中,④インテント,,30,,,LOW,特性そのものを調べる（とは・特徴・チェック）,KWP_KeywordSeed
4587,広汎 性,EXCLUDE,除外,,,,対象外,不明,,領域語なし（子ども・学習・特性・支援のいずれにも接続しない）,中,④インテント,,480,,,LOW,未分類,KWP_KeywordSeed
4588,広汎 性 と は,EXCLUDE,除外,,,,対象外,不明,,領域語なし（子ども・学習・特性・支援のいずれにも接続しない）,中,④インテント,,210,,,LOW,特性そのものを調べる（とは・特徴・チェック）,KWP_KeywordSeed
4590,広野 ゆい,EXCLUDE,除外,,,,対象外,不明,,領域語なし（子ども・学習・特性・支援のいずれにも接続しない）,中,④インテント,,170,,,LOW,未分類,KWP_KeywordSeed
4624,石橋 尋志,EXCLUDE,除外,,,,対象外,不明,,領域語なし（子ども・学習・特性・支援のいずれにも接続しない）,中,④インテント,,50,,,LOW,未分類,KWP_KeywordSeed
5027,aaqol,EXCLUDE,除外,,,,対象外,不明,,領域語なし（子ども・学習・特性・支援のいずれにも接続しない）,中,④インテント,,10,,,LOW,未分類,KWP_KeywordSeed
5029,adah とは,EXCLUDE,除外,,,,対象外,不明,,領域語なし（子ども・学習・特性・支援のいずれにも接続しない）,中,④インテント,,70,2.0,21.0,LOW,特性そのものを調べる（とは・特徴・チェック）,KWP_KeywordSeed
5195,admd とは,EXCLUDE,除外,,,,対象外,不明,,領域語なし（子ども・学習・特性・支援のいずれにも接続しない）,中,④インテント,,70,,,LOW,特性そのものを調べる（とは・特徴・チェック）,KWP_KeywordSeed
5196,aghd とは,EXCLUDE,除外,,,,対象外,不明,,領域語なし（子ども・学習・特性・支援のいずれにも接続しない）,中,④インテント,,210,,,LOW,特性そのものを調べる（とは・特徴・チェック）,KWP_KeywordSeed
5197,ahsd とは,EXCLUDE,除外,,,,対象外,不明,,領域語なし（子ども・学習・特性・支援のいずれにも接続しない）,中,④インテント,,90,2.0,6.0,LOW,特性そのものを調べる（とは・特徴・チェック）,KWP_KeywordSeed
5212,àdhd,EXCLUDE,除外,,,,対象外,不明,,領域語なし（子ども・学習・特性・支援のいずれにも接続しない）,中,④インテント,,10,,,UNSPECIFIED,未分類,KWP_KeywordSeed
5218,のび太 ジャイアン 症候群,EXCLUDE,除外,,,,対象外,不明,,領域語なし（子ども・学習・特性・支援のいずれにも接続しない）,中,④インテント,,590,,,LOW,特性そのものを調べる（とは・特徴・チェック）,KWP_KeywordSeed
5237,アトモキセチン と は,EXCLUDE,除外,,,,対象外,不明,,領域語なし（子ども・学習・特性・支援のいずれにも接続しない）,中,④インテント,,260,,,LOW,特性そのものを調べる（とは・特徴・チェック）,KWP_KeywordSeed
5238,アドハド,EXCLUDE,除外,,,,対象外,不明,,領域語なし（子ども・学習・特性・支援のいずれにも接続しない）,中,④インテント,,140,,,LOW,未分類,KWP_KeywordSeed
5239,アドハド と は,EXCLUDE,除外,,,,対象外,不明,,領域語なし（子ども・学習・特性・支援のいずれにも接続しない）,中,④インテント,,140,,,LOW,特性そのものを調べる（とは・特徴・チェック）,KWP_KeywordSeed
5341,治平 スペクトラム,EXCLUDE,除外,,,,対象外,不明,,領域語なし（子ども・学習・特性・支援のいずれにも接続しない）,中,④インテント,,30,,,LOW,特性そのものを調べる（とは・特徴・チェック）,KWP_KeywordSeed
5344,スペクトラム 症,EXCLUDE,除外,,,,対象外,不明,,領域語なし（子ども・学習・特性・支援のいずれにも接続しない）,中,④インテント,,1000,2.0,167.0,LOW,特性そのものを調べる（とは・特徴・チェック）,KWP_KeywordSeed
5442,ア sd,EXCLUDE,除外,,,,対象外,不明,,領域語なし（子ども・学習・特性・支援のいずれにも接続しない）,中,④インテント,,1600,104.0,438.0,LOW,未分類,KWP_KeywordSeed
5451,治平 スペクトラム と は,EXCLUDE,除外,,,,対象外,不明,,領域語なし（子ども・学習・特性・支援のいずれにも接続しない）,中,④インテント,,10,,,LOW,特性そのものを調べる（とは・特徴・チェック）,KWP_KeywordSeed
5467,高 機能 スペクトラム,EXCLUDE,除外,,,,対象外,不明,,領域語なし（子ども・学習・特性・支援のいずれにも接続しない）,中,④インテント,,20,,,LOW,特性そのものを調べる（とは・特徴・チェック）,KWP_KeywordSeed
5564,境界 知,EXCLUDE,除外,,,,対象外,不明,,領域語なし（子ども・学習・特性・支援のいずれにも接続しない）,中,④インテント,,30,,,LOW,未分類,KWP_KeywordSeed
5565,境界 知 的,EXCLUDE,除外,,,,対象外,不明,,領域語なし（子ども・学習・特性・支援のいずれにも接続しない）,中,④インテント,,50,,,LOW,未分類,KWP_KeywordSeed
5600,知 的 境界,EXCLUDE,除外,,,,対象外,不明,,領域語なし（子ども・学習・特性・支援のいずれにも接続しない）,中,④インテント,,90,,,LOW,未分類,KWP_KeywordSeed
5619,ディスグレシア,EXCLUDE,除外,,,,対象外,不明,,領域語なし（子ども・学習・特性・支援のいずれにも接続しない）,中,④インテント,,30,,,LOW,未分類,KWP_KeywordSeed
5655,ディズレクシア,EXCLUDE,除外,,,,対象外,不明,,領域語なし（子ども・学習・特性・支援のいずれにも接続しない）,中,④インテント,,27100,8.0,243.0,LOW,未分類,KWP_KeywordSeed
5672,読字,EXCLUDE,除外,,,,対象外,不明,,領域語なし（子ども・学習・特性・支援のいずれにも接続しない）,中,④インテント,,170,,,LOW,未分類,KWP_KeywordSeed
5836,小幡 和輝,EXCLUDE,除外,,,,対象外,不明,,領域語なし（子ども・学習・特性・支援のいずれにも接続しない）,中,④インテント,,320,,,LOW,未分類,KWP_KeywordSeed
5892,リーダーズ ブレイン,EXCLUDE,除外,,,,対象外,不明,,領域語なし（子ども・学習・特性・支援のいずれにも接続しない）,中,④インテント,,590,282.0,992.0,MEDIUM,未分類,KWP_KeywordSeed
5923,名門 指導 会,EXCLUDE,除外,,,,対象外,不明,,領域語なし（子ども・学習・特性・支援のいずれにも接続しない）,中,④インテント,,140,691.0,7007.0,MEDIUM,未分類,KWP_KeywordSeed
5995,名門 会 星ヶ丘,EXCLUDE,除外,,,,対象外,不明,,領域語なし（子ども・学習・特性・支援のいずれにも接続しない）,中,④インテント,,70,238.0,7262.0,MEDIUM,未分類,KWP_KeywordSeed
6016,名門 会 西大寺,EXCLUDE,除外,,,,対象外,不明,,領域語なし（子ども・学習・特性・支援のいずれにも接続しない）,中,④インテント,,50,195.0,7471.0,MEDIUM,未分類,KWP_KeywordSeed
6053,デスク スタイル 関西 校,EXCLUDE,除外,,,,対象外,不明,,領域語なし（子ども・学習・特性・支援のいずれにも接続しない）,中,④インテント,,10,,,LOW,地域・近くで探す,KWP_KeywordSeed
6210,か てい きょう,EXCLUDE,除外,,,,対象外,不明,,領域語なし（子ども・学習・特性・支援のいずれにも接続しない）,中,④インテント,,20,141.0,761.0,LOW,未分類,KWP_KeywordSeed
6377,コベッツ,EXCLUDE,除外,,,,対象外,不明,,領域語なし（子ども・学習・特性・支援のいずれにも接続しない）,中,④インテント,,1000,171.0,594.0,LOW,ブランド・指名検索,KWP_KeywordSeed
6399,comiru,EXCLUDE,除外,,,,対象外,不明,,領域語なし（子ども・学習・特性・支援のいずれにも接続しない）,中,④インテント,,14800,259.0,948.0,LOW,未分類,KWP_KeywordSeed
6426,学び エイド,EXCLUDE,除外,,,,対象外,不明,,領域語なし（子ども・学習・特性・支援のいずれにも接続しない）,中,④インテント,,3600,128.0,337.0,LOW,教材・通信教育,KWP_KeywordSeed
6445,コベキャン,EXCLUDE,除外,,,,対象外,不明,,領域語なし（子ども・学習・特性・支援のいずれにも接続しない）,中,④インテント,,1600,238.0,1075.0,MEDIUM,未分類,KWP_KeywordSeed
6477,夏 だけ タケダ,EXCLUDE,除外,,,,対象外,不明,,領域語なし（子ども・学習・特性・支援のいずれにも接続しない）,中,④インテント,,480,178.0,623.0,MEDIUM,未分類,KWP_KeywordSeed || KWP_CompetitorKeywordSeed
6513,atama+,EXCLUDE,除外,,,,対象外,不明,,領域語なし（子ども・学習・特性・支援のいずれにも接続しない）,中,④インテント,,4400,113.0,544.0,LOW,教材・通信教育,KWP_KeywordSeed
6581,栄光 リンク スタディ,EXCLUDE,除外,,,,対象外,不明,,領域語なし（子ども・学習・特性・支援のいずれにも接続しない）,中,④インテント,,320,163.0,2699.0,LOW,ブランド・指名検索,KWP_KeywordSeed
6642,開進 館 千里 中央,EXCLUDE,除外,,,,対象外,不明,,領域語なし（子ども・学習・特性・支援のいずれにも接続しない）,中,④インテント,,170,133.0,844.0,LOW,未分類,KWP_KeywordSeed
6690,栄光 ナビオ,EXCLUDE,除外,,,,対象外,不明,,領域語なし（子ども・学習・特性・支援のいずれにも接続しない）,中,④インテント,,480,365.0,2894.0,LOW,ブランド・指名検索,KWP_KeywordSeed
6721,陵南 セミナー,EXCLUDE,除外,,,,対象外,不明,,領域語なし（子ども・学習・特性・支援のいずれにも接続しない）,中,④インテント,,880,205.0,670.0,LOW,ブランド・指名検索,KWP_KeywordSeed
6755,直井 メソッド,EXCLUDE,除外,,,,対象外,不明,,領域語なし（子ども・学習・特性・支援のいずれにも接続しない）,中,④インテント,,170,203.0,753.0,LOW,未分類,KWP_KeywordSeed
6758,啓明 館 上永谷,EXCLUDE,除外,,,,対象外,不明,,領域語なし（子ども・学習・特性・支援のいずれにも接続しない）,中,④インテント,,260,108.0,485.0,LOW,未分類,KWP_KeywordSeed
6765,筑紫 修学 館,EXCLUDE,除外,,,,対象外,不明,,領域語なし（子ども・学習・特性・支援のいずれにも接続しない）,中,④インテント,,720,174.0,450.0,LOW,未分類,KWP_KeywordSeed
6791,tomeikai,EXCLUDE,除外,,,,対象外,不明,,領域語なし（子ども・学習・特性・支援のいずれにも接続しない）,中,④インテント,,170,150.0,540.0,LOW,未分類,KWP_KeywordSeed
6798,畜大 練 成 会,EXCLUDE,除外,,,,対象外,不明,,領域語なし（子ども・学習・特性・支援のいずれにも接続しない）,中,④インテント,,880,159.0,347.0,LOW,ブランド・指名検索,KWP_KeywordSeed
6803,ベスト 自修 館,EXCLUDE,除外,,,,対象外,不明,,領域語なし（子ども・学習・特性・支援のいずれにも接続しない）,中,④インテント,,210,172.0,1125.0,LOW,未分類,KWP_KeywordSeed
6884,慶 林 館,EXCLUDE,除外,,,,対象外,不明,,領域語なし（子ども・学習・特性・支援のいずれにも接続しない）,中,④インテント,,210,186.0,1069.0,LOW,未分類,KWP_KeywordSeed
6895,リンデン バーム シューレ,EXCLUDE,除外,,,,対象外,不明,,領域語なし（子ども・学習・特性・支援のいずれにも接続しない）,中,④インテント,,480,66.0,197.0,LOW,未分類,KWP_KeywordSeed
7023,castdice medical,EXCLUDE,除外,,,,対象外,不明,,領域語なし（子ども・学習・特性・支援のいずれにも接続しない）,中,④インテント,,480,149.0,461.0,LOW,未分類,KWP_KeywordSeed
7024,castdice 小林,EXCLUDE,除外,,,,対象外,不明,,領域語なし（子ども・学習・特性・支援のいずれにも接続しない）,中,④インテント,,30,,,LOW,未分類,KWP_KeywordSeed
7046,メプロ 池袋,EXCLUDE,除外,,,,対象外,不明,,領域語なし（子ども・学習・特性・支援のいずれにも接続しない）,中,④インテント,,320,3.0,330.0,LOW,ブランド・指名検索,KWP_KeywordSeed
7047,メプロ 表参道,EXCLUDE,除外,,,,対象外,不明,,領域語なし（子ども・学習・特性・支援のいずれにも接続しない）,中,④インテント,,260,104.0,565.0,LOW,ブランド・指名検索,KWP_KeywordSeed
7048,レーゼ クライス,EXCLUDE,除外,,,,対象外,不明,,領域語なし（子ども・学習・特性・支援のいずれにも接続しない）,中,④インテント,,1300,,,LOW,未分類,KWP_KeywordSeed
7056,大岩 秀樹 大学,EXCLUDE,除外,,,,対象外,不明,,領域語なし（子ども・学習・特性・支援のいずれにも接続しない）,中,④インテント,,210,,,LOW,受験・進路,KWP_KeywordSeed
7062,徳 進 館,EXCLUDE,除外,,,,対象外,不明,,領域語なし（子ども・学習・特性・支援のいずれにも接続しない）,中,④インテント,,140,211.0,483.0,LOW,未分類,KWP_KeywordSeed
7090,鉄 緑 指定 校,EXCLUDE,除外,,,,対象外,不明,,領域語なし（子ども・学習・特性・支援のいずれにも接続しない）,中,④インテント,,390,,,LOW,未分類,KWP_KeywordSeed
7198,麻布 個人 指導 会,EXCLUDE,除外,,,,対象外,不明,,領域語なし（子ども・学習・特性・支援のいずれにも接続しない）,中,④インテント,,390,345.0,739.0,LOW,ブランド・指名検索,KWP_KeywordSeed
7248,個人 指導,EXCLUDE,除外,,,,対象外,不明,,領域語なし（子ども・学習・特性・支援のいずれにも接続しない）,中,④インテント,,170,365.0,1435.0,MEDIUM,未分類,KWP_KeywordSeed
7385,cg パーソナル 上永谷,EXCLUDE,除外,,,,対象外,不明,,領域語なし（子ども・学習・特性・支援のいずれにも接続しない）,中,④インテント,,10,,,UNSPECIFIED,未分類,KWP_KeywordSeed
7436,正 学 館 北柏,EXCLUDE,除外,,,,対象外,不明,,領域語なし（子ども・学習・特性・支援のいずれにも接続しない）,中,④インテント,,50,129.0,382.0,LOW,未分類,KWP_KeywordSeed
7450,いっとう こ べつ じゅ く,EXCLUDE,除外,,,,対象外,不明,,領域語なし（子ども・学習・特性・支援のいずれにも接続しない）,中,④インテント,,140,146.0,446.0,MEDIUM,未分類,KWP_KeywordSeed
7475,満点 の 星 西 那須野,EXCLUDE,除外,,,,対象外,不明,,領域語なし（子ども・学習・特性・支援のいずれにも接続しない）,中,④インテント,,10,81.0,336.0,MEDIUM,未分類,KWP_KeywordSeed
7521,エコール 全教研,EXCLUDE,除外,,,,対象外,不明,,領域語なし（子ども・学習・特性・支援のいずれにも接続しない）,中,④インテント,,50,161.0,733.0,LOW,未分類,KWP_KeywordSeed
7540,プラボ 大曽根,EXCLUDE,除外,,,,対象外,不明,,領域語なし（子ども・学習・特性・支援のいずれにも接続しない）,中,④インテント,,70,149.0,288.0,LOW,未分類,KWP_KeywordSeed
7560,いっとう こ べつ が くいん,EXCLUDE,除外,,,,対象外,不明,,領域語なし（子ども・学習・特性・支援のいずれにも接続しない）,中,④インテント,,30,128.0,760.0,MEDIUM,未分類,KWP_KeywordSeed || KWP_CompetitorKeywordSeed
7568,タクシス 幕張 ベイタウン,EXCLUDE,除外,,,,対象外,不明,,領域語なし（子ども・学習・特性・支援のいずれにも接続しない）,中,④インテント,,10,108.0,315.0,LOW,未分類,KWP_KeywordSeed
7583,cg パーソナル 和 田町,EXCLUDE,除外,,,,対象外,不明,,領域語なし（子ども・学習・特性・支援のいずれにも接続しない）,中,④インテント,,10,,,UNSPECIFIED,未分類,KWP_KeywordSeed
7587,スター ディア 清澄 白河,EXCLUDE,除外,,,,対象外,不明,,領域語なし（子ども・学習・特性・支援のいずれにも接続しない）,中,④インテント,,40,114.0,490.0,MEDIUM,未分類,KWP_KeywordSeed || KWP_CompetitorKeywordSeed
7594,ways 市ヶ谷,EXCLUDE,除外,,,,対象外,不明,,領域語なし（子ども・学習・特性・支援のいずれにも接続しない）,中,④インテント,,50,131.0,507.0,LOW,未分類,KWP_KeywordSeed || KWP_CompetitorKeywordSeed
7600,いっとう こ べつ,EXCLUDE,除外,,,,対象外,不明,,領域語なし（子ども・学習・特性・支援のいずれにも接続しない）,中,④インテント,,30,101.0,352.0,MEDIUM,未分類,KWP_KeywordSeed
7626,リーデスト,EXCLUDE,除外,,,,対象外,不明,,領域語なし（子ども・学習・特性・支援のいずれにも接続しない）,中,④インテント,,50,,,LOW,未分類,KWP_KeywordSeed
7628,ショウ イン 式,EXCLUDE,除外,,,,対象外,不明,,領域語なし（子ども・学習・特性・支援のいずれにも接続しない）,中,④インテント,,20,181.0,473.0,LOW,未分類,KWP_KeywordSeed
7630,cg パーソナル 大口,EXCLUDE,除外,,,,対象外,不明,,領域語なし（子ども・学習・特性・支援のいずれにも接続しない）,中,④インテント,,10,,,UNSPECIFIED,未分類,KWP_KeywordSeed
7697,エクセル シア 河辺 校,EXCLUDE,除外,,,,対象外,不明,,領域語なし（子ども・学習・特性・支援のいずれにも接続しない）,中,④インテント,,30,,,LOW,未分類,KWP_KeywordSeed
7768,トップ エデュ 荻窪,EXCLUDE,除外,,,,対象外,不明,,領域語なし（子ども・学習・特性・支援のいずれにも接続しない）,中,④インテント,,30,126.0,444.0,LOW,未分類,KWP_KeywordSeed
7789,プラボ 藤が丘,EXCLUDE,除外,,,,対象外,不明,,領域語なし（子ども・学習・特性・支援のいずれにも接続しない）,中,④インテント,,40,217.0,230.0,LOW,未分類,KWP_KeywordSeed
7814,コベッツ 時間割,EXCLUDE,除外,,,,対象外,不明,,領域語なし（子ども・学習・特性・支援のいずれにも接続しない）,中,④インテント,,70,,,LOW,ブランド・指名検索 | 一般の学校・学習情報（特性語なし）,KWP_KeywordSeed
7969,エクセル シア 竹ノ塚,EXCLUDE,除外,,,,対象外,不明,,領域語なし（子ども・学習・特性・支援のいずれにも接続しない）,中,④インテント,,10,,,LOW,未分類,KWP_KeywordSeed || KWP_CompetitorKeywordSeed
7980,cg パーソナル 時間割,EXCLUDE,除外,,,,対象外,不明,,領域語なし（子ども・学習・特性・支援のいずれにも接続しない）,中,④インテント,,10,,,UNSPECIFIED,一般の学校・学習情報（特性語なし）,KWP_KeywordSeed
7995,エデュアル,EXCLUDE,除外,,,,対象外,不明,,領域語なし（子ども・学習・特性・支援のいずれにも接続しない）,中,④インテント,,170,,,LOW,未分類,KWP_KeywordSeed
7996,オブリガードス,EXCLUDE,除外,,,,対象外,不明,,領域語なし（子ども・学習・特性・支援のいずれにも接続しない）,中,④インテント,,30,,,LOW,未分類,KWP_KeywordSeed
8036,プリバート 時間割,EXCLUDE,除外,,,,対象外,不明,,領域語なし（子ども・学習・特性・支援のいずれにも接続しない）,中,④インテント,,50,,,LOW,一般の学校・学習情報（特性語なし）,KWP_KeywordSeed
8041,ロジスク,EXCLUDE,除外,,,,対象外,不明,,領域語なし（子ども・学習・特性・支援のいずれにも接続しない）,中,④インテント,,90,,,LOW,未分類,KWP_KeywordSeed
8193,lumo 武庫 之 荘,EXCLUDE,除外,,,,対象外,不明,,領域語なし（子ども・学習・特性・支援のいずれにも接続しない）,中,④インテント,,20,,,LOW,未分類,KWP_KeywordSeed
8271,レガロリーベ,EXCLUDE,除外,,,,対象外,不明,,領域語なし（子ども・学習・特性・支援のいずれにも接続しない）,中,④インテント,,70,,,LOW,未分類,KWP_KeywordSeed
8463,小児 デイ サービス,EXCLUDE,除外,,,,対象外,不明,,領域語なし（子ども・学習・特性・支援のいずれにも接続しない）,中,④インテント,,40,,,LOW,療育・福祉・居場所,KWP_KeywordSeed
8491,重心 デイ サービス,EXCLUDE,除外,,,,対象外,不明,,領域語なし（子ども・学習・特性・支援のいずれにも接続しない）,中,④インテント,,110,,,LOW,療育・福祉・居場所,KWP_KeywordSeed
8515,3beans+,EXCLUDE,除外,,,,対象外,不明,,領域語なし（子ども・学習・特性・支援のいずれにも接続しない）,中,④インテント,,10,,,LOW,未分類,KWP_KeywordSeed
8516,konoki139,EXCLUDE,除外,,,,対象外,不明,,領域語なし（子ども・学習・特性・支援のいずれにも接続しない）,中,④インテント,,20,,,LOW,未分類,KWP_KeywordSeed
8519,uple123,EXCLUDE,除外,,,,対象外,不明,,領域語なし（子ども・学習・特性・支援のいずれにも接続しない）,中,④インテント,,20,,,LOW,未分類,KWP_KeywordSeed
8521,ycc もこもこ,EXCLUDE,除外,,,,対象外,不明,,領域語なし（子ども・学習・特性・支援のいずれにも接続しない）,中,④インテント,,210,89.0,501.0,LOW,未分類,KWP_KeywordSeed
8526,きりん の あくび 布施,EXCLUDE,除外,,,,対象外,不明,,領域語なし（子ども・学習・特性・支援のいずれにも接続しない）,中,④インテント,,30,64.0,198.0,LOW,未分類,KWP_KeywordSeed
8527,こすもす カレッジ ジュニア,EXCLUDE,除外,,,,対象外,不明,,領域語なし（子ども・学習・特性・支援のいずれにも接続しない）,中,④インテント,,210,85.0,169.0,LOW,未分類,KWP_KeywordSeed
8528,すき る ら ぼ アロアロ,EXCLUDE,除外,,,,対象外,不明,,領域語なし（子ども・学習・特性・支援のいずれにも接続しない）,中,④インテント,,20,,,LOW,未分類,KWP_KeywordSeed
8534,のびのび 広場 エミタス,EXCLUDE,除外,,,,対象外,不明,,領域語なし（子ども・学習・特性・支援のいずれにも接続しない）,中,④インテント,,90,,,LOW,未分類,KWP_KeywordSeed
8535,のびのび 広場 エムズ,EXCLUDE,除外,,,,対象外,不明,,領域語なし（子ども・学習・特性・支援のいずれにも接続しない）,中,④インテント,,110,,,LOW,未分類,KWP_KeywordSeed
8545,アネラ 森孝,EXCLUDE,除外,,,,対象外,不明,,領域語なし（子ども・学習・特性・支援のいずれにも接続しない）,中,④インテント,,20,,,LOW,未分類,KWP_KeywordSeed
8546,アベブランコ,EXCLUDE,除外,,,,対象外,不明,,領域語なし（子ども・学習・特性・支援のいずれにも接続しない）,中,④インテント,,140,,,LOW,未分類,KWP_KeywordSeed
8550,ウェルモ unico,EXCLUDE,除外,,,,対象外,不明,,領域語なし（子ども・学習・特性・支援のいずれにも接続しない）,中,④インテント,,10,,,LOW,未分類,KWP_KeywordSeed
8555,カリタス 翼,EXCLUDE,除外,,,,対象外,不明,,領域語なし（子ども・学習・特性・支援のいずれにも接続しない）,中,④インテント,,90,,,LOW,未分類,KWP_KeywordSeed
8561,ジュビコテック,EXCLUDE,除外,,,,対象外,不明,,領域語なし（子ども・学習・特性・支援のいずれにも接続しない）,中,④インテント,,70,,,LOW,未分類,KWP_KeywordSeed
8565,スリーナイン 笠懸,EXCLUDE,除外,,,,対象外,不明,,領域語なし（子ども・学習・特性・支援のいずれにも接続しない）,中,④インテント,,10,,,LOW,未分類,KWP_KeywordSeed
8567,スリールラボ,EXCLUDE,除外,,,,対象外,不明,,領域語なし（子ども・学習・特性・支援のいずれにも接続しない）,中,④インテント,,50,,,LOW,未分類,KWP_KeywordSeed
8568,チャイルド ウィッシュ かわしま,EXCLUDE,除外,,,,対象外,不明,,領域語なし（子ども・学習・特性・支援のいずれにも接続しない）,中,④インテント,,50,,,LOW,未分類,KWP_KeywordSeed
8569,チルハピ,EXCLUDE,除外,,,,対象外,不明,,領域語なし（子ども・学習・特性・支援のいずれにも接続しない）,中,④インテント,,70,,,LOW,未分類,KWP_KeywordSeed
8570,チルリブ,EXCLUDE,除外,,,,対象外,不明,,領域語なし（子ども・学習・特性・支援のいずれにも接続しない）,中,④インテント,,70,,,LOW,未分類,KWP_KeywordSeed
8571,デイ サービス のびのび,EXCLUDE,除外,,,,対象外,不明,,領域語なし（子ども・学習・特性・支援のいずれにも接続しない）,中,④インテント,,30,,,LOW,療育・福祉・居場所,KWP_KeywordSeed
8573,ナンシー ズハウス,EXCLUDE,除外,,,,対象外,不明,,領域語なし（子ども・学習・特性・支援のいずれにも接続しない）,中,④インテント,,20,,,LOW,未分類,KWP_KeywordSeed
8578,ポジリブ,EXCLUDE,除外,,,,対象外,不明,,領域語なし（子ども・学習・特性・支援のいずれにも接続しない）,中,④インテント,,50,,,LOW,未分類,KWP_KeywordSeed
8579,ラクセル 豊岡,EXCLUDE,除外,,,,対象外,不明,,領域語なし（子ども・学習・特性・支援のいずれにも接続しない）,中,④インテント,,30,,,LOW,未分類,KWP_KeywordSeed
8835,日 中 デイ サービス,EXCLUDE,除外,,,,対象外,不明,,領域語なし（子ども・学習・特性・支援のいずれにも接続しない）,中,④インテント,,10,,,LOW,療育・福祉・居場所,KWP_KeywordSeed
8841,重心 児 デイ サービス,EXCLUDE,除外,,,,対象外,不明,,領域語なし（子ども・学習・特性・支援のいずれにも接続しない）,中,④インテント,,90,,,LOW,療育・福祉・居場所,KWP_KeywordSeed
8901,huri suku ru,EXCLUDE,除外,,,,対象外,不明,,領域語なし（子ども・学習・特性・支援のいずれにも接続しない）,中,④インテント,,10,,,LOW,未分類,KWP_KeywordSeed
8923,ぱいでぃあ,EXCLUDE,除外,,,,対象外,不明,,領域語なし（子ども・学習・特性・支援のいずれにも接続しない）,中,④インテント,,10,,,LOW,未分類,KWP_KeywordSeed
8943,スタディ プレイス 春日 原,EXCLUDE,除外,,,,対象外,不明,,領域語なし（子ども・学習・特性・支援のいずれにも接続しない）,中,④インテント,,10,,,LOW,未分類,KWP_KeywordSeed
9580,通常 級,EXCLUDE,除外,,,,対象外,不明,,領域語なし（子ども・学習・特性・支援のいずれにも接続しない）,中,④インテント,,210,,,LOW,学校生活・不登校・学校種別,KWP_KeywordSeed
10309,復習 やり方,EXCLUDE,除外,,,,対象外,不明,,領域語なし（子ども・学習・特性・支援のいずれにも接続しない）,中,④インテント,,320,9.0,200.0,LOW,学習のやり方・学習課題,KWP_KeywordSeed || KWP_UrlSeed
10310,復習 仕方,EXCLUDE,除外,,,,対象外,不明,,領域語なし（子ども・学習・特性・支援のいずれにも接続しない）,中,④インテント,,210,,,LOW,学習のやり方・学習課題,KWP_KeywordSeed
10490,過去 問 復習 の 仕方,EXCLUDE,除外,,,,対象外,不明,,領域語なし（子ども・学習・特性・支援のいずれにも接続しない）,中,④インテント,,110,,,LOW,学習のやり方・学習課題 | 受験・進路,KWP_KeywordSeed
10491,過去 問 復習 やり方,EXCLUDE,除外,,,,対象外,不明,,領域語なし（子ども・学習・特性・支援のいずれにも接続しない）,中,④インテント,,70,,,LOW,学習のやり方・学習課題 | 受験・進路,KWP_KeywordSeed
11026,ジャック お茶の水 暁星,EXCLUDE,除外,,,,対象外,不明,,領域語なし（子ども・学習・特性・支援のいずれにも接続しない）,中,④インテント,,10,,,LOW,未分類,KWP_KeywordSeed
12039,早稲田 摂 陵 過去 問,EXCLUDE,除外,,,,対象外,不明,,領域語なし（子ども・学習・特性・支援のいずれにも接続しない）,中,④インテント,,10,,,LOW,受験・進路,KWP_KeywordSeed
12047,明徳 馬淵,EXCLUDE,除外,,,,対象外,不明,,領域語なし（子ども・学習・特性・支援のいずれにも接続しない）,中,④インテント,,110,,,LOW,未分類,KWP_KeywordSeed
12099,白百合 セーラー服,EXCLUDE,除外,,,,対象外,不明,,領域語なし（子ども・学習・特性・支援のいずれにも接続しない）,中,④インテント,,140,,,LOW,未分類,KWP_KeywordSeed
12145,翠 嵐 説明 会,EXCLUDE,除外,,,,対象外,不明,,領域語なし（子ども・学習・特性・支援のいずれにも接続しない）,中,④インテント,,90,,,LOW,比較検討・料金・申込,KWP_KeywordSeed
12394,四谷 合 不合,EXCLUDE,除外,,,,対象外,不明,,領域語なし（子ども・学習・特性・支援のいずれにも接続しない）,中,④インテント,,140,,,LOW,未分類,KWP_KeywordSeed
12469,灘 中 過去 問,EXCLUDE,除外,,,,対象外,不明,,領域語なし（子ども・学習・特性・支援のいずれにも接続しない）,中,④インテント,,590,15.0,696.0,LOW,受験・進路,KWP_KeywordSeed
12497,cg 啓明 館,EXCLUDE,除外,,,,対象外,不明,,領域語なし（子ども・学習・特性・支援のいずれにも接続しない）,中,④インテント,,70,,,LOW,未分類,KWP_KeywordSeed
12530,西村 則 康,EXCLUDE,除外,,,,対象外,不明,,領域語なし（子ども・学習・特性・支援のいずれにも接続しない）,中,④インテント,,590,9.0,986.0,LOW,未分類,KWP_KeywordSeed
12668,五木 駸々堂,EXCLUDE,除外,,,,対象外,不明,,領域語なし（子ども・学習・特性・支援のいずれにも接続しない）,中,④インテント,,1000,,,LOW,ブランド・指名検索,KWP_KeywordSeed
12669,五木 駸々堂 2022,EXCLUDE,除外,,,,対象外,不明,,領域語なし（子ども・学習・特性・支援のいずれにも接続しない）,中,④インテント,,0,,,UNSPECIFIED,ブランド・指名検索,KWP_KeywordSeed
12717,攻 玉 社 過去 問,EXCLUDE,除外,,,,対象外,不明,,領域語なし（子ども・学習・特性・支援のいずれにも接続しない）,中,④インテント,,140,,,MEDIUM,受験・進路,KWP_KeywordSeed
12767,栄光 聖光,EXCLUDE,除外,,,,対象外,不明,,領域語なし（子ども・学習・特性・支援のいずれにも接続しない）,中,④インテント,,20,,,LOW,ブランド・指名検索,KWP_KeywordSeed
12768,桜 蔭 中,EXCLUDE,除外,,,,対象外,不明,,領域語なし（子ども・学習・特性・支援のいずれにも接続しない）,中,④インテント,,320,,,LOW,受験・進路,KWP_KeywordSeed
12773,桜 蔭 過去 問,EXCLUDE,除外,,,,対象外,不明,,領域語なし（子ども・学習・特性・支援のいずれにも接続しない）,中,④インテント,,210,,,LOW,受験・進路,KWP_KeywordSeed
12785,海 城 過去 問,EXCLUDE,除外,,,,対象外,不明,,領域語なし（子ども・学習・特性・支援のいずれにも接続しない）,中,④インテント,,320,,,LOW,受験・進路,KWP_KeywordSeed
12801,灘 過去 問,EXCLUDE,除外,,,,対象外,不明,,領域語なし（子ども・学習・特性・支援のいずれにも接続しない）,中,④インテント,,390,,,LOW,受験・進路,KWP_KeywordSeed
12818,筑駒 過去 問,EXCLUDE,除外,,,,対象外,不明,,領域語なし（子ども・学習・特性・支援のいずれにも接続しない）,中,④インテント,,480,,,LOW,受験・進路,KWP_KeywordSeed
12848,開成 中,EXCLUDE,除外,,,,対象外,不明,,領域語なし（子ども・学習・特性・支援のいずれにも接続しない）,中,④インテント,,1300,,,LOW,受験・進路,KWP_KeywordSeed
12854,開智 日本橋 過去 問,EXCLUDE,除外,,,,対象外,不明,,領域語なし（子ども・学習・特性・支援のいずれにも接続しない）,中,④インテント,,90,,,MEDIUM,受験・進路,KWP_KeywordSeed
12879,学修 支援,EXCLUDE,除外,,,,対象外,不明,,領域語なし（子ども・学習・特性・支援のいずれにも接続しない）,中,④インテント,,40,,,LOW,サービス探し（家庭教師・塾・支援）,KWP_KeywordSeed
12880,学修 支援 と は,EXCLUDE,除外,,,,対象外,不明,,領域語なし（子ども・学習・特性・支援のいずれにも接続しない）,中,④インテント,,20,,,LOW,サービス探し（家庭教師・塾・支援） | 特性そのものを調べる（とは・特徴・チェック）,KWP_KeywordSeed
12881,学業 支援,EXCLUDE,除外,,,,対象外,不明,,領域語なし（子ども・学習・特性・支援のいずれにも接続しない）,中,④インテント,,10,,,LOW,サービス探し（家庭教師・塾・支援）,KWP_KeywordSeed
12897,かがやき の まち 蘇我,EXCLUDE,除外,,,,対象外,不明,,領域語なし（子ども・学習・特性・支援のいずれにも接続しない）,中,④インテント,,10,,,UNSPECIFIED,未分類,KWP_KeywordSeed
12920,kaien ガクプロ,EXCLUDE,除外,,,,対象外,不明,,領域語なし（子ども・学習・特性・支援のいずれにも接続しない）,中,④インテント,,90,141.0,497.0,LOW,療育・福祉・居場所,KWP_KeywordSeed
12928,エコルド,EXCLUDE,除外,,,,対象外,不明,,領域語なし（子ども・学習・特性・支援のいずれにも接続しない）,中,④インテント,,170,,,LOW,未分類,KWP_KeywordSeed
12953,ハビープラス,EXCLUDE,除外,,,,対象外,不明,,領域語なし（子ども・学習・特性・支援のいずれにも接続しない）,中,④インテント,,90,,,LOW,未分類,KWP_KeywordSeed
12954,ウェルビー ハビー,EXCLUDE,除外,,,,対象外,不明,,領域語なし（子ども・学習・特性・支援のいずれにも接続しない）,中,④インテント,,50,,,LOW,未分類,KWP_KeywordSeed
12961,aiai plus 南流山,EXCLUDE,除外,,,,対象外,不明,,領域語なし（子ども・学習・特性・支援のいずれにも接続しない）,中,④インテント,,210,134.0,401.0,LOW,未分類,KWP_KeywordSeed
12962,y くま ー ず 未来,EXCLUDE,除外,,,,対象外,不明,,領域語なし（子ども・学習・特性・支援のいずれにも接続しない）,中,④インテント,,110,,,LOW,未分類,KWP_KeywordSeed
12964,おれん じ ハウス 西横浜,EXCLUDE,除外,,,,対象外,不明,,領域語なし（子ども・学習・特性・支援のいずれにも接続しない）,中,④インテント,,40,189.0,498.0,LOW,地域・近くで探す,KWP_KeywordSeed
12982,アユモ 鳳,EXCLUDE,除外,,,,対象外,不明,,領域語なし（子ども・学習・特性・支援のいずれにも接続しない）,中,④インテント,,10,,,LOW,未分類,KWP_KeywordSeed
12983,エブリンベア,EXCLUDE,除外,,,,対象外,不明,,領域語なし（子ども・学習・特性・支援のいずれにも接続しない）,中,④インテント,,70,84.0,207.0,LOW,未分類,KWP_KeywordSeed
12990,ドルフィン 庭瀬,EXCLUDE,除外,,,,対象外,不明,,領域語なし（子ども・学習・特性・支援のいずれにも接続しない）,中,④インテント,,140,,,LOW,未分類,KWP_KeywordSeed
12991,ネウボラロッツ,EXCLUDE,除外,,,,対象外,不明,,領域語なし（子ども・学習・特性・支援のいずれにも接続しない）,中,④インテント,,170,,,LOW,未分類,KWP_KeywordSeed
12992,ハビリテート,EXCLUDE,除外,,,,対象外,不明,,領域語なし（子ども・学習・特性・支援のいずれにも接続しない）,中,④インテント,,210,,,LOW,未分類,KWP_KeywordSeed
12993,バンブー ワァオ,EXCLUDE,除外,,,,対象外,不明,,領域語なし（子ども・学習・特性・支援のいずれにも接続しない）,中,④インテント,,260,135.0,315.0,LOW,未分類,KWP_KeywordSeed
12994,ピタゴラボ,EXCLUDE,除外,,,,対象外,不明,,領域語なし（子ども・学習・特性・支援のいずれにも接続しない）,中,④インテント,,260,,,LOW,未分類,KWP_KeywordSeed
12998,ポジリブ ミニ,EXCLUDE,除外,,,,対象外,不明,,領域語なし（子ども・学習・特性・支援のいずれにも接続しない）,中,④インテント,,110,,,LOW,未分類,KWP_KeywordSeed || KWP_UrlSeed
13000,ラポァレ,EXCLUDE,除外,,,,対象外,不明,,領域語なし（子ども・学習・特性・支援のいずれにも接続しない）,中,④インテント,,70,,,LOW,未分類,KWP_KeywordSeed
13069,ギフテック と は,EXCLUDE,除外,,,,対象外,不明,,領域語なし（子ども・学習・特性・支援のいずれにも接続しない）,中,④インテント,,110,,,LOW,特性そのものを調べる（とは・特徴・チェック）,KWP_KeywordSeed
13136,デフキッド,EXCLUDE,除外,,,,対象外,不明,,領域語なし（子ども・学習・特性・支援のいずれにも接続しない）,中,④インテント,,10,,,LOW,未分類,KWP_KeywordSeed
13165,mensa wais,EXCLUDE,除外,,,,対象外,不明,,領域語なし（子ども・学習・特性・支援のいずれにも接続しない）,中,④インテント,,50,,,LOW,知能検査・検査結果,KWP_KeywordSeed
13169,wais iii とは,EXCLUDE,除外,,,,対象外,不明,,領域語なし（子ども・学習・特性・支援のいずれにも接続しない）,中,④インテント,,40,,,LOW,知能検査・検査結果 | 特性そのものを調べる（とは・特徴・チェック）,KWP_KeywordSeed
13174,wais mensa,EXCLUDE,除外,,,,対象外,不明,,領域語なし（子ども・学習・特性・支援のいずれにも接続しない）,中,④インテント,,40,,,LOW,知能検査・検査結果,KWP_KeywordSeed
13175,wais やり方,EXCLUDE,除外,,,,対象外,不明,,領域語なし（子ども・学習・特性・支援のいずれにも接続しない）,中,④インテント,,20,,,LOW,知能検査・検査結果,KWP_KeywordSeed
13177,wais パーセンタイル,EXCLUDE,除外,,,,対象外,不明,,領域語なし（子ども・学習・特性・支援のいずれにも接続しない）,中,④インテント,,20,,,LOW,知能検査・検査結果,KWP_KeywordSeed
13179,wais 見方,EXCLUDE,除外,,,,対象外,不明,,領域語なし（子ども・学習・特性・支援のいずれにも接続しない）,中,④インテント,,40,,,LOW,知能検査・検査結果,KWP_KeywordSeed
13181,wais 難しい,EXCLUDE,除外,,,,対象外,不明,,領域語なし（子ども・学習・特性・支援のいずれにも接続しない）,中,④インテント,,40,,,LOW,知能検査・検査結果,KWP_KeywordSeed
13202,wppsi 5,EXCLUDE,除外,,,,対象外,不明,,領域語なし（子ども・学習・特性・支援のいずれにも接続しない）,中,④インテント,,10,,,LOW,特性そのものを調べる（とは・特徴・チェック）,KWP_KeywordSeed
13215,ウイスク,EXCLUDE,除外,,,,対象外,不明,,領域語なし（子ども・学習・特性・支援のいずれにも接続しない）,中,④インテント,,3600,7.0,344.0,LOW,知能検査・検査結果,KWP_KeywordSeed
13216,ウイスク 3,EXCLUDE,除外,,,,対象外,不明,,領域語なし（子ども・学習・特性・支援のいずれにも接続しない）,中,④インテント,,20,,,LOW,知能検査・検査結果,KWP_KeywordSeed
13217,ウイスク 5,EXCLUDE,除外,,,,対象外,不明,,領域語なし（子ども・学習・特性・支援のいずれにも接続しない）,中,④インテント,,2900,3.0,174.0,LOW,知能検査・検査結果,KWP_KeywordSeed
13218,ウェクスラー,EXCLUDE,除外,,,,対象外,不明,,領域語なし（子ども・学習・特性・支援のいずれにも接続しない）,中,④インテント,,590,137.0,489.0,LOW,知能検査・検査結果,KWP_KeywordSeed
13219,エッセンシャル ズ wais,EXCLUDE,除外,,,,対象外,不明,,領域語なし（子ども・学習・特性・支援のいずれにも接続しない）,中,④インテント,,10,,,LOW,知能検査・検査結果,KWP_KeywordSeed
13220,エッセンシャル ズ wais iv による 心理 アセスメント,EXCLUDE,除外,,,,対象外,不明,,領域語なし（子ども・学習・特性・支援のいずれにも接続しない）,中,④インテント,,50,,,MEDIUM,知能検査・検査結果,KWP_KeywordSeed
13221,エッセンシャル ズ wais ⅳ,EXCLUDE,除外,,,,対象外,不明,,領域語なし（子ども・学習・特性・支援のいずれにも接続しない）,中,④インテント,,10,,,UNSPECIFIED,知能検査・検査結果,KWP_KeywordSeed
13222,エッセンシャル ズ wais ⅳ による 心理 アセスメント,EXCLUDE,除外,,,,対象外,不明,,領域語なし（子ども・学習・特性・支援のいずれにも接続しない）,中,④インテント,,10,,,LOW,知能検査・検査結果,KWP_KeywordSeed
13322,講師 オンライン,EXCLUDE,除外,,,,対象外,不明,,領域語なし（子ども・学習・特性・支援のいずれにも接続しない）,中,④インテント,,390,57.0,355.0,MEDIUM,サービス探し（家庭教師・塾・支援）,KWP_UrlSeed || KWP_SiteSeed
13335,オンライン 学ぶ,EXCLUDE,除外,,,,対象外,不明,,領域語なし（子ども・学習・特性・支援のいずれにも接続しない）,中,④インテント,,10,180.0,1086.0,HIGH,サービス探し（家庭教師・塾・支援）,KWP_UrlSeed
13345,学ぶ オンライン,EXCLUDE,除外,,,,対象外,不明,,領域語なし（子ども・学習・特性・支援のいずれにも接続しない）,中,④インテント,,10,,,HIGH,サービス探し（家庭教師・塾・支援）,KWP_UrlSeed || KWP_SiteSeed
13350,オンライン デメリット,EXCLUDE,除外,,,,対象外,不明,,領域語なし（子ども・学習・特性・支援のいずれにも接続しない）,中,④インテント,,20,,,LOW,サービス探し（家庭教師・塾・支援） | 比較検討・料金・申込,KWP_UrlSeed
13366,教育 メリット,EXCLUDE,除外,,,,対象外,不明,,領域語なし（子ども・学習・特性・支援のいずれにも接続しない）,中,④インテント,,10,,,LOW,未分類,KWP_UrlSeed
13391,オンライン 質問,EXCLUDE,除外,,,,対象外,不明,,領域語なし（子ども・学習・特性・支援のいずれにも接続しない）,中,④インテント,,10,126.0,317.0,MEDIUM,サービス探し（家庭教師・塾・支援）,KWP_UrlSeed || KWP_SiteSeed
13393,してたのに,EXCLUDE,除外,,,,対象外,不明,,領域語なし（子ども・学習・特性・支援のいずれにも接続しない）,中,④インテント,,20,,,LOW,未分類,KWP_UrlSeed
13430,質問 オンライン,EXCLUDE,除外,,,,対象外,不明,,領域語なし（子ども・学習・特性・支援のいずれにも接続しない）,中,④インテント,,10,,,LOW,サービス探し（家庭教師・塾・支援）,KWP_UrlSeed
13538,コエテコ bygmo,EXCLUDE,除外,,,,対象外,不明,,領域語なし（子ども・学習・特性・支援のいずれにも接続しない）,中,④インテント,,20,,,LOW,未分類,KWP_UrlSeed
14107,ld sld 違い,EXCLUDE,除外,,,,対象外,不明,,領域語なし（子ども・学習・特性・支援のいずれにも接続しない）,中,④インテント,,110,,,LOW,比較検討・料金・申込 | 特性そのものを調べる（とは・特徴・チェック）,KWP_UrlSeed || KWP_SiteSeed
14116,sld ld 違い,EXCLUDE,除外,,,,対象外,不明,,領域語なし（子ども・学習・特性・支援のいずれにも接続しない）,中,④インテント,,90,,,LOW,比較検討・料金・申込 | 特性そのものを調べる（とは・特徴・チェック）,KWP_UrlSeed || KWP_SiteSeed
14124,sld ld,EXCLUDE,除外,,,,対象外,不明,,領域語なし（子ども・学習・特性・支援のいずれにも接続しない）,中,④インテント,,30,,,LOW,未分類,KWP_UrlSeed || KWP_SiteSeed
14130,ld sld,EXCLUDE,除外,,,,対象外,不明,,領域語なし（子ども・学習・特性・支援のいずれにも接続しない）,中,④インテント,,110,5.0,315.0,LOW,未分類,KWP_UrlSeed || KWP_SiteSeed
14171,支援 指導,EXCLUDE,除外,,,,対象外,不明,,領域語なし（子ども・学習・特性・支援のいずれにも接続しない）,中,④インテント,,70,,,LOW,サービス探し（家庭教師・塾・支援）,KWP_UrlSeed || KWP_SiteSeed
14436,置き忘れ 多い,EXCLUDE,除外,,,,対象外,不明,,領域語なし（子ども・学習・特性・支援のいずれにも接続しない）,中,④インテント,,30,,,LOW,未分類,KWP_UrlSeed
14560,asperger 意味,EXCLUDE,除外,,,,対象外,不明,,領域語なし（子ども・学習・特性・支援のいずれにも接続しない）,中,④インテント,,30,,,LOW,特性そのものを調べる（とは・特徴・チェック）,KWP_UrlSeed
14596,帰国 性,EXCLUDE,除外,,,,対象外,不明,,領域語なし（子ども・学習・特性・支援のいずれにも接続しない）,中,④インテント,,10,,,LOW,未分類,KWP_UrlSeed
14759,クオレ 巣鴨,EXCLUDE,除外,,,,対象外,不明,,領域語なし（子ども・学習・特性・支援のいずれにも接続しない）,中,④インテント,,110,,,LOW,未分類,KWP_UrlSeed
14768,言葉 訓練,EXCLUDE,除外,,,,対象外,不明,,領域語なし（子ども・学習・特性・支援のいずれにも接続しない）,中,④インテント,,50,,,LOW,未分類,KWP_UrlSeed
14813,東京 教育,EXCLUDE,除外,,,,対象外,不明,,領域語なし（子ども・学習・特性・支援のいずれにも接続しない）,中,④インテント,,170,,,LOW,地域・近くで探す,KWP_UrlSeed
15038,高卒 中退,EXCLUDE,除外,,,,対象外,不明,,領域語なし（子ども・学習・特性・支援のいずれにも接続しない）,中,④インテント,,20,,,LOW,受験・進路,KWP_UrlSeed
15083,東京 カバン,EXCLUDE,除外,,,,対象外,不明,,領域語なし（子ども・学習・特性・支援のいずれにも接続しない）,中,④インテント,,260,,,MEDIUM,地域・近くで探す,KWP_UrlSeed
15105,すたで,EXCLUDE,除外,,,,対象外,不明,,領域語なし（子ども・学習・特性・支援のいずれにも接続しない）,中,④インテント,,260,138.0,1009.0,LOW,未分類,KWP_UrlSeed
15123,すたぢぃ,EXCLUDE,除外,,,,対象外,不明,,領域語なし（子ども・学習・特性・支援のいずれにも接続しない）,中,④インテント,,50,,,LOW,未分類,KWP_UrlSeed
15128,オンライン 東京,EXCLUDE,除外,,,,対象外,不明,,領域語なし（子ども・学習・特性・支援のいずれにも接続しない）,中,④インテント,,10,,,LOW,サービス探し（家庭教師・塾・支援） | 地域・近くで探す,KWP_UrlSeed
15146,教育 東京,EXCLUDE,除外,,,,対象外,不明,,領域語なし（子ども・学習・特性・支援のいずれにも接続しない）,中,④インテント,,170,,,LOW,地域・近くで探す,KWP_UrlSeed
15322,ベスト 群馬,EXCLUDE,除外,,,,対象外,不明,,領域語なし（子ども・学習・特性・支援のいずれにも接続しない）,中,④インテント,,10,,,LOW,未分類,KWP_UrlSeed
15355,fit net study,EXCLUDE,除外,,,,対象外,不明,,領域語なし（子ども・学習・特性・支援のいずれにも接続しない）,中,④インテント,,140,134.0,418.0,MEDIUM,未分類,KWP_UrlSeed
15373,オンライン 学び,EXCLUDE,除外,,,,対象外,不明,,領域語なし（子ども・学習・特性・支援のいずれにも接続しない）,中,④インテント,,30,186.0,945.0,HIGH,サービス探し（家庭教師・塾・支援）,KWP_UrlSeed
15398,fit オンライン,EXCLUDE,除外,,,,対象外,不明,,領域語なし（子ども・学習・特性・支援のいずれにも接続しない）,中,④インテント,,10,,,LOW,サービス探し（家庭教師・塾・支援）,KWP_UrlSeed
15405,ステップ hp,EXCLUDE,除外,,,,対象外,不明,,領域語なし（子ども・学習・特性・支援のいずれにも接続しない）,中,④インテント,,10,,,LOW,未分類,KWP_UrlSeed
15410,step ホームページ,EXCLUDE,除外,,,,対象外,不明,,領域語なし（子ども・学習・特性・支援のいずれにも接続しない）,中,④インテント,,40,,,LOW,未分類,KWP_UrlSeed
15411,すてつぷ,EXCLUDE,除外,,,,対象外,不明,,領域語なし（子ども・学習・特性・支援のいずれにも接続しない）,中,④インテント,,20,,,LOW,未分類,KWP_UrlSeed || KWP_SiteSeed
15412,ステップ 講師,EXCLUDE,除外,,,,対象外,不明,,領域語なし（子ども・学習・特性・支援のいずれにも接続しない）,中,④インテント,,20,,,LOW,未分類,KWP_UrlSeed || KWP_SiteSeed
15421,step 講師,EXCLUDE,除外,,,,対象外,不明,,領域語なし（子ども・学習・特性・支援のいずれにも接続しない）,中,④インテント,,10,,,LOW,未分類,KWP_UrlSeed
15498,フォレスタ スプリックス,EXCLUDE,除外,,,,対象外,不明,,領域語なし（子ども・学習・特性・支援のいずれにも接続しない）,中,④インテント,,20,,,LOW,未分類,KWP_UrlSeed
15722,sld チェック,EXCLUDE,除外,,,,対象外,不明,,領域語なし（子ども・学習・特性・支援のいずれにも接続しない）,中,④インテント,,10,,,LOW,特性そのものを調べる（とは・特徴・チェック）,KWP_UrlSeed
15724,字 読め ない,EXCLUDE,除外,,,,対象外,不明,,領域語なし（子ども・学習・特性・支援のいずれにも接続しない）,中,④インテント,,390,8.0,252.0,LOW,学習のやり方・学習課題,KWP_UrlSeed
15752,ld ict,EXCLUDE,除外,,,,対象外,不明,,領域語なし（子ども・学習・特性・支援のいずれにも接続しない）,中,④インテント,,10,,,LOW,未分類,KWP_UrlSeed
15861,書く 練習,EXCLUDE,除外,,,,対象外,不明,,領域語なし（子ども・学習・特性・支援のいずれにも接続しない）,中,④インテント,,140,,,LOW,未分類,KWP_UrlSeed
15894,sld 2,EXCLUDE,除外,,,,対象外,不明,,領域語なし（子ども・学習・特性・支援のいずれにも接続しない）,中,④インテント,,10,,,UNSPECIFIED,未分類,KWP_UrlSeed
15903,数字 見 間違い 病気,EXCLUDE,除外,,,,対象外,不明,,領域語なし（子ども・学習・特性・支援のいずれにも接続しない）,中,④インテント,,70,,,LOW,比較検討・料金・申込 | 特性そのものを調べる（とは・特徴・チェック）,KWP_UrlSeed
15906,ひらがな 忘れる 病気,EXCLUDE,除外,,,,対象外,不明,,領域語なし（子ども・学習・特性・支援のいずれにも接続しない）,中,④インテント,,40,,,LOW,学習のやり方・学習課題,KWP_UrlSeed
15925,ひらがな 支援,EXCLUDE,除外,,,,対象外,不明,,領域語なし（子ども・学習・特性・支援のいずれにも接続しない）,中,④インテント,,10,,,LOW,サービス探し（家庭教師・塾・支援） | 学習のやり方・学習課題,KWP_UrlSeed
15963,ラーニング ディス オーダー,EXCLUDE,除外,,,,対象外,不明,,領域語なし（子ども・学習・特性・支援のいずれにも接続しない）,中,④インテント,,20,,,LOW,未分類,KWP_UrlSeed
16202,スペクトラム 特徴,EXCLUDE,除外,,,,対象外,不明,,領域語なし（子ども・学習・特性・支援のいずれにも接続しない）,中,④インテント,,10,,,LOW,特性そのものを調べる（とは・特徴・チェック）,KWP_UrlSeed
16218,ld site,EXCLUDE,除外,,,,対象外,不明,,領域語なし（子ども・学習・特性・支援のいずれにも接続しない）,中,④インテント,,10,,,LOW,未分類,KWP_UrlSeed
16248,留学 大学,EXCLUDE,除外,,,,対象外,不明,,領域語なし（子ども・学習・特性・支援のいずれにも接続しない）,中,④インテント,,390,136.0,397.0,MEDIUM,受験・進路,KWP_UrlSeed
16249,大学 留学,EXCLUDE,除外,,,,対象外,不明,,領域語なし（子ども・学習・特性・支援のいずれにも接続しない）,中,④インテント,,1000,111.0,326.0,LOW,受験・進路,KWP_UrlSeed
16250,大学 学部,EXCLUDE,除外,,,,対象外,不明,,領域語なし（子ども・学習・特性・支援のいずれにも接続しない）,中,④インテント,,9900,97.0,238.0,LOW,受験・進路 | 一般の学校・学習情報（特性語なし）,KWP_UrlSeed
16251,明治 学部,EXCLUDE,除外,,,,対象外,不明,,領域語なし（子ども・学習・特性・支援のいずれにも接続しない）,中,④インテント,,880,2.0,99.0,LOW,一般の学校・学習情報（特性語なし）,KWP_UrlSeed
16252,明治 留学,EXCLUDE,除外,,,,対象外,不明,,領域語なし（子ども・学習・特性・支援のいずれにも接続しない）,中,④インテント,,170,,,LOW,未分類,KWP_UrlSeed
16253,心理 大学,EXCLUDE,除外,,,,対象外,不明,,領域語なし（子ども・学習・特性・支援のいずれにも接続しない）,中,④インテント,,390,45.0,259.0,LOW,受験・進路,KWP_UrlSeed
16255,学部 大学,EXCLUDE,除外,,,,対象外,不明,,領域語なし（子ども・学習・特性・支援のいずれにも接続しない）,中,④インテント,,260,105.0,247.0,LOW,受験・進路 | 一般の学校・学習情報（特性語なし）,KWP_UrlSeed
16259,明治 教育,EXCLUDE,除外,,,,対象外,不明,,領域語なし（子ども・学習・特性・支援のいずれにも接続しない）,中,④インテント,,140,,,LOW,未分類,KWP_UrlSeed
16261,留学 学生,EXCLUDE,除外,,,,対象外,不明,,領域語なし（子ども・学習・特性・支援のいずれにも接続しない）,中,④インテント,,30,111.0,1843.0,MEDIUM,未分類,KWP_UrlSeed
16263,大学 科,EXCLUDE,除外,,,,対象外,不明,,領域語なし（子ども・学習・特性・支援のいずれにも接続しない）,中,④インテント,,140,113.0,297.0,LOW,受験・進路,KWP_UrlSeed
16266,大学 心理,EXCLUDE,除外,,,,対象外,不明,,領域語なし（子ども・学習・特性・支援のいずれにも接続しない）,中,④インテント,,90,47.0,301.0,LOW,受験・進路,KWP_UrlSeed
16268,大学 レベル,EXCLUDE,除外,,,,対象外,不明,,領域語なし（子ども・学習・特性・支援のいずれにも接続しない）,中,④インテント,,2400,5.0,588.0,LOW,受験・進路,KWP_UrlSeed
16273,留学 病気,EXCLUDE,除外,,,,対象外,不明,,領域語なし（子ども・学習・特性・支援のいずれにも接続しない）,中,④インテント,,10,,,LOW,未分類,KWP_UrlSeed
16275,学部 情報,EXCLUDE,除外,,,,対象外,不明,,領域語なし（子ども・学習・特性・支援のいずれにも接続しない）,中,④インテント,,3600,99.0,488.0,LOW,一般の学校・学習情報（特性語なし）,KWP_UrlSeed
16277,コミュニケーション 大学,EXCLUDE,除外,,,,対象外,不明,,領域語なし（子ども・学習・特性・支援のいずれにも接続しない）,中,④インテント,,90,12.0,236.0,LOW,受験・進路 | 保護者の関わり・悩み,KWP_UrlSeed
16280,大学 国際,EXCLUDE,除外,,,,対象外,不明,,領域語なし（子ども・学習・特性・支援のいずれにも接続しない）,中,④インテント,,110,35.0,208.0,LOW,受験・進路,KWP_UrlSeed
16282,meiji now,EXCLUDE,除外,,,,対象外,不明,,領域語なし（子ども・学習・特性・支援のいずれにも接続しない）,中,④インテント,,140,,,LOW,未分類,KWP_UrlSeed
16283,パソコン 学部,EXCLUDE,除外,,,,対象外,不明,,領域語なし（子ども・学習・特性・支援のいずれにも接続しない）,中,④インテント,,20,,,LOW,一般の学校・学習情報（特性語なし）,KWP_UrlSeed
16284,大学 取り組み,EXCLUDE,除外,,,,対象外,不明,,領域語なし（子ども・学習・特性・支援のいずれにも接続しない）,中,④インテント,,10,,,LOW,受験・進路,KWP_UrlSeed
16286,大学 学部 国際,EXCLUDE,除外,,,,対象外,不明,,領域語なし（子ども・学習・特性・支援のいずれにも接続しない）,中,④インテント,,880,16.0,149.0,LOW,受験・進路 | 一般の学校・学習情報（特性語なし）,KWP_UrlSeed
16287,大学 外国,EXCLUDE,除外,,,,対象外,不明,,領域語なし（子ども・学習・特性・支援のいずれにも接続しない）,中,④インテント,,30,,,LOW,受験・進路,KWP_UrlSeed
16288,大学 sdgs,EXCLUDE,除外,,,,対象外,不明,,領域語なし（子ども・学習・特性・支援のいずれにも接続しない）,中,④インテント,,40,,,LOW,受験・進路,KWP_UrlSeed
16289,学部 国際,EXCLUDE,除外,,,,対象外,不明,,領域語なし（子ども・学習・特性・支援のいずれにも接続しない）,中,④インテント,,2400,20.0,197.0,LOW,一般の学校・学習情報（特性語なし）,KWP_UrlSeed
16290,大学 留学 学部,EXCLUDE,除外,,,,対象外,不明,,領域語なし（子ども・学習・特性・支援のいずれにも接続しない）,中,④インテント,,10,,,LOW,受験・進路 | 一般の学校・学習情報（特性語なし）,KWP_UrlSeed
16293,留学 大学 学部,EXCLUDE,除外,,,,対象外,不明,,領域語なし（子ども・学習・特性・支援のいずれにも接続しない）,中,④インテント,,10,,,LOW,受験・進路 | 一般の学校・学習情報（特性語なし）,KWP_UrlSeed
16295,sdgs 明治,EXCLUDE,除外,,,,対象外,不明,,領域語なし（子ども・学習・特性・支援のいずれにも接続しない）,中,④インテント,,10,,,LOW,未分類,KWP_UrlSeed
16297,大学 学部 情報,EXCLUDE,除外,,,,対象外,不明,,領域語なし（子ども・学習・特性・支援のいずれにも接続しない）,中,④インテント,,20,10.0,254.0,LOW,受験・進路 | 一般の学校・学習情報（特性語なし）,KWP_UrlSeed
16301,生活 大学,EXCLUDE,除外,,,,対象外,不明,,領域語なし（子ども・学習・特性・支援のいずれにも接続しない）,中,④インテント,,20,,,LOW,受験・進路,KWP_UrlSeed
16302,大学 施設,EXCLUDE,除外,,,,対象外,不明,,領域語なし（子ども・学習・特性・支援のいずれにも接続しない）,中,④インテント,,140,,,LOW,受験・進路,KWP_UrlSeed
16303,大学 助成,EXCLUDE,除外,,,,対象外,不明,,領域語なし（子ども・学習・特性・支援のいずれにも接続しない）,中,④インテント,,10,,,LOW,比較検討・料金・申込 | 受験・進路,KWP_UrlSeed
16304,大学 コミュニケーション 学部,EXCLUDE,除外,,,,対象外,不明,,領域語なし（子ども・学習・特性・支援のいずれにも接続しない）,中,④インテント,,90,18.0,190.0,LOW,受験・進路 | 保護者の関わり・悩み | 一般の学校・学習情報（特性語なし）,KWP_UrlSeed
16305,sdgs 大学,EXCLUDE,除外,,,,対象外,不明,,領域語なし（子ども・学習・特性・支援のいずれにも接続しない）,中,④インテント,,140,194.0,236.0,LOW,受験・進路,KWP_UrlSeed
16306,ni 大学,EXCLUDE,除外,,,,対象外,不明,,領域語なし（子ども・学習・特性・支援のいずれにも接続しない）,中,④インテント,,40,,,LOW,受験・進路,KWP_UrlSeed
16307,大学 悩み,EXCLUDE,除外,,,,対象外,不明,,領域語なし（子ども・学習・特性・支援のいずれにも接続しない）,中,④インテント,,40,3.0,215.0,LOW,受験・進路,KWP_UrlSeed
16308,課程 大学,EXCLUDE,除外,,,,対象外,不明,,領域語なし（子ども・学習・特性・支援のいずれにも接続しない）,中,④インテント,,260,,,LOW,受験・進路,KWP_UrlSeed
16326,月 書籍,EXCLUDE,除外,,,,対象外,不明,,領域語なし（子ども・学習・特性・支援のいずれにも接続しない）,中,④インテント,,10,,,LOW,未分類,KWP_UrlSeed
16327,情報 書籍,EXCLUDE,除外,,,,対象外,不明,,領域語なし（子ども・学習・特性・支援のいずれにも接続しない）,中,④インテント,,10,,,MEDIUM,未分類,KWP_UrlSeed
16329,してみ,EXCLUDE,除外,,,,対象外,不明,,領域語なし（子ども・学習・特性・支援のいずれにも接続しない）,中,④インテント,,110,,,LOW,未分類,KWP_UrlSeed
16330,もし なる,EXCLUDE,除外,,,,対象外,不明,,領域語なし（子ども・学習・特性・支援のいずれにも接続しない）,中,④インテント,,10,,,LOW,未分類,KWP_UrlSeed
16332,ライフ 書籍,EXCLUDE,除外,,,,対象外,不明,,領域語なし（子ども・学習・特性・支援のいずれにも接続しない）,中,④インテント,,10,,,LOW,未分類,KWP_UrlSeed
16334,書籍 リスト,EXCLUDE,除外,,,,対象外,不明,,領域語なし（子ども・学習・特性・支援のいずれにも接続しない）,中,④インテント,,40,,,LOW,未分類,KWP_UrlSeed
16335,読書 月,EXCLUDE,除外,,,,対象外,不明,,領域語なし（子ども・学習・特性・支援のいずれにも接続しない）,中,④インテント,,10,,,LOW,未分類,KWP_UrlSeed
16601,アコモデーション 教育,EXCLUDE,除外,,,,対象外,不明,,領域語なし（子ども・学習・特性・支援のいずれにも接続しない）,中,④インテント,,10,,,LOW,未分類,KWP_UrlSeed
16621,大学 難しい,EXCLUDE,除外,,,,対象外,不明,,領域語なし（子ども・学習・特性・支援のいずれにも接続しない）,中,④インテント,,170,,,LOW,受験・進路,KWP_UrlSeed
16623,大学 仕事,EXCLUDE,除外,,,,対象外,不明,,領域語なし（子ども・学習・特性・支援のいずれにも接続しない）,中,④インテント,,110,37.0,343.0,LOW,受験・進路 | 保護者の関わり・悩み,KWP_UrlSeed
16633,大学 応募,EXCLUDE,除外,,,,対象外,不明,,領域語なし（子ども・学習・特性・支援のいずれにも接続しない）,中,④インテント,,10,206.0,656.0,MEDIUM,受験・進路,KWP_UrlSeed
16634,大学 無理,EXCLUDE,除外,,,,対象外,不明,,領域語なし（子ども・学習・特性・支援のいずれにも接続しない）,中,④インテント,,40,,,LOW,受験・進路,KWP_UrlSeed
16642,大学 厳しい,EXCLUDE,除外,,,,対象外,不明,,領域語なし（子ども・学習・特性・支援のいずれにも接続しない）,中,④インテント,,30,,,LOW,受験・進路,KWP_UrlSeed
16643,大学 選考,EXCLUDE,除外,,,,対象外,不明,,領域語なし（子ども・学習・特性・支援のいずれにも接続しない）,中,④インテント,,30,,,LOW,受験・進路,KWP_UrlSeed
16644,大学 難関,EXCLUDE,除外,,,,対象外,不明,,領域語なし（子ども・学習・特性・支援のいずれにも接続しない）,中,④インテント,,2400,3.0,589.0,LOW,受験・進路,KWP_UrlSeed
16646,大学 場所,EXCLUDE,除外,,,,対象外,不明,,領域語なし（子ども・学習・特性・支援のいずれにも接続しない）,中,④インテント,,90,,,LOW,受験・進路,KWP_UrlSeed
16647,仕事 大学,EXCLUDE,除外,,,,対象外,不明,,領域語なし（子ども・学習・特性・支援のいずれにも接続しない）,中,④インテント,,110,37.0,343.0,LOW,受験・進路 | 保護者の関わり・悩み,KWP_UrlSeed
16648,大学 学ぶ,EXCLUDE,除外,,,,対象外,不明,,領域語なし（子ども・学習・特性・支援のいずれにも接続しない）,中,④インテント,,40,,,LOW,受験・進路,KWP_UrlSeed
16653,大学 目標,EXCLUDE,除外,,,,対象外,不明,,領域語なし（子ども・学習・特性・支援のいずれにも接続しない）,中,④インテント,,70,,,LOW,受験・進路,KWP_UrlSeed
16655,大学 短大,EXCLUDE,除外,,,,対象外,不明,,領域語なし（子ども・学習・特性・支援のいずれにも接続しない）,中,④インテント,,170,120.0,422.0,LOW,受験・進路,KWP_UrlSeed
16657,大学 入社,EXCLUDE,除外,,,,対象外,不明,,領域語なし（子ども・学習・特性・支援のいずれにも接続しない）,中,④インテント,,20,,,LOW,受験・進路,KWP_UrlSeed
16658,大学 入る,EXCLUDE,除外,,,,対象外,不明,,領域語なし（子ども・学習・特性・支援のいずれにも接続しない）,中,④インテント,,50,,,LOW,受験・進路,KWP_UrlSeed
16659,キャンパス 大学,EXCLUDE,除外,,,,対象外,不明,,領域語なし（子ども・学習・特性・支援のいずれにも接続しない）,中,④インテント,,2900,31.0,276.0,LOW,受験・進路,KWP_UrlSeed
16662,大学 なくなる,EXCLUDE,除外,,,,対象外,不明,,領域語なし（子ども・学習・特性・支援のいずれにも接続しない）,中,④インテント,,70,,,LOW,受験・進路,KWP_UrlSeed
16666,会社 大学,EXCLUDE,除外,,,,対象外,不明,,領域語なし（子ども・学習・特性・支援のいずれにも接続しない）,中,④インテント,,10,,,LOW,受験・進路,KWP_UrlSeed
16670,大学 特徴,EXCLUDE,除外,,,,対象外,不明,,領域語なし（子ども・学習・特性・支援のいずれにも接続しない）,中,④インテント,,110,,,LOW,受験・進路 | 特性そのものを調べる（とは・特徴・チェック）,KWP_UrlSeed
16672,大学 オンライン,EXCLUDE,除外,,,,対象外,不明,,領域語なし（子ども・学習・特性・支援のいずれにも接続しない）,中,④インテント,,1300,149.0,624.0,MEDIUM,サービス探し（家庭教師・塾・支援） | 受験・進路,KWP_UrlSeed
16673,大学 種類,EXCLUDE,除外,,,,対象外,不明,,領域語なし（子ども・学習・特性・支援のいずれにも接続しない）,中,④インテント,,1300,42.0,258.0,LOW,受験・進路 | 特性そのものを調べる（とは・特徴・チェック）,KWP_UrlSeed
16678,大学 結果,EXCLUDE,除外,,,,対象外,不明,,領域語なし（子ども・学習・特性・支援のいずれにも接続しない）,中,④インテント,,30,,,LOW,受験・進路,KWP_UrlSeed
16686,短大 大学,EXCLUDE,除外,,,,対象外,不明,,領域語なし（子ども・学習・特性・支援のいずれにも接続しない）,中,④インテント,,70,,,LOW,受験・進路,KWP_UrlSeed
16687,大学 補助,EXCLUDE,除外,,,,対象外,不明,,領域語なし（子ども・学習・特性・支援のいずれにも接続しない）,中,④インテント,,90,,,LOW,受験・進路,KWP_UrlSeed
16688,大学 全国,EXCLUDE,除外,,,,対象外,不明,,領域語なし（子ども・学習・特性・支援のいずれにも接続しない）,中,④インテント,,50,,,LOW,受験・進路 | 地域・近くで探す,KWP_UrlSeed
16689,大学 種類 違い,EXCLUDE,除外,,,,対象外,不明,,領域語なし（子ども・学習・特性・支援のいずれにも接続しない）,中,④インテント,,30,,,LOW,比較検討・料金・申込 | 受験・進路 | 特性そのものを調べる（とは・特徴・チェック）,KWP_UrlSeed
16692,大学 専門,EXCLUDE,除外,,,,対象外,不明,,領域語なし（子ども・学習・特性・支援のいずれにも接続しない）,中,④インテント,,260,83.0,411.0,LOW,サービス探し（家庭教師・塾・支援） | 受験・進路,KWP_UrlSeed
16693,講義 大学,EXCLUDE,除外,,,,対象外,不明,,領域語なし（子ども・学習・特性・支援のいずれにも接続しない）,中,④インテント,,1900,,,LOW,受験・進路,KWP_UrlSeed
16694,大学 環境,EXCLUDE,除外,,,,対象外,不明,,領域語なし（子ども・学習・特性・支援のいずれにも接続しない）,中,④インテント,,50,,,LOW,受験・進路,KWP_UrlSeed
16695,大学 申請,EXCLUDE,除外,,,,対象外,不明,,領域語なし（子ども・学習・特性・支援のいずれにも接続しない）,中,④インテント,,20,,,LOW,受験・進路,KWP_UrlSeed
16696,大学 学び,EXCLUDE,除外,,,,対象外,不明,,領域語なし（子ども・学習・特性・支援のいずれにも接続しない）,中,④インテント,,140,,,LOW,受験・進路,KWP_UrlSeed
16697,大学 法律 学部,EXCLUDE,除外,,,,対象外,不明,,領域語なし（子ども・学習・特性・支援のいずれにも接続しない）,中,④インテント,,20,,,LOW,受験・進路 | 一般の学校・学習情報（特性語なし）,KWP_UrlSeed
16700,大学 スローガン,EXCLUDE,除外,,,,対象外,不明,,領域語なし（子ども・学習・特性・支援のいずれにも接続しない）,中,④インテント,,50,,,LOW,受験・進路,KWP_UrlSeed
16702,法律 大学,EXCLUDE,除外,,,,対象外,不明,,領域語なし（子ども・学習・特性・支援のいずれにも接続しない）,中,④インテント,,260,32.0,151.0,LOW,受験・進路,KWP_UrlSeed
16705,カリキュラム 大学,EXCLUDE,除外,,,,対象外,不明,,領域語なし（子ども・学習・特性・支援のいずれにも接続しない）,中,④インテント,,320,,,LOW,受験・進路,KWP_UrlSeed
16709,大学 事業,EXCLUDE,除外,,,,対象外,不明,,領域語なし（子ども・学習・特性・支援のいずれにも接続しない）,中,④インテント,,30,,,LOW,受験・進路,KWP_UrlSeed
16713,大学 講義,EXCLUDE,除外,,,,対象外,不明,,領域語なし（子ども・学習・特性・支援のいずれにも接続しない）,中,④インテント,,1900,,,LOW,受験・進路,KWP_UrlSeed
16715,大学 書類,EXCLUDE,除外,,,,対象外,不明,,領域語なし（子ども・学習・特性・支援のいずれにも接続しない）,中,④インテント,,50,,,LOW,受験・進路,KWP_UrlSeed
16718,大学 学科,EXCLUDE,除外,,,,対象外,不明,,領域語なし（子ども・学習・特性・支援のいずれにも接続しない）,中,④インテント,,1600,118.0,296.0,LOW,受験・進路,KWP_UrlSeed
16719,大学 講師,EXCLUDE,除外,,,,対象外,不明,,領域語なし（子ども・学習・特性・支援のいずれにも接続しない）,中,④インテント,,1000,50.0,420.0,LOW,受験・進路,KWP_UrlSeed
16720,大学 分野,EXCLUDE,除外,,,,対象外,不明,,領域語なし（子ども・学習・特性・支援のいずれにも接続しない）,中,④インテント,,480,131.0,297.0,LOW,受験・進路,KWP_UrlSeed
16722,大学 コース,EXCLUDE,除外,,,,対象外,不明,,領域語なし（子ども・学習・特性・支援のいずれにも接続しない）,中,④インテント,,110,131.0,370.0,LOW,受験・進路,KWP_UrlSeed
16725,大学 学部 学科,EXCLUDE,除外,,,,対象外,不明,,領域語なし（子ども・学習・特性・支援のいずれにも接続しない）,中,④インテント,,260,127.0,300.0,LOW,受験・進路 | 一般の学校・学習情報（特性語なし）,KWP_UrlSeed
16726,学科 大学,EXCLUDE,除外,,,,対象外,不明,,領域語なし（子ども・学習・特性・支援のいずれにも接続しない）,中,④インテント,,70,108.0,367.0,LOW,受験・進路,KWP_UrlSeed
16727,大学 家,EXCLUDE,除外,,,,対象外,不明,,領域語なし（子ども・学習・特性・支援のいずれにも接続しない）,中,④インテント,,20,,,LOW,受験・進路,KWP_UrlSeed
16730,分野 大学,EXCLUDE,除外,,,,対象外,不明,,領域語なし（子ども・学習・特性・支援のいずれにも接続しない）,中,④インテント,,30,,,LOW,受験・進路,KWP_UrlSeed
16731,大学 学科 種類,EXCLUDE,除外,,,,対象外,不明,,領域語なし（子ども・学習・特性・支援のいずれにも接続しない）,中,④インテント,,110,110.0,326.0,LOW,受験・進路 | 特性そのものを調べる（とは・特徴・チェック）,KWP_UrlSeed
16734,講師 大学,EXCLUDE,除外,,,,対象外,不明,,領域語なし（子ども・学習・特性・支援のいずれにも接続しない）,中,④インテント,,1000,50.0,420.0,LOW,受験・進路,KWP_UrlSeed
16850,大学 諦める,EXCLUDE,除外,,,,対象外,不明,,領域語なし（子ども・学習・特性・支援のいずれにも接続しない）,中,④インテント,,40,,,LOW,受験・進路,KWP_UrlSeed
16995,指導 会社,EXCLUDE,除外,,,,対象外,不明,,領域語なし（子ども・学習・特性・支援のいずれにも接続しない）,中,④インテント,,30,,,LOW,未分類,KWP_UrlSeed
16998,出席 オンライン,EXCLUDE,除外,,,,対象外,不明,,領域語なし（子ども・学習・特性・支援のいずれにも接続しない）,中,④インテント,,10,,,LOW,サービス探し（家庭教師・塾・支援）,KWP_UrlSeed
17011,1 a 2,EXCLUDE,除外,,,,対象外,不明,,領域語なし（子ども・学習・特性・支援のいずれにも接続しない）,中,④インテント,,40,,,LOW,未分類,KWP_UrlSeed
17304,teacher jp,EXCLUDE,除外,,,,対象外,不明,,領域語なし（子ども・学習・特性・支援のいずれにも接続しない）,中,④インテント,,10,,,LOW,未分類,KWP_UrlSeed
17419,kaien teens,EXCLUDE,除外,,,,対象外,不明,,領域語なし（子ども・学習・特性・支援のいずれにも接続しない）,中,④インテント,,10,,,LOW,療育・福祉・居場所,KWP_UrlSeed
17468,インター 教育,EXCLUDE,除外,,,,対象外,不明,,領域語なし（子ども・学習・特性・支援のいずれにも接続しない）,中,④インテント,,10,,,LOW,学校生活・不登校・学校種別,KWP_UrlSeed
17511,基礎 トレ,EXCLUDE,除外,,,,対象外,不明,,領域語なし（子ども・学習・特性・支援のいずれにも接続しない）,中,④インテント,,320,,,LOW,未分類,KWP_UrlSeed
17577,高卒 大学,EXCLUDE,除外,,,,対象外,不明,,領域語なし（子ども・学習・特性・支援のいずれにも接続しない）,中,④インテント,,30,,,LOW,受験・進路,KWP_UrlSeed || KWP_SiteSeed
17643,受付 可愛い 会社,EXCLUDE,除外,,,,対象外,不明,,領域語なし（子ども・学習・特性・支援のいずれにも接続しない）,中,④インテント,,30,,,LOW,未分類,KWP_UrlSeed
17646,石川 会社,EXCLUDE,除外,,,,対象外,不明,,領域語なし（子ども・学習・特性・支援のいずれにも接続しない）,中,④インテント,,40,,,LOW,未分類,KWP_UrlSeed
17699,予習 やり方,EXCLUDE,除外,,,,対象外,不明,,領域語なし（子ども・学習・特性・支援のいずれにも接続しない）,中,④インテント,,90,,,LOW,学習のやり方・学習課題,KWP_UrlSeed
17706,復習 予習,EXCLUDE,除外,,,,対象外,不明,,領域語なし（子ども・学習・特性・支援のいずれにも接続しない）,中,④インテント,,70,,,LOW,学習のやり方・学習課題,KWP_UrlSeed
17708,予習 方法,EXCLUDE,除外,,,,対象外,不明,,領域語なし（子ども・学習・特性・支援のいずれにも接続しない）,中,④インテント,,10,,,LOW,学習のやり方・学習課題,KWP_UrlSeed || KWP_SiteSeed
17831,千葉 エール,EXCLUDE,除外,,,,対象外,不明,,領域語なし（子ども・学習・特性・支援のいずれにも接続しない）,中,④インテント,,10,,,LOW,地域・近くで探す,KWP_UrlSeed
17833,エール 千葉,EXCLUDE,除外,,,,対象外,不明,,領域語なし（子ども・学習・特性・支援のいずれにも接続しない）,中,④インテント,,20,,,LOW,地域・近くで探す,KWP_UrlSeed
17877,スクラム プラス,EXCLUDE,除外,,,,対象外,不明,,領域語なし（子ども・学習・特性・支援のいずれにも接続しない）,中,④インテント,,140,199.0,1090.0,LOW,未分類,KWP_UrlSeed
17886,learning base,EXCLUDE,除外,,,,対象外,不明,,領域語なし（子ども・学習・特性・支援のいずれにも接続しない）,中,④インテント,,20,,,LOW,未分類,KWP_UrlSeed
17889,aiai plus,EXCLUDE,除外,,,,対象外,不明,,領域語なし（子ども・学習・特性・支援のいずれにも接続しない）,中,④インテント,,170,136.0,2105.0,LOW,未分類,KWP_UrlSeed
17966,り たり こ じゅ に あ,EXCLUDE,除外,,,,対象外,不明,,領域語なし（子ども・学習・特性・支援のいずれにも接続しない）,中,④インテント,,70,111.0,381.0,LOW,未分類,KWP_UrlSeed || KWP_CompetitorKeywordSeed
17975,リーフ ジュニア,EXCLUDE,除外,,,,対象外,不明,,領域語なし（子ども・学習・特性・支援のいずれにも接続しない）,中,④インテント,,10,,,MEDIUM,未分類,KWP_UrlSeed
17999,スパーク 運動,EXCLUDE,除外,,,,対象外,不明,,領域語なし（子ども・学習・特性・支援のいずれにも接続しない）,中,④インテント,,10,,,LOW,未分類,KWP_UrlSeed
18000,スパーク 体操,EXCLUDE,除外,,,,対象外,不明,,領域語なし（子ども・学習・特性・支援のいずれにも接続しない）,中,④インテント,,20,,,LOW,未分類,KWP_UrlSeed
18011,スケジュール 支援,EXCLUDE,除外,,,,対象外,不明,,領域語なし（子ども・学習・特性・支援のいずれにも接続しない）,中,④インテント,,10,,,LOW,サービス探し（家庭教師・塾・支援） | 学習のやり方・学習課題,KWP_UrlSeed
18012,aba 東京,EXCLUDE,除外,,,,対象外,不明,,領域語なし（子ども・学習・特性・支援のいずれにも接続しない）,中,④インテント,,30,104.0,305.0,LOW,療育・福祉・居場所 | 地域・近くで探す,KWP_UrlSeed
18016,studiosora,EXCLUDE,除外,,,,対象外,不明,,領域語なし（子ども・学習・特性・支援のいずれにも接続しない）,中,④インテント,,20,,,LOW,未分類,KWP_UrlSeed
18017,す た じ お 空,EXCLUDE,除外,,,,対象外,不明,,領域語なし（子ども・学習・特性・支援のいずれにも接続しない）,中,④インテント,,90,49.0,184.0,LOW,未分類,KWP_UrlSeed
18159,中高生 嫌い,EXCLUDE,除外,,,,対象外,不明,,領域語なし（子ども・学習・特性・支援のいずれにも接続しない）,中,④インテント,,20,,,LOW,未分類,KWP_UrlSeed
18194,して,EXCLUDE,除外,,,,対象外,不明,,領域語なし（子ども・学習・特性・支援のいずれにも接続しない）,中,④インテント,,22200,,,LOW,未分類,KWP_UrlSeed
18196,をして,EXCLUDE,除外,,,,対象外,不明,,領域語なし（子ども・学習・特性・支援のいずれにも接続しない）,中,④インテント,,1300,,,LOW,未分類,KWP_UrlSeed
18199,してと,EXCLUDE,除外,,,,対象外,不明,,領域語なし（子ども・学習・特性・支援のいずれにも接続しない）,中,④インテント,,10,,,LOW,未分類,KWP_UrlSeed
18200,まては,EXCLUDE,除外,,,,対象外,不明,,領域語なし（子ども・学習・特性・支援のいずれにも接続しない）,中,④インテント,,10,,,LOW,未分類,KWP_UrlSeed
18262,肺がん 治療,EXCLUDE,除外,,,,対象外,不明,,領域語なし（子ども・学習・特性・支援のいずれにも接続しない）,中,④インテント,,3600,17.0,181.0,MEDIUM,未分類,KWP_UrlSeed
18264,がん 病気,EXCLUDE,除外,,,,対象外,不明,,領域語なし（子ども・学習・特性・支援のいずれにも接続しない）,中,④インテント,,90,,,LOW,未分類,KWP_UrlSeed
18266,大腸 病気,EXCLUDE,除外,,,,対象外,不明,,領域語なし（子ども・学習・特性・支援のいずれにも接続しない）,中,④インテント,,2900,14.0,87.0,LOW,未分類,KWP_UrlSeed
18271,治療 がん,EXCLUDE,除外,,,,対象外,不明,,領域語なし（子ども・学習・特性・支援のいずれにも接続しない）,中,④インテント,,10,,,LOW,未分類,KWP_UrlSeed
18272,がんん,EXCLUDE,除外,,,,対象外,不明,,領域語なし（子ども・学習・特性・支援のいずれにも接続しない）,中,④インテント,,20,,,LOW,未分類,KWP_UrlSeed
18276,がんあ,EXCLUDE,除外,,,,対象外,不明,,領域語なし（子ども・学習・特性・支援のいずれにも接続しない）,中,④インテント,,20,,,LOW,未分類,KWP_UrlSeed
18277,がん 前立腺,EXCLUDE,除外,,,,対象外,不明,,領域語なし（子ども・学習・特性・支援のいずれにも接続しない）,中,④インテント,,10,,,LOW,未分類,KWP_UrlSeed
18278,がん 調べる,EXCLUDE,除外,,,,対象外,不明,,領域語なし（子ども・学習・特性・支援のいずれにも接続しない）,中,④インテント,,10,139.0,307.0,HIGH,未分類,KWP_UrlSeed
18279,ガん,EXCLUDE,除外,,,,対象外,不明,,領域語なし（子ども・学習・特性・支援のいずれにも接続しない）,中,④インテント,,20,,,LOW,未分類,KWP_UrlSeed
18397,語学 嫌い,EXCLUDE,除外,,,,対象外,不明,,領域語なし（子ども・学習・特性・支援のいずれにも接続しない）,中,④インテント,,10,,,LOW,未分類,KWP_UrlSeed
18464,して grammar,EXCLUDE,除外,,,,対象外,不明,,領域語なし（子ども・学習・特性・支援のいずれにも接続しない）,中,④インテント,,210,,,MEDIUM,未分類,KWP_UrlSeed
18502,って grammar,EXCLUDE,除外,,,,対象外,不明,,領域語なし（子ども・学習・特性・支援のいずれにも接続しない）,中,④インテント,,90,,,LOW,未分類,KWP_UrlSeed
18529,てたのに,EXCLUDE,除外,,,,対象外,不明,,領域語なし（子ども・学習・特性・支援のいずれにも接続しない）,中,④インテント,,10,,,LOW,未分類,KWP_UrlSeed
18550,て grammar,EXCLUDE,除外,,,,対象外,不明,,領域語なし（子ども・学習・特性・支援のいずれにも接続しない）,中,④インテント,,10,,,LOW,未分類,KWP_UrlSeed
18563,になた,EXCLUDE,除外,,,,対象外,不明,,領域語なし（子ども・学習・特性・支援のいずれにも接続しない）,中,④インテント,,50,,,LOW,未分類,KWP_UrlSeed
18567,語学 発音,EXCLUDE,除外,,,,対象外,不明,,領域語なし（子ども・学習・特性・支援のいずれにも接続しない）,中,④インテント,,10,,,LOW,未分類,KWP_UrlSeed
18593,英 短文,EXCLUDE,除外,,,,対象外,不明,,領域語なし（子ども・学習・特性・支援のいずれにも接続しない）,中,④インテント,,210,,,LOW,未分類,KWP_UrlSeed
19196,小説 解き方,EXCLUDE,除外,,,,対象外,不明,,領域語なし（子ども・学習・特性・支援のいずれにも接続しない）,中,④インテント,,50,,,LOW,未分類,KWP_UrlSeed
19255,復習 時間,EXCLUDE,除外,,,,対象外,不明,,領域語なし（子ども・学習・特性・支援のいずれにも接続しない）,中,④インテント,,20,,,LOW,学習のやり方・学習課題,KWP_UrlSeed
19267,ノート 汚い,EXCLUDE,除外,,,,対象外,不明,,領域語なし（子ども・学習・特性・支援のいずれにも接続しない）,中,④インテント,,170,,,LOW,一般の学校・学習情報（特性語なし）,KWP_UrlSeed
19277,ケアレス ミス ノート,EXCLUDE,除外,,,,対象外,不明,,領域語なし（子ども・学習・特性・支援のいずれにも接続しない）,中,④インテント,,40,,,LOW,一般の学校・学習情報（特性語なし）,KWP_UrlSeed
19298,ノート 字,EXCLUDE,除外,,,,対象外,不明,,領域語なし（子ども・学習・特性・支援のいずれにも接続しない）,中,④インテント,,590,,,LOW,一般の学校・学習情報（特性語なし）,KWP_UrlSeed
19552,ユリウス 金額,EXCLUDE,除外,,,,対象外,不明,,領域語なし（子ども・学習・特性・支援のいずれにも接続しない）,中,④インテント,,20,,,LOW,比較検討・料金・申込,KWP_UrlSeed
19565,ユリウス 講師,EXCLUDE,除外,,,,対象外,不明,,領域語なし（子ども・学習・特性・支援のいずれにも接続しない）,中,④インテント,,10,76.0,329.0,LOW,未分類,KWP_UrlSeed
19619,アドレス パソコン,EXCLUDE,除外,,,,対象外,不明,,領域語なし（子ども・学習・特性・支援のいずれにも接続しない）,中,④インテント,,390,357.0,709.0,LOW,未分類,KWP_UrlSeed
19776,i iii iii,EXCLUDE,除外,,,,対象外,不明,,領域語なし（子ども・学習・特性・支援のいずれにも接続しない）,中,④インテント,,170,,,LOW,未分類,KWP_UrlSeed
19779,1 2 3 b,EXCLUDE,除外,,,,対象外,不明,,領域語なし（子ども・学習・特性・支援のいずれにも接続しない）,中,④インテント,,10,,,UNSPECIFIED,未分類,KWP_UrlSeed
19786,3 a 3,EXCLUDE,除外,,,,対象外,不明,,領域語なし（子ども・学習・特性・支援のいずれにも接続しない）,中,④インテント,,30,,,LOW,未分類,KWP_UrlSeed
19789,2 i 1,EXCLUDE,除外,,,,対象外,不明,,領域語なし（子ども・学習・特性・支援のいずれにも接続しない）,中,④インテント,,70,,,LOW,未分類,KWP_UrlSeed
19792,3 a 2,EXCLUDE,除外,,,,対象外,不明,,領域語なし（子ども・学習・特性・支援のいずれにも接続しない）,中,④インテント,,30,,,LOW,未分類,KWP_UrlSeed
19793,3 e 2,EXCLUDE,除外,,,,対象外,不明,,領域語なし（子ども・学習・特性・支援のいずれにも接続しない）,中,④インテント,,10,,,LOW,未分類,KWP_UrlSeed
19798,a 1 2 a 1 2,EXCLUDE,除外,,,,対象外,不明,,領域語なし（子ども・学習・特性・支援のいずれにも接続しない）,中,④インテント,,10,,,LOW,未分類,KWP_UrlSeed
19799,an 1 an 2,EXCLUDE,除外,,,,対象外,不明,,領域語なし（子ども・学習・特性・支援のいずれにも接続しない）,中,④インテント,,170,,,LOW,未分類,KWP_UrlSeed
19956,教育 web,EXCLUDE,除外,,,,対象外,不明,,領域語なし（子ども・学習・特性・支援のいずれにも接続しない）,中,④インテント,,10,199.0,465.0,MEDIUM,未分類,KWP_UrlSeed
19966,教育 最新,EXCLUDE,除外,,,,対象外,不明,,領域語なし（子ども・学習・特性・支援のいずれにも接続しない）,中,④インテント,,10,,,LOW,未分類,KWP_UrlSeed
19967,さなね,EXCLUDE,除外,,,,対象外,不明,,領域語なし（子ども・学習・特性・支援のいずれにも接続しない）,中,④インテント,,40,,,LOW,未分類,KWP_UrlSeed
19981,3 a 4,EXCLUDE,除外,,,,対象外,不明,,領域語なし（子ども・学習・特性・支援のいずれにも接続しない）,中,④インテント,,20,,,LOW,未分類,KWP_UrlSeed
20003,チャレンジ オンライン,EXCLUDE,除外,,,,対象外,不明,,領域語なし（子ども・学習・特性・支援のいずれにも接続しない）,中,④インテント,,70,129.0,620.0,LOW,サービス探し（家庭教師・塾・支援）,KWP_UrlSeed
20029,スタディ 沖縄,EXCLUDE,除外,,,,対象外,不明,,領域語なし（子ども・学習・特性・支援のいずれにも接続しない）,中,④インテント,,10,,,LOW,未分類,KWP_UrlSeed
20217,検定 資格,EXCLUDE,除外,,,,対象外,不明,,領域語なし（子ども・学習・特性・支援のいずれにも接続しない）,中,④インテント,,720,33.0,210.0,LOW,学習のやり方・学習課題 | 教える側（教師・支援者・資格）,KWP_UrlSeed
20221,大学 問題,EXCLUDE,除外,,,,対象外,不明,,領域語なし（子ども・学習・特性・支援のいずれにも接続しない）,中,④インテント,,1300,,,LOW,受験・進路,KWP_UrlSeed
20228,検定 と は 資格,EXCLUDE,除外,,,,対象外,不明,,領域語なし（子ども・学習・特性・支援のいずれにも接続しない）,中,④インテント,,20,,,LOW,学習のやり方・学習課題 | 特性そのものを調べる（とは・特徴・チェック） | 教える側（教師・支援者・資格）,KWP_UrlSeed
20234,補習 大学,EXCLUDE,除外,,,,対象外,不明,,領域語なし（子ども・学習・特性・支援のいずれにも接続しない）,中,④インテント,,70,,,LOW,受験・進路,KWP_UrlSeed
20241,過去 問 やり方,EXCLUDE,除外,,,,対象外,不明,,領域語なし（子ども・学習・特性・支援のいずれにも接続しない）,中,④インテント,,590,66.0,802.0,LOW,受験・進路,KWP_UrlSeed
20344,me アドレス,EXCLUDE,除外,,,,対象外,不明,,領域語なし（子ども・学習・特性・支援のいずれにも接続しない）,中,④インテント,,20,,,LOW,未分類,KWP_UrlSeed
20345,めぇる,EXCLUDE,除外,,,,対象外,不明,,領域語なし（子ども・学習・特性・支援のいずれにも接続しない）,中,④インテント,,10,,,LOW,未分類,KWP_UrlSeed
20347,アドレス 無料,EXCLUDE,除外,,,,対象外,不明,,領域語なし（子ども・学習・特性・支援のいずれにも接続しない）,中,④インテント,,480,50.0,773.0,LOW,比較検討・料金・申込,KWP_UrlSeed
20473,お カタカナ,EXCLUDE,除外,,,,対象外,不明,,領域語なし（子ども・学習・特性・支援のいずれにも接続しない）,中,④インテント,,880,,,LOW,学習のやり方・学習課題,KWP_UrlSeed
20476,カタカナ お,EXCLUDE,除外,,,,対象外,不明,,領域語なし（子ども・学習・特性・支援のいずれにも接続しない）,中,④インテント,,170,,,LOW,学習のやり方・学習課題,KWP_UrlSeed
20482,oc 持ち物,EXCLUDE,除外,,,,対象外,不明,,領域語なし（子ども・学習・特性・支援のいずれにも接続しない）,中,④インテント,,10,,,LOW,未分類,KWP_UrlSeed
20483,おの カタカナ,EXCLUDE,除外,,,,対象外,不明,,領域語なし（子ども・学習・特性・支援のいずれにも接続しない）,中,④インテント,,10,,,LOW,学習のやり方・学習課題,KWP_UrlSeed
20593,大阪 説明,EXCLUDE,除外,,,,対象外,不明,,領域語なし（子ども・学習・特性・支援のいずれにも接続しない）,中,④インテント,,20,,,LOW,地域・近くで探す,KWP_UrlSeed
20606,東京 呪い 神社,EXCLUDE,除外,,,,対象外,不明,,領域語なし（子ども・学習・特性・支援のいずれにも接続しない）,中,④インテント,,110,,,LOW,地域・近くで探す,KWP_UrlSeed
20609,沖縄 マンタ 時期,EXCLUDE,除外,,,,対象外,不明,,領域語なし（子ども・学習・特性・支援のいずれにも接続しない）,中,④インテント,,30,,,LOW,未分類,KWP_UrlSeed
21325,a teacher the teacher,EXCLUDE,除外,,,,対象外,不明,,領域語なし（子ども・学習・特性・支援のいずれにも接続しない）,中,④インテント,,10,,,LOW,未分類,KWP_UrlSeed
21473,中退 大学,EXCLUDE,除外,,,,対象外,不明,,領域語なし（子ども・学習・特性・支援のいずれにも接続しない）,中,④インテント,,40,151.0,448.0,LOW,受験・進路,KWP_UrlSeed || KWP_SiteSeed
21475,中退 高卒,EXCLUDE,除外,,,,対象外,不明,,領域語なし（子ども・学習・特性・支援のいずれにも接続しない）,中,④インテント,,20,,,LOW,受験・進路,KWP_UrlSeed
21510,中退 その後,EXCLUDE,除外,,,,対象外,不明,,領域語なし（子ども・学習・特性・支援のいずれにも接続しない）,中,④インテント,,10,,,LOW,受験・進路,KWP_UrlSeed || KWP_SiteSeed
21513,退学 大学,EXCLUDE,除外,,,,対象外,不明,,領域語なし（子ども・学習・特性・支援のいずれにも接続しない）,中,④インテント,,50,,,LOW,受験・進路,KWP_UrlSeed
21570,病気 ad,EXCLUDE,除外,,,,対象外,不明,,領域語なし（子ども・学習・特性・支援のいずれにも接続しない）,中,④インテント,,40,,,LOW,未分類,KWP_UrlSeed
21574,セミナー 探す,EXCLUDE,除外,,,,対象外,不明,,領域語なし（子ども・学習・特性・支援のいずれにも接続しない）,中,④インテント,,10,,,MEDIUM,未分類,KWP_UrlSeed
21575,セミナー 大阪,EXCLUDE,除外,,,,対象外,不明,,領域語なし（子ども・学習・特性・支援のいずれにも接続しない）,中,④インテント,,480,141.0,478.0,LOW,地域・近くで探す,KWP_UrlSeed
21576,セミナー 東京,EXCLUDE,除外,,,,対象外,不明,,領域語なし（子ども・学習・特性・支援のいずれにも接続しない）,中,④インテント,,480,140.0,477.0,LOW,地域・近くで探す,KWP_UrlSeed
21577,東京 セミナー,EXCLUDE,除外,,,,対象外,不明,,領域語なし（子ども・学習・特性・支援のいずれにも接続しない）,中,④インテント,,480,140.0,477.0,LOW,地域・近くで探す,KWP_UrlSeed
21578,セミナー 関西,EXCLUDE,除外,,,,対象外,不明,,領域語なし（子ども・学習・特性・支援のいずれにも接続しない）,中,④インテント,,20,121.0,939.0,LOW,地域・近くで探す,KWP_UrlSeed
21579,セミナー 沖縄,EXCLUDE,除外,,,,対象外,不明,,領域語なし（子ども・学習・特性・支援のいずれにも接続しない）,中,④インテント,,210,,,LOW,未分類,KWP_UrlSeed
21580,配信 セミナー,EXCLUDE,除外,,,,対象外,不明,,領域語なし（子ども・学習・特性・支援のいずれにも接続しない）,中,④インテント,,50,351.0,1252.0,MEDIUM,未分類,KWP_UrlSeed
21581,沖縄 セミナー,EXCLUDE,除外,,,,対象外,不明,,領域語なし（子ども・学習・特性・支援のいずれにも接続しない）,中,④インテント,,210,,,LOW,未分類,KWP_UrlSeed
21582,広島 セミナー,EXCLUDE,除外,,,,対象外,不明,,領域語なし（子ども・学習・特性・支援のいずれにも接続しない）,中,④インテント,,140,176.0,1072.0,LOW,地域・近くで探す,KWP_UrlSeed
21583,北海道 セミナー,EXCLUDE,除外,,,,対象外,不明,,領域語なし（子ども・学習・特性・支援のいずれにも接続しない）,中,④インテント,,50,,,LOW,未分類,KWP_UrlSeed
21584,セミナー 広島,EXCLUDE,除外,,,,対象外,不明,,領域語なし（子ども・学習・特性・支援のいずれにも接続しない）,中,④インテント,,140,176.0,1072.0,LOW,地域・近くで探す,KWP_UrlSeed
21585,セミナー 関東,EXCLUDE,除外,,,,対象外,不明,,領域語なし（子ども・学習・特性・支援のいずれにも接続しない）,中,④インテント,,20,,,LOW,未分類,KWP_UrlSeed
21586,セミナー 北海道,EXCLUDE,除外,,,,対象外,不明,,領域語なし（子ども・学習・特性・支援のいずれにも接続しない）,中,④インテント,,50,,,LOW,未分類,KWP_UrlSeed
21587,セミナー 九州,EXCLUDE,除外,,,,対象外,不明,,領域語なし（子ども・学習・特性・支援のいずれにも接続しない）,中,④インテント,,70,,,LOW,未分類,KWP_UrlSeed
21588,関東 セミナー,EXCLUDE,除外,,,,対象外,不明,,領域語なし（子ども・学習・特性・支援のいずれにも接続しない）,中,④インテント,,20,,,LOW,未分類,KWP_UrlSeed
21589,宮崎 セミナー,EXCLUDE,除外,,,,対象外,不明,,領域語なし（子ども・学習・特性・支援のいずれにも接続しない）,中,④インテント,,40,,,LOW,未分類,KWP_UrlSeed
21590,都内 セミナー,EXCLUDE,除外,,,,対象外,不明,,領域語なし（子ども・学習・特性・支援のいずれにも接続しない）,中,④インテント,,40,119.0,425.0,LOW,未分類,KWP_UrlSeed
21591,岡山 セミナー,EXCLUDE,除外,,,,対象外,不明,,領域語なし（子ども・学習・特性・支援のいずれにも接続しない）,中,④インテント,,90,,,LOW,未分類,KWP_UrlSeed
21592,jetro english,EXCLUDE,除外,,,,対象外,不明,,領域語なし（子ども・学習・特性・支援のいずれにも接続しない）,中,④インテント,,10,,,LOW,未分類,KWP_UrlSeed
21593,オリンピック 金額,EXCLUDE,除外,,,,対象外,不明,,領域語なし（子ども・学習・特性・支援のいずれにも接続しない）,中,④インテント,,20,,,LOW,比較検討・料金・申込,KWP_UrlSeed
21594,セミナー 徳島,EXCLUDE,除外,,,,対象外,不明,,領域語なし（子ども・学習・特性・支援のいずれにも接続しない）,中,④インテント,,30,,,LOW,未分類,KWP_UrlSeed
21595,セミナー 愛知,EXCLUDE,除外,,,,対象外,不明,,領域語なし（子ども・学習・特性・支援のいずれにも接続しない）,中,④インテント,,50,139.0,275.0,LOW,未分類,KWP_UrlSeed
21596,セミナー 教育,EXCLUDE,除外,,,,対象外,不明,,領域語なし（子ども・学習・特性・支援のいずれにも接続しない）,中,④インテント,,260,202.0,870.0,LOW,未分類,KWP_UrlSeed
21597,セミナー 滋賀,EXCLUDE,除外,,,,対象外,不明,,領域語なし（子ども・学習・特性・支援のいずれにも接続しない）,中,④インテント,,30,,,LOW,未分類,KWP_UrlSeed
21599,セミナー 神奈川,EXCLUDE,除外,,,,対象外,不明,,領域語なし（子ども・学習・特性・支援のいずれにも接続しない）,中,④インテント,,30,,,LOW,地域・近くで探す,KWP_UrlSeed
21600,セミナー 群馬,EXCLUDE,除外,,,,対象外,不明,,領域語なし（子ども・学習・特性・支援のいずれにも接続しない）,中,④インテント,,40,,,LOW,未分類,KWP_UrlSeed
21601,千葉 セミナー,EXCLUDE,除外,,,,対象外,不明,,領域語なし（子ども・学習・特性・支援のいずれにも接続しない）,中,④インテント,,40,,,LOW,地域・近くで探す,KWP_UrlSeed
21602,大分 セミナー,EXCLUDE,除外,,,,対象外,不明,,領域語なし（子ども・学習・特性・支援のいずれにも接続しない）,中,④インテント,,40,,,LOW,未分類,KWP_UrlSeed
21603,大阪 シンポジウム,EXCLUDE,除外,,,,対象外,不明,,領域語なし（子ども・学習・特性・支援のいずれにも接続しない）,中,④インテント,,30,,,LOW,地域・近くで探す,KWP_UrlSeed
21604,奈良 セミナー,EXCLUDE,除外,,,,対象外,不明,,領域語なし（子ども・学習・特性・支援のいずれにも接続しない）,中,④インテント,,40,,,LOW,未分類,KWP_UrlSeed
21605,宮城 セミナー,EXCLUDE,除外,,,,対象外,不明,,領域語なし（子ども・学習・特性・支援のいずれにも接続しない）,中,④インテント,,40,,,LOW,未分類,KWP_UrlSeed
21606,富山 セミナー,EXCLUDE,除外,,,,対象外,不明,,領域語なし（子ども・学習・特性・支援のいずれにも接続しない）,中,④インテント,,50,,,LOW,未分類,KWP_UrlSeed
21607,山梨 セミナー,EXCLUDE,除外,,,,対象外,不明,,領域語なし（子ども・学習・特性・支援のいずれにも接続しない）,中,④インテント,,40,,,LOW,未分類,KWP_UrlSeed
21608,岩手 セミナー,EXCLUDE,除外,,,,対象外,不明,,領域語なし（子ども・学習・特性・支援のいずれにも接続しない）,中,④インテント,,20,,,LOW,未分類,KWP_UrlSeed
21609,愛媛 セミナー,EXCLUDE,除外,,,,対象外,不明,,領域語なし（子ども・学習・特性・支援のいずれにも接続しない）,中,④インテント,,20,,,LOW,未分類,KWP_UrlSeed
21610,新潟 セミナー,EXCLUDE,除外,,,,対象外,不明,,領域語なし（子ども・学習・特性・支援のいずれにも接続しない）,中,④インテント,,70,,,LOW,未分類,KWP_UrlSeed
21612,滋賀 セミナー,EXCLUDE,除外,,,,対象外,不明,,領域語なし（子ども・学習・特性・支援のいずれにも接続しない）,中,④インテント,,30,,,LOW,未分類,KWP_UrlSeed
21613,石川 セミナー,EXCLUDE,除外,,,,対象外,不明,,領域語なし（子ども・学習・特性・支援のいずれにも接続しない）,中,④インテント,,10,,,LOW,未分類,KWP_UrlSeed
21614,秋田 セミナー,EXCLUDE,除外,,,,対象外,不明,,領域語なし（子ども・学習・特性・支援のいずれにも接続しない）,中,④インテント,,30,,,LOW,未分類,KWP_UrlSeed
21615,篆刻 作品 展,EXCLUDE,除外,,,,対象外,不明,,領域語なし（子ども・学習・特性・支援のいずれにも接続しない）,中,④インテント,,40,,,LOW,未分類,KWP_UrlSeed
21616,群馬 セミナー,EXCLUDE,除外,,,,対象外,不明,,領域語なし（子ども・学習・特性・支援のいずれにも接続しない）,中,④インテント,,40,,,LOW,未分類,KWP_UrlSeed
21617,茨城 セミナー,EXCLUDE,除外,,,,対象外,不明,,領域語なし（子ども・学習・特性・支援のいずれにも接続しない）,中,④インテント,,20,,,LOW,未分類,KWP_UrlSeed
21618,講座 大阪,EXCLUDE,除外,,,,対象外,不明,,領域語なし（子ども・学習・特性・支援のいずれにも接続しない）,中,④インテント,,70,,,LOW,地域・近くで探す,KWP_UrlSeed
21619,農業 デメリット,EXCLUDE,除外,,,,対象外,不明,,領域語なし（子ども・学習・特性・支援のいずれにも接続しない）,中,④インテント,,70,,,LOW,比較検討・料金・申込,KWP_UrlSeed
21620,青森 セミナー,EXCLUDE,除外,,,,対象外,不明,,領域語なし（子ども・学習・特性・支援のいずれにも接続しない）,中,④インテント,,30,,,LOW,未分類,KWP_UrlSeed
21621,高知 セミナー,EXCLUDE,除外,,,,対象外,不明,,領域語なし（子ども・学習・特性・支援のいずれにも接続しない）,中,④インテント,,40,,,LOW,未分類,KWP_UrlSeed
21622,鳥取 セミナー,EXCLUDE,除外,,,,対象外,不明,,領域語なし（子ども・学習・特性・支援のいずれにも接続しない）,中,④インテント,,20,,,LOW,未分類,KWP_UrlSeed
21623,鹿児島 セミナー,EXCLUDE,除外,,,,対象外,不明,,領域語なし（子ども・学習・特性・支援のいずれにも接続しない）,中,④インテント,,70,,,LOW,未分類,KWP_UrlSeed
21735,小論文 オンライン,EXCLUDE,除外,,,,対象外,不明,,領域語なし（子ども・学習・特性・支援のいずれにも接続しない）,中,④インテント,,30,169.0,809.0,MEDIUM,サービス探し（家庭教師・塾・支援）,KWP_UrlSeed
21792,ai 事例,EXCLUDE,除外,,,,対象外,不明,,領域語なし（子ども・学習・特性・支援のいずれにも接続しない）,中,④インテント,,260,284.0,713.0,MEDIUM,教材・通信教育,KWP_UrlSeed
21793,ai 会社,EXCLUDE,除外,,,,対象外,不明,,領域語なし（子ども・学習・特性・支援のいずれにも接続しない）,中,④インテント,,1600,227.0,849.0,MEDIUM,教材・通信教育,KWP_UrlSeed
21795,ai セミナー,EXCLUDE,除外,,,,対象外,不明,,領域語なし（子ども・学習・特性・支援のいずれにも接続しない）,中,④インテント,,3600,247.0,744.0,HIGH,教材・通信教育,KWP_UrlSeed
21796,サービス ai,EXCLUDE,除外,,,,対象外,不明,,領域語なし（子ども・学習・特性・支援のいずれにも接続しない）,中,④インテント,,2900,257.0,940.0,MEDIUM,教材・通信教育,KWP_UrlSeed
21797,ai 一覧,EXCLUDE,除外,,,,対象外,不明,,領域語なし（子ども・学習・特性・支援のいずれにも接続しない）,中,④インテント,,2400,209.0,628.0,LOW,教材・通信教育,KWP_UrlSeed
21798,ai 会社 導入,EXCLUDE,除外,,,,対象外,不明,,領域語なし（子ども・学習・特性・支援のいずれにも接続しない）,中,④インテント,,40,272.0,1764.0,HIGH,教材・通信教育,KWP_UrlSeed
21799,セミナー ai,EXCLUDE,除外,,,,対象外,不明,,領域語なし（子ども・学習・特性・支援のいずれにも接続しない）,中,④インテント,,3600,247.0,744.0,HIGH,教材・通信教育,KWP_UrlSeed
21800,ai to ai,EXCLUDE,除外,,,,対象外,不明,,領域語なし（子ども・学習・特性・支援のいずれにも接続しない）,中,④インテント,,40,,,LOW,未分類,KWP_UrlSeed
21802,ai 将来,EXCLUDE,除外,,,,対象外,不明,,領域語なし（子ども・学習・特性・支援のいずれにも接続しない）,中,④インテント,,210,,,LOW,保護者の関わり・悩み | 教材・通信教育,KWP_UrlSeed
21803,ai 福祉,EXCLUDE,除外,,,,対象外,不明,,領域語なし（子ども・学習・特性・支援のいずれにも接続しない）,中,④インテント,,90,271.0,920.0,LOW,教材・通信教育,KWP_UrlSeed
21804,会社 ai 導入,EXCLUDE,除外,,,,対象外,不明,,領域語なし（子ども・学習・特性・支援のいずれにも接続しない）,中,④インテント,,50,196.0,963.0,HIGH,教材・通信教育,KWP_UrlSeed
21805,ai 特徴,EXCLUDE,除外,,,,対象外,不明,,領域語なし（子ども・学習・特性・支援のいずれにも接続しない）,中,④インテント,,480,12.0,294.0,LOW,教材・通信教育 | 特性そのものを調べる（とは・特徴・チェック）,KWP_UrlSeed
21806,プログラム ai,EXCLUDE,除外,,,,対象外,不明,,領域語なし（子ども・学習・特性・支援のいずれにも接続しない）,中,④インテント,,590,207.0,811.0,MEDIUM,教材・通信教育,KWP_UrlSeed
21807,ai 資料,EXCLUDE,除外,,,,対象外,不明,,領域語なし（子ども・学習・特性・支援のいずれにも接続しない）,中,④インテント,,320,229.0,1122.0,MEDIUM,教材・通信教育,KWP_UrlSeed
21809,ai 向上,EXCLUDE,除外,,,,対象外,不明,,領域語なし（子ども・学習・特性・支援のいずれにも接続しない）,中,④インテント,,10,,,LOW,教材・通信教育,KWP_UrlSeed
21810,ai 運動,EXCLUDE,除外,,,,対象外,不明,,領域語なし（子ども・学習・特性・支援のいずれにも接続しない）,中,④インテント,,20,,,LOW,教材・通信教育,KWP_UrlSeed
21812,ai メニュー,EXCLUDE,除外,,,,対象外,不明,,領域語なし（子ども・学習・特性・支援のいずれにも接続しない）,中,④インテント,,390,,,LOW,教材・通信教育,KWP_UrlSeed
21814,ai メモリ,EXCLUDE,除外,,,,対象外,不明,,領域語なし（子ども・学習・特性・支援のいずれにも接続しない）,中,④インテント,,390,,,LOW,教材・通信教育,KWP_UrlSeed
21815,ラーニング ai,EXCLUDE,除外,,,,対象外,不明,,領域語なし（子ども・学習・特性・支援のいずれにも接続しない）,中,④インテント,,20,,,LOW,教材・通信教育,KWP_UrlSeed
21816,ai 流れ,EXCLUDE,除外,,,,対象外,不明,,領域語なし（子ども・学習・特性・支援のいずれにも接続しない）,中,④インテント,,10,,,LOW,教材・通信教育,KWP_UrlSeed
21817,ai コラム,EXCLUDE,除外,,,,対象外,不明,,領域語なし（子ども・学習・特性・支援のいずれにも接続しない）,中,④インテント,,70,111.0,385.0,LOW,教材・通信教育,KWP_UrlSeed
21818,ai 体系,EXCLUDE,除外,,,,対象外,不明,,領域語なし（子ども・学習・特性・支援のいずれにも接続しない）,中,④インテント,,20,,,LOW,教材・通信教育,KWP_UrlSeed
21819,ai 型,EXCLUDE,除外,,,,対象外,不明,,領域語なし（子ども・学習・特性・支援のいずれにも接続しない）,中,④インテント,,20,,,LOW,教材・通信教育,KWP_UrlSeed
21820,ai 紹介,EXCLUDE,除外,,,,対象外,不明,,領域語なし（子ども・学習・特性・支援のいずれにも接続しない）,中,④インテント,,40,,,LOW,教材・通信教育,KWP_UrlSeed
21821,環境 ai,EXCLUDE,除外,,,,対象外,不明,,領域語なし（子ども・学習・特性・支援のいずれにも接続しない）,中,④インテント,,20,,,LOW,教材・通信教育,KWP_UrlSeed
21870,東京 書籍 プリント,EXCLUDE,除外,,,,対象外,不明,,領域語なし（子ども・学習・特性・支援のいずれにも接続しない）,中,④インテント,,110,,,LOW,教材・通信教育 | 地域・近くで探す,KWP_UrlSeed
21936,日本 课本,EXCLUDE,除外,,,,対象外,不明,,領域語なし（子ども・学習・特性・支援のいずれにも接続しない）,中,④インテント,,30,,,LOW,未分類,KWP_UrlSeed
22055,ワーク 無料,EXCLUDE,除外,,,,対象外,不明,,領域語なし（子ども・学習・特性・支援のいずれにも接続しない）,中,④インテント,,30,,,LOW,比較検討・料金・申込,KWP_UrlSeed
22110,https surala jp home trial,EXCLUDE,除外,,,,対象外,不明,,領域語なし（子ども・学習・特性・支援のいずれにも接続しない）,中,④インテント,,20,403.0,1299.0,LOW,未分類,KWP_UrlSeed
22249,教育 youtube,EXCLUDE,除外,,,,対象外,不明,,領域語なし（子ども・学習・特性・支援のいずれにも接続しない）,中,④インテント,,70,,,LOW,保護者の関わり・悩み,KWP_UrlSeed
22278,早稲田 付属,EXCLUDE,除外,,,,対象外,不明,,領域語なし（子ども・学習・特性・支援のいずれにも接続しない）,中,④インテント,,140,,,LOW,未分類,KWP_UrlSeed
22285,course 大学,EXCLUDE,除外,,,,対象外,不明,,領域語なし（子ども・学習・特性・支援のいずれにも接続しない）,中,④インテント,,10,,,LOW,受験・進路,KWP_UrlSeed
22289,大学 教官,EXCLUDE,除外,,,,対象外,不明,,領域語なし（子ども・学習・特性・支援のいずれにも接続しない）,中,④インテント,,20,,,LOW,受験・進路,KWP_UrlSeed
22296,大学 上智,EXCLUDE,除外,,,,対象外,不明,,領域語なし（子ども・学習・特性・支援のいずれにも接続しない）,中,④インテント,,30,,,LOW,受験・進路,KWP_UrlSeed
22300,大学 法政,EXCLUDE,除外,,,,対象外,不明,,領域語なし（子ども・学習・特性・支援のいずれにも接続しない）,中,④インテント,,20,,,LOW,受験・進路,KWP_UrlSeed
22301,大学 立教,EXCLUDE,除外,,,,対象外,不明,,領域語なし（子ども・学習・特性・支援のいずれにも接続しない）,中,④インテント,,30,,,LOW,受験・進路,KWP_UrlSeed
22304,大学 都内,EXCLUDE,除外,,,,対象外,不明,,領域語なし（子ども・学習・特性・支援のいずれにも接続しない）,中,④インテント,,90,52.0,360.0,LOW,受験・進路,KWP_UrlSeed
22314,大学 受付,EXCLUDE,除外,,,,対象外,不明,,領域語なし（子ども・学習・特性・支援のいずれにも接続しない）,中,④インテント,,50,34.0,395.0,LOW,受験・進路,KWP_UrlSeed
22319,大学 慶應,EXCLUDE,除外,,,,対象外,不明,,領域語なし（子ども・学習・特性・支援のいずれにも接続しない）,中,④インテント,,40,,,LOW,受験・進路,KWP_UrlSeed
22327,時間割 時間,EXCLUDE,除外,,,,対象外,不明,,領域語なし（子ども・学習・特性・支援のいずれにも接続しない）,中,④インテント,,50,,,LOW,一般の学校・学習情報（特性語なし）,KWP_UrlSeed
22372,質問 電話,EXCLUDE,除外,,,,対象外,不明,,領域語なし（子ども・学習・特性・支援のいずれにも接続しない）,中,④インテント,,70,,,LOW,未分類,KWP_UrlSeed
22373,電話 質問,EXCLUDE,除外,,,,対象外,不明,,領域語なし（子ども・学習・特性・支援のいずれにも接続しない）,中,④インテント,,210,,,LOW,未分類,KWP_UrlSeed
22374,電話 web,EXCLUDE,除外,,,,対象外,不明,,領域語なし（子ども・学習・特性・支援のいずれにも接続しない）,中,④インテント,,260,139.0,632.0,LOW,未分類,KWP_UrlSeed
22380,質問 faq,EXCLUDE,除外,,,,対象外,不明,,領域語なし（子ども・学習・特性・支援のいずれにも接続しない）,中,④インテント,,10,,,LOW,未分類,KWP_UrlSeed
22385,非 通知,EXCLUDE,除外,,,,対象外,不明,,領域語なし（子ども・学習・特性・支援のいずれにも接続しない）,中,④インテント,,60500,12.0,101.0,LOW,未分類,KWP_UrlSeed
22386,10 電話,EXCLUDE,除外,,,,対象外,不明,,領域語なし（子ども・学習・特性・支援のいずれにも接続しない）,中,④インテント,,90,,,LOW,未分類,KWP_UrlSeed
22387,かたも,EXCLUDE,除外,,,,対象外,不明,,領域語なし（子ども・学習・特性・支援のいずれにも接続しない）,中,④インテント,,20,,,LOW,未分類,KWP_UrlSeed
22388,をせず,EXCLUDE,除外,,,,対象外,不明,,領域語なし（子ども・学習・特性・支援のいずれにも接続しない）,中,④インテント,,30,,,LOW,未分類,KWP_UrlSeed
22391,してね,EXCLUDE,除外,,,,対象外,不明,,領域語なし（子ども・学習・特性・支援のいずれにも接続しない）,中,④インテント,,1000,34.0,503.0,LOW,未分類,KWP_UrlSeed
22392,なねは,EXCLUDE,除外,,,,対象外,不明,,領域語なし（子ども・学習・特性・支援のいずれにも接続しない）,中,④インテント,,40,,,LOW,未分類,KWP_UrlSeed
22393,てね,EXCLUDE,除外,,,,対象外,不明,,領域語なし（子ども・学習・特性・支援のいずれにも接続しない）,中,④インテント,,720,,,LOW,未分類,KWP_UrlSeed
22394,こおは,EXCLUDE,除外,,,,対象外,不明,,領域語なし（子ども・学習・特性・支援のいずれにも接続しない）,中,④インテント,,20,,,LOW,未分類,KWP_UrlSeed
22396,かたを,EXCLUDE,除外,,,,対象外,不明,,領域語なし（子ども・学習・特性・支援のいずれにも接続しない）,中,④インテント,,40,,,LOW,未分類,KWP_UrlSeed
22397,ごも,EXCLUDE,除外,,,,対象外,不明,,領域語なし（子ども・学習・特性・支援のいずれにも接続しない）,中,④インテント,,170,,,LOW,未分類,KWP_UrlSeed
22398,してし,EXCLUDE,除外,,,,対象外,不明,,領域語なし（子ども・学習・特性・支援のいずれにも接続しない）,中,④インテント,,30,,,LOW,未分類,KWP_UrlSeed
22399,ごし,EXCLUDE,除外,,,,対象外,不明,,領域語なし（子ども・学習・特性・支援のいずれにも接続しない）,中,④インテント,,480,,,LOW,未分類,KWP_UrlSeed
22401,にもお,EXCLUDE,除外,,,,対象外,不明,,領域語なし（子ども・学習・特性・支援のいずれにも接続しない）,中,④インテント,,50,,,LOW,未分類,KWP_UrlSeed
22402,もて,EXCLUDE,除外,,,,対象外,不明,,領域語なし（子ども・学習・特性・支援のいずれにも接続しない）,中,④インテント,,390,,,LOW,未分類,KWP_UrlSeed
22403,性 関係,EXCLUDE,除外,,,,対象外,不明,,領域語なし（子ども・学習・特性・支援のいずれにも接続しない）,中,④インテント,,210,,,LOW,未分類,KWP_UrlSeed
22463,福岡 メンタル,EXCLUDE,除外,,,,対象外,不明,,領域語なし（子ども・学習・特性・支援のいずれにも接続しない）,中,④インテント,,20,224.0,844.0,MEDIUM,地域・近くで探す,KWP_UrlSeed
22474,福岡 精神,EXCLUDE,除外,,,,対象外,不明,,領域語なし（子ども・学習・特性・支援のいずれにも接続しない）,中,④インテント,,10,,,LOW,地域・近くで探す,KWP_UrlSeed
22487,福岡 クリニーク,EXCLUDE,除外,,,,対象外,不明,,領域語なし（子ども・学習・特性・支援のいずれにも接続しない）,中,④インテント,,20,,,LOW,地域・近くで探す,KWP_UrlSeed
22488,薬 書類,EXCLUDE,除外,,,,対象外,不明,,領域語なし（子ども・学習・特性・支援のいずれにも接続しない）,中,④インテント,,10,,,LOW,特性理解・診断・医療,KWP_UrlSeed
22491,医療 質問,EXCLUDE,除外,,,,対象外,不明,,領域語なし（子ども・学習・特性・支援のいずれにも接続しない）,中,④インテント,,50,106.0,334.0,MEDIUM,未分類,KWP_UrlSeed
22492,病気 質問,EXCLUDE,除外,,,,対象外,不明,,領域語なし（子ども・学習・特性・支援のいずれにも接続しない）,中,④インテント,,30,44.0,432.0,MEDIUM,未分類,KWP_UrlSeed
22495,医療 予約,EXCLUDE,除外,,,,対象外,不明,,領域語なし（子ども・学習・特性・支援のいずれにも接続しない）,中,④インテント,,10,,,LOW,未分類,KWP_UrlSeed
22593,スペクトラム と は 精神,EXCLUDE,除外,,,,対象外,不明,,領域語なし（子ども・学習・特性・支援のいずれにも接続しない）,中,④インテント,,10,,,LOW,特性そのものを調べる（とは・特徴・チェック）,KWP_UrlSeed
22595,スペクトラム 薬,EXCLUDE,除外,,,,対象外,不明,,領域語なし（子ども・学習・特性・支援のいずれにも接続しない）,中,④インテント,,10,,,LOW,特性理解・診断・医療,KWP_UrlSeed
22800,家庭 時間割,EXCLUDE,除外,,,,対象外,不明,,領域語なし（子ども・学習・特性・支援のいずれにも接続しない）,中,④インテント,,10,,,LOW,一般の学校・学習情報（特性語なし）,KWP_UrlSeed
22827,家庭 食事,EXCLUDE,除外,,,,対象外,不明,,領域語なし（子ども・学習・特性・支援のいずれにも接続しない）,中,④インテント,,20,,,MEDIUM,未分類,KWP_UrlSeed
22854,自立 福祉,EXCLUDE,除外,,,,対象外,不明,,領域語なし（子ども・学習・特性・支援のいずれにも接続しない）,中,④インテント,,10,,,LOW,保護者の関わり・悩み,KWP_UrlSeed
22860,行政 福祉,EXCLUDE,除外,,,,対象外,不明,,領域語なし（子ども・学習・特性・支援のいずれにも接続しない）,中,④インテント,,170,,,LOW,未分類,KWP_UrlSeed
22861,インクルーシブ 福祉,EXCLUDE,除外,,,,対象外,不明,,領域語なし（子ども・学習・特性・支援のいずれにも接続しない）,中,④インテント,,20,,,LOW,学校生活・不登校・学校種別,KWP_UrlSeed
22862,セミナー 福祉,EXCLUDE,除外,,,,対象外,不明,,領域語なし（子ども・学習・特性・支援のいずれにも接続しない）,中,④インテント,,70,,,LOW,未分類,KWP_UrlSeed
22863,差別 法律,EXCLUDE,除外,,,,対象外,不明,,領域語なし（子ども・学習・特性・支援のいずれにも接続しない）,中,④インテント,,170,,,LOW,未分類,KWP_UrlSeed
22864,手話 システム,EXCLUDE,除外,,,,対象外,不明,,領域語なし（子ども・学習・特性・支援のいずれにも接続しない）,中,④インテント,,70,,,LOW,未分類,KWP_UrlSeed
22865,手話 世界,EXCLUDE,除外,,,,対象外,不明,,領域語なし（子ども・学習・特性・支援のいずれにも接続しない）,中,④インテント,,720,,,LOW,未分類,KWP_UrlSeed
22866,手話 情報,EXCLUDE,除外,,,,対象外,不明,,領域語なし（子ども・学習・特性・支援のいずれにも接続しない）,中,④インテント,,90,,,LOW,未分類,KWP_UrlSeed
22867,手話 法律,EXCLUDE,除外,,,,対象外,不明,,領域語なし（子ども・学習・特性・支援のいずれにも接続しない）,中,④インテント,,170,,,LOW,未分類,KWP_UrlSeed
22873,防災 固定,EXCLUDE,除外,,,,対象外,不明,,領域語なし（子ども・学習・特性・支援のいずれにも接続しない）,中,④インテント,,10,,,HIGH,未分類,KWP_UrlSeed
22875,cbr リハビリ,EXCLUDE,除外,,,,対象外,不明,,領域語なし（子ども・学習・特性・支援のいずれにも接続しない）,中,④インテント,,20,,,LOW,未分類,KWP_UrlSeed
22876,インクルーシブ 日本,EXCLUDE,除外,,,,対象外,不明,,領域語なし（子ども・学習・特性・支援のいずれにも接続しない）,中,④インテント,,10,,,LOW,学校生活・不登校・学校種別,KWP_UrlSeed
22877,インクルーシブ 意味,EXCLUDE,除外,,,,対象外,不明,,領域語なし（子ども・学習・特性・支援のいずれにも接続しない）,中,④インテント,,1600,7.0,315.0,LOW,学校生活・不登校・学校種別 | 特性そのものを調べる（とは・特徴・チェック）,KWP_UrlSeed
22878,インクルーシブ 取り組み,EXCLUDE,除外,,,,対象外,不明,,領域語なし（子ども・学習・特性・支援のいずれにも接続しない）,中,④インテント,,10,,,LOW,学校生活・不登校・学校種別,KWP_UrlSeed
22883,てしてし,EXCLUDE,除外,,,,対象外,不明,,領域語なし（子ども・学習・特性・支援のいずれにも接続しない）,中,④インテント,,70,,,LOW,未分類,KWP_UrlSeed
22884,しな,EXCLUDE,除外,,,,対象外,不明,,領域語なし（子ども・学習・特性・支援のいずれにも接続しない）,中,④インテント,,4400,,,LOW,未分類,KWP_UrlSeed
22885,しての,EXCLUDE,除外,,,,対象外,不明,,領域語なし（子ども・学習・特性・支援のいずれにも接続しない）,中,④インテント,,170,,,LOW,未分類,KWP_UrlSeed
22886,なて,EXCLUDE,除外,,,,対象外,不明,,領域語なし（子ども・学習・特性・支援のいずれにも接続しない）,中,④インテント,,260,,,LOW,未分類,KWP_UrlSeed
22887,てな,EXCLUDE,除外,,,,対象外,不明,,領域語なし（子ども・学習・特性・支援のいずれにも接続しない）,中,④インテント,,1600,,,LOW,未分類,KWP_UrlSeed
22888,がして,EXCLUDE,除外,,,,対象外,不明,,領域語なし（子ども・学習・特性・支援のいずれにも接続しない）,中,④インテント,,70,,,LOW,未分類,KWP_UrlSeed
22889,しや,EXCLUDE,除外,,,,対象外,不明,,領域語なし（子ども・学習・特性・支援のいずれにも接続しない）,中,④インテント,,2400,,,LOW,未分類,KWP_UrlSeed
22890,しをして,EXCLUDE,除外,,,,対象外,不明,,領域語なし（子ども・学習・特性・支援のいずれにも接続しない）,中,④インテント,,10,,,LOW,未分類,KWP_UrlSeed
22891,てたの,EXCLUDE,除外,,,,対象外,不明,,領域語なし（子ども・学習・特性・支援のいずれにも接続しない）,中,④インテント,,20,,,LOW,未分類,KWP_UrlSeed
22892,やし,EXCLUDE,除外,,,,対象外,不明,,領域語なし（子ども・学習・特性・支援のいずれにも接続しない）,中,④インテント,,3600,,,LOW,未分類,KWP_UrlSeed
22893,やて,EXCLUDE,除外,,,,対象外,不明,,領域語なし（子ども・学習・特性・支援のいずれにも接続しない）,中,④インテント,,210,,,LOW,未分類,KWP_UrlSeed
22894,基盤 知識,EXCLUDE,除外,,,,対象外,不明,,領域語なし（子ども・学習・特性・支援のいずれにも接続しない）,中,④インテント,,10,,,LOW,未分類,KWP_UrlSeed
22905,踊り 振り付け,EXCLUDE,除外,,,,対象外,不明,,領域語なし（子ども・学習・特性・支援のいずれにも接続しない）,中,④インテント,,50,,,LOW,未分類,KWP_UrlSeed
22958,学び舎 大学,EXCLUDE,除外,,,,対象外,不明,,領域語なし（子ども・学習・特性・支援のいずれにも接続しない）,中,④インテント,,30,,,LOW,受験・進路,KWP_UrlSeed
23000,大阪 福岡,EXCLUDE,除外,,,,対象外,不明,,領域語なし（子ども・学習・特性・支援のいずれにも接続しない）,中,④インテント,,14800,6.0,66.0,LOW,地域・近くで探す,KWP_UrlSeed
23001,名古屋 大阪,EXCLUDE,除外,,,,対象外,不明,,領域語なし（子ども・学習・特性・支援のいずれにも接続しない）,中,④インテント,,18100,10.0,31.0,LOW,地域・近くで探す,KWP_UrlSeed
23002,名古屋 福岡,EXCLUDE,除外,,,,対象外,不明,,領域語なし（子ども・学習・特性・支援のいずれにも接続しない）,中,④インテント,,9900,13.0,68.0,MEDIUM,地域・近くで探す,KWP_UrlSeed
23003,大阪 名古屋,EXCLUDE,除外,,,,対象外,不明,,領域語なし（子ども・学習・特性・支援のいずれにも接続しない）,中,④インテント,,18100,8.0,31.0,LOW,地域・近くで探す,KWP_UrlSeed
23004,大阪 横浜,EXCLUDE,除外,,,,対象外,不明,,領域語なし（子ども・学習・特性・支援のいずれにも接続しない）,中,④インテント,,2900,8.0,65.0,LOW,地域・近くで探す,KWP_UrlSeed
23005,横浜 大阪,EXCLUDE,除外,,,,対象外,不明,,領域語なし（子ども・学習・特性・支援のいずれにも接続しない）,中,④インテント,,2900,9.0,46.0,LOW,地域・近くで探す,KWP_UrlSeed
23007,名古屋 予約,EXCLUDE,除外,,,,対象外,不明,,領域語なし（子ども・学習・特性・支援のいずれにも接続しない）,中,④インテント,,70,53.0,391.0,MEDIUM,地域・近くで探す,KWP_UrlSeed
23008,名古屋 横浜,EXCLUDE,除外,,,,対象外,不明,,領域語なし（子ども・学習・特性・支援のいずれにも接続しない）,中,④インテント,,3600,10.0,55.0,LOW,地域・近くで探す,KWP_UrlSeed
23009,大宮 大阪,EXCLUDE,除外,,,,対象外,不明,,領域語なし（子ども・学習・特性・支援のいずれにも接続しない）,中,④インテント,,1600,7.0,47.0,LOW,地域・近くで探す,KWP_UrlSeed
23011,大阪 淀屋橋,EXCLUDE,除外,,,,対象外,不明,,領域語なし（子ども・学習・特性・支援のいずれにも接続しない）,中,④インテント,,1300,99.0,495.0,LOW,地域・近くで探す,KWP_UrlSeed
23014,大宮 名古屋,EXCLUDE,除外,,,,対象外,不明,,領域語なし（子ども・学習・特性・支援のいずれにも接続しない）,中,④インテント,,1300,7.0,48.0,LOW,地域・近くで探す,KWP_UrlSeed
23016,予約 名古屋,EXCLUDE,除外,,,,対象外,不明,,領域語なし（子ども・学習・特性・支援のいずれにも接続しない）,中,④インテント,,10,,,LOW,地域・近くで探す,KWP_UrlSeed
23017,淀屋橋 大阪,EXCLUDE,除外,,,,対象外,不明,,領域語なし（子ども・学習・特性・支援のいずれにも接続しない）,中,④インテント,,320,,,LOW,地域・近くで探す,KWP_UrlSeed
23018,横浜 名古屋,EXCLUDE,除外,,,,対象外,不明,,領域語なし（子ども・学習・特性・支援のいずれにも接続しない）,中,④インテント,,2900,8.0,38.0,LOW,地域・近くで探す,KWP_UrlSeed
23019,大宮 日本,EXCLUDE,除外,,,,対象外,不明,,領域語なし（子ども・学習・特性・支援のいずれにも接続しない）,中,④インテント,,50,,,LOW,未分類,KWP_UrlSeed
23021,大阪 大宮,EXCLUDE,除外,,,,対象外,不明,,領域語なし（子ども・学習・特性・支援のいずれにも接続しない）,中,④インテント,,1600,7.0,47.0,LOW,地域・近くで探す,KWP_UrlSeed
23022,名古屋 大阪 移動,EXCLUDE,除外,,,,対象外,不明,,領域語なし（子ども・学習・特性・支援のいずれにも接続しない）,中,④インテント,,260,5.0,24.0,LOW,地域・近くで探す,KWP_UrlSeed
23027,大阪 福岡 移動,EXCLUDE,除外,,,,対象外,不明,,領域語なし（子ども・学習・特性・支援のいずれにも接続しない）,中,④インテント,,170,5.0,81.0,LOW,地域・近くで探す,KWP_UrlSeed
23028,大宮 福岡,EXCLUDE,除外,,,,対象外,不明,,領域語なし（子ども・学習・特性・支援のいずれにも接続しない）,中,④インテント,,390,18.0,81.0,LOW,地域・近くで探す,KWP_UrlSeed
23029,福岡 大宮,EXCLUDE,除外,,,,対象外,不明,,領域語なし（子ども・学習・特性・支援のいずれにも接続しない）,中,④インテント,,390,18.0,81.0,LOW,地域・近くで探す,KWP_UrlSeed
23034,名古屋 大宮,EXCLUDE,除外,,,,対象外,不明,,領域語なし（子ども・学習・特性・支援のいずれにも接続しない）,中,④インテント,,1300,7.0,48.0,LOW,地域・近くで探す,KWP_UrlSeed
23036,大阪 名古屋 移動,EXCLUDE,除外,,,,対象外,不明,,領域語なし（子ども・学習・特性・支援のいずれにも接続しない）,中,④インテント,,260,5.0,24.0,LOW,地域・近くで探す,KWP_UrlSeed
23037,カード 予約,EXCLUDE,除外,,,,対象外,不明,,領域語なし（子ども・学習・特性・支援のいずれにも接続しない）,中,④インテント,,110,80.0,470.0,LOW,未分類,KWP_UrlSeed
23041,福岡 名古屋,EXCLUDE,除外,,,,対象外,不明,,領域語なし（子ども・学習・特性・支援のいずれにも接続しない）,中,④インテント,,6600,10.0,65.0,MEDIUM,地域・近くで探す,KWP_UrlSeed
23042,福岡 大阪,EXCLUDE,除外,,,,対象外,不明,,領域語なし（子ども・学習・特性・支援のいずれにも接続しない）,中,④インテント,,14800,7.0,67.0,LOW,地域・近くで探す,KWP_UrlSeed
23043,新宿 大阪,EXCLUDE,除外,,,,対象外,不明,,領域語なし（子ども・学習・特性・支援のいずれにも接続しない）,中,④インテント,,880,9.0,38.0,MEDIUM,地域・近くで探す,KWP_UrlSeed
23044,新宿 名古屋,EXCLUDE,除外,,,,対象外,不明,,領域語なし（子ども・学習・特性・支援のいずれにも接続しない）,中,④インテント,,2400,11.0,42.0,MEDIUM,地域・近くで探す,KWP_UrlSeed
23045,横浜 福岡,EXCLUDE,除外,,,,対象外,不明,,領域語なし（子ども・学習・特性・支援のいずれにも接続しない）,中,④インテント,,1900,28.0,102.0,LOW,地域・近くで探す,KWP_UrlSeed
23046,福岡 横浜,EXCLUDE,除外,,,,対象外,不明,,領域語なし（子ども・学習・特性・支援のいずれにも接続しない）,中,④インテント,,1900,28.0,102.0,LOW,地域・近くで探す,KWP_UrlSeed
23047,新宿 東京,EXCLUDE,除外,,,,対象外,不明,,領域語なし（子ども・学習・特性・支援のいずれにも接続しない）,中,④インテント,,2900,,,LOW,地域・近くで探す,KWP_UrlSeed
23048,名古屋 新宿,EXCLUDE,除外,,,,対象外,不明,,領域語なし（子ども・学習・特性・支援のいずれにも接続しない）,中,④インテント,,2400,11.0,42.0,MEDIUM,地域・近くで探す,KWP_UrlSeed
23049,日本橋 場所,EXCLUDE,除外,,,,対象外,不明,,領域語なし（子ども・学習・特性・支援のいずれにも接続しない）,中,④インテント,,170,,,LOW,未分類,KWP_UrlSeed
23050,大阪 新宿,EXCLUDE,除外,,,,対象外,不明,,領域語なし（子ども・学習・特性・支援のいずれにも接続しない）,中,④インテント,,480,10.0,39.0,MEDIUM,地域・近くで探す,KWP_UrlSeed
23054,大阪 運賃,EXCLUDE,除外,,,,対象外,不明,,領域語なし（子ども・学習・特性・支援のいずれにも接続しない）,中,④インテント,,30,,,LOW,地域・近くで探す,KWP_UrlSeed
23055,横浜 大阪 移動,EXCLUDE,除外,,,,対象外,不明,,領域語なし（子ども・学習・特性・支援のいずれにも接続しない）,中,④インテント,,10,9.0,31.0,MEDIUM,地域・近くで探す,KWP_UrlSeed
23056,大阪 移動,EXCLUDE,除外,,,,対象外,不明,,領域語なし（子ども・学習・特性・支援のいずれにも接続しない）,中,④インテント,,40,10.0,125.0,LOW,地域・近くで探す,KWP_UrlSeed
23058,名古屋 横浜 移動,EXCLUDE,除外,,,,対象外,不明,,領域語なし（子ども・学習・特性・支援のいずれにも接続しない）,中,④インテント,,10,,,LOW,地域・近くで探す,KWP_UrlSeed
23059,名古屋 移動,EXCLUDE,除外,,,,対象外,不明,,領域語なし（子ども・学習・特性・支援のいずれにも接続しない）,中,④インテント,,30,4.0,59.0,LOW,地域・近くで探す,KWP_UrlSeed
23060,大阪 東京 予約,EXCLUDE,除外,,,,対象外,不明,,領域語なし（子ども・学習・特性・支援のいずれにも接続しない）,中,④インテント,,10,,,LOW,地域・近くで探す,KWP_UrlSeed
23063,東京 横浜,EXCLUDE,除外,,,,対象外,不明,,領域語なし（子ども・学習・特性・支援のいずれにも接続しない）,中,④インテント,,3600,,,LOW,地域・近くで探す,KWP_UrlSeed
23064,横浜 名古屋 移動,EXCLUDE,除外,,,,対象外,不明,,領域語なし（子ども・学習・特性・支援のいずれにも接続しない）,中,④インテント,,10,,,LOW,地域・近くで探す,KWP_UrlSeed
23065,福岡 大阪 移動,EXCLUDE,除外,,,,対象外,不明,,領域語なし（子ども・学習・特性・支援のいずれにも接続しない）,中,④インテント,,170,5.0,81.0,LOW,地域・近くで探す,KWP_UrlSeed
23066,福岡 移動,EXCLUDE,除外,,,,対象外,不明,,領域語なし（子ども・学習・特性・支援のいずれにも接続しない）,中,④インテント,,30,16.0,162.0,LOW,地域・近くで探す,KWP_UrlSeed
23068,大阪 東京,EXCLUDE,除外,,,,対象外,不明,,領域語なし（子ども・学習・特性・支援のいずれにも接続しない）,中,④インテント,,8100,7.0,49.0,LOW,地域・近くで探す,KWP_UrlSeed
23069,東京 新宿,EXCLUDE,除外,,,,対象外,不明,,領域語なし（子ども・学習・特性・支援のいずれにも接続しない）,中,④インテント,,8100,62.0,359.0,LOW,地域・近くで探す,KWP_UrlSeed
23070,東京 予約,EXCLUDE,除外,,,,対象外,不明,,領域語なし（子ども・学習・特性・支援のいずれにも接続しない）,中,④インテント,,90,81.0,288.0,LOW,地域・近くで探す,KWP_UrlSeed
23073,大阪 横浜 移動,EXCLUDE,除外,,,,対象外,不明,,領域語なし（子ども・学習・特性・支援のいずれにも接続しない）,中,④インテント,,10,4.0,30.0,MEDIUM,地域・近くで探す,KWP_UrlSeed
23075,さいたま 名古屋,EXCLUDE,除外,,,,対象外,不明,,領域語なし（子ども・学習・特性・支援のいずれにも接続しない）,中,④インテント,,720,8.0,46.0,LOW,地域・近くで探す,KWP_UrlSeed
23076,カード 福岡,EXCLUDE,除外,,,,対象外,不明,,領域語なし（子ども・学習・特性・支援のいずれにも接続しない）,中,④インテント,,10,,,LOW,地域・近くで探す,KWP_UrlSeed
23077,名古屋 ルート,EXCLUDE,除外,,,,対象外,不明,,領域語なし（子ども・学習・特性・支援のいずれにも接続しない）,中,④インテント,,40,,,LOW,地域・近くで探す,KWP_UrlSeed
23078,名古屋 京都 夜行,EXCLUDE,除外,,,,対象外,不明,,領域語なし（子ども・学習・特性・支援のいずれにも接続しない）,中,④インテント,,10,4.0,12.0,MEDIUM,地域・近くで探す,KWP_UrlSeed
23079,名古屋 東京 予約,EXCLUDE,除外,,,,対象外,不明,,領域語なし（子ども・学習・特性・支援のいずれにも接続しない）,中,④インテント,,10,,,MEDIUM,地域・近くで探す,KWP_UrlSeed
23080,名古屋 福岡 移動,EXCLUDE,除外,,,,対象外,不明,,領域語なし（子ども・学習・特性・支援のいずれにも接続しない）,中,④インテント,,40,6.0,107.0,LOW,地域・近くで探す,KWP_UrlSeed
23082,大阪 東京 名古屋,EXCLUDE,除外,,,,対象外,不明,,領域語なし（子ども・学習・特性・支援のいずれにも接続しない）,中,④インテント,,590,,,LOW,地域・近くで探す,KWP_UrlSeed
23083,大阪 生き方,EXCLUDE,除外,,,,対象外,不明,,領域語なし（子ども・学習・特性・支援のいずれにも接続しない）,中,④インテント,,30,,,LOW,地域・近くで探す,KWP_UrlSeed
23084,大阪 福岡 時間,EXCLUDE,除外,,,,対象外,不明,,領域語なし（子ども・学習・特性・支援のいずれにも接続しない）,中,④インテント,,70,,,LOW,地域・近くで探す,KWP_UrlSeed
23085,東京 名古屋 予約,EXCLUDE,除外,,,,対象外,不明,,領域語なし（子ども・学習・特性・支援のいずれにも接続しない）,中,④インテント,,10,39.0,210.0,LOW,地域・近くで探す,KWP_UrlSeed
23089,横浜 東京,EXCLUDE,除外,,,,対象外,不明,,領域語なし（子ども・学習・特性・支援のいずれにも接続しない）,中,④インテント,,8100,,,LOW,地域・近くで探す,KWP_UrlSeed
23091,福岡 名古屋 移動,EXCLUDE,除外,,,,対象外,不明,,領域語なし（子ども・学習・特性・支援のいずれにも接続しない）,中,④インテント,,30,4.0,93.0,LOW,地域・近くで探す,KWP_UrlSeed
23093,npo edge,EXCLUDE,除外,,,,対象外,不明,,領域語なし（子ども・学習・特性・支援のいずれにも接続しない）,中,④インテント,,20,,,LOW,未分類,KWP_UrlSeed
23094,エッジ npo,EXCLUDE,除外,,,,対象外,不明,,領域語なし（子ども・学習・特性・支援のいずれにも接続しない）,中,④インテント,,10,,,LOW,未分類,KWP_UrlSeed
23095,edge npo,EXCLUDE,除外,,,,対象外,不明,,領域語なし（子ども・学習・特性・支援のいずれにも接続しない）,中,④インテント,,10,,,LOW,未分類,KWP_UrlSeed
23105,1 動画,EXCLUDE,除外,,,,対象外,不明,,領域語なし（子ども・学習・特性・支援のいずれにも接続しない）,中,④インテント,,50,,,LOW,未分類,KWP_UrlSeed
23118,持病 精神,EXCLUDE,除外,,,,対象外,不明,,領域語なし（子ども・学習・特性・支援のいずれにも接続しない）,中,④インテント,,10,,,LOW,未分類,KWP_UrlSeed
23119,せい しん か,EXCLUDE,除外,,,,対象外,不明,,領域語なし（子ども・学習・特性・支援のいずれにも接続しない）,中,④インテント,,210,151.0,424.0,LOW,未分類,KWP_UrlSeed
23121,こころ 精神,EXCLUDE,除外,,,,対象外,不明,,領域語なし（子ども・学習・特性・支援のいずれにも接続しない）,中,④インテント,,10,,,LOW,未分類,KWP_UrlSeed
23123,し て は いけない こと を し たく なる 病気,EXCLUDE,除外,,,,対象外,不明,,領域語なし（子ども・学習・特性・支援のいずれにも接続しない）,中,④インテント,,10,,,LOW,未分類,KWP_UrlSeed
23136,学生 行事,EXCLUDE,除外,,,,対象外,不明,,領域語なし（子ども・学習・特性・支援のいずれにも接続しない）,中,④インテント,,20,,,LOW,未分類,KWP_UrlSeed
23216,kaien 会社,EXCLUDE,除外,,,,対象外,不明,,領域語なし（子ども・学習・特性・支援のいずれにも接続しない）,中,④インテント,,40,190.0,307.0,LOW,療育・福祉・居場所,KWP_UrlSeed
23239,中高生 イベント,EXCLUDE,除外,,,,対象外,不明,,領域語なし（子ども・学習・特性・支援のいずれにも接続しない）,中,④インテント,,50,,,LOW,未分類,KWP_UrlSeed
23282,イベント 日雇い,EXCLUDE,除外,,,,対象外,不明,,領域語なし（子ども・学習・特性・支援のいずれにも接続しない）,中,④インテント,,50,64.0,286.0,HIGH,未分類,KWP_UrlSeed
23284,日雇い イベント,EXCLUDE,除外,,,,対象外,不明,,領域語なし（子ども・学習・特性・支援のいずれにも接続しない）,中,④インテント,,50,64.0,286.0,HIGH,未分類,KWP_UrlSeed
23287,イベント 短期,EXCLUDE,除外,,,,対象外,不明,,領域語なし（子ども・学習・特性・支援のいずれにも接続しない）,中,④インテント,,20,29.0,325.0,MEDIUM,未分類,KWP_UrlSeed
23299,デザイナー 教育,EXCLUDE,除外,,,,対象外,不明,,領域語なし（子ども・学習・特性・支援のいずれにも接続しない）,中,④インテント,,10,,,LOW,未分類,KWP_UrlSeed
23300,ad 女性,EXCLUDE,除外,,,,対象外,不明,,領域語なし（子ども・学習・特性・支援のいずれにも接続しない）,中,④インテント,,30,,,LOW,未分類,KWP_UrlSeed
23304,カイエン 会社,EXCLUDE,除外,,,,対象外,不明,,領域語なし（子ども・学習・特性・支援のいずれにも接続しない）,中,④インテント,,40,190.0,309.0,LOW,療育・福祉・居場所,KWP_UrlSeed || KWP_SiteSeed
23309,ハローワーク 違い,EXCLUDE,除外,,,,対象外,不明,,領域語なし（子ども・学習・特性・支援のいずれにも接続しない）,中,④インテント,,10,,,LOW,比較検討・料金・申込 | 療育・福祉・居場所 | 特性そのものを調べる（とは・特徴・チェック）,KWP_UrlSeed
23313,事務職 違い,EXCLUDE,除外,,,,対象外,不明,,領域語なし（子ども・学習・特性・支援のいずれにも接続しない）,中,④インテント,,10,14.0,463.0,MEDIUM,比較検討・料金・申込 | 特性そのものを調べる（とは・特徴・チェック）,KWP_UrlSeed
23314,企画 営業 違い,EXCLUDE,除外,,,,対象外,不明,,領域語なし（子ども・学習・特性・支援のいずれにも接続しない）,中,④インテント,,10,,,LOW,比較検討・料金・申込 | 特性そのものを調べる（とは・特徴・チェック）,KWP_UrlSeed
23315,分析 職種,EXCLUDE,除外,,,,対象外,不明,,領域語なし（子ども・学習・特性・支援のいずれにも接続しない）,中,④インテント,,20,312.0,1316.0,LOW,未分類,KWP_UrlSeed
23316,営業 事務 違い,EXCLUDE,除外,,,,対象外,不明,,領域語なし（子ども・学習・特性・支援のいずれにも接続しない）,中,④インテント,,20,,,LOW,比較検討・料金・申込 | 特性そのものを調べる（とは・特徴・チェック）,KWP_UrlSeed
23317,営業 企画 違い,EXCLUDE,除外,,,,対象外,不明,,領域語なし（子ども・学習・特性・支援のいずれにも接続しない）,中,④インテント,,10,,,LOW,比較検討・料金・申込 | 特性そのものを調べる（とは・特徴・チェック）,KWP_UrlSeed
23342,ステップ ホームページ,EXCLUDE,除外,,,,対象外,不明,,領域語なし（子ども・学習・特性・支援のいずれにも接続しない）,中,④インテント,,140,,,LOW,未分類,KWP_UrlSeed
23351,大阪 清流,EXCLUDE,除外,,,,対象外,不明,,領域語なし（子ども・学習・特性・支援のいずれにも接続しない）,中,④インテント,,50,,,LOW,地域・近くで探す,KWP_UrlSeed
23352,教育 大阪,EXCLUDE,除外,,,,対象外,不明,,領域語なし（子ども・学習・特性・支援のいずれにも接続しない）,中,④インテント,,20,,,LOW,地域・近くで探す,KWP_UrlSeed
23353,ステップ 教育,EXCLUDE,除外,,,,対象外,不明,,領域語なし（子ども・学習・特性・支援のいずれにも接続しない）,中,④インテント,,10,,,LOW,未分類,KWP_UrlSeed
23359,大阪 講師,EXCLUDE,除外,,,,対象外,不明,,領域語なし（子ども・学習・特性・支援のいずれにも接続しない）,中,④インテント,,30,48.0,312.0,LOW,地域・近くで探す,KWP_UrlSeed
23370,大阪 特別,EXCLUDE,除外,,,,対象外,不明,,領域語なし（子ども・学習・特性・支援のいずれにも接続しない）,中,④インテント,,10,,,LOW,地域・近くで探す,KWP_UrlSeed
23374,脳 偏り,EXCLUDE,除外,,,,対象外,不明,,領域語なし（子ども・学習・特性・支援のいずれにも接続しない）,中,④インテント,,10,,,LOW,未分類,KWP_UrlSeed
23451,私学 イベント,EXCLUDE,除外,,,,対象外,不明,,領域語なし（子ども・学習・特性・支援のいずれにも接続しない）,中,④インテント,,10,,,LOW,未分類,KWP_UrlSeed
23453,てご,EXCLUDE,除外,,,,対象外,不明,,領域語なし（子ども・学習・特性・支援のいずれにも接続しない）,中,④インテント,,720,,,LOW,未分類,KWP_UrlSeed
23454,してご,EXCLUDE,除外,,,,対象外,不明,,領域語なし（子ども・学習・特性・支援のいずれにも接続しない）,中,④インテント,,320,,,LOW,未分類,KWP_UrlSeed
23455,voice 声,EXCLUDE,除外,,,,対象外,不明,,領域語なし（子ども・学習・特性・支援のいずれにも接続しない）,中,④インテント,,10,,,LOW,未分類,KWP_UrlSeed
23456,ててご,EXCLUDE,除外,,,,対象外,不明,,領域語なし（子ども・学習・特性・支援のいずれにも接続しない）,中,④インテント,,390,,,LOW,未分類,KWP_UrlSeed
23457,にてご,EXCLUDE,除外,,,,対象外,不明,,領域語なし（子ども・学習・特性・支援のいずれにも接続しない）,中,④インテント,,390,92.0,196.0,LOW,未分類,KWP_UrlSeed
23458,ごて,EXCLUDE,除外,,,,対象外,不明,,領域語なし（子ども・学習・特性・支援のいずれにも接続しない）,中,④インテント,,390,,,LOW,未分類,KWP_UrlSeed
23459,んか,EXCLUDE,除外,,,,対象外,不明,,領域語なし（子ども・学習・特性・支援のいずれにも接続しない）,中,④インテント,,880,,,LOW,未分類,KWP_UrlSeed
23460,てか,EXCLUDE,除外,,,,対象外,不明,,領域語なし（子ども・学習・特性・支援のいずれにも接続しない）,中,④インテント,,1600,,,LOW,未分類,KWP_UrlSeed
23461,かかは,EXCLUDE,除外,,,,対象外,不明,,領域語なし（子ども・学習・特性・支援のいずれにも接続しない）,中,④インテント,,50,,,LOW,未分類,KWP_UrlSeed
23463,かし,EXCLUDE,除外,,,,対象外,不明,,領域語なし（子ども・学習・特性・支援のいずれにも接続しない）,中,④インテント,,8100,,,LOW,未分類,KWP_UrlSeed
23464,かて,EXCLUDE,除外,,,,対象外,不明,,領域語なし（子ども・学習・特性・支援のいずれにも接続しない）,中,④インテント,,1600,,,LOW,未分類,KWP_UrlSeed
23465,がかか,EXCLUDE,除外,,,,対象外,不明,,領域語なし（子ども・学習・特性・支援のいずれにも接続しない）,中,④インテント,,20,,,LOW,未分類,KWP_UrlSeed
23466,がこお,EXCLUDE,除外,,,,対象外,不明,,領域語なし（子ども・学習・特性・支援のいずれにも接続しない）,中,④インテント,,10,,,LOW,未分類,KWP_UrlSeed
23467,って,EXCLUDE,除外,,,,対象外,不明,,領域語なし（子ども・学習・特性・支援のいずれにも接続しない）,中,④インテント,,18100,,,LOW,未分類,KWP_UrlSeed
23468,んし,EXCLUDE,除外,,,,対象外,不明,,領域語なし（子ども・学習・特性・支援のいずれにも接続しない）,中,④インテント,,260,,,LOW,未分類,KWP_UrlSeed
23726,アイコン フリー,EXCLUDE,除外,,,,対象外,不明,,領域語なし（子ども・学習・特性・支援のいずれにも接続しない）,中,④インテント,,22200,374.0,1090.0,LOW,未分類,KWP_UrlSeed
23727,アイコン 無料,EXCLUDE,除外,,,,対象外,不明,,領域語なし（子ども・学習・特性・支援のいずれにも接続しない）,中,④インテント,,4400,105.0,1091.0,LOW,比較検討・料金・申込,KWP_UrlSeed
23728,資料 フリー,EXCLUDE,除外,,,,対象外,不明,,領域語なし（子ども・学習・特性・支援のいずれにも接続しない）,中,④インテント,,20,,,LOW,未分類,KWP_UrlSeed
23731,資料 アイコン 無料,EXCLUDE,除外,,,,対象外,不明,,領域語なし（子ども・学習・特性・支援のいずれにも接続しない）,中,④インテント,,10,,,LOW,比較検討・料金・申込,KWP_UrlSeed
23732,カメラ フリー,EXCLUDE,除外,,,,対象外,不明,,領域語なし（子ども・学習・特性・支援のいずれにも接続しない）,中,④インテント,,170,,,LOW,未分類,KWP_UrlSeed
23733,オンライン アイコン 無料,EXCLUDE,除外,,,,対象外,不明,,領域語なし（子ども・学習・特性・支援のいずれにも接続しない）,中,④インテント,,10,,,LOW,サービス探し（家庭教師・塾・支援） | 比較検討・料金・申込,KWP_UrlSeed
23735,資料 アイコン フリー,EXCLUDE,除外,,,,対象外,不明,,領域語なし（子ども・学習・特性・支援のいずれにも接続しない）,中,④インテント,,50,,,LOW,未分類,KWP_UrlSeed
23736,顔 フリー,EXCLUDE,除外,,,,対象外,不明,,領域語なし（子ども・学習・特性・支援のいずれにも接続しない）,中,④インテント,,320,,,LOW,未分類,KWP_UrlSeed
23737,faq アイコン フリー,EXCLUDE,除外,,,,対象外,不明,,領域語なし（子ども・学習・特性・支援のいずれにも接続しない）,中,④インテント,,40,,,LOW,未分類,KWP_UrlSeed
23738,アイコン 無償,EXCLUDE,除外,,,,対象外,不明,,領域語なし（子ども・学習・特性・支援のいずれにも接続しない）,中,④インテント,,40,,,LOW,未分類,KWP_UrlSeed
23739,アイコン 無料 フリー,EXCLUDE,除外,,,,対象外,不明,,領域語なし（子ども・学習・特性・支援のいずれにも接続しない）,中,④インテント,,30,,,LOW,比較検討・料金・申込,KWP_UrlSeed
23775,学生 洋服,EXCLUDE,除外,,,,対象外,不明,,領域語なし（子ども・学習・特性・支援のいずれにも接続しない）,中,④インテント,,20,,,MEDIUM,未分類,KWP_UrlSeed
23784,教育 自由,EXCLUDE,除外,,,,対象外,不明,,領域語なし（子ども・学習・特性・支援のいずれにも接続しない）,中,④インテント,,10,,,LOW,未分類,KWP_UrlSeed
23789,小児科 質問,EXCLUDE,除外,,,,対象外,不明,,領域語なし（子ども・学習・特性・支援のいずれにも接続しない）,中,④インテント,,10,88.0,285.0,MEDIUM,特性理解・診断・医療,KWP_UrlSeed
23812,あい きゅう 問題,EXCLUDE,除外,,,,対象外,不明,,領域語なし（子ども・学習・特性・支援のいずれにも接続しない）,中,④インテント,,50,,,LOW,未分類,KWP_UrlSeed
23895,将来 夢 ない,EXCLUDE,除外,,,,対象外,不明,,領域語なし（子ども・学習・特性・支援のいずれにも接続しない）,中,④インテント,,3600,33.0,204.0,MEDIUM,保護者の関わり・悩み,KWP_UrlSeed
23964,atama+ オンライン,EXCLUDE,除外,,,,対象外,不明,,領域語なし（子ども・学習・特性・支援のいずれにも接続しない）,中,④インテント,,30,130.0,357.0,LOW,サービス探し（家庭教師・塾・支援） | 教材・通信教育,KWP_UrlSeed
23981,ひらがな 習得,EXCLUDE,除外,,,,対象外,不明,,領域語なし（子ども・学習・特性・支援のいずれにも接続しない）,中,④インテント,,20,,,LOW,学習のやり方・学習課題,KWP_UrlSeed
23995,エール 東京,EXCLUDE,除外,,,,対象外,不明,,領域語なし（子ども・学習・特性・支援のいずれにも接続しない）,中,④インテント,,140,,,LOW,地域・近くで探す,KWP_UrlSeed
23996,エール 会社,EXCLUDE,除外,,,,対象外,不明,,領域語なし（子ども・学習・特性・支援のいずれにも接続しない）,中,④インテント,,90,,,LOW,未分類,KWP_UrlSeed
23997,会社 の 概要,EXCLUDE,除外,,,,対象外,不明,,領域語なし（子ども・学習・特性・支援のいずれにも接続しない）,中,④インテント,,9900,,,LOW,未分類,KWP_UrlSeed
24000,サービス 業種,EXCLUDE,除外,,,,対象外,不明,,領域語なし（子ども・学習・特性・支援のいずれにも接続しない）,中,④インテント,,30,,,LOW,未分類,KWP_UrlSeed
24004,質問 会社,EXCLUDE,除外,,,,対象外,不明,,領域語なし（子ども・学習・特性・支援のいずれにも接続しない）,中,④インテント,,170,2.0,22.0,LOW,未分類,KWP_UrlSeed
24005,福祉 質問,EXCLUDE,除外,,,,対象外,不明,,領域語なし（子ども・学習・特性・支援のいずれにも接続しない）,中,④インテント,,20,,,LOW,未分類,KWP_UrlSeed
24006,会社 質問,EXCLUDE,除外,,,,対象外,不明,,領域語なし（子ども・学習・特性・支援のいずれにも接続しない）,中,④インテント,,170,2.0,22.0,LOW,未分類,KWP_UrlSeed
24008,入社 質問,EXCLUDE,除外,,,,対象外,不明,,領域語なし（子ども・学習・特性・支援のいずれにも接続しない）,中,④インテント,,10,,,LOW,未分類,KWP_UrlSeed
24036,0 a 0,EXCLUDE,除外,,,,対象外,不明,,領域語なし（子ども・学習・特性・支援のいずれにも接続しない）,中,④インテント,,40,,,LOW,未分類,KWP_UrlSeed
24046,0 a 2,EXCLUDE,除外,,,,対象外,不明,,領域語なし（子ども・学習・特性・支援のいずれにも接続しない）,中,④インテント,,10,,,LOW,未分類,KWP_UrlSeed
24047,0 base,EXCLUDE,除外,,,,対象外,不明,,領域語なし（子ども・学習・特性・支援のいずれにも接続しない）,中,④インテント,,40,,,LOW,未分類,KWP_UrlSeed
24049,2 a 6,EXCLUDE,除外,,,,対象外,不明,,領域語なし（子ども・学習・特性・支援のいずれにも接続しない）,中,④インテント,,10,,,LOW,未分類,KWP_UrlSeed
24065,dive into the future,EXCLUDE,除外,,,,対象外,不明,,領域語なし（子ども・学習・特性・支援のいずれにも接続しない）,中,④インテント,,20,,,LOW,未分類,KWP_UrlSeed
24066,帯広 声優,EXCLUDE,除外,,,,対象外,不明,,領域語なし（子ども・学習・特性・支援のいずれにも接続しない）,中,④インテント,,20,,,LOW,未分類,KWP_UrlSeed
24067,声優 voice,EXCLUDE,除外,,,,対象外,不明,,領域語なし（子ども・学習・特性・支援のいずれにも接続しない）,中,④インテント,,10,,,LOW,未分類,KWP_UrlSeed
24068,声優 音声,EXCLUDE,除外,,,,対象外,不明,,領域語なし（子ども・学習・特性・支援のいずれにも接続しない）,中,④インテント,,20,,,LOW,未分類,KWP_UrlSeed
24069,声優 声帯,EXCLUDE,除外,,,,対象外,不明,,領域語なし（子ども・学習・特性・支援のいずれにも接続しない）,中,④インテント,,10,,,LOW,未分類,KWP_UrlSeed
24070,声優 声質,EXCLUDE,除外,,,,対象外,不明,,領域語なし（子ども・学習・特性・支援のいずれにも接続しない）,中,④インテント,,40,,,LOW,未分類,KWP_UrlSeed
24071,音声 声優,EXCLUDE,除外,,,,対象外,不明,,領域語なし（子ども・学習・特性・支援のいずれにも接続しない）,中,④インテント,,10,,,LOW,未分類,KWP_UrlSeed
24072,声優 声量,EXCLUDE,除外,,,,対象外,不明,,領域語なし（子ども・学習・特性・支援のいずれにも接続しない）,中,④インテント,,10,,,LOW,未分類,KWP_UrlSeed
24074,声質 声優,EXCLUDE,除外,,,,対象外,不明,,領域語なし（子ども・学習・特性・支援のいずれにも接続しない）,中,④インテント,,10,,,LOW,未分類,KWP_UrlSeed
24076,line 声優,EXCLUDE,除外,,,,対象外,不明,,領域語なし（子ども・学習・特性・支援のいずれにも接続しない）,中,④インテント,,30,,,LOW,未分類,KWP_UrlSeed
24077,voice 声優,EXCLUDE,除外,,,,対象外,不明,,領域語なし（子ども・学習・特性・支援のいずれにも接続しない）,中,④インテント,,10,,,LOW,未分類,KWP_UrlSeed
24078,with line 声優,EXCLUDE,除外,,,,対象外,不明,,領域語なし（子ども・学習・特性・支援のいずれにも接続しない）,中,④インテント,,30,,,LOW,未分類,KWP_UrlSeed
24080,声優 スタイル,EXCLUDE,除外,,,,対象外,不明,,領域語なし（子ども・学習・特性・支援のいずれにも接続しない）,中,④インテント,,10,,,LOW,未分類,KWP_UrlSeed
24081,声優 悩み,EXCLUDE,除外,,,,対象外,不明,,領域語なし（子ども・学習・特性・支援のいずれにも接続しない）,中,④インテント,,10,,,LOW,未分類,KWP_UrlSeed
24082,天王寺 声優,EXCLUDE,除外,,,,対象外,不明,,領域語なし（子ども・学習・特性・支援のいずれにも接続しない）,中,④インテント,,10,,,LOW,未分類,KWP_UrlSeed
24085,わかる できる,EXCLUDE,除外,,,,対象外,不明,,領域語なし（子ども・学習・特性・支援のいずれにも接続しない）,中,④インテント,,90,,,LOW,未分類,KWP_UrlSeed
24105,さぽーた,EXCLUDE,除外,,,,対象外,不明,,領域語なし（子ども・学習・特性・支援のいずれにも接続しない）,中,④インテント,,20,,,LOW,未分類,KWP_UrlSeed
24106,たたて,EXCLUDE,除外,,,,対象外,不明,,領域語なし（子ども・学習・特性・支援のいずれにも接続しない）,中,④インテント,,30,,,LOW,未分類,KWP_UrlSeed
24107,たて,EXCLUDE,除外,,,,対象外,不明,,領域語なし（子ども・学習・特性・支援のいずれにも接続しない）,中,④インテント,,6600,135.0,1979.0,LOW,未分類,KWP_UrlSeed
24108,たてた,EXCLUDE,除外,,,,対象外,不明,,領域語なし（子ども・学習・特性・支援のいずれにも接続しない）,中,④インテント,,50,,,LOW,未分類,KWP_UrlSeed
24109,たてたて,EXCLUDE,除外,,,,対象外,不明,,領域語なし（子ども・学習・特性・支援のいずれにも接続しない）,中,④インテント,,70,,,LOW,未分類,KWP_UrlSeed
24110,でたて,EXCLUDE,除外,,,,対象外,不明,,領域語なし（子ども・学習・特性・支援のいずれにも接続しない）,中,④インテント,,20,,,LOW,未分類,KWP_UrlSeed
24111,まての,EXCLUDE,除外,,,,対象外,不明,,領域語なし（子ども・学習・特性・支援のいずれにも接続しない）,中,④インテント,,10,,,LOW,未分類,KWP_UrlSeed
24116,認識 行動,EXCLUDE,除外,,,,対象外,不明,,領域語なし（子ども・学習・特性・支援のいずれにも接続しない）,中,④インテント,,10,,,LOW,未分類,KWP_UrlSeed
24117,し ひらがな,EXCLUDE,除外,,,,対象外,不明,,領域語なし（子ども・学習・特性・支援のいずれにも接続しない）,中,④インテント,,480,,,LOW,学習のやり方・学習課題,KWP_UrlSeed
24118,てた,EXCLUDE,除外,,,,対象外,不明,,領域語なし（子ども・学習・特性・支援のいずれにも接続しない）,中,④インテント,,880,,,LOW,未分類,KWP_UrlSeed
24119,おしを,EXCLUDE,除外,,,,対象外,不明,,領域語なし（子ども・学習・特性・支援のいずれにも接続しない）,中,④インテント,,10,,,LOW,未分類,KWP_UrlSeed
24120,してたし,EXCLUDE,除外,,,,対象外,不明,,領域語なし（子ども・学習・特性・支援のいずれにも接続しない）,中,④インテント,,10,,,LOW,未分類,KWP_UrlSeed
24121,たし,EXCLUDE,除外,,,,対象外,不明,,領域語なし（子ども・学習・特性・支援のいずれにも接続しない）,中,④インテント,,1900,,,LOW,未分類,KWP_UrlSeed
24123,vr 教育,EXCLUDE,除外,,,,対象外,不明,,領域語なし（子ども・学習・特性・支援のいずれにも接続しない）,中,④インテント,,140,344.0,1751.0,LOW,未分類,KWP_UrlSeed
24124,vr 会社,EXCLUDE,除外,,,,対象外,不明,,領域語なし（子ども・学習・特性・支援のいずれにも接続しない）,中,④インテント,,140,189.0,541.0,LOW,未分類,KWP_UrlSeed
24125,vr コミュニケーション,EXCLUDE,除外,,,,対象外,不明,,領域語なし（子ども・学習・特性・支援のいずれにも接続しない）,中,④インテント,,30,,,LOW,保護者の関わり・悩み,KWP_UrlSeed
24126,vr 作成,EXCLUDE,除外,,,,対象外,不明,,領域語なし（子ども・学習・特性・支援のいずれにも接続しない）,中,④インテント,,90,184.0,748.0,LOW,未分類,KWP_UrlSeed
24127,vr リモート,EXCLUDE,除外,,,,対象外,不明,,領域語なし（子ども・学習・特性・支援のいずれにも接続しない）,中,④インテント,,10,,,LOW,未分類,KWP_UrlSeed
24128,vr 活用,EXCLUDE,除外,,,,対象外,不明,,領域語なし（子ども・学習・特性・支援のいずれにも接続しない）,中,④インテント,,50,196.0,376.0,LOW,未分類,KWP_UrlSeed
24130,vr 施設,EXCLUDE,除外,,,,対象外,不明,,領域語なし（子ども・学習・特性・支援のいずれにも接続しない）,中,④インテント,,480,40.0,143.0,LOW,未分類,KWP_UrlSeed
24131,vr サービス,EXCLUDE,除外,,,,対象外,不明,,領域語なし（子ども・学習・特性・支援のいずれにも接続しない）,中,④インテント,,50,,,LOW,未分類,KWP_UrlSeed
24132,vr 導入,EXCLUDE,除外,,,,対象外,不明,,領域語なし（子ども・学習・特性・支援のいずれにも接続しない）,中,④インテント,,10,,,LOW,未分類,KWP_UrlSeed
24133,vr 事例,EXCLUDE,除外,,,,対象外,不明,,領域語なし（子ども・学習・特性・支援のいずれにも接続しない）,中,④インテント,,30,,,LOW,未分類,KWP_UrlSeed
24134,vr 仮想,EXCLUDE,除外,,,,対象外,不明,,領域語なし（子ども・学習・特性・支援のいずれにも接続しない）,中,④インテント,,20,,,LOW,未分類,KWP_UrlSeed
24136,vr 現実,EXCLUDE,除外,,,,対象外,不明,,領域語なし（子ども・学習・特性・支援のいずれにも接続しない）,中,④インテント,,20,,,LOW,未分類,KWP_UrlSeed
24139,vr オンライン,EXCLUDE,除外,,,,対象外,不明,,領域語なし（子ども・学習・特性・支援のいずれにも接続しない）,中,④インテント,,30,,,LOW,サービス探し（家庭教師・塾・支援）,KWP_UrlSeed
24140,vr 生活,EXCLUDE,除外,,,,対象外,不明,,領域語なし（子ども・学習・特性・支援のいずれにも接続しない）,中,④インテント,,10,,,LOW,未分類,KWP_UrlSeed
24141,vr 記事,EXCLUDE,除外,,,,対象外,不明,,領域語なし（子ども・学習・特性・支援のいずれにも接続しない）,中,④インテント,,10,,,LOW,未分類,KWP_UrlSeed
24142,vr 動画,EXCLUDE,除外,,,,対象外,不明,,領域語なし（子ども・学習・特性・支援のいずれにも接続しない）,中,④インテント,,5400,37.0,116.0,LOW,未分類,KWP_UrlSeed
24143,金沢 vr,EXCLUDE,除外,,,,対象外,不明,,領域語なし（子ども・学習・特性・支援のいずれにも接続しない）,中,④インテント,,20,,,LOW,未分類,KWP_UrlSeed
24144,vr 自宅,EXCLUDE,除外,,,,対象外,不明,,領域語なし（子ども・学習・特性・支援のいずれにも接続しない）,中,④インテント,,20,,,LOW,未分類,KWP_UrlSeed
24145,自宅 vr,EXCLUDE,除外,,,,対象外,不明,,領域語なし（子ども・学習・特性・支援のいずれにも接続しない）,中,④インテント,,10,,,LOW,未分類,KWP_UrlSeed
24146,vr 金沢,EXCLUDE,除外,,,,対象外,不明,,領域語なし（子ども・学習・特性・支援のいずれにも接続しない）,中,④インテント,,10,,,LOW,未分類,KWP_UrlSeed
24147,vr 新型,EXCLUDE,除外,,,,対象外,不明,,領域語なし（子ども・学習・特性・支援のいずれにも接続しない）,中,④インテント,,110,,,LOW,未分類,KWP_UrlSeed
24150,vr 場所,EXCLUDE,除外,,,,対象外,不明,,領域語なし（子ども・学習・特性・支援のいずれにも接続しない）,中,④インテント,,10,,,LOW,未分類,KWP_UrlSeed
24151,動画 vr,EXCLUDE,除外,,,,対象外,不明,,領域語なし（子ども・学習・特性・支援のいずれにも接続しない）,中,④インテント,,5400,37.0,116.0,LOW,未分類,KWP_UrlSeed
24152,vr リラックス,EXCLUDE,除外,,,,対象外,不明,,領域語なし（子ども・学習・特性・支援のいずれにも接続しない）,中,④インテント,,30,,,LOW,未分類,KWP_UrlSeed
24153,vr 体感,EXCLUDE,除外,,,,対象外,不明,,領域語なし（子ども・学習・特性・支援のいずれにも接続しない）,中,④インテント,,10,,,LOW,未分類,KWP_UrlSeed
24154,vr 動画 とは,EXCLUDE,除外,,,,対象外,不明,,領域語なし（子ども・学習・特性・支援のいずれにも接続しない）,中,④インテント,,20,,,LOW,特性そのものを調べる（とは・特徴・チェック）,KWP_UrlSeed
24155,news vr,EXCLUDE,除外,,,,対象外,不明,,領域語なし（子ども・学習・特性・支援のいずれにも接続しない）,中,④インテント,,110,,,LOW,未分類,KWP_UrlSeed
24156,vr 今,EXCLUDE,除外,,,,対象外,不明,,領域語なし（子ども・学習・特性・支援のいずれにも接続しない）,中,④インテント,,20,,,LOW,未分類,KWP_UrlSeed
24157,vr 店,EXCLUDE,除外,,,,対象外,不明,,領域語なし（子ども・学習・特性・支援のいずれにも接続しない）,中,④インテント,,30,,,LOW,未分類,KWP_UrlSeed
24158,vr 影響,EXCLUDE,除外,,,,対象外,不明,,領域語なし（子ども・学習・特性・支援のいずれにも接続しない）,中,④インテント,,10,,,LOW,未分類,KWP_UrlSeed
24160,vr 移動,EXCLUDE,除外,,,,対象外,不明,,領域語なし（子ども・学習・特性・支援のいずれにも接続しない）,中,④インテント,,20,,,LOW,未分類,KWP_UrlSeed
24161,vr 風景,EXCLUDE,除外,,,,対象外,不明,,領域語なし（子ども・学習・特性・支援のいずれにも接続しない）,中,④インテント,,30,,,LOW,未分類,KWP_UrlSeed
24162,vr 魅力,EXCLUDE,除外,,,,対象外,不明,,領域語なし（子ども・学習・特性・支援のいずれにも接続しない）,中,④インテント,,10,,,LOW,未分類,KWP_UrlSeed
24163,しては,EXCLUDE,除外,,,,対象外,不明,,領域語なし（子ども・学習・特性・支援のいずれにも接続しない）,中,④インテント,,590,,,LOW,未分類,KWP_UrlSeed
24164,なご,EXCLUDE,除外,,,,対象外,不明,,領域語なし（子ども・学習・特性・支援のいずれにも接続しない）,中,④インテント,,1900,,,LOW,未分類,KWP_UrlSeed
24165,おもしろい 面白い,EXCLUDE,除外,,,,対象外,不明,,領域語なし（子ども・学習・特性・支援のいずれにも接続しない）,中,④インテント,,30,,,LOW,未分類,KWP_UrlSeed
24166,楽しい 活用,EXCLUDE,除外,,,,対象外,不明,,領域語なし（子ども・学習・特性・支援のいずれにも接続しない）,中,④インテント,,30,,,LOW,未分類,KWP_UrlSeed
24167,たたの,EXCLUDE,除外,,,,対象外,不明,,領域語なし（子ども・学習・特性・支援のいずれにも接続しない）,中,④インテント,,30,,,LOW,未分類,KWP_UrlSeed
24168,医療 vr,EXCLUDE,除外,,,,対象外,不明,,領域語なし（子ども・学習・特性・支援のいずれにも接続しない）,中,④インテント,,260,,,LOW,未分類,KWP_UrlSeed
24169,vr 医療,EXCLUDE,除外,,,,対象外,不明,,領域語なし（子ども・学習・特性・支援のいずれにも接続しない）,中,④インテント,,260,,,LOW,未分類,KWP_UrlSeed
24170,vr レンタル,EXCLUDE,除外,,,,対象外,不明,,領域語なし（子ども・学習・特性・支援のいずれにも接続しない）,中,④インテント,,720,84.0,304.0,LOW,未分類,KWP_UrlSeed
24171,教育 vr,EXCLUDE,除外,,,,対象外,不明,,領域語なし（子ども・学習・特性・支援のいずれにも接続しない）,中,④インテント,,20,,,LOW,未分類,KWP_UrlSeed
24174,vr meta,EXCLUDE,除外,,,,対象外,不明,,領域語なし（子ども・学習・特性・支援のいずれにも接続しない）,中,④インテント,,260,16.0,87.0,HIGH,未分類,KWP_UrlSeed
24175,vr 企業,EXCLUDE,除外,,,,対象外,不明,,領域語なし（子ども・学習・特性・支援のいずれにも接続しない）,中,④インテント,,110,165.0,400.0,LOW,未分類,KWP_UrlSeed
24176,レンタル vr,EXCLUDE,除外,,,,対象外,不明,,領域語なし（子ども・学習・特性・支援のいずれにも接続しない）,中,④インテント,,720,84.0,304.0,LOW,未分類,KWP_UrlSeed
24178,ゴーグル vr,EXCLUDE,除外,,,,対象外,不明,,領域語なし（子ども・学習・特性・支援のいずれにも接続しない）,中,④インテント,,320,3.0,32.0,HIGH,未分類,KWP_UrlSeed
24180,vr 一覧,EXCLUDE,除外,,,,対象外,不明,,領域語なし（子ども・学習・特性・支援のいずれにも接続しない）,中,④インテント,,20,,,LOW,未分類,KWP_UrlSeed
24182,vr 本,EXCLUDE,除外,,,,対象外,不明,,領域語なし（子ども・学習・特性・支援のいずれにも接続しない）,中,④インテント,,40,,,LOW,未分類,KWP_UrlSeed
24184,vr 目線,EXCLUDE,除外,,,,対象外,不明,,領域語なし（子ども・学習・特性・支援のいずれにも接続しない）,中,④インテント,,40,,,LOW,未分類,KWP_UrlSeed
24185,vr 台,EXCLUDE,除外,,,,対象外,不明,,領域語なし（子ども・学習・特性・支援のいずれにも接続しない）,中,④インテント,,10,,,LOW,未分類,KWP_UrlSeed
24187,vr 企画,EXCLUDE,除外,,,,対象外,不明,,領域語なし（子ども・学習・特性・支援のいずれにも接続しない）,中,④インテント,,10,,,MEDIUM,未分類,KWP_UrlSeed
24188,工場 vr,EXCLUDE,除外,,,,対象外,不明,,領域語なし（子ども・学習・特性・支援のいずれにも接続しない）,中,④インテント,,30,,,LOW,未分類,KWP_UrlSeed
24189,vr セットアップ,EXCLUDE,除外,,,,対象外,不明,,領域語なし（子ども・学習・特性・支援のいずれにも接続しない）,中,④インテント,,10,,,LOW,未分類,KWP_UrlSeed
24190,vr シート,EXCLUDE,除外,,,,対象外,不明,,領域語なし（子ども・学習・特性・支援のいずれにも接続しない）,中,④インテント,,20,,,LOW,未分類,KWP_UrlSeed
24191,vr 撮影 現場,EXCLUDE,除外,,,,対象外,不明,,領域語なし（子ども・学習・特性・支援のいずれにも接続しない）,中,④インテント,,10,,,LOW,未分類,KWP_UrlSeed
24192,vr まとめ,EXCLUDE,除外,,,,対象外,不明,,領域語なし（子ども・学習・特性・支援のいずれにも接続しない）,中,④インテント,,30,,,LOW,未分類,KWP_UrlSeed
24193,vr 接続,EXCLUDE,除外,,,,対象外,不明,,領域語なし（子ども・学習・特性・支援のいずれにも接続しない）,中,④インテント,,20,,,LOW,未分類,KWP_UrlSeed
24194,映像 vr,EXCLUDE,除外,,,,対象外,不明,,領域語なし（子ども・学習・特性・支援のいずれにも接続しない）,中,④インテント,,720,,,LOW,未分類,KWP_UrlSeed
24195,vr 金額,EXCLUDE,除外,,,,対象外,不明,,領域語なし（子ども・学習・特性・支援のいずれにも接続しない）,中,④インテント,,30,,,LOW,比較検討・料金・申込,KWP_UrlSeed
24196,vr マルチ,EXCLUDE,除外,,,,対象外,不明,,領域語なし（子ども・学習・特性・支援のいずれにも接続しない）,中,④インテント,,20,,,LOW,未分類,KWP_UrlSeed
24197,vr 操作,EXCLUDE,除外,,,,対象外,不明,,領域語なし（子ども・学習・特性・支援のいずれにも接続しない）,中,④インテント,,20,,,LOW,未分類,KWP_UrlSeed
24198,vr 時間,EXCLUDE,除外,,,,対象外,不明,,領域語なし（子ども・学習・特性・支援のいずれにも接続しない）,中,④インテント,,10,,,LOW,未分類,KWP_UrlSeed
24199,所 事務,EXCLUDE,除外,,,,対象外,不明,,領域語なし（子ども・学習・特性・支援のいずれにも接続しない）,中,④インテント,,10,,,LOW,未分類,KWP_UrlSeed
24200,行政 支所,EXCLUDE,除外,,,,対象外,不明,,領域語なし（子ども・学習・特性・支援のいずれにも接続しない）,中,④インテント,,10,,,LOW,未分類,KWP_UrlSeed
24201,大阪 現状,EXCLUDE,除外,,,,対象外,不明,,領域語なし（子ども・学習・特性・支援のいずれにも接続しない）,中,④インテント,,20,,,LOW,地域・近くで探す,KWP_UrlSeed
24203,事務 一覧,EXCLUDE,除外,,,,対象外,不明,,領域語なし（子ども・学習・特性・支援のいずれにも接続しない）,中,④インテント,,30,79.0,551.0,LOW,未分類,KWP_UrlSeed
24205,泉州 大阪,EXCLUDE,除外,,,,対象外,不明,,領域語なし（子ども・学習・特性・支援のいずれにも接続しない）,中,④インテント,,1600,,,LOW,地域・近くで探す,KWP_UrlSeed
24206,大阪 電話,EXCLUDE,除外,,,,対象外,不明,,領域語なし（子ども・学習・特性・支援のいずれにも接続しない）,中,④インテント,,320,,,LOW,地域・近くで探す,KWP_UrlSeed
24207,無 書,EXCLUDE,除外,,,,対象外,不明,,領域語なし（子ども・学習・特性・支援のいずれにも接続しない）,中,④インテント,,70,,,LOW,未分類,KWP_UrlSeed
24220,支援 本,EXCLUDE,除外,,,,対象外,不明,,領域語なし（子ども・学習・特性・支援のいずれにも接続しない）,中,④インテント,,10,,,LOW,サービス探し（家庭教師・塾・支援）,KWP_UrlSeed
24227,医師 質問,EXCLUDE,除外,,,,対象外,不明,,領域語なし（子ども・学習・特性・支援のいずれにも接続しない）,中,④インテント,,90,147.0,687.0,MEDIUM,未分類,KWP_UrlSeed
24230,矯正 質問,EXCLUDE,除外,,,,対象外,不明,,領域語なし（子ども・学習・特性・支援のいずれにも接続しない）,中,④インテント,,20,,,LOW,未分類,KWP_UrlSeed
24233,矯正 発音,EXCLUDE,除外,,,,対象外,不明,,領域語なし（子ども・学習・特性・支援のいずれにも接続しない）,中,④インテント,,10,,,LOW,未分類,KWP_UrlSeed
24255,dx ai,EXCLUDE,除外,,,,対象外,不明,,領域語なし（子ども・学習・特性・支援のいずれにも接続しない）,中,④インテント,,480,210.0,813.0,MEDIUM,未分類,KWP_UrlSeed
24256,ai 教育,EXCLUDE,除外,,,,対象外,不明,,領域語なし（子ども・学習・特性・支援のいずれにも接続しない）,中,④インテント,,1000,221.0,658.0,LOW,教材・通信教育,KWP_UrlSeed
24258,ボット ai,EXCLUDE,除外,,,,対象外,不明,,領域語なし（子ども・学習・特性・支援のいずれにも接続しない）,中,④インテント,,720,164.0,1124.0,LOW,教材・通信教育,KWP_UrlSeed
24259,ai dx,EXCLUDE,除外,,,,対象外,不明,,領域語なし（子ども・学習・特性・支援のいずれにも接続しない）,中,④インテント,,590,186.0,935.0,MEDIUM,未分類,KWP_UrlSeed
24260,ai トラブル,EXCLUDE,除外,,,,対象外,不明,,領域語なし（子ども・学習・特性・支援のいずれにも接続しない）,中,④インテント,,170,,,LOW,教材・通信教育,KWP_UrlSeed
24262,教育 ai,EXCLUDE,除外,,,,対象外,不明,,領域語なし（子ども・学習・特性・支援のいずれにも接続しない）,中,④インテント,,480,157.0,662.0,LOW,教材・通信教育,KWP_UrlSeed
24263,ai 利用,EXCLUDE,除外,,,,対象外,不明,,領域語なし（子ども・学習・特性・支援のいずれにも接続しない）,中,④インテント,,390,217.0,693.0,MEDIUM,教材・通信教育,KWP_UrlSeed
24267,ai 必要,EXCLUDE,除外,,,,対象外,不明,,領域語なし（子ども・学習・特性・支援のいずれにも接続しない）,中,④インテント,,40,,,LOW,教材・通信教育,KWP_UrlSeed
24268,チャット 作り方,EXCLUDE,除外,,,,対象外,不明,,領域語なし（子ども・学習・特性・支援のいずれにも接続しない）,中,④インテント,,70,,,LOW,未分類,KWP_UrlSeed
24269,人 ai,EXCLUDE,除外,,,,対象外,不明,,領域語なし（子ども・学習・特性・支援のいずれにも接続しない）,中,④インテント,,110,,,LOW,教材・通信教育,KWP_UrlSeed
24272,ai できる,EXCLUDE,除外,,,,対象外,不明,,領域語なし（子ども・学習・特性・支援のいずれにも接続しない）,中,④インテント,,10,,,LOW,教材・通信教育,KWP_UrlSeed
24273,2025 ai,EXCLUDE,除外,,,,対象外,不明,,領域語なし（子ども・学習・特性・支援のいずれにも接続しない）,中,④インテント,,30,,,LOW,教材・通信教育,KWP_UrlSeed
24274,ai ルール,EXCLUDE,除外,,,,対象外,不明,,領域語なし（子ども・学習・特性・支援のいずれにも接続しない）,中,④インテント,,110,163.0,443.0,LOW,教材・通信教育,KWP_UrlSeed
24275,ai による,EXCLUDE,除外,,,,対象外,不明,,領域語なし（子ども・学習・特性・支援のいずれにも接続しない）,中,④インテント,,590,268.0,887.0,LOW,教材・通信教育,KWP_UrlSeed
24276,ai 段階,EXCLUDE,除外,,,,対象外,不明,,領域語なし（子ども・学習・特性・支援のいずれにも接続しない）,中,④インテント,,40,,,LOW,教材・通信教育,KWP_UrlSeed
24300,支援 時計,EXCLUDE,除外,,,,対象外,不明,,領域語なし（子ども・学習・特性・支援のいずれにも接続しない）,中,④インテント,,50,,,LOW,サービス探し（家庭教師・塾・支援） | 学習のやり方・学習課題,KWP_UrlSeed
24301,時計 無料 プリント,EXCLUDE,除外,,,,対象外,不明,,領域語なし（子ども・学習・特性・支援のいずれにも接続しない）,中,④インテント,,70,,,LOW,比較検討・料金・申込 | 学習のやり方・学習課題 | 教材・通信教育,KWP_UrlSeed
24302,時計 プリント,EXCLUDE,除外,,,,対象外,不明,,領域語なし（子ども・学習・特性・支援のいずれにも接続しない）,中,④インテント,,5400,,,LOW,学習のやり方・学習課題 | 教材・通信教育,KWP_UrlSeed
24303,時計 支援,EXCLUDE,除外,,,,対象外,不明,,領域語なし（子ども・学習・特性・支援のいずれにも接続しない）,中,④インテント,,50,,,LOW,サービス探し（家庭教師・塾・支援） | 学習のやり方・学習課題,KWP_UrlSeed
24304,時計 プリント 無料,EXCLUDE,除外,,,,対象外,不明,,領域語なし（子ども・学習・特性・支援のいずれにも接続しない）,中,④インテント,,210,,,LOW,比較検討・料金・申込 | 学習のやり方・学習課題 | 教材・通信教育,KWP_UrlSeed
24306,時計 練習,EXCLUDE,除外,,,,対象外,不明,,領域語なし（子ども・学習・特性・支援のいずれにも接続しない）,中,④インテント,,480,5.0,24.0,MEDIUM,学習のやり方・学習課題,KWP_UrlSeed
24307,時計 ワーク,EXCLUDE,除外,,,,対象外,不明,,領域語なし（子ども・学習・特性・支援のいずれにも接続しない）,中,④インテント,,110,6.0,23.0,HIGH,学習のやり方・学習課題,KWP_UrlSeed
24308,時計 読む,EXCLUDE,除外,,,,対象外,不明,,領域語なし（子ども・学習・特性・支援のいずれにも接続しない）,中,④インテント,,20,,,MEDIUM,学習のやり方・学習課題,KWP_UrlSeed
24310,時計 ワーク 無料,EXCLUDE,除外,,,,対象外,不明,,領域語なし（子ども・学習・特性・支援のいずれにも接続しない）,中,④インテント,,20,,,LOW,比較検討・料金・申込 | 学習のやり方・学習課題,KWP_UrlSeed
24313,1 時計,EXCLUDE,除外,,,,対象外,不明,,領域語なし（子ども・学習・特性・支援のいずれにも接続しない）,中,④インテント,,30,,,LOW,学習のやり方・学習課題,KWP_UrlSeed
24316,プリント 時計,EXCLUDE,除外,,,,対象外,不明,,領域語なし（子ども・学習・特性・支援のいずれにも接続しない）,中,④インテント,,70,,,LOW,学習のやり方・学習課題 | 教材・通信教育,KWP_UrlSeed
24321,時計 分,EXCLUDE,除外,,,,対象外,不明,,領域語なし（子ども・学習・特性・支援のいずれにも接続しない）,中,④インテント,,170,,,LOW,学習のやり方・学習課題,KWP_UrlSeed
24325,プリント 無料,EXCLUDE,除外,,,,対象外,不明,,領域語なし（子ども・学習・特性・支援のいずれにも接続しない）,中,④インテント,,1600,138.0,315.0,LOW,比較検討・料金・申込 | 教材・通信教育,KWP_UrlSeed
24330,時計 教育,EXCLUDE,除外,,,,対象外,不明,,領域語なし（子ども・学習・特性・支援のいずれにも接続しない）,中,④インテント,,90,4.0,22.0,HIGH,学習のやり方・学習課題,KWP_UrlSeed
24369,blog 作り方,EXCLUDE,除外,,,,対象外,不明,,領域語なし（子ども・学習・特性・支援のいずれにも接続しない）,中,④インテント,,40,41.0,340.0,MEDIUM,未分類,KWP_UrlSeed
24372,blog 作成,EXCLUDE,除外,,,,対象外,不明,,領域語なし（子ども・学習・特性・支援のいずれにも接続しない）,中,④インテント,,10,,,MEDIUM,未分類,KWP_UrlSeed
24385,blog 無料,EXCLUDE,除外,,,,対象外,不明,,領域語なし（子ども・学習・特性・支援のいずれにも接続しない）,中,④インテント,,70,77.0,551.0,LOW,比較検討・料金・申込,KWP_UrlSeed
24409,blogger 設定,EXCLUDE,除外,,,,対象外,不明,,領域語なし（子ども・学習・特性・支援のいずれにも接続しない）,中,④インテント,,10,302.0,1096.0,LOW,未分類,KWP_UrlSeed
24450,スペクトラム 意味,EXCLUDE,除外,,,,対象外,不明,,領域語なし（子ども・学習・特性・支援のいずれにも接続しない）,中,④インテント,,9900,2.0,144.0,LOW,特性そのものを調べる（とは・特徴・チェック）,KWP_UrlSeed
24453,うつ tms,EXCLUDE,除外,,,,対象外,不明,,領域語なし（子ども・学習・特性・支援のいずれにも接続しない）,中,④インテント,,50,55.0,202.0,LOW,特性そのものを調べる（とは・特徴・チェック）,KWP_UrlSeed
24455,brain clinic 東京,EXCLUDE,除外,,,,対象外,不明,,領域語なし（子ども・学習・特性・支援のいずれにも接続しない）,中,④インテント,,30,479.0,2315.0,MEDIUM,地域・近くで探す,KWP_UrlSeed
24456,うつ 疾患,EXCLUDE,除外,,,,対象外,不明,,領域語なし（子ども・学習・特性・支援のいずれにも接続しない）,中,④インテント,,10,,,LOW,特性そのものを調べる（とは・特徴・チェック）,KWP_UrlSeed
24457,うつ 対処,EXCLUDE,除外,,,,対象外,不明,,領域語なし（子ども・学習・特性・支援のいずれにも接続しない）,中,④インテント,,30,,,LOW,特性そのものを調べる（とは・特徴・チェック）,KWP_UrlSeed
24458,tms 脳,EXCLUDE,除外,,,,対象外,不明,,領域語なし（子ども・学習・特性・支援のいずれにも接続しない）,中,④インテント,,40,119.0,415.0,LOW,未分類,KWP_UrlSeed
24460,brain clinic 新宿,EXCLUDE,除外,,,,対象外,不明,,領域語なし（子ども・学習・特性・支援のいずれにも接続しない）,中,④インテント,,30,276.0,4167.0,MEDIUM,未分類,KWP_UrlSeed
24461,ブレイン 新宿,EXCLUDE,除外,,,,対象外,不明,,領域語なし（子ども・学習・特性・支援のいずれにも接続しない）,中,④インテント,,20,452.0,1598.0,LOW,未分類,KWP_UrlSeed
24463,tms 東京,EXCLUDE,除外,,,,対象外,不明,,領域語なし（子ども・学習・特性・支援のいずれにも接続しない）,中,④インテント,,90,117.0,407.0,MEDIUM,地域・近くで探す,KWP_UrlSeed
24464,精神 病気 一覧,EXCLUDE,除外,,,,対象外,不明,,領域語なし（子ども・学習・特性・支援のいずれにも接続しない）,中,④インテント,,260,7.0,78.0,LOW,未分類,KWP_UrlSeed
24465,tokyo brain clinic,EXCLUDE,除外,,,,対象外,不明,,領域語なし（子ども・学習・特性・支援のいずれにも接続しない）,中,④インテント,,110,293.0,2515.0,MEDIUM,未分類,KWP_UrlSeed
24467,うつ 病 病名 一覧,EXCLUDE,除外,,,,対象外,不明,,領域語なし（子ども・学習・特性・支援のいずれにも接続しない）,中,④インテント,,40,,,LOW,特性そのものを調べる（とは・特徴・チェック）,KWP_UrlSeed
24469,がん 治療 最先端,EXCLUDE,除外,,,,対象外,不明,,領域語なし（子ども・学習・特性・支援のいずれにも接続しない）,中,④インテント,,390,74.0,239.0,MEDIUM,未分類,KWP_UrlSeed
24470,医療 最先端,EXCLUDE,除外,,,,対象外,不明,,領域語なし（子ども・学習・特性・支援のいずれにも接続しない）,中,④インテント,,30,,,LOW,未分類,KWP_UrlSeed
24471,がん センター,EXCLUDE,除外,,,,対象外,不明,,領域語なし（子ども・学習・特性・支援のいずれにも接続しない）,中,④インテント,,30,,,LOW,未分類,KWP_UrlSeed
24472,がん 大阪,EXCLUDE,除外,,,,対象外,不明,,領域語なし（子ども・学習・特性・支援のいずれにも接続しない）,中,④インテント,,10,,,LOW,地域・近くで探す,KWP_UrlSeed
24473,カツラ 病気,EXCLUDE,除外,,,,対象外,不明,,領域語なし（子ども・学習・特性・支援のいずれにも接続しない）,中,④インテント,,30,35.0,382.0,LOW,未分類,KWP_UrlSeed
24544,オンライン 語学,EXCLUDE,除外,,,,対象外,不明,,領域語なし（子ども・学習・特性・支援のいずれにも接続しない）,中,④インテント,,30,145.0,476.0,MEDIUM,サービス探し（家庭教師・塾・支援）,KWP_UrlSeed
24546,多読 オンライン,EXCLUDE,除外,,,,対象外,不明,,領域語なし（子ども・学習・特性・支援のいずれにも接続しない）,中,④インテント,,20,,,LOW,サービス探し（家庭教師・塾・支援）,KWP_UrlSeed
24547,語学 オンライン,EXCLUDE,除外,,,,対象外,不明,,領域語なし（子ども・学習・特性・支援のいずれにも接続しない）,中,④インテント,,10,252.0,1340.0,MEDIUM,サービス探し（家庭教師・塾・支援）,KWP_UrlSeed
24558,イングリッシュ オンライン,EXCLUDE,除外,,,,対象外,不明,,領域語なし（子ども・学習・特性・支援のいずれにも接続しない）,中,④インテント,,90,169.0,747.0,MEDIUM,サービス探し（家庭教師・塾・支援）,KWP_UrlSeed
24570,oxford 多読,EXCLUDE,除外,,,,対象外,不明,,領域語なし（子ども・学習・特性・支援のいずれにも接続しない）,中,④インテント,,30,,,LOW,未分類,KWP_UrlSeed
24572,イングリッシュ youtube,EXCLUDE,除外,,,,対象外,不明,,領域語なし（子ども・学習・特性・支援のいずれにも接続しない）,中,④インテント,,10,,,LOW,保護者の関わり・悩み,KWP_UrlSeed
24573,オンライン english,EXCLUDE,除外,,,,対象外,不明,,領域語なし（子ども・学習・特性・支援のいずれにも接続しない）,中,④インテント,,10,,,HIGH,サービス探し（家庭教師・塾・支援）,KWP_UrlSeed
24576,ラテン語 教育,EXCLUDE,除外,,,,対象外,不明,,領域語なし（子ども・学習・特性・支援のいずれにも接続しない）,中,④インテント,,30,,,LOW,未分類,KWP_UrlSeed
24580,無料 フランス語 訳,EXCLUDE,除外,,,,対象外,不明,,領域語なし（子ども・学習・特性・支援のいずれにも接続しない）,中,④インテント,,10,,,LOW,比較検討・料金・申込,KWP_UrlSeed
24591,会話 レッスン,EXCLUDE,除外,,,,対象外,不明,,領域語なし（子ども・学習・特性・支援のいずれにも接続しない）,中,④インテント,,40,159.0,618.0,HIGH,未分類,KWP_UrlSeed
24779,qq 留学,EXCLUDE,除外,,,,対象外,不明,,領域語なし（子ども・学習・特性・支援のいずれにも接続しない）,中,④インテント,,40,146.0,8347.0,MEDIUM,未分類,KWP_UrlSeed
24814,qqkids,EXCLUDE,除外,,,,対象外,不明,,領域語なし（子ども・学習・特性・支援のいずれにも接続しない）,中,④インテント,,480,159.0,522.0,LOW,教材・通信教育,KWP_UrlSeed
24863,英文 会話,EXCLUDE,除外,,,,対象外,不明,,領域語なし（子ども・学習・特性・支援のいずれにも接続しない）,中,④インテント,,50,,,LOW,未分類,KWP_UrlSeed
24888,qq セブ,EXCLUDE,除外,,,,対象外,不明,,領域語なし（子ども・学習・特性・支援のいずれにも接続しない）,中,④インテント,,20,390.0,12954.0,MEDIUM,未分類,KWP_UrlSeed
24890,セブ qq,EXCLUDE,除外,,,,対象外,不明,,領域語なし（子ども・学習・特性・支援のいずれにも接続しない）,中,④インテント,,10,,,MEDIUM,未分類,KWP_UrlSeed
24903,会話 オンライン,EXCLUDE,除外,,,,対象外,不明,,領域語なし（子ども・学習・特性・支援のいずれにも接続しない）,中,④インテント,,10,,,LOW,サービス探し（家庭教師・塾・支援）,KWP_UrlSeed
24918,英文 質問,EXCLUDE,除外,,,,対象外,不明,,領域語なし（子ども・学習・特性・支援のいずれにも接続しない）,中,④インテント,,40,,,LOW,未分類,KWP_UrlSeed
24942,会話 英文,EXCLUDE,除外,,,,対象外,不明,,領域語なし（子ども・学習・特性・支援のいずれにも接続しない）,中,④インテント,,10,,,LOW,未分類,KWP_UrlSeed
24964,english 日本,EXCLUDE,除外,,,,対象外,不明,,領域語なし（子ども・学習・特性・支援のいずれにも接続しない）,中,④インテント,,10,,,LOW,未分類,KWP_UrlSeed
24998,qq イングリッシュ プラン 変更,EXCLUDE,除外,,,,対象外,不明,,領域語なし（子ども・学習・特性・支援のいずれにも接続しない）,中,④インテント,,10,,,LOW,未分類,KWP_UrlSeed
25068,発音 オンライン,EXCLUDE,除外,,,,対象外,不明,,領域語なし（子ども・学習・特性・支援のいずれにも接続しない）,中,④インテント,,20,424.0,1573.0,MEDIUM,サービス探し（家庭教師・塾・支援）,KWP_UrlSeed
25085,発音 レッスン,EXCLUDE,除外,,,,対象外,不明,,領域語なし（子ども・学習・特性・支援のいずれにも接続しない）,中,④インテント,,20,201.0,933.0,MEDIUM,未分類,KWP_UrlSeed
25209,eigo de game,EXCLUDE,除外,,,,対象外,不明,,領域語なし（子ども・学習・特性・支援のいずれにも接続しない）,中,④インテント,,10,,,LOW,未分類,KWP_UrlSeed
25277,英文 初心者,EXCLUDE,除外,,,,対象外,不明,,領域語なし（子ども・学習・特性・支援のいずれにも接続しない）,中,④インテント,,20,,,LOW,未分類,KWP_UrlSeed
25296,英文 フレーズ,EXCLUDE,除外,,,,対象外,不明,,領域語なし（子ども・学習・特性・支援のいずれにも接続しない）,中,④インテント,,20,,,LOW,未分類,KWP_UrlSeed
25332,レッスン オンライン,EXCLUDE,除外,,,,対象外,不明,,領域語なし（子ども・学習・特性・支援のいずれにも接続しない）,中,④インテント,,880,183.0,639.0,LOW,サービス探し（家庭教師・塾・支援）,KWP_UrlSeed
25408,スピーキング オンライン,EXCLUDE,除外,,,,対象外,不明,,領域語なし（子ども・学習・特性・支援のいずれにも接続しない）,中,④インテント,,320,145.0,442.0,LOW,サービス探し（家庭教師・塾・支援）,KWP_UrlSeed
25497,s lesson,EXCLUDE,除外,,,,対象外,不明,,領域語なし（子ども・学習・特性・支援のいずれにも接続しない）,中,④インテント,,140,152.0,639.0,LOW,未分類,KWP_UrlSeed
25561,おしの,EXCLUDE,除外,,,,対象外,不明,,領域語なし（子ども・学習・特性・支援のいずれにも接続しない）,中,④インテント,,480,,,LOW,未分類,KWP_UrlSeed
25562,とぇい,EXCLUDE,除外,,,,対象外,不明,,領域語なし（子ども・学習・特性・支援のいずれにも接続しない）,中,④インテント,,10,,,LOW,未分類,KWP_UrlSeed
25565,q on q,EXCLUDE,除外,,,,対象外,不明,,領域語なし（子ども・学習・特性・支援のいずれにも接続しない）,中,④インテント,,20,,,LOW,未分類,KWP_UrlSeed
25568,家計 と は わかり やすく,EXCLUDE,除外,,,,対象外,不明,,領域語なし（子ども・学習・特性・支援のいずれにも接続しない）,中,④インテント,,170,,,LOW,特性そのものを調べる（とは・特徴・チェック）,KWP_UrlSeed
26469,ナスコミ,EXCLUDE,除外,,,,対象外,不明,,領域語なし（子ども・学習・特性・支援のいずれにも接続しない）,中,④インテント,,8100,279.0,957.0,LOW,療育・福祉・居場所,KWP_KeywordSeed
27634,wais 対象 年齢,EXCLUDE,除外,,,,対象外,不明,,領域語なし（子ども・学習・特性・支援のいずれにも接続しない）,中,④インテント,,50,,,LOW,比較検討・料金・申込 | 知能検査・検査結果,KWP_KeywordSeed
27647,合理 的 配慮 合わ ない,EXCLUDE,除外,,,,対象外,不明,,領域語なし（子ども・学習・特性・支援のいずれにも接続しない）,中,④インテント,,,,,UNSPECIFIED,合わない・断られた・乗り換え | 合理的配慮・学校との連携,KWP_KeywordSeed
27648,合理 的 配慮 対象 年齢,EXCLUDE,除外,,,,対象外,不明,,領域語なし（子ども・学習・特性・支援のいずれにも接続しない）,中,④インテント,,,,,UNSPECIFIED,比較検討・料金・申込 | 合理的配慮・学校との連携,KWP_KeywordSeed
27979,小論文 コツ,EXCLUDE,除外,,,,対象外,不明,,領域語なし（子ども・学習・特性・支援のいずれにも接続しない）,中,④インテント,,1000,3.0,110.0,LOW,学習のやり方・学習課題,KWP_SiteSeed
28141,dna 顕微鏡,EXCLUDE,除外,,,,対象外,不明,,領域語なし（子ども・学習・特性・支援のいずれにも接続しない）,中,④インテント,,260,,,LOW,未分類,KWP_SiteSeed
28146,new treasure レベル,EXCLUDE,除外,,,,対象外,不明,,領域語なし（子ども・学習・特性・支援のいずれにも接続しない）,中,④インテント,,10,,,LOW,未分類,KWP_SiteSeed
28147,new treasure 対策,EXCLUDE,除外,,,,対象外,不明,,領域語なし（子ども・学習・特性・支援のいずれにも接続しない）,中,④インテント,,10,,,MEDIUM,未分類,KWP_SiteSeed
28355,チャート やり方,EXCLUDE,除外,,,,対象外,不明,,領域語なし（子ども・学習・特性・支援のいずれにも接続しない）,中,④インテント,,90,,,LOW,未分類,KWP_SiteSeed
28358,チャート 解き方,EXCLUDE,除外,,,,対象外,不明,,領域語なし（子ども・学習・特性・支援のいずれにも接続しない）,中,④インテント,,50,,,LOW,未分類,KWP_SiteSeed
28359,チューター オンライン,EXCLUDE,除外,,,,対象外,不明,,領域語なし（子ども・学習・特性・支援のいずれにも接続しない）,中,④インテント,,10,,,HIGH,サービス探し（家庭教師・塾・支援）,KWP_SiteSeed
28365,ニュー トレジャー 暗唱,EXCLUDE,除外,,,,対象外,不明,,領域語なし（子ども・学習・特性・支援のいずれにも接続しない）,中,④インテント,,0,,,UNSPECIFIED,未分類,KWP_SiteSeed
28412,プログラム 必修,EXCLUDE,除外,,,,対象外,不明,,領域語なし（子ども・学習・特性・支援のいずれにも接続しない）,中,④インテント,,10,,,UNSPECIFIED,未分類,KWP_SiteSeed
28431,中古 一貫,EXCLUDE,除外,,,,対象外,不明,,領域語なし（子ども・学習・特性・支援のいずれにも接続しない）,中,④インテント,,10,,,LOW,未分類,KWP_SiteSeed
28589,国立 中高,EXCLUDE,除外,,,,対象外,不明,,領域語なし（子ども・学習・特性・支援のいずれにも接続しない）,中,④インテント,,10,,,LOW,未分類,KWP_SiteSeed
28599,地学 時事,EXCLUDE,除外,,,,対象外,不明,,領域語なし（子ども・学習・特性・支援のいずれにも接続しない）,中,④インテント,,10,,,LOW,未分類,KWP_SiteSeed
28776,小論文 事実,EXCLUDE,除外,,,,対象外,不明,,領域語なし（子ども・学習・特性・支援のいずれにも接続しない）,中,④インテント,,10,,,UNSPECIFIED,未分類,KWP_SiteSeed
28871,板書 プリント,EXCLUDE,除外,,,,対象外,不明,,領域語なし（子ども・学習・特性・支援のいずれにも接続しない）,中,④インテント,,30,,,LOW,学習のやり方・学習課題 | 教材・通信教育,KWP_SiteSeed
28874,楽器 レッスン オンライン,EXCLUDE,除外,,,,対象外,不明,,領域語なし（子ども・学習・特性・支援のいずれにも接続しない）,中,④インテント,,10,,,LOW,サービス探し（家庭教師・塾・支援）,KWP_SiteSeed
28931,神奈川 中高,EXCLUDE,除外,,,,対象外,不明,,領域語なし（子ども・学習・特性・支援のいずれにも接続しない）,中,④インテント,,10,,,LOW,地域・近くで探す,KWP_SiteSeed
28970,算盤 中国,EXCLUDE,除外,,,,対象外,不明,,領域語なし（子ども・学習・特性・支援のいずれにも接続しない）,中,④インテント,,210,,,LOW,習い事・トレーニング,KWP_SiteSeed
29005,講師 応募,EXCLUDE,除外,,,,対象外,不明,,領域語なし（子ども・学習・特性・支援のいずれにも接続しない）,中,④インテント,,10,529.0,1240.0,HIGH,未分類,KWP_SiteSeed
29006,講師 悩み,EXCLUDE,除外,,,,対象外,不明,,領域語なし（子ども・学習・特性・支援のいずれにも接続しない）,中,④インテント,,10,,,LOW,未分類,KWP_SiteSeed
29018,随筆 テーマ,EXCLUDE,除外,,,,対象外,不明,,領域語なし（子ども・学習・特性・支援のいずれにも接続しない）,中,④インテント,,170,,,LOW,未分類,KWP_SiteSeed
29021,随筆 物語,EXCLUDE,除外,,,,対象外,不明,,領域語なし（子ども・学習・特性・支援のいずれにも接続しない）,中,④インテント,,20,,,LOW,未分類,KWP_SiteSeed
29022,随筆 種類,EXCLUDE,除外,,,,対象外,不明,,領域語なし（子ども・学習・特性・支援のいずれにも接続しない）,中,④インテント,,20,,,LOW,特性そのものを調べる（とは・特徴・チェック）,KWP_SiteSeed
29023,随筆 解き方,EXCLUDE,除外,,,,対象外,不明,,領域語なし（子ども・学習・特性・支援のいずれにも接続しない）,中,④インテント,,30,,,LOW,未分類,KWP_SiteSeed
29084,sensay ランナー,EXCLUDE,除外,,,,対象外,不明,,領域語なし（子ども・学習・特性・支援のいずれにも接続しない）,中,④インテント,,10,,,UNSPECIFIED,未分類,KWP_SiteSeed || KWP_CompetitorKeywordSeed
29163,ネッティー,EXCLUDE,除外,,,,対象外,不明,,領域語なし（子ども・学習・特性・支援のいずれにも接続しない）,中,④インテント,,110,217.0,688.0,LOW,療育・福祉・居場所,KWP_SiteSeed
29197,四谷 テキスト,EXCLUDE,除外,,,,対象外,不明,,領域語なし（子ども・学習・特性・支援のいずれにも接続しない）,中,④インテント,,50,,,LOW,未分類,KWP_SiteSeed
29271,併願 とは,EXCLUDE,除外,,,,対象外,不明,,領域語なし（子ども・学習・特性・支援のいずれにも接続しない）,中,④インテント,,140,,,LOW,受験・進路 | 特性そのものを調べる（とは・特徴・チェック）,KWP_SiteSeed
29273,併願 単願,EXCLUDE,除外,,,,対象外,不明,,領域語なし（子ども・学習・特性・支援のいずれにも接続しない）,中,④インテント,,50,,,LOW,受験・進路,KWP_SiteSeed
29274,併願 専願,EXCLUDE,除外,,,,対象外,不明,,領域語なし（子ども・学習・特性・支援のいずれにも接続しない）,中,④インテント,,880,,,LOW,受験・進路,KWP_SiteSeed
29275,併願 神奈川,EXCLUDE,除外,,,,対象外,不明,,領域語なし（子ども・学習・特性・支援のいずれにも接続しない）,中,④インテント,,20,16.0,20.0,LOW,受験・進路 | 地域・近くで探す,KWP_SiteSeed
29289,全日 定時,EXCLUDE,除外,,,,対象外,不明,,領域語なし（子ども・学習・特性・支援のいずれにも接続しない）,中,④インテント,,20,,,LOW,受験・進路,KWP_SiteSeed
29307,北辰 埼玉,EXCLUDE,除外,,,,対象外,不明,,領域語なし（子ども・学習・特性・支援のいずれにも接続しない）,中,④インテント,,50,,,LOW,受験・進路 | 地域・近くで探す,KWP_SiteSeed
29308,北辰 確約,EXCLUDE,除外,,,,対象外,不明,,領域語なし（子ども・学習・特性・支援のいずれにも接続しない）,中,④インテント,,50,,,LOW,受験・進路,KWP_SiteSeed
29309,北辰 結果,EXCLUDE,除外,,,,対象外,不明,,領域語なし（子ども・学習・特性・支援のいずれにも接続しない）,中,④インテント,,1000,,,LOW,受験・進路,KWP_SiteSeed
29315,単願 併願,EXCLUDE,除外,,,,対象外,不明,,領域語なし（子ども・学習・特性・支援のいずれにも接続しない）,中,④インテント,,210,,,LOW,受験・進路,KWP_SiteSeed
29339,地学 難しい,EXCLUDE,除外,,,,対象外,不明,,領域語なし（子ども・学習・特性・支援のいずれにも接続しない）,中,④インテント,,40,,,LOW,未分類,KWP_SiteSeed
29342,埼玉 併願 確約,EXCLUDE,除外,,,,対象外,不明,,領域語なし（子ども・学習・特性・支援のいずれにも接続しない）,中,④インテント,,20,,,LOW,受験・進路 | 地域・近くで探す,KWP_SiteSeed
29346,埼玉 確約,EXCLUDE,除外,,,,対象外,不明,,領域語なし（子ども・学習・特性・支援のいずれにも接続しない）,中,④インテント,,140,,,LOW,受験・進路 | 地域・近くで探す,KWP_SiteSeed
29347,埼玉 確約 一覧,EXCLUDE,除外,,,,対象外,不明,,領域語なし（子ども・学習・特性・支援のいずれにも接続しない）,中,④インテント,,30,,,LOW,受験・進路 | 地域・近くで探す,KWP_SiteSeed
29371,専願 併願 とは,EXCLUDE,除外,,,,対象外,不明,,領域語なし（子ども・学習・特性・支援のいずれにも接続しない）,中,④インテント,,90,,,LOW,受験・進路 | 特性そのものを調べる（とは・特徴・チェック）,KWP_SiteSeed
29440,早稲田 nn,EXCLUDE,除外,,,,対象外,不明,,領域語なし（子ども・学習・特性・支援のいずれにも接続しない）,中,④インテント,,30,51.0,556.0,LOW,未分類,KWP_SiteSeed
29490,理論 無機 有機,EXCLUDE,除外,,,,対象外,不明,,領域語なし（子ども・学習・特性・支援のいずれにも接続しない）,中,④インテント,,30,,,LOW,未分類,KWP_SiteSeed
29492,確約 基準,EXCLUDE,除外,,,,対象外,不明,,領域語なし（子ども・学習・特性・支援のいずれにも接続しない）,中,④インテント,,20,,,LOW,受験・進路,KWP_SiteSeed
29493,確約 埼玉,EXCLUDE,除外,,,,対象外,不明,,領域語なし（子ども・学習・特性・支援のいずれにも接続しない）,中,④インテント,,170,,,LOW,受験・進路 | 地域・近くで探す,KWP_SiteSeed
29497,神奈川 併願,EXCLUDE,除外,,,,対象外,不明,,領域語なし（子ども・学習・特性・支援のいずれにも接続しない）,中,④インテント,,20,17.0,29.0,LOW,受験・進路 | 地域・近くで探す,KWP_SiteSeed
29558,都立 レベル,EXCLUDE,除外,,,,対象外,不明,,領域語なし（子ども・学習・特性・支援のいずれにも接続しない）,中,④インテント,,20,,,LOW,受験・進路,KWP_SiteSeed
29559,都立 併願,EXCLUDE,除外,,,,対象外,不明,,領域語なし（子ども・学習・特性・支援のいずれにも接続しない）,中,④インテント,,140,14.0,20.0,LOW,受験・進路,KWP_SiteSeed
29664,wppsi,EXCLUDE,除外,,,,対象外,不明,,領域語なし（子ども・学習・特性・支援のいずれにも接続しない）,中,④インテント,,880,,,LOW,特性そのものを調べる（とは・特徴・チェック）,KWP_SiteSeed
29679,スヌーズレン,EXCLUDE,除外,,,,対象外,不明,,領域語なし（子ども・学習・特性・支援のいずれにも接続しない）,中,④インテント,,3600,9.0,1974.0,LOW,療育・福祉・居場所,KWP_SiteSeed
29680,aba 行動,EXCLUDE,除外,,,,対象外,不明,,領域語なし（子ども・学習・特性・支援のいずれにも接続しない）,中,④インテント,,30,,,LOW,療育・福祉・居場所,KWP_SiteSeed
29716,psi 低い,EXCLUDE,除外,,,,対象外,不明,,領域語なし（子ども・学習・特性・支援のいずれにも接続しない）,中,④インテント,,50,12.0,396.0,LOW,未分類,KWP_SiteSeed
29722,wais 対策,EXCLUDE,除外,,,,対象外,不明,,領域語なし（子ども・学習・特性・支援のいずれにも接続しない）,中,④インテント,,50,,,LOW,知能検査・検査結果,KWP_SiteSeed
29723,wais 理解,EXCLUDE,除外,,,,対象外,不明,,領域語なし（子ども・学習・特性・支援のいずれにも接続しない）,中,④インテント,,20,,,LOW,知能検査・検査結果,KWP_SiteSeed
29724,wais 知識,EXCLUDE,除外,,,,対象外,不明,,領域語なし（子ども・学習・特性・支援のいずれにも接続しない）,中,④インテント,,40,,,LOW,知能検査・検査結果,KWP_SiteSeed
29740,エスプール 農業,EXCLUDE,除外,,,,対象外,不明,,領域語なし（子ども・学習・特性・支援のいずれにも接続しない）,中,④インテント,,10,,,LOW,未分類,KWP_SiteSeed
29742,ステラ 上飯田,EXCLUDE,除外,,,,対象外,不明,,領域語なし（子ども・学習・特性・支援のいずれにも接続しない）,中,④インテント,,30,,,LOW,未分類,KWP_SiteSeed
29743,ステラ 星ヶ丘,EXCLUDE,除外,,,,対象外,不明,,領域語なし（子ども・学習・特性・支援のいずれにも接続しない）,中,④インテント,,40,,,LOW,未分類,KWP_SiteSeed
29744,ステラ 高畑,EXCLUDE,除外,,,,対象外,不明,,領域語なし（子ども・学習・特性・支援のいずれにも接続しない）,中,④インテント,,20,343.0,1121.0,LOW,未分類,KWP_SiteSeed
29745,スヌーズレン とは,EXCLUDE,除外,,,,対象外,不明,,領域語なし（子ども・学習・特性・支援のいずれにも接続しない）,中,④インテント,,30,,,LOW,療育・福祉・居場所 | 特性そのものを調べる（とは・特徴・チェック）,KWP_SiteSeed
29759,手帳 等級,EXCLUDE,除外,,,,対象外,不明,,領域語なし（子ども・学習・特性・支援のいずれにも接続しない）,中,④インテント,,70,,,LOW,療育・福祉・居場所,KWP_SiteSeed
29780,精神病 手帳 メリット,EXCLUDE,除外,,,,対象外,不明,,領域語なし（子ども・学習・特性・支援のいずれにも接続しない）,中,④インテント,,10,,,LOW,療育・福祉・居場所,KWP_SiteSeed
29788,ココルポート,EXCLUDE,除外,,,,対象外,不明,,領域語なし（子ども・学習・特性・支援のいずれにも接続しない）,中,④インテント,,6600,83.0,424.0,LOW,療育・福祉・居場所,KWP_SiteSeed
29809,リコリタ,EXCLUDE,除外,,,,対象外,不明,,領域語なし（子ども・学習・特性・支援のいずれにも接続しない）,中,④インテント,,590,130.0,341.0,LOW,未分類,KWP_SiteSeed
29810,難聴 仕事,EXCLUDE,除外,,,,対象外,不明,,領域語なし（子ども・学習・特性・支援のいずれにも接続しない）,中,④インテント,,170,105.0,342.0,LOW,保護者の関わり・悩み,KWP_SiteSeed
29818,精神病 仕事 支援,EXCLUDE,除外,,,,対象外,不明,,領域語なし（子ども・学習・特性・支援のいずれにも接続しない）,中,④インテント,,10,,,HIGH,サービス探し（家庭教師・塾・支援） | 保護者の関わり・悩み,KWP_SiteSeed
29824,ココルポート 横浜,EXCLUDE,除外,,,,対象外,不明,,領域語なし（子ども・学習・特性・支援のいずれにも接続しない）,中,④インテント,,170,97.0,532.0,MEDIUM,療育・福祉・居場所 | 地域・近くで探す,KWP_SiteSeed
29825,盲目 仕事,EXCLUDE,除外,,,,対象外,不明,,領域語なし（子ども・学習・特性・支援のいずれにも接続しない）,中,④インテント,,170,30.0,299.0,LOW,保護者の関わり・悩み,KWP_SiteSeed
29828,身障者 仕事,EXCLUDE,除外,,,,対象外,不明,,領域語なし（子ども・学習・特性・支援のいずれにも接続しない）,中,④インテント,,20,80.0,534.0,HIGH,保護者の関わり・悩み,KWP_SiteSeed
29836,ココルポート 川崎,EXCLUDE,除外,,,,対象外,不明,,領域語なし（子ども・学習・特性・支援のいずれにも接続しない）,中,④インテント,,210,81.0,277.0,LOW,療育・福祉・居場所,KWP_SiteSeed
29839,ココルポート 大阪,EXCLUDE,除外,,,,対象外,不明,,領域語なし（子ども・学習・特性・支援のいずれにも接続しない）,中,④インテント,,30,103.0,545.0,MEDIUM,療育・福祉・居場所 | 地域・近くで探す,KWP_SiteSeed
29840,ココルポート 千葉,EXCLUDE,除外,,,,対象外,不明,,領域語なし（子ども・学習・特性・支援のいずれにも接続しない）,中,④インテント,,210,79.0,313.0,LOW,療育・福祉・居場所 | 地域・近くで探す,KWP_SiteSeed
29853,kaien 立川,EXCLUDE,除外,,,,対象外,不明,,領域語なし（子ども・学習・特性・支援のいずれにも接続しない）,中,④インテント,,210,199.0,296.0,LOW,療育・福祉・居場所,KWP_SiteSeed
29871,全盲 仕事,EXCLUDE,除外,,,,対象外,不明,,領域語なし（子ども・学習・特性・支援のいずれにも接続しない）,中,④インテント,,170,24.0,293.0,LOW,保護者の関わり・悩み,KWP_SiteSeed
29886,弱視 仕事,EXCLUDE,除外,,,,対象外,不明,,領域語なし（子ども・学習・特性・支援のいずれにも接続しない）,中,④インテント,,70,8.0,223.0,LOW,保護者の関わり・悩み,KWP_SiteSeed
29950,マナビー 鶴見,EXCLUDE,除外,,,,対象外,不明,,領域語なし（子ども・学習・特性・支援のいずれにも接続しない）,中,④インテント,,20,178.0,314.0,LOW,未分類,KWP_SiteSeed
30058,ウイングル,EXCLUDE,除外,,,,対象外,不明,,領域語なし（子ども・学習・特性・支援のいずれにも接続しない）,中,④インテント,,170,,,LOW,療育・福祉・居場所,KWP_SiteSeed
30064,カイエン 支援,EXCLUDE,除外,,,,対象外,不明,,領域語なし（子ども・学習・特性・支援のいずれにも接続しない）,中,④インテント,,20,187.0,569.0,LOW,サービス探し（家庭教師・塾・支援） | 療育・福祉・居場所,KWP_SiteSeed
30066,クローズ 仕事,EXCLUDE,除外,,,,対象外,不明,,領域語なし（子ども・学習・特性・支援のいずれにも接続しない）,中,④インテント,,50,235.0,485.0,LOW,保護者の関わり・悩み,KWP_SiteSeed
30078,ハビー 大阪,EXCLUDE,除外,,,,対象外,不明,,領域語なし（子ども・学習・特性・支援のいずれにも接続しない）,中,④インテント,,10,,,LOW,地域・近くで探す,KWP_SiteSeed
30080,ピアトーク,EXCLUDE,除外,,,,対象外,不明,,領域語なし（子ども・学習・特性・支援のいずれにも接続しない）,中,④インテント,,30,,,LOW,未分類,KWP_SiteSeed
30081,マナビー 大阪,EXCLUDE,除外,,,,対象外,不明,,領域語なし（子ども・学習・特性・支援のいずれにも接続しない）,中,④インテント,,10,,,MEDIUM,地域・近くで探す,KWP_SiteSeed
30125,切り替え 難しい,EXCLUDE,除外,,,,対象外,不明,,領域語なし（子ども・学習・特性・支援のいずれにも接続しない）,中,④インテント,,10,,,LOW,保護者の関わり・悩み,KWP_SiteSeed
30138,想像力 ない 病気,EXCLUDE,除外,,,,対象外,不明,,領域語なし（子ども・学習・特性・支援のいずれにも接続しない）,中,④インテント,,10,,,LOW,未分類,KWP_SiteSeed
30139,手帳 精神,EXCLUDE,除外,,,,対象外,不明,,領域語なし（子ども・学習・特性・支援のいずれにも接続しない）,中,④インテント,,4400,2.0,251.0,LOW,療育・福祉・居場所,KWP_SiteSeed
30153,鬱 仕事,EXCLUDE,除外,,,,対象外,不明,,領域語なし（子ども・学習・特性・支援のいずれにも接続しない）,中,④インテント,,1600,100.0,410.0,LOW,保護者の関わり・悩み,KWP_SiteSeed
30156,精神病 仕事,EXCLUDE,除外,,,,対象外,不明,,領域語なし（子ども・学習・特性・支援のいずれにも接続しない）,中,④インテント,,140,148.0,531.0,MEDIUM,保護者の関わり・悩み,KWP_SiteSeed
30158,躁鬱 仕事,EXCLUDE,除外,,,,対象外,不明,,領域語なし（子ども・学習・特性・支援のいずれにも接続しない）,中,④インテント,,390,175.0,626.0,LOW,保護者の関わり・悩み,KWP_SiteSeed
30161,大学 辞める,EXCLUDE,除外,,,,対象外,不明,,領域語なし（子ども・学習・特性・支援のいずれにも接続しない）,中,④インテント,,590,160.0,714.0,LOW,受験・進路 | 合わない・断られた・乗り換え,KWP_SiteSeed
30162,仕事 鬱,EXCLUDE,除外,,,,対象外,不明,,領域語なし（子ども・学習・特性・支援のいずれにも接続しない）,中,④インテント,,1600,100.0,410.0,LOW,保護者の関わり・悩み,KWP_SiteSeed
30173,仕事 うつ,EXCLUDE,除外,,,,対象外,不明,,領域語なし（子ども・学習・特性・支援のいずれにも接続しない）,中,④インテント,,260,11.0,348.0,LOW,保護者の関わり・悩み,KWP_SiteSeed
30179,鬱病 手当,EXCLUDE,除外,,,,対象外,不明,,領域語なし（子ども・学習・特性・支援のいずれにも接続しない）,中,④インテント,,170,5.0,270.0,LOW,療育・福祉・居場所,KWP_SiteSeed
30182,大学 辞める その後,EXCLUDE,除外,,,,対象外,不明,,領域語なし（子ども・学習・特性・支援のいずれにも接続しない）,中,④インテント,,20,114.0,468.0,MEDIUM,受験・進路 | 合わない・断られた・乗り換え,KWP_SiteSeed
30192,大学 やめる,EXCLUDE,除外,,,,対象外,不明,,領域語なし（子ども・学習・特性・支援のいずれにも接続しない）,中,④インテント,,590,160.0,714.0,LOW,受験・進路 | 合わない・断られた・乗り換え,KWP_SiteSeed
30194,鬱 支援,EXCLUDE,除外,,,,対象外,不明,,領域語なし（子ども・学習・特性・支援のいずれにも接続しない）,中,④インテント,,30,108.0,319.0,MEDIUM,サービス探し（家庭教師・塾・支援）,KWP_SiteSeed
30199,鬱 仕事 休む,EXCLUDE,除外,,,,対象外,不明,,領域語なし（子ども・学習・特性・支援のいずれにも接続しない）,中,④インテント,,210,7.0,351.0,LOW,保護者の関わり・悩み,KWP_SiteSeed
30202,鬱 手当,EXCLUDE,除外,,,,対象外,不明,,領域語なし（子ども・学習・特性・支援のいずれにも接続しない）,中,④インテント,,170,4.0,280.0,LOW,療育・福祉・居場所,KWP_SiteSeed
30208,鬱 ハローワーク,EXCLUDE,除外,,,,対象外,不明,,領域語なし（子ども・学習・特性・支援のいずれにも接続しない）,中,④インテント,,40,234.0,852.0,LOW,療育・福祉・居場所,KWP_SiteSeed
30239,うつ ハローワーク,EXCLUDE,除外,,,,対象外,不明,,領域語なし（子ども・学習・特性・支援のいずれにも接続しない）,中,④インテント,,20,,,LOW,療育・福祉・居場所,KWP_SiteSeed
30370,wais 適職,EXCLUDE,除外,,,,対象外,不明,,領域語なし（子ども・学習・特性・支援のいずれにも接続しない）,中,④インテント,,20,,,LOW,保護者の関わり・悩み | 知能検査・検査結果,KWP_SiteSeed
30372,うつ お金,EXCLUDE,除外,,,,対象外,不明,,領域語なし（子ども・学習・特性・支援のいずれにも接続しない）,中,④インテント,,20,,,LOW,特性そのものを調べる（とは・特徴・チェック）,KWP_SiteSeed
30373,うつ しんどい 仕事,EXCLUDE,除外,,,,対象外,不明,,領域語なし（子ども・学習・特性・支援のいずれにも接続しない）,中,④インテント,,10,,,MEDIUM,保護者の関わり・悩み,KWP_SiteSeed
30374,うつ 仕事 ミス,EXCLUDE,除外,,,,対象外,不明,,領域語なし（子ども・学習・特性・支援のいずれにも接続しない）,中,④インテント,,10,,,LOW,保護者の関わり・悩み,KWP_SiteSeed
30376,うつ 波 仕事,EXCLUDE,除外,,,,対象外,不明,,領域語なし（子ども・学習・特性・支援のいずれにも接続しない）,中,④インテント,,10,,,UNSPECIFIED,保護者の関わり・悩み,KWP_SiteSeed
30378,うつ 退職 その後,EXCLUDE,除外,,,,対象外,不明,,領域語なし（子ども・学習・特性・支援のいずれにも接続しない）,中,④インテント,,10,,,LOW,大人・大学生（本人）,KWP_SiteSeed
30425,ストレス 鬱 仕事,EXCLUDE,除外,,,,対象外,不明,,領域語なし（子ども・学習・特性・支援のいずれにも接続しない）,中,④インテント,,10,,,LOW,保護者の関わり・悩み,KWP_SiteSeed
30428,ハローワーク うつ,EXCLUDE,除外,,,,対象外,不明,,領域語なし（子ども・学習・特性・支援のいずれにも接続しない）,中,④インテント,,20,,,LOW,療育・福祉・居場所,KWP_SiteSeed
30433,中卒 大学,EXCLUDE,除外,,,,対象外,不明,,領域語なし（子ども・学習・特性・支援のいずれにも接続しない）,中,④インテント,,260,170.0,397.0,LOW,受験・進路,KWP_SiteSeed
30445,仕事 ミス うつ,EXCLUDE,除外,,,,対象外,不明,,領域語なし（子ども・学習・特性・支援のいずれにも接続しない）,中,④インテント,,10,,,LOW,保護者の関わり・悩み,KWP_SiteSeed
30446,仕事 メンタル 病む,EXCLUDE,除外,,,,対象外,不明,,領域語なし（子ども・学習・特性・支援のいずれにも接続しない）,中,④インテント,,10,,,LOW,保護者の関わり・悩み,KWP_SiteSeed
30447,仕事 失敗 うつ,EXCLUDE,除外,,,,対象外,不明,,領域語なし（子ども・学習・特性・支援のいずれにも接続しない）,中,④インテント,,10,,,LOW,比較検討・料金・申込 | 保護者の関わり・悩み,KWP_SiteSeed
30448,仕事 失敗 鬱,EXCLUDE,除外,,,,対象外,不明,,領域語なし（子ども・学習・特性・支援のいずれにも接続しない）,中,④インテント,,20,,,LOW,比較検討・料金・申込 | 保護者の関わり・悩み,KWP_SiteSeed
30449,仕事 行き詰まり うつ,EXCLUDE,除外,,,,対象外,不明,,領域語なし（子ども・学習・特性・支援のいずれにも接続しない）,中,④インテント,,10,,,UNSPECIFIED,保護者の関わり・悩み,KWP_SiteSeed
30450,仕事 躁鬱,EXCLUDE,除外,,,,対象外,不明,,領域語なし（子ども・学習・特性・支援のいずれにも接続しない）,中,④インテント,,390,175.0,626.0,LOW,保護者の関わり・悩み,KWP_SiteSeed
30451,仕事 鬱 症状,EXCLUDE,除外,,,,対象外,不明,,領域語なし（子ども・学習・特性・支援のいずれにも接続しない）,中,④インテント,,320,5.0,288.0,LOW,保護者の関わり・悩み | 特性そのものを調べる（とは・特徴・チェック）,KWP_SiteSeed
30453,休職 目安,EXCLUDE,除外,,,,対象外,不明,,領域語なし（子ども・学習・特性・支援のいずれにも接続しない）,中,④インテント,,90,17.0,260.0,LOW,大人・大学生（本人）,KWP_SiteSeed
30483,大学 やめた,EXCLUDE,除外,,,,対象外,不明,,領域語なし（子ども・学習・特性・支援のいずれにも接続しない）,中,④インテント,,30,163.0,430.0,LOW,受験・進路 | 合わない・断られた・乗り換え,KWP_SiteSeed
30484,大学 中卒,EXCLUDE,除外,,,,対象外,不明,,領域語なし（子ども・学習・特性・支援のいずれにも接続しない）,中,④インテント,,260,170.0,397.0,LOW,受験・進路,KWP_SiteSeed
30485,大学 辞める メリット,EXCLUDE,除外,,,,対象外,不明,,領域語なし（子ども・学習・特性・支援のいずれにも接続しない）,中,④インテント,,10,288.0,1855.0,MEDIUM,受験・進路 | 合わない・断られた・乗り換え,KWP_SiteSeed
30486,大学 面接 コツ,EXCLUDE,除外,,,,対象外,不明,,領域語なし（子ども・学習・特性・支援のいずれにも接続しない）,中,④インテント,,140,,,LOW,学習のやり方・学習課題 | 受験・進路,KWP_SiteSeed
30487,大学 面接 ポイント,EXCLUDE,除外,,,,対象外,不明,,領域語なし（子ども・学習・特性・支援のいずれにも接続しない）,中,④インテント,,40,,,LOW,受験・進路,KWP_SiteSeed
30488,大学 面接 服,EXCLUDE,除外,,,,対象外,不明,,領域語なし（子ども・学習・特性・支援のいずれにも接続しない）,中,④インテント,,10,,,LOW,受験・進路,KWP_SiteSeed
30489,大学 面接 服装,EXCLUDE,除外,,,,対象外,不明,,領域語なし（子ども・学習・特性・支援のいずれにも接続しない）,中,④インテント,,880,2.0,6.0,LOW,受験・進路,KWP_SiteSeed
30490,大学 面接 服装 スーツ,EXCLUDE,除外,,,,対象外,不明,,領域語なし（子ども・学習・特性・支援のいずれにも接続しない）,中,④インテント,,20,,,LOW,受験・進路,KWP_SiteSeed
30491,大学 面接 格好,EXCLUDE,除外,,,,対象外,不明,,領域語なし（子ども・学習・特性・支援のいずれにも接続しない）,中,④インテント,,30,,,LOW,受験・進路,KWP_SiteSeed
30492,大学 面接 準備,EXCLUDE,除外,,,,対象外,不明,,領域語なし（子ども・学習・特性・支援のいずれにも接続しない）,中,④インテント,,20,,,LOW,受験・進路,KWP_SiteSeed
30493,大学 面談 服装,EXCLUDE,除外,,,,対象外,不明,,領域語なし（子ども・学習・特性・支援のいずれにも接続しない）,中,④インテント,,30,,,LOW,比較検討・料金・申込 | 受験・進路,KWP_SiteSeed
30516,幻聴 仕事,EXCLUDE,除外,,,,対象外,不明,,領域語なし（子ども・学習・特性・支援のいずれにも接続しない）,中,④インテント,,10,,,LOW,保護者の関わり・悩み,KWP_SiteSeed
30518,復職 心構え,EXCLUDE,除外,,,,対象外,不明,,領域語なし（子ども・学習・特性・支援のいずれにも接続しない）,中,④インテント,,10,,,LOW,未分類,KWP_SiteSeed
30520,手帳 カード,EXCLUDE,除外,,,,対象外,不明,,領域語なし（子ども・学習・特性・支援のいずれにも接続しない）,中,④インテント,,110,,,MEDIUM,療育・福祉・居場所,KWP_SiteSeed
30521,手帳 割引,EXCLUDE,除外,,,,対象外,不明,,領域語なし（子ども・学習・特性・支援のいずれにも接続しない）,中,④インテント,,170,,,LOW,比較検討・料金・申込 | 療育・福祉・居場所,KWP_SiteSeed
30522,手帳 返納,EXCLUDE,除外,,,,対象外,不明,,領域語なし（子ども・学習・特性・支援のいずれにも接続しない）,中,④インテント,,30,,,LOW,療育・福祉・居場所,KWP_SiteSeed
30567,躁鬱 仕事 休む,EXCLUDE,除外,,,,対象外,不明,,領域語なし（子ども・学習・特性・支援のいずれにも接続しない）,中,④インテント,,30,,,LOW,保護者の関わり・悩み,KWP_SiteSeed
30568,躁鬱 仕事 辞める,EXCLUDE,除外,,,,対象外,不明,,領域語なし（子ども・学習・特性・支援のいずれにも接続しない）,中,④インテント,,20,,,LOW,保護者の関わり・悩み | 合わない・断られた・乗り換え,KWP_SiteSeed
30569,躁鬱 会社,EXCLUDE,除外,,,,対象外,不明,,領域語なし（子ども・学習・特性・支援のいずれにも接続しない）,中,④インテント,,10,,,LOW,未分類,KWP_SiteSeed
30571,躁鬱 退職,EXCLUDE,除外,,,,対象外,不明,,領域語なし（子ども・学習・特性・支援のいずれにも接続しない）,中,④インテント,,20,,,LOW,大人・大学生（本人）,KWP_SiteSeed
30584,退学 その後,EXCLUDE,除外,,,,対象外,不明,,領域語なし（子ども・学習・特性・支援のいずれにも接続しない）,中,④インテント,,10,,,LOW,受験・進路,KWP_SiteSeed
30586,退学 転校,EXCLUDE,除外,,,,対象外,不明,,領域語なし（子ども・学習・特性・支援のいずれにも接続しない）,中,④インテント,,30,99.0,235.0,LOW,受験・進路 | 学級・学校の移行・転籍,KWP_SiteSeed
30594,面接 コツ 大学,EXCLUDE,除外,,,,対象外,不明,,領域語なし（子ども・学習・特性・支援のいずれにも接続しない）,中,④インテント,,140,,,LOW,学習のやり方・学習課題 | 受験・進路,KWP_SiteSeed
30596,面接 大学 服装,EXCLUDE,除外,,,,対象外,不明,,領域語なし（子ども・学習・特性・支援のいずれにも接続しない）,中,④インテント,,20,,,LOW,受験・進路,KWP_SiteSeed
30598,面接 服装 大学,EXCLUDE,除外,,,,対象外,不明,,領域語なし（子ども・学習・特性・支援のいずれにも接続しない）,中,④インテント,,30,,,LOW,受験・進路,KWP_SiteSeed
30628,鬱 お金,EXCLUDE,除外,,,,対象外,不明,,領域語なし（子ども・学習・特性・支援のいずれにも接続しない）,中,④インテント,,50,,,LOW,未分類,KWP_SiteSeed
30629,鬱 しんどい 仕事,EXCLUDE,除外,,,,対象外,不明,,領域語なし（子ども・学習・特性・支援のいずれにも接続しない）,中,④インテント,,10,,,LOW,保護者の関わり・悩み,KWP_SiteSeed
30630,鬱 仕事 症状,EXCLUDE,除外,,,,対象外,不明,,領域語なし（子ども・学習・特性・支援のいずれにも接続しない）,中,④インテント,,10,,,LOW,保護者の関わり・悩み | 特性そのものを調べる（とは・特徴・チェック）,KWP_SiteSeed
30631,鬱 休み,EXCLUDE,除外,,,,対象外,不明,,領域語なし（子ども・学習・特性・支援のいずれにも接続しない）,中,④インテント,,20,,,LOW,未分類,KWP_SiteSeed
30632,鬱 働ける,EXCLUDE,除外,,,,対象外,不明,,領域語なし（子ども・学習・特性・支援のいずれにも接続しない）,中,④インテント,,40,134.0,827.0,LOW,未分類,KWP_SiteSeed
30633,鬱 再発 仕事,EXCLUDE,除外,,,,対象外,不明,,領域語なし（子ども・学習・特性・支援のいずれにも接続しない）,中,④インテント,,40,,,LOW,保護者の関わり・悩み,KWP_SiteSeed
30636,鬱 生活費,EXCLUDE,除外,,,,対象外,不明,,領域語なし（子ども・学習・特性・支援のいずれにも接続しない）,中,④インテント,,10,,,LOW,未分類,KWP_SiteSeed
30637,鬱 症状 仕事,EXCLUDE,除外,,,,対象外,不明,,領域語なし（子ども・学習・特性・支援のいずれにも接続しない）,中,④インテント,,320,5.0,288.0,LOW,保護者の関わり・悩み | 特性そのものを調べる（とは・特徴・チェック）,KWP_SiteSeed
30638,鬱 退職 その後,EXCLUDE,除外,,,,対象外,不明,,領域語なし（子ども・学習・特性・支援のいずれにも接続しない）,中,④インテント,,50,7.0,443.0,LOW,大人・大学生（本人）,KWP_SiteSeed
30801,トリプラウ,EXCLUDE,除外,,,,対象外,不明,,領域語なし（子ども・学習・特性・支援のいずれにも接続しない）,中,④インテント,,320,194.0,1485.0,LOW,未分類,KWP_CompetitorKeywordSeed
30884,タイヤ カキ マゼール セット,EXCLUDE,除外,,,,対象外,不明,,領域語なし（子ども・学習・特性・支援のいずれにも接続しない）,中,④インテント,,10,,,LOW,未分類,KWP_CompetitorKeywordSeed
32213,あふ なろ,EXCLUDE,除外,,,,対象外,不明,,領域語なし（子ども・学習・特性・支援のいずれにも接続しない）,中,④インテント,,10,,,LOW,未分類,KWP_CompetitorKeywordSeed
32290,ヒノキ アスナロ アスナロ 違い,EXCLUDE,除外,,,,対象外,不明,,領域語なし（子ども・学習・特性・支援のいずれにも接続しない）,中,④インテント,,20,,,LOW,比較検討・料金・申込 | 特性そのものを調べる（とは・特徴・チェック）,KWP_CompetitorKeywordSeed
32470,の ー ばす,EXCLUDE,除外,,,,対象外,不明,,領域語なし（子ども・学習・特性・支援のいずれにも接続しない）,中,④インテント,,10,,,HIGH,未分類,KWP_CompetitorKeywordSeed
33213,が っ けん のか てい きょうし,EXCLUDE,除外,,,,対象外,不明,,領域語なし（子ども・学習・特性・支援のいずれにも接続しない）,中,④インテント,,10,,,UNSPECIFIED,未分類,KWP_CompetitorKeywordSeed
34112,プロ グリット 1 ヶ月,EXCLUDE,除外,,,,対象外,不明,,領域語なし（子ども・学習・特性・支援のいずれにも接続しない）,中,④インテント,,10,429.0,1007.0,MEDIUM,未分類,KWP_CompetitorKeywordSeed
35118,gyptone big quattro 44,EXCLUDE,除外,,,,対象外,不明,,領域語なし（子ども・学習・特性・支援のいずれにも接続しない）,中,④インテント,,,,,UNSPECIFIED,未分類,KWP_CompetitorKeywordSeed
35127,ridurit 20 mm,EXCLUDE,除外,,,,対象外,不明,,領域語なし（子ども・学習・特性・支援のいずれにも接続しない）,中,④インテント,,,,,UNSPECIFIED,未分類,KWP_CompetitorKeywordSeed
35128,rigidur e25,EXCLUDE,除外,,,,対象外,不明,,領域語なし（子ども・学習・特性・支援のいずれにも接続しない）,中,④インテント,,0,,,UNSPECIFIED,未分類,KWP_CompetitorKeywordSeed
35129,rigidur nature line,EXCLUDE,除外,,,,対象外,不明,,領域語なし（子ども・学習・特性・支援のいずれにも接続しない）,中,④インテント,,,,,UNSPECIFIED,未分類,KWP_CompetitorKeywordSeed
35130,rigiprofil ud,EXCLUDE,除外,,,,対象外,不明,,領域語なし（子ども・学習・特性・支援のいずれにも接続しない）,中,④インテント,,,,,UNSPECIFIED,未分類,KWP_CompetitorKeywordSeed
35131,rikombi,EXCLUDE,除外,,,,対象外,不明,,領域語なし（子ども・学習・特性・支援のいずれにも接続しない）,中,④インテント,,10,,,UNSPECIFIED,未分類,KWP_CompetitorKeywordSeed
35132,rikombi grund,EXCLUDE,除外,,,,対象外,不明,,領域語なし（子ども・学習・特性・支援のいずれにも接続しない）,中,④インテント,,0,,,UNSPECIFIED,未分類,KWP_CompetitorKeywordSeed
35318,リ バランサー,EXCLUDE,除外,,,,対象外,不明,,領域語なし（子ども・学習・特性・支援のいずれにも接続しない）,中,④インテント,,10,,,LOW,未分類,KWP_CompetitorKeywordSeed
35342,レ バランス,EXCLUDE,除外,,,,対象外,不明,,領域語なし（子ども・学習・特性・支援のいずれにも接続しない）,中,④インテント,,210,,,LOW,未分類,KWP_CompetitorKeywordSeed
35343,レ バランス と は,EXCLUDE,除外,,,,対象外,不明,,領域語なし（子ども・学習・特性・支援のいずれにも接続しない）,中,④インテント,,20,,,LOW,特性そのものを調べる（とは・特徴・チェック）,KWP_CompetitorKeywordSeed
35503,スパ ライダ プレ ステップ,EXCLUDE,除外,,,,対象外,不明,,領域語なし（子ども・学習・特性・支援のいずれにも接続しない）,中,④インテント,,30,,,MEDIUM,未分類,KWP_CompetitorKeywordSeed
35504,スパライダ プレ ステップ,EXCLUDE,除外,,,,対象外,不明,,領域語なし（子ども・学習・特性・支援のいずれにも接続しない）,中,④インテント,,10,,,LOW,未分類,KWP_CompetitorKeywordSeed
36108,めい こうぎ,EXCLUDE,除外,,,,対象外,不明,,領域語なし（子ども・学習・特性・支援のいずれにも接続しない）,中,④インテント,,20,200.0,685.0,MEDIUM,未分類,KWP_CompetitorKeywordSeed
36126,http www meikogijuku jp,EXCLUDE,除外,,,,対象外,不明,,領域語なし（子ども・学習・特性・支援のいずれにも接続しない）,中,④インテント,,10,,,UNSPECIFIED,未分類,KWP_CompetitorKeywordSeed
36128,meikomuse,EXCLUDE,除外,,,,対象外,不明,,領域語なし（子ども・学習・特性・支援のいずれにも接続しない）,中,④インテント,,20,199.0,1140.0,LOW,未分類,KWP_CompetitorKeywordSeed
37137,とうきょう こ べつ,EXCLUDE,除外,,,,対象外,不明,,領域語なし（子ども・学習・特性・支援のいずれにも接続しない）,中,④インテント,,10,,,HIGH,未分類,KWP_CompetitorKeywordSeed
37319,tkg ベネッセ,EXCLUDE,除外,,,,対象外,不明,,領域語なし（子ども・学習・特性・支援のいずれにも接続しない）,中,④インテント,,10,,,LOW,ブランド・指名検索,KWP_CompetitorKeywordSeed
37335,ベネッセ tkg,EXCLUDE,除外,,,,対象外,不明,,領域語なし（子ども・学習・特性・支援のいずれにも接続しない）,中,④インテント,,10,,,LOW,ブランド・指名検索,KWP_CompetitorKeywordSeed
37416,英才 新馬場,EXCLUDE,除外,,,,対象外,不明,,領域語なし（子ども・学習・特性・支援のいずれにも接続しない）,中,④インテント,,20,,,LOW,ブランド・指名検索,KWP_CompetitorKeywordSeed
37417,英才 東 長崎,EXCLUDE,除外,,,,対象外,不明,,領域語なし（子ども・学習・特性・支援のいずれにも接続しない）,中,④インテント,,40,,,LOW,ブランド・指名検索,KWP_CompetitorKeywordSeed
37526,ways 明大前,EXCLUDE,除外,,,,対象外,不明,,領域語なし（子ども・学習・特性・支援のいずれにも接続しない）,中,④インテント,,50,96.0,366.0,LOW,未分類,KWP_CompetitorKeywordSeed
37558,イクシード 御嶽 山,EXCLUDE,除外,,,,対象外,不明,,領域語なし（子ども・学習・特性・支援のいずれにも接続しない）,中,④インテント,,50,132.0,445.0,MEDIUM,未分類,KWP_CompetitorKeywordSeed
37580,イクシード 武蔵 新 田,EXCLUDE,除外,,,,対象外,不明,,領域語なし（子ども・学習・特性・支援のいずれにも接続しない）,中,④インテント,,20,100.0,321.0,LOW,未分類,KWP_CompetitorKeywordSeed
37621,イクシード 雑色,EXCLUDE,除外,,,,対象外,不明,,領域語なし（子ども・学習・特性・支援のいずれにも接続しない）,中,④インテント,,30,137.0,501.0,MEDIUM,未分類,KWP_CompetitorKeywordSeed
37641,g papils 葛西,EXCLUDE,除外,,,,対象外,不明,,領域語なし（子ども・学習・特性・支援のいずれにも接続しない）,中,④インテント,,10,,,UNSPECIFIED,未分類,KWP_CompetitorKeywordSeed
37643,tkg カリキュラム,EXCLUDE,除外,,,,対象外,不明,,領域語なし（子ども・学習・特性・支援のいずれにも接続しない）,中,④インテント,,10,,,LOW,未分類,KWP_CompetitorKeywordSeed
37646,イクシード 梅屋敷,EXCLUDE,除外,,,,対象外,不明,,領域語なし（子ども・学習・特性・支援のいずれにも接続しない）,中,④インテント,,30,188.0,557.0,LOW,未分類,KWP_CompetitorKeywordSeed
37647,イクシード 石川台,EXCLUDE,除外,,,,対象外,不明,,領域語なし（子ども・学習・特性・支援のいずれにも接続しない）,中,④インテント,,30,138.0,1635.0,LOW,未分類,KWP_CompetitorKeywordSeed
37648,イクシード 糀谷,EXCLUDE,除外,,,,対象外,不明,,領域語なし（子ども・学習・特性・支援のいずれにも接続しない）,中,④インテント,,30,187.0,435.0,MEDIUM,未分類,KWP_CompetitorKeywordSeed
37649,イクシード 糀谷 校,EXCLUDE,除外,,,,対象外,不明,,領域語なし（子ども・学習・特性・支援のいずれにも接続しない）,中,④インテント,,10,128.0,439.0,MEDIUM,未分類,KWP_CompetitorKeywordSeed
37650,エクセル シア 竹ノ塚 校,EXCLUDE,除外,,,,対象外,不明,,領域語なし（子ども・学習・特性・支援のいずれにも接続しない）,中,④インテント,,10,,,UNSPECIFIED,未分類,KWP_CompetitorKeywordSeed
37651,キュービック 雑色 校,EXCLUDE,除外,,,,対象外,不明,,領域語なし（子ども・学習・特性・支援のいずれにも接続しない）,中,④インテント,,30,,,LOW,未分類,KWP_CompetitorKeywordSeed
37666,スター ディア 両国 校,EXCLUDE,除外,,,,対象外,不明,,領域語なし（子ども・学習・特性・支援のいずれにも接続しない）,中,④インテント,,90,,,LOW,未分類,KWP_CompetitorKeywordSeed
37667,スター ディア 清澄 白河 校,EXCLUDE,除外,,,,対象外,不明,,領域語なし（子ども・学習・特性・支援のいずれにも接続しない）,中,④インテント,,170,,,LOW,未分類,KWP_CompetitorKeywordSeed
37668,テスティー 繁田,EXCLUDE,除外,,,,対象外,不明,,領域語なし（子ども・学習・特性・支援のいずれにも接続しない）,中,④インテント,,10,,,LOW,未分類,KWP_CompetitorKeywordSeed
37675,フィオネス 国立,EXCLUDE,除外,,,,対象外,不明,,領域語なし（子ども・学習・特性・支援のいずれにも接続しない）,中,④インテント,,10,,,UNSPECIFIED,未分類,KWP_CompetitorKeywordSeed
37680,マイラーン,EXCLUDE,除外,,,,対象外,不明,,領域語なし（子ども・学習・特性・支援のいずれにも接続しない）,中,④インテント,,10,,,UNSPECIFIED,未分類,KWP_CompetitorKeywordSeed
37768,東京 指導,EXCLUDE,除外,,,,対象外,不明,,領域語なし（子ども・学習・特性・支援のいずれにも接続しない）,中,④インテント,,10,,,LOW,地域・近くで探す,KWP_CompetitorKeywordSeed
38439,suku ru ie,EXCLUDE,除外,,,,対象外,不明,,領域語なし（子ども・学習・特性・支援のいずれにも接続しない）,中,④インテント,,10,,,UNSPECIFIED,未分類,KWP_CompetitorKeywordSeed
38476,スイッチ ie,EXCLUDE,除外,,,,対象外,不明,,領域語なし（子ども・学習・特性・支援のいずれにも接続しない）,中,④インテント,,10,99.0,310.0,MEDIUM,未分類,KWP_CompetitorKeywordSeed
38478,スク ル ie,EXCLUDE,除外,,,,対象外,不明,,領域語なし（子ども・学習・特性・支援のいずれにも接続しない）,中,④インテント,,10,148.0,335.0,MEDIUM,未分類,KWP_CompetitorKeywordSeed
39120,なび こ べつ,EXCLUDE,除外,,,,対象外,不明,,領域語なし（子ども・学習・特性・支援のいずれにも接続しない）,中,④インテント,,10,,,MEDIUM,未分類,KWP_CompetitorKeywordSeed
39381,ナビスタ テキスト,EXCLUDE,除外,,,,対象外,不明,,領域語なし（子ども・学習・特性・支援のいずれにも接続しない）,中,④インテント,,10,,,LOW,未分類,KWP_CompetitorKeywordSeed
39479,ナビ 個人 指導,EXCLUDE,除外,,,,対象外,不明,,領域語なし（子ども・学習・特性・支援のいずれにも接続しない）,中,④インテント,,10,,,LOW,未分類,KWP_CompetitorKeywordSeed
39485,ナビ 指導,EXCLUDE,除外,,,,対象外,不明,,領域語なし（子ども・学習・特性・支援のいずれにも接続しない）,中,④インテント,,10,,,MEDIUM,未分類,KWP_CompetitorKeywordSeed
39547,vis a vis クーポン,EXCLUDE,除外,,,,対象外,不明,,領域語なし（子ども・学習・特性・支援のいずれにも接続しない）,中,④インテント,,10,,,UNSPECIFIED,未分類,KWP_CompetitorKeywordSeed
39549,vis a vis ワンピース,EXCLUDE,除外,,,,対象外,不明,,領域語なし（子ども・学習・特性・支援のいずれにも接続しない）,中,④インテント,,10,,,LOW,未分類,KWP_CompetitorKeywordSeed
39551,vis a vis 服,EXCLUDE,除外,,,,対象外,不明,,領域語なし（子ども・学習・特性・支援のいずれにも接続しない）,中,④インテント,,40,,,LOW,未分類,KWP_CompetitorKeywordSeed
39552,vis a vis 楽天,EXCLUDE,除外,,,,対象外,不明,,領域語なし（子ども・学習・特性・支援のいずれにも接続しない）,中,④インテント,,10,,,UNSPECIFIED,未分類,KWP_CompetitorKeywordSeed
39553,vis a vis 通販,EXCLUDE,除外,,,,対象外,不明,,領域語なし（子ども・学習・特性・支援のいずれにも接続しない）,中,④インテント,,10,,,UNSPECIFIED,未分類,KWP_CompetitorKeywordSeed
39554,vis a vis 高橋 愛,EXCLUDE,除外,,,,対象外,不明,,領域語なし（子ども・学習・特性・支援のいずれにも接続しない）,中,④インテント,,10,,,UNSPECIFIED,未分類,KWP_CompetitorKeywordSeed
39557,ビサビ 土井,EXCLUDE,除外,,,,対象外,不明,,領域語なし（子ども・学習・特性・支援のいずれにも接続しない）,中,④インテント,,40,,,LOW,未分類,KWP_CompetitorKeywordSeed
39558,ビサビ 服,EXCLUDE,除外,,,,対象外,不明,,領域語なし（子ども・学習・特性・支援のいずれにも接続しない）,中,④インテント,,10,,,UNSPECIFIED,未分類,KWP_CompetitorKeywordSeed
39559,ビサビ 通販,EXCLUDE,除外,,,,対象外,不明,,領域語なし（子ども・学習・特性・支援のいずれにも接続しない）,中,④インテント,,10,,,UNSPECIFIED,未分類,KWP_CompetitorKeywordSeed
39573,ヴィスアヴィス,EXCLUDE,除外,,,,対象外,不明,,領域語なし（子ども・学習・特性・支援のいずれにも接続しない）,中,④インテント,,40,3.0,21.0,LOW,未分類,KWP_CompetitorKeywordSeed
39674,栄光 の ビサビ,EXCLUDE,除外,,,,対象外,不明,,領域語なし（子ども・学習・特性・支援のいずれにも接続しない）,中,④インテント,,20,333.0,1807.0,MEDIUM,ブランド・指名検索,KWP_CompetitorKeywordSeed
40145,創 学舎 おおたか の 森,EXCLUDE,除外,,,,対象外,不明,,領域語なし（子ども・学習・特性・支援のいずれにも接続しない）,中,④インテント,,110,112.0,430.0,MEDIUM,未分類,KWP_CompetitorKeywordSeed
40260,学び の 森 j studio 二日市 校,EXCLUDE,除外,,,,対象外,不明,,領域語なし（子ども・学習・特性・支援のいずれにも接続しない）,中,④インテント,,90,82.0,381.0,LOW,未分類,KWP_CompetitorKeywordSeed
40298,みすず 学苑 上野 校,EXCLUDE,除外,,,,対象外,不明,,領域語なし（子ども・学習・特性・支援のいずれにも接続しない）,中,④インテント,,10,,,MEDIUM,未分類,KWP_CompetitorKeywordSeed
40303,モリジュク,EXCLUDE,除外,,,,対象外,不明,,領域語なし（子ども・学習・特性・支援のいずれにも接続しない）,中,④インテント,,10,,,LOW,未分類,KWP_CompetitorKeywordSeed
40313,学び の 森 j スタジオ,EXCLUDE,除外,,,,対象外,不明,,領域語なし（子ども・学習・特性・支援のいずれにも接続しない）,中,④インテント,,10,,,LOW,未分類,KWP_CompetitorKeywordSeed
40659,トマス による 福音書,EXCLUDE,除外,,,,対象外,不明,,領域語なし（子ども・学習・特性・支援のいずれにも接続しない）,中,④インテント,,170,,,LOW,未分類,KWP_CompetitorKeywordSeed
40660,トマス の 福音書,EXCLUDE,除外,,,,対象外,不明,,領域語なし（子ども・学習・特性・支援のいずれにも接続しない）,中,④インテント,,210,,,LOW,未分類,KWP_CompetitorKeywordSeed
40661,トマス 福音書,EXCLUDE,除外,,,,対象外,不明,,領域語なし（子ども・学習・特性・支援のいずれにも接続しない）,中,④インテント,,210,,,LOW,未分類,KWP_CompetitorKeywordSeed
40662,トマス 聖書,EXCLUDE,除外,,,,対象外,不明,,領域語なし（子ども・学習・特性・支援のいずれにも接続しない）,中,④インテント,,50,,,LOW,未分類,KWP_CompetitorKeywordSeed
40796,夏 だけ 武田,EXCLUDE,除外,,,,対象外,不明,,領域語なし（子ども・学習・特性・支援のいずれにも接続しない）,中,④インテント,,90,179.0,574.0,MEDIUM,未分類,KWP_CompetitorKeywordSeed
40969,かけこみ タケダ,EXCLUDE,除外,,,,対象外,不明,,領域語なし（子ども・学習・特性・支援のいずれにも接続しない）,中,④インテント,,40,,,MEDIUM,未分類,KWP_CompetitorKeywordSeed
40975,たげ だ じゅ く,EXCLUDE,除外,,,,対象外,不明,,領域語なし（子ども・学習・特性・支援のいずれにも接続しない）,中,④インテント,,10,,,UNSPECIFIED,未分類,KWP_CompetitorKeywordSeed
41232,武田 御茶ノ水,EXCLUDE,除外,,,,対象外,不明,,領域語なし（子ども・学習・特性・支援のいずれにも接続しない）,中,④インテント,,10,,,LOW,未分類,KWP_CompetitorKeywordSeed
41711,けいし ん すく ー る わん,EXCLUDE,除外,,,,対象外,不明,,領域語なし（子ども・学習・特性・支援のいずれにも接続しない）,中,④インテント,,10,,,MEDIUM,未分類,KWP_CompetitorKeywordSeed
41728,きょうし ん すく ー る,EXCLUDE,除外,,,,対象外,不明,,領域語なし（子ども・学習・特性・支援のいずれにも接続しない）,中,④インテント,,10,,,HIGH,未分類,KWP_CompetitorKeywordSeed
42156,best one ピンク レディー,EXCLUDE,除外,,,,対象外,不明,,領域語なし（子ども・学習・特性・支援のいずれにも接続しない）,中,④インテント,,10,,,LOW,未分類,KWP_CompetitorKeywordSeed
42157,louis armstrong best one,EXCLUDE,除外,,,,対象外,不明,,領域語なし（子ども・学習・特性・支援のいずれにも接続しない）,中,④インテント,,10,,,LOW,未分類,KWP_CompetitorKeywordSeed
42158,luna sea 25th anniversary ultimate best the one,EXCLUDE,除外,,,,対象外,不明,,領域語なし（子ども・学習・特性・支援のいずれにも接続しない）,中,④インテント,,70,,,MEDIUM,未分類,KWP_CompetitorKeywordSeed
42159,luna sea luna sea 25th anniversary ultimate best the one,EXCLUDE,除外,,,,対象外,不明,,領域語なし（子ども・学習・特性・支援のいずれにも接続しない）,中,④インテント,,10,,,LOW,未分類,KWP_CompetitorKeywordSeed
42160,one direction ベスト,EXCLUDE,除外,,,,対象外,不明,,領域語なし（子ども・学習・特性・支援のいずれにも接続しない）,中,④インテント,,10,,,UNSPECIFIED,未分類,KWP_CompetitorKeywordSeed
42161,one ok rock best,EXCLUDE,除外,,,,対象外,不明,,領域語なし（子ども・学習・特性・支援のいずれにも接続しない）,中,④インテント,,20,,,LOW,未分類,KWP_CompetitorKeywordSeed
42162,one ok rock one super best,EXCLUDE,除外,,,,対象外,不明,,領域語なし（子ども・学習・特性・支援のいずれにも接続しない）,中,④インテント,,10,,,LOW,未分類,KWP_CompetitorKeywordSeed
42163,one ok rock the best,EXCLUDE,除外,,,,対象外,不明,,領域語なし（子ども・学習・特性・支援のいずれにも接続しない）,中,④インテント,,10,,,LOW,未分類,KWP_CompetitorKeywordSeed
42164,one ok rock ベスト,EXCLUDE,除外,,,,対象外,不明,,領域語なし（子ども・学習・特性・支援のいずれにも接続しない）,中,④インテント,,40,,,LOW,未分類,KWP_CompetitorKeywordSeed
42165,one ok rock ベスト 10,EXCLUDE,除外,,,,対象外,不明,,領域語なし（子ども・学習・特性・支援のいずれにも接続しない）,中,④インテント,,10,,,UNSPECIFIED,未分類,KWP_CompetitorKeywordSeed
42166,one piece メモリアル ベスト,EXCLUDE,除外,,,,対象外,不明,,領域語なし（子ども・学習・特性・支援のいずれにも接続しない）,中,④インテント,,10,,,MEDIUM,未分類,KWP_CompetitorKeywordSeed
42169,the best one only,EXCLUDE,除外,,,,対象外,不明,,領域語なし（子ども・学習・特性・支援のいずれにも接続しない）,中,④インテント,,10,,,LOW,未分類,KWP_CompetitorKeywordSeed
42172,サザン オールスター ズ southern all stars best one 82,EXCLUDE,除外,,,,対象外,不明,,領域語なし（子ども・学習・特性・支援のいずれにも接続しない）,中,④インテント,,40,,,UNSPECIFIED,未分類,KWP_CompetitorKeywordSeed
42177,ピタゴラス プロダクション one dream best,EXCLUDE,除外,,,,対象外,不明,,領域語なし（子ども・学習・特性・支援のいずれにも接続しない）,中,④インテント,,10,,,LOW,未分類,KWP_CompetitorKeywordSeed
42178,ピンク レディー best one,EXCLUDE,除外,,,,対象外,不明,,領域語なし（子ども・学習・特性・支援のいずれにも接続しない）,中,④インテント,,10,,,LOW,未分類,KWP_CompetitorKeywordSeed
42182,ワイルド ワン ベスト,EXCLUDE,除外,,,,対象外,不明,,領域語なし（子ども・学習・特性・支援のいずれにも接続しない）,中,④インテント,,10,,,MEDIUM,未分類,KWP_CompetitorKeywordSeed
42183,ワン オク ベスト,EXCLUDE,除外,,,,対象外,不明,,領域語なし（子ども・学習・特性・支援のいずれにも接続しない）,中,④インテント,,,,,UNSPECIFIED,未分類,KWP_CompetitorKeywordSeed
42184,ワン ダイレクション ベスト,EXCLUDE,除外,,,,対象外,不明,,領域語なし（子ども・学習・特性・支援のいずれにも接続しない）,中,④インテント,,30,,,LOW,未分類,KWP_CompetitorKeywordSeed
42309,ベスト one 早稲田 校,EXCLUDE,除外,,,,対象外,不明,,領域語なし（子ども・学習・特性・支援のいずれにも接続しない）,中,④インテント,,10,,,UNSPECIFIED,未分類,KWP_CompetitorKeywordSeed
42657,さくら ワン,EXCLUDE,除外,,,,対象外,不明,,領域語なし（子ども・学習・特性・支援のいずれにも接続しない）,中,④インテント,,90,146.0,720.0,LOW,未分類,KWP_CompetitorKeywordSeed
42781,blor00101,EXCLUDE,除外,,,,対象外,不明,,領域語なし（子ども・学習・特性・支援のいずれにも接続しない）,中,④インテント,,50,,,LOW,未分類,KWP_CompetitorKeywordSeed
42782,スタディ クーポン と は,EXCLUDE,除外,,,,対象外,不明,,領域語なし（子ども・学習・特性・支援のいずれにも接続しない）,中,④インテント,,20,,,LOW,特性そのものを調べる（とは・特徴・チェック）,KWP_CompetitorKeywordSeed
42785,解き 直し と は,EXCLUDE,除外,,,,対象外,不明,,領域語なし（子ども・学習・特性・支援のいずれにも接続しない）,中,④インテント,,1300,,,LOW,特性そのものを調べる（とは・特徴・チェック）,KWP_CompetitorKeywordSeed
43227,り たり こ なび,EXCLUDE,除外,,,,対象外,不明,,領域語なし（子ども・学習・特性・支援のいずれにも接続しない）,中,④インテント,,20,,,LOW,未分類,KWP_CompetitorKeywordSeed
43284,スタジオ お そら,EXCLUDE,除外,,,,対象外,不明,,領域語なし（子ども・学習・特性・支援のいずれにも接続しない）,中,④インテント,,10,,,LOW,未分類,KWP_CompetitorKeywordSeed
43372,スタジオ フロー プラス,EXCLUDE,除外,,,,対象外,不明,,領域語なし（子ども・学習・特性・支援のいずれにも接続しない）,中,④インテント,,10,,,LOW,未分類,KWP_CompetitorKeywordSeed
43373,スタジオ ブラン プラス,EXCLUDE,除外,,,,対象外,不明,,領域語なし（子ども・学習・特性・支援のいずれにも接続しない）,中,④インテント,,10,,,LOW,未分類,KWP_CompetitorKeywordSeed
43374,ビー プラス インストラクター,EXCLUDE,除外,,,,対象外,不明,,領域語なし（子ども・学習・特性・支援のいずれにも接続しない）,中,④インテント,,10,,,UNSPECIFIED,未分類,KWP_CompetitorKeywordSeed
43398,大 進 創 寫舘 フォト プラス 違い,EXCLUDE,除外,,,,対象外,不明,,領域語なし（子ども・学習・特性・支援のいずれにも接続しない）,中,④インテント,,10,,,UNSPECIFIED,比較検討・料金・申込 | 特性そのものを調べる（とは・特徴・チェック）,KWP_CompetitorKeywordSeed
43455,フォト エフィー プラス,EXCLUDE,除外,,,,対象外,不明,,領域語なし（子ども・学習・特性・支援のいずれにも接続しない）,中,④インテント,,70,87.0,534.0,LOW,未分類,KWP_CompetitorKeywordSeed
43457,スタジオ パルフェ プラス,EXCLUDE,除外,,,,対象外,不明,,領域語なし（子ども・学習・特性・支援のいずれにも接続しない）,中,④インテント,,70,,,LOW,未分類,KWP_CompetitorKeywordSeed
43458,スタジオ フォト プラス,EXCLUDE,除外,,,,対象外,不明,,領域語なし（子ども・学習・特性・支援のいずれにも接続しない）,中,④インテント,,40,,,LOW,未分類,KWP_CompetitorKeywordSeed
43459,スタジオ フォト プラス 古市 店,EXCLUDE,除外,,,,対象外,不明,,領域語なし（子ども・学習・特性・支援のいずれにも接続しない）,中,④インテント,,10,,,UNSPECIFIED,未分類,KWP_CompetitorKeywordSeed
43461,フォト スタジオ エヌ プラス,EXCLUDE,除外,,,,対象外,不明,,領域語なし（子ども・学習・特性・支援のいずれにも接続しない）,中,④インテント,,70,56.0,297.0,LOW,未分類,KWP_CompetitorKeywordSeed
43463,フォト プラス 古市 店,EXCLUDE,除外,,,,対象外,不明,,領域語なし（子ども・学習・特性・支援のいずれにも接続しない）,中,④インテント,,10,,,LOW,未分類,KWP_CompetitorKeywordSeed
43464,プラス モーション スタジオ,EXCLUDE,除外,,,,対象外,不明,,領域語なし（子ども・学習・特性・支援のいずれにも接続しない）,中,④インテント,,140,,,LOW,未分類,KWP_CompetitorKeywordSeed
43465,メモリー プラス スタジオ,EXCLUDE,除外,,,,対象外,不明,,領域語なし（子ども・学習・特性・支援のいずれにも接続しない）,中,④インテント,,10,43.0,158.0,LOW,未分類,KWP_CompetitorKeywordSeed
43466,大 進 創 寫舘 フォト プラス 古市 店,EXCLUDE,除外,,,,対象外,不明,,領域語なし（子ども・学習・特性・支援のいずれにも接続しない）,中,④インテント,,10,,,UNSPECIFIED,未分類,KWP_CompetitorKeywordSeed
43589,with ユー,EXCLUDE,除外,,,,対象外,不明,,領域語なし（子ども・学習・特性・支援のいずれにも接続しない）,中,④インテント,,70,,,LOW,未分類,KWP_CompetitorKeywordSeed
43761,happy terrace com,EXCLUDE,除外,,,,対象外,不明,,領域語なし（子ども・学習・特性・支援のいずれにも接続しない）,中,④インテント,,10,,,UNSPECIFIED,未分類,KWP_CompetitorKeywordSeed
44047,こばん は うす さくら,EXCLUDE,除外,,,,対象外,不明,,領域語なし（子ども・学習・特性・支援のいずれにも接続しない）,中,④インテント,,320,47.0,329.0,LOW,未分類,KWP_CompetitorKeywordSeed
44051,こ ぺん は うす さくら,EXCLUDE,除外,,,,対象外,不明,,領域語なし（子ども・学習・特性・支援のいずれにも接続しない）,中,④インテント,,40,42.0,285.0,LOW,未分類,KWP_CompetitorKeywordSeed
44056,こ は ん は うす さくら,EXCLUDE,除外,,,,対象外,不明,,領域語なし（子ども・学習・特性・支援のいずれにも接続しない）,中,④インテント,,40,135.0,451.0,LOW,未分類,KWP_CompetitorKeywordSeed
44104,こん ぱ は うす さくら,EXCLUDE,除外,,,,対象外,不明,,領域語なし（子ども・学習・特性・支援のいずれにも接続しない）,中,④インテント,,20,50.0,265.0,LOW,未分類,KWP_CompetitorKeywordSeed
44105,ご ぱん は うす さくら,EXCLUDE,除外,,,,対象外,不明,,領域語なし（子ども・学習・特性・支援のいずれにも接続しない）,中,④インテント,,50,78.0,197.0,LOW,未分類,KWP_CompetitorKeywordSeed
44109,コンパス ハウス さくら,EXCLUDE,除外,,,,対象外,不明,,領域語なし（子ども・学習・特性・支援のいずれにも接続しない）,中,④インテント,,50,24.0,170.0,LOW,未分類,KWP_CompetitorKeywordSeed
44201,こばん は うす,EXCLUDE,除外,,,,対象外,不明,,領域語なし（子ども・学習・特性・支援のいずれにも接続しない）,中,④インテント,,20,46.0,272.0,LOW,未分類,KWP_CompetitorKeywordSeed
44896,こう がく しゃ こうとう が くいん,EXCLUDE,除外,,,,対象外,不明,,領域語なし（子ども・学習・特性・支援のいずれにも接続しない）,中,④インテント,,20,,,LOW,未分類,KWP_CompetitorKeywordSeed
44899,こう がく しゃ こうとう が っ こう,EXCLUDE,除外,,,,対象外,不明,,領域語なし（子ども・学習・特性・支援のいずれにも接続しない）,中,④インテント,,10,,,LOW,未分類,KWP_CompetitorKeywordSeed
45555,さかなクンの病名は何ですか？,EXCLUDE,除外,,,,対象外,不明,,領域語なし（子ども・学習・特性・支援のいずれにも接続しない）,中,④インテント,,,,,UNSPECIFIED,未分類,Google_PAA || Google_competitor_SERP
45962,ドリーム エデュケーション,EXCLUDE,除外,,,,対象外,不明,,領域語なし（子ども・学習・特性・支援のいずれにも接続しない）,中,④インテント,,20,,,LOW,未分類,Google_competitor_SERP || Google_competitor_suggest
47411,とらい 日本酒,EXCLUDE,除外,,,,対象外,不明,,領域語なし（子ども・学習・特性・支援のいずれにも接続しない）,中,④インテント,,390,,,LOW,未分類,Google_competitor_suggest
47491,目がスターミー,EXCLUDE,除外,,,,対象外,不明,,領域語なし（子ども・学習・特性・支援のいずれにも接続しない）,中,④インテント,,5400,,,LOW,未分類,Google_competitor_suggest
47691,こーちんぐ1,EXCLUDE,除外,,,,対象外,不明,,領域語なし（子ども・学習・特性・支援のいずれにも接続しない）,中,④インテント,,,,,UNSPECIFIED,未分類,Google_competitor_suggest
47700,メガ準伝,EXCLUDE,除外,,,,対象外,不明,,領域語なし（子ども・学習・特性・支援のいずれにも接続しない）,中,④インテント,,,,,UNSPECIFIED,未分類,Google_competitor_suggest
47704,目が充血してる,EXCLUDE,除外,,,,対象外,不明,,領域語なし（子ども・学習・特性・支援のいずれにも接続しない）,中,④インテント,,390,3.0,80.0,LOW,未分類,Google_competitor_suggest
47705,目が純粋な人,EXCLUDE,除外,,,,対象外,不明,,領域語なし（子ども・学習・特性・支援のいずれにも接続しない）,中,④インテント,,,,,UNSPECIFIED,未分類,Google_competitor_suggest
47706,目が充血,EXCLUDE,除外,,,,対象外,不明,,領域語なし（子ども・学習・特性・支援のいずれにも接続しない）,中,④インテント,,5400,3.0,81.0,LOW,未分類,Google_competitor_suggest
47707,女鹿潤哉,EXCLUDE,除外,,,,対象外,不明,,領域語なし（子ども・学習・特性・支援のいずれにも接続しない）,中,④インテント,,,,,UNSPECIFIED,未分類,Google_competitor_suggest
47709,pro megajun,EXCLUDE,除外,,,,対象外,不明,,領域語なし（子ども・学習・特性・支援のいずれにも接続しない）,中,④インテント,,,,,UNSPECIFIED,未分類,Google_competitor_suggest
47716,ティンとる,EXCLUDE,除外,,,,対象外,不明,,領域語なし（子ども・学習・特性・支援のいずれにも接続しない）,中,④インテント,,,,,UNSPECIFIED,未分類,Google_competitor_suggest
47718,てぃんとる,EXCLUDE,除外,,,,対象外,不明,,領域語なし（子ども・学習・特性・支援のいずれにも接続しない）,中,④インテント,,,,,UNSPECIFIED,未分類,Google_competitor_suggest
47875,イット,EXCLUDE,除外,,,,対象外,不明,,領域語なし（子ども・学習・特性・支援のいずれにも接続しない）,中,④インテント,,60500,,,LOW,未分類,Google_competitor_suggest
47876,イットリウム,EXCLUDE,除外,,,,対象外,不明,,領域語なし（子ども・学習・特性・支援のいずれにも接続しない）,中,④インテント,,4400,,,LOW,未分類,Google_competitor_suggest
47877,一斗缶,EXCLUDE,除外,,,,対象外,不明,,領域語なし（子ども・学習・特性・支援のいずれにも接続しない）,中,④インテント,,18100,7.0,92.0,LOW,未分類,Google_competitor_suggest
47878,一刀家,EXCLUDE,除外,,,,対象外,不明,,領域語なし（子ども・学習・特性・支援のいずれにも接続しない）,中,④インテント,,590,,,LOW,未分類,Google_competitor_suggest
47879,一刀家 茅場町店,EXCLUDE,除外,,,,対象外,不明,,領域語なし（子ども・学習・特性・支援のいずれにも接続しない）,中,④インテント,,170,,,LOW,未分類,Google_competitor_suggest
47880,一頭や コレド,EXCLUDE,除外,,,,対象外,不明,,領域語なし（子ども・学習・特性・支援のいずれにも接続しない）,中,④インテント,,170,2.0,36.0,LOW,未分類,Google_competitor_suggest
47881,一途,EXCLUDE,除外,,,,対象外,不明,,領域語なし（子ども・学習・特性・支援のいずれにも接続しない）,中,④インテント,,60500,,,LOW,未分類,Google_competitor_suggest
47882,一途とは,EXCLUDE,除外,,,,対象外,不明,,領域語なし（子ども・学習・特性・支援のいずれにも接続しない）,中,④インテント,,9900,,,LOW,特性そのものを調べる（とは・特徴・チェック）,Google_competitor_suggest
47883,一都三県,EXCLUDE,除外,,,,対象外,不明,,領域語なし（子ども・学習・特性・支援のいずれにも接続しない）,中,④インテント,,2400,,,LOW,未分類,Google_competitor_suggest
47884,一都三県とは,EXCLUDE,除外,,,,対象外,不明,,領域語なし（子ども・学習・特性・支援のいずれにも接続しない）,中,④インテント,,3600,,,LOW,特性そのものを調べる（とは・特徴・チェック）,Google_competitor_suggest
47886,イット フジテレビ,EXCLUDE,除外,,,,対象外,不明,,領域語なし（子ども・学習・特性・支援のいずれにも接続しない）,中,④インテント,,1900,,,LOW,未分類,Google_competitor_suggest
47887,イット ピエロ,EXCLUDE,除外,,,,対象外,不明,,領域語なし（子ども・学習・特性・支援のいずれにも接続しない）,中,④インテント,,2400,,,LOW,未分類,Google_competitor_suggest
47888,イット アナウンサー,EXCLUDE,除外,,,,対象外,不明,,領域語なし（子ども・学習・特性・支援のいずれにも接続しない）,中,④インテント,,4400,,,LOW,未分類,Google_competitor_suggest
47889,イット 今日 の放送 内容,EXCLUDE,除外,,,,対象外,不明,,領域語なし（子ども・学習・特性・支援のいずれにも接続しない）,中,④インテント,,1300,,,LOW,未分類,Google_competitor_suggest
47891,一途 king gnu,EXCLUDE,除外,,,,対象外,不明,,領域語なし（子ども・学習・特性・支援のいずれにも接続しない）,中,④インテント,,1600,,,LOW,未分類,Google_competitor_suggest
47892,一途 意味,EXCLUDE,除外,,,,対象外,不明,,領域語なし（子ども・学習・特性・支援のいずれにも接続しない）,中,④インテント,,3600,,,LOW,特性そのものを調べる（とは・特徴・チェック）,Google_competitor_suggest
48282,スタジオsora,EXCLUDE,除外,,,,対象外,不明,,領域語なし（子ども・学習・特性・支援のいずれにも接続しない）,中,④インテント,,1000,462.0,501.0,LOW,未分類,Google_competitor_suggest
48304,スタジオ➕,EXCLUDE,除外,,,,対象外,不明,,領域語なし（子ども・学習・特性・支援のいずれにも接続しない）,中,④インテント,,,,,UNSPECIFIED,未分類,Google_competitor_suggest
48451,とうこべ,EXCLUDE,除外,,,,対象外,不明,,領域語なし（子ども・学習・特性・支援のいずれにも接続しない）,中,④インテント,,140,207.0,795.0,MEDIUM,未分類,Google_competitor_suggest
48783,ドリーム エデュケーション 週間 計画 表,EXCLUDE,除外,,,,対象外,不明,,領域語なし（子ども・学習・特性・支援のいずれにも接続しない）,中,④インテント,,10,,,LOW,学習のやり方・学習課題,Google_competitor_suggest
